<annotation><folder>test_xmls</folder><filename>host-a004_cam0_1233617955751064006.jpeg</filename><path>./imageshost-a004_cam0_1233617955751064006.jpeg</path><source><database>Unknown</database></source><size><width>1224</width><height>1024</height><depth>3</depth></size><segmented>0</segmented><object><name>car</name><pose>Unspecified</pose><truncated>0</truncated><difficult>0</difficult><bndbox><xmin>0</xmin><ymin>562.6958473</ymin><xmax>98.81548032</xmax><ymax>639.1544155</ymax></bndbox></object><object><name>car</name><pose>Unspecified</pose><truncated>0</truncated><difficult>0</difficult><bndbox><xmin>599.1179649</xmin><ymin>539.8940997</ymin><xmax>623.5271179</xmax><ymax>562.1165187</ymax></bndbox></object><object><name>car</name><pose>Unspecified</pose><truncated>0</truncated><difficult>0</difficult><bndbox><xmin>460.1462885</xmin><ymin>541.2119128</ymin><xmax>520.7913626</xmax><ymax>581.4027986</ymax></bndbox></object><object><name>car</name><pose>Unspecified</pose><truncated>0</truncated><difficult>0</difficult><bndbox><xmin>685.3292391</xmin><ymin>541.9979769</ymin><xmax>722.0733571</xmax><ymax>571.1500584</ymax></bndbox></object><object><name>car</name><pose>Unspecified</pose><truncated>0</truncated><difficult>0</difficult><bndbox><xmin>202.6755052</xmin><ymin>552.7352854</ymin><xmax>300.8615756</xmax><ymax>599.9422537</ymax></bndbox></object><object><name>car</name><pose>Unspecified</pose><truncated>0</truncated><difficult>0</difficult><bndbox><xmin>495.4352071</xmin><ymin>541.0797737</ymin><xmax>570.0080912</xmax><ymax>595.3057488</ymax></bndbox></object><object><name>car</name><pose>Unspecified</pose><truncated>0</truncated><difficult>0</difficult><bndbox><xmin>269.7366376</xmin><ymin>558.567766</ymin><xmax>323.4874993</xmax><ymax>584.7430737</ymax></bndbox></object><object><name>car</name><pose>Unspecified</pose><truncated>0</truncated><difficult>0</difficult><bndbox><xmin>130.9892561</xmin><ymin>559.5643024</ymin><xmax>213.9772169</xmax><ymax>599.6759502</ymax></bndbox></object><object><name>car</name><pose>Unspecified</pose><truncated>0</truncated><difficult>0</difficult><bndbox><xmin>302.2665226</xmin><ymin>554.2423612</ymin><xmax>352.8596604</xmax><ymax>581.0210595</ymax></bndbox></object><object><name>car</name><pose>Unspecified</pose><truncated>0</truncated><difficult>0</difficult><bndbox><xmin>0</xmin><ymin>568.8147548</ymin><xmax>7.335967584</xmax><ymax>703.5086531</ymax></bndbox></object><object><name>car</name><pose>Unspecified</pose><truncated>0</truncated><difficult>0</difficult><bndbox><xmin>641.6804484</xmin><ymin>538.3112568</ymin><xmax>660.0521122</xmax><ymax>555.3331816</ymax></bndbox></object><object><name>car</name><pose>Unspecified</pose><truncated>0</truncated><difficult>0</difficult><bndbox><xmin>673.4787413</xmin><ymin>543.3780525</ymin><xmax>698.3436127</xmax><ymax>562.6683485</ymax></bndbox></object></annotation>