<annotation><folder>test_xmls</folder><filename>host-a004_cam0_1233421989851064006.jpeg</filename><path>./imageshost-a004_cam0_1233421989851064006.jpeg</path><source><database>Unknown</database></source><size><width>1224</width><height>1024</height><depth>3</depth></size><segmented>0</segmented><object><name>car</name><pose>Unspecified</pose><truncated>0</truncated><difficult>0</difficult><bndbox><xmin>329.0689973</xmin><ymin>543.9971254</ymin><xmax>406.8040495</xmax><ymax>590.7294764</ymax></bndbox></object><object><name>car</name><pose>Unspecified</pose><truncated>0</truncated><difficult>0</difficult><bndbox><xmin>578.5680747</xmin><ymin>546.6496601</ymin><xmax>633.3994059</xmax><ymax>592.6933377</ymax></bndbox></object><object><name>car</name><pose>Unspecified</pose><truncated>0</truncated><difficult>0</difficult><bndbox><xmin>464.3492672</xmin><ymin>552.3647453</ymin><xmax>541.0180529</xmax><ymax>601.8904838</ymax></bndbox></object><object><name>car</name><pose>Unspecified</pose><truncated>0</truncated><difficult>0</difficult><bndbox><xmin>722.6252326</xmin><ymin>510.3134343</ymin><xmax>920.2916988</xmax><ymax>657.8010805</ymax></bndbox></object><object><name>car</name><pose>Unspecified</pose><truncated>0</truncated><difficult>0</difficult><bndbox><xmin>0</xmin><ymin>395.9354347</ymin><xmax>277.9124401</xmax><ymax>1024.0</ymax></bndbox></object><object><name>car</name><pose>Unspecified</pose><truncated>0</truncated><difficult>0</difficult><bndbox><xmin>466.7123275</xmin><ymin>547.7763895</ymin><xmax>514.1730295</xmax><ymax>578.1433087</ymax></bndbox></object><object><name>car</name><pose>Unspecified</pose><truncated>0</truncated><difficult>0</difficult><bndbox><xmin>529.6187284</xmin><ymin>543.7577699</ymin><xmax>552.3459993</xmax><ymax>560.8605565</ymax></bndbox></object><object><name>car</name><pose>Unspecified</pose><truncated>0</truncated><difficult>0</difficult><bndbox><xmin>565.3256196</xmin><ymin>548.1809267</ymin><xmax>656.0391267</xmax><ymax>626.4873864</ymax></bndbox></object><object><name>car</name><pose>Unspecified</pose><truncated>0</truncated><difficult>0</difficult><bndbox><xmin>561.1500507</xmin><ymin>539.6759989</ymin><xmax>588.0541058</xmax><ymax>562.4695318</ymax></bndbox></object><object><name>car</name><pose>Unspecified</pose><truncated>0</truncated><difficult>0</difficult><bndbox><xmin>174.8503583</xmin><ymin>518.1460362</ymin><xmax>338.2785232</xmax><ymax>612.6193448</ymax></bndbox></object><object><name>car</name><pose>Unspecified</pose><truncated>0</truncated><difficult>0</difficult><bndbox><xmin>1044.523463</xmin><ymin>558.710798</ymin><xmax>1224.0</xmax><ymax>1024.0</ymax></bndbox></object><object><name>car</name><pose>Unspecified</pose><truncated>0</truncated><difficult>0</difficult><bndbox><xmin>335.401909</xmin><ymin>555.9019371</ymin><xmax>492.7052278</xmax><ymax>645.8499965</ymax></bndbox></object><object><name>car</name><pose>Unspecified</pose><truncated>0</truncated><difficult>0</difficult><bndbox><xmin>279.9563896</xmin><ymin>541.7697416</ymin><xmax>404.6762478</xmax><ymax>615.8305841</ymax></bndbox></object><object><name>car</name><pose>Unspecified</pose><truncated>0</truncated><difficult>0</difficult><bndbox><xmin>600.823366</xmin><ymin>543.6625495</ymin><xmax>620.6266935</xmax><ymax>566.1125767</ymax></bndbox></object><object><name>car</name><pose>Unspecified</pose><truncated>0</truncated><difficult>0</difficult><bndbox><xmin>545.0663244</xmin><ymin>544.2333719</ymin><xmax>578.1120208</xmax><ymax>567.6811334</ymax></bndbox></object></annotation>