<annotation><folder>test_xmls</folder><filename>host-a004_cam0_1233427015251064006.jpeg</filename><path>./imageshost-a004_cam0_1233427015251064006.jpeg</path><source><database>Unknown</database></source><size><width>1224</width><height>1024</height><depth>3</depth></size><segmented>0</segmented><object><name>car</name><pose>Unspecified</pose><truncated>0</truncated><difficult>0</difficult><bndbox><xmin>705.5575465</xmin><ymin>536.1306366</ymin><xmax>778.0163376</xmax><ymax>592.7515301</ymax></bndbox></object><object><name>car</name><pose>Unspecified</pose><truncated>0</truncated><difficult>0</difficult><bndbox><xmin>81.81764824</xmin><ymin>545.4840378</ymin><xmax>321.9274116</xmax><ymax>663.9635832</ymax></bndbox></object><object><name>car</name><pose>Unspecified</pose><truncated>0</truncated><difficult>0</difficult><bndbox><xmin>815.3448908</xmin><ymin>550.1430499</ymin><xmax>1184.188311</xmax><ymax>750.0648062</ymax></bndbox></object><object><name>car</name><pose>Unspecified</pose><truncated>0</truncated><difficult>0</difficult><bndbox><xmin>732.6181485</xmin><ymin>534.4229584</ymin><xmax>824.1898505</xmax><ymax>605.561952</ymax></bndbox></object><object><name>car</name><pose>Unspecified</pose><truncated>0</truncated><difficult>0</difficult><bndbox><xmin>622.7776979</xmin><ymin>533.7416991</ymin><xmax>653.4750766</xmax><ymax>563.0058373</ymax></bndbox></object><object><name>car</name><pose>Unspecified</pose><truncated>0</truncated><difficult>0</difficult><bndbox><xmin>694.5353746</xmin><ymin>537.9346805</ymin><xmax>750.8052217</xmax><ymax>579.3061372</ymax></bndbox></object><object><name>car</name><pose>Unspecified</pose><truncated>0</truncated><difficult>0</difficult><bndbox><xmin>678.5175055</xmin><ymin>534.4883574</ymin><xmax>712.222655</xmax><ymax>564.2426999</ymax></bndbox></object><object><name>other_vehicle</name><pose>Unspecified</pose><truncated>0</truncated><difficult>0</difficult><bndbox><xmin>329.3862383</xmin><ymin>535.4007443</ymin><xmax>388.2799348</xmax><ymax>571.6473098</ymax></bndbox></object><object><name>truck</name><pose>Unspecified</pose><truncated>0</truncated><difficult>0</difficult><bndbox><xmin>438.6315719</xmin><ymin>490.8563807</ymin><xmax>562.9309543</xmax><ymax>589.5685991</ymax></bndbox></object><object><name>car</name><pose>Unspecified</pose><truncated>0</truncated><difficult>0</difficult><bndbox><xmin>761.9215232</xmin><ymin>544.8322</ymin><xmax>916.4439991</xmax><ymax>644.3427563</ymax></bndbox></object><object><name>other_vehicle</name><pose>Unspecified</pose><truncated>0</truncated><difficult>0</difficult><bndbox><xmin>195.2403142</xmin><ymin>528.388336</ymin><xmax>302.3164742</xmax><ymax>585.9925803</ymax></bndbox></object><object><name>car</name><pose>Unspecified</pose><truncated>0</truncated><difficult>0</difficult><bndbox><xmin>680.5383595</xmin><ymin>538.7811713</ymin><xmax>720.1582305</xmax><ymax>567.3624075</ymax></bndbox></object></annotation>