<annotation><folder>test_xmls</folder><filename>host-a004_cam0_1234047753551064006.jpeg</filename><path>./imageshost-a004_cam0_1234047753551064006.jpeg</path><source><database>Unknown</database></source><size><width>1224</width><height>1024</height><depth>3</depth></size><segmented>0</segmented><object><name>car</name><pose>Unspecified</pose><truncated>0</truncated><difficult>0</difficult><bndbox><xmin>0</xmin><ymin>325.290881</ymin><xmax>127.2116477</xmax><ymax>1024.0</ymax></bndbox></object></annotation>