<annotation><folder>test_xmls</folder><filename>host-a004_cam0_1232987658751064006.jpeg</filename><path>./imageshost-a004_cam0_1232987658751064006.jpeg</path><source><database>Unknown</database></source><size><width>1224</width><height>1024</height><depth>3</depth></size><segmented>0</segmented><object><name>car</name><pose>Unspecified</pose><truncated>0</truncated><difficult>0</difficult><bndbox><xmin>664.2155024</xmin><ymin>531.4089416</ymin><xmax>696.8116364</xmax><ymax>562.9208014</ymax></bndbox></object><object><name>car</name><pose>Unspecified</pose><truncated>0</truncated><difficult>0</difficult><bndbox><xmin>464.4569705</xmin><ymin>533.8836903</ymin><xmax>514.9401229</xmax><ymax>571.0714359</ymax></bndbox></object><object><name>car</name><pose>Unspecified</pose><truncated>0</truncated><difficult>0</difficult><bndbox><xmin>378.0149228</xmin><ymin>540.7812949</ymin><xmax>464.612788</xmax><ymax>592.6632917</ymax></bndbox></object><object><name>car</name><pose>Unspecified</pose><truncated>0</truncated><difficult>0</difficult><bndbox><xmin>697.9616005</xmin><ymin>538.6997432</ymin><xmax>787.4775815</xmax><ymax>604.5286189</ymax></bndbox></object><object><name>car</name><pose>Unspecified</pose><truncated>0</truncated><difficult>0</difficult><bndbox><xmin>492.8792092</xmin><ymin>532.5055995</ymin><xmax>569.6442383</xmax><ymax>595.6413388</ymax></bndbox></object><object><name>car</name><pose>Unspecified</pose><truncated>0</truncated><difficult>0</difficult><bndbox><xmin>0</xmin><ymin>547.7087593</ymin><xmax>296.2844551</xmax><ymax>1024.0</ymax></bndbox></object><object><name>car</name><pose>Unspecified</pose><truncated>0</truncated><difficult>0</difficult><bndbox><xmin>588.720691</xmin><ymin>534.889764</ymin><xmax>611.9784229</xmax><ymax>554.7182153</ymax></bndbox></object><object><name>car</name><pose>Unspecified</pose><truncated>0</truncated><difficult>0</difficult><bndbox><xmin>669.6222536</xmin><ymin>533.6385237</ymin><xmax>705.4509355</xmax><ymax>565.2055322</ymax></bndbox></object><object><name>car</name><pose>Unspecified</pose><truncated>0</truncated><difficult>0</difficult><bndbox><xmin>782.3220698</xmin><ymin>543.2208503</ymin><xmax>1028.470938</xmax><ymax>698.9633193</ymax></bndbox></object><object><name>other_vehicle</name><pose>Unspecified</pose><truncated>0</truncated><difficult>0</difficult><bndbox><xmin>66.90658399</xmin><ymin>527.5290672</ymin><xmax>185.7962174</xmax><ymax>582.8850814</ymax></bndbox></object><object><name>car</name><pose>Unspecified</pose><truncated>0</truncated><difficult>0</difficult><bndbox><xmin>912.0251143</xmin><ymin>464.468679</ymin><xmax>1224.0</xmax><ymax>1024.0</ymax></bndbox></object><object><name>car</name><pose>Unspecified</pose><truncated>0</truncated><difficult>0</difficult><bndbox><xmin>731.1197689</xmin><ymin>540.4930779</ymin><xmax>860.3222814</xmax><ymax>634.3878906</ymax></bndbox></object></annotation>