<annotation><folder>test_xmls</folder><filename>host-a004_cam0_1232905205951064006.jpeg</filename><path>./imageshost-a004_cam0_1232905205951064006.jpeg</path><source><database>Unknown</database></source><size><width>1224</width><height>1024</height><depth>3</depth></size><segmented>0</segmented><object><name>car</name><pose>Unspecified</pose><truncated>0</truncated><difficult>0</difficult><bndbox><xmin>1038.20609</xmin><ymin>538.2588478</ymin><xmax>1224.0</xmax><ymax>614.7124829</ymax></bndbox></object><object><name>car</name><pose>Unspecified</pose><truncated>0</truncated><difficult>0</difficult><bndbox><xmin>255.3296193</xmin><ymin>558.8418364</ymin><xmax>303.0453156</xmax><ymax>584.890138</ymax></bndbox></object><object><name>car</name><pose>Unspecified</pose><truncated>0</truncated><difficult>0</difficult><bndbox><xmin>621.2784114</xmin><ymin>548.7353688</ymin><xmax>660.5451869</xmax><ymax>579.4639478</ymax></bndbox></object><object><name>car</name><pose>Unspecified</pose><truncated>0</truncated><difficult>0</difficult><bndbox><xmin>563.575091</xmin><ymin>542.9810618</ymin><xmax>596.1702975</xmax><ymax>570.2960195</ymax></bndbox></object><object><name>car</name><pose>Unspecified</pose><truncated>0</truncated><difficult>0</difficult><bndbox><xmin>291.4411348</xmin><ymin>553.3788627</ymin><xmax>352.9636296</xmax><ymax>580.9098403</ymax></bndbox></object><object><name>bus</name><pose>Unspecified</pose><truncated>0</truncated><difficult>0</difficult><bndbox><xmin>312.9722192</xmin><ymin>537.8517193</ymin><xmax>386.4989194</xmax><ymax>578.2084426</ymax></bndbox></object><object><name>car</name><pose>Unspecified</pose><truncated>0</truncated><difficult>0</difficult><bndbox><xmin>617.9323109</xmin><ymin>542.3697162</ymin><xmax>645.489998</xmax><ymax>566.2063436</ymax></bndbox></object><object><name>other_vehicle</name><pose>Unspecified</pose><truncated>0</truncated><difficult>0</difficult><bndbox><xmin>361.8659716</xmin><ymin>537.9597956</ymin><xmax>409.4150922</xmax><ymax>575.0423251</ymax></bndbox></object><object><name>other_vehicle</name><pose>Unspecified</pose><truncated>0</truncated><difficult>0</difficult><bndbox><xmin>0</xmin><ymin>533.4908961</ymin><xmax>135.2136349</xmax><ymax>613.2544992</ymax></bndbox></object><object><name>car</name><pose>Unspecified</pose><truncated>0</truncated><difficult>0</difficult><bndbox><xmin>283.4145286</xmin><ymin>548.9079917</ymin><xmax>335.5154113</xmax><ymax>581.6315621</ymax></bndbox></object><object><name>car</name><pose>Unspecified</pose><truncated>0</truncated><difficult>0</difficult><bndbox><xmin>434.5583298</xmin><ymin>549.0511756</ymin><xmax>502.8501465</xmax><ymax>586.4623715</ymax></bndbox></object><object><name>car</name><pose>Unspecified</pose><truncated>0</truncated><difficult>0</difficult><bndbox><xmin>925.0806649</xmin><ymin>543.1403562</ymin><xmax>1105.723107</xmax><ymax>594.5604797</ymax></bndbox></object><object><name>car</name><pose>Unspecified</pose><truncated>0</truncated><difficult>0</difficult><bndbox><xmin>522.7943382</xmin><ymin>544.2112628</ymin><xmax>582.1874743</xmax><ymax>588.2729839</ymax></bndbox></object><object><name>car</name><pose>Unspecified</pose><truncated>0</truncated><difficult>0</difficult><bndbox><xmin>24.63158244</xmin><ymin>560.3047218</ymin><xmax>150.1381607</xmax><ymax>603.163278</ymax></bndbox></object><object><name>other_vehicle</name><pose>Unspecified</pose><truncated>0</truncated><difficult>0</difficult><bndbox><xmin>171.6932834</xmin><ymin>528.9861041</ymin><xmax>279.1457846</xmax><ymax>593.9946103</ymax></bndbox></object><object><name>car</name><pose>Unspecified</pose><truncated>0</truncated><difficult>0</difficult><bndbox><xmin>0</xmin><ymin>561.7238842</ymin><xmax>60.73951339</xmax><ymax>623.7115609</ymax></bndbox></object><object><name>truck</name><pose>Unspecified</pose><truncated>0</truncated><difficult>0</difficult><bndbox><xmin>767.2421879</xmin><ymin>517.9080731</ymin><xmax>887.8648581</xmax><ymax>568.3776056</ymax></bndbox></object><object><name>car</name><pose>Unspecified</pose><truncated>0</truncated><difficult>0</difficult><bndbox><xmin>33.15168034</xmin><ymin>552.182323</ymin><xmax>208.5206349</xmax><ymax>613.7344592</ymax></bndbox></object><object><name>car</name><pose>Unspecified</pose><truncated>0</truncated><difficult>0</difficult><bndbox><xmin>417.635931</xmin><ymin>554.5472591</ymin><xmax>448.6455701</xmax><ymax>572.1931288</ymax></bndbox></object><object><name>car</name><pose>Unspecified</pose><truncated>0</truncated><difficult>0</difficult><bndbox><xmin>363.8379533</xmin><ymin>549.2198815</ymin><xmax>416.65496</xmax><ymax>576.0042767</ymax></bndbox></object><object><name>car</name><pose>Unspecified</pose><truncated>0</truncated><difficult>0</difficult><bndbox><xmin>329.9854111</xmin><ymin>549.537796</ymin><xmax>381.831548</xmax><ymax>577.7526496</ymax></bndbox></object><object><name>car</name><pose>Unspecified</pose><truncated>0</truncated><difficult>0</difficult><bndbox><xmin>984.1416066</xmin><ymin>539.3368389</ymin><xmax>1184.181803</xmax><ymax>605.6686065</ymax></bndbox></object><object><name>car</name><pose>Unspecified</pose><truncated>0</truncated><difficult>0</difficult><bndbox><xmin>216.561079</xmin><ymin>553.6663509</ymin><xmax>290.8669084</xmax><ymax>588.4261115</ymax></bndbox></object></annotation>