<annotation><folder>test_xmls</folder><filename>host-a004_cam0_1233444834951064006.jpeg</filename><path>./imageshost-a004_cam0_1233444834951064006.jpeg</path><source><database>Unknown</database></source><size><width>1224</width><height>1024</height><depth>3</depth></size><segmented>0</segmented><object><name>car</name><pose>Unspecified</pose><truncated>0</truncated><difficult>0</difficult><bndbox><xmin>627.1576756</xmin><ymin>532.6812742</ymin><xmax>665.8366603</xmax><ymax>563.2378992</ymax></bndbox></object><object><name>car</name><pose>Unspecified</pose><truncated>0</truncated><difficult>0</difficult><bndbox><xmin>572.2085065</xmin><ymin>537.7560349</ymin><xmax>600.1729432</xmax><ymax>558.1009425</ymax></bndbox></object><object><name>car</name><pose>Unspecified</pose><truncated>0</truncated><difficult>0</difficult><bndbox><xmin>458.5827247</xmin><ymin>531.4579424</ymin><xmax>514.3408004</xmax><ymax>573.6541274</ymax></bndbox></object><object><name>car</name><pose>Unspecified</pose><truncated>0</truncated><difficult>0</difficult><bndbox><xmin>248.8841917</xmin><ymin>519.4667387</ymin><xmax>478.4009743</xmax><ymax>674.2533264</ymax></bndbox></object></annotation>