<annotation><folder>test_xmls</folder><filename>host-a004_cam0_1232817646651064006.jpeg</filename><path>./imageshost-a004_cam0_1232817646651064006.jpeg</path><source><database>Unknown</database></source><size><width>1224</width><height>1024</height><depth>3</depth></size><segmented>0</segmented><object><name>car</name><pose>Unspecified</pose><truncated>0</truncated><difficult>0</difficult><bndbox><xmin>209.0870662</xmin><ymin>541.0609252</ymin><xmax>269.3657821</xmax><ymax>570.2112111</ymax></bndbox></object><object><name>car</name><pose>Unspecified</pose><truncated>0</truncated><difficult>0</difficult><bndbox><xmin>696.7780375</xmin><ymin>531.8669539</ymin><xmax>747.0279841</xmax><ymax>572.5645249</ymax></bndbox></object><object><name>car</name><pose>Unspecified</pose><truncated>0</truncated><difficult>0</difficult><bndbox><xmin>573.6357713</xmin><ymin>533.8641853</ymin><xmax>606.0247746</xmax><ymax>557.1630551</ymax></bndbox></object><object><name>car</name><pose>Unspecified</pose><truncated>0</truncated><difficult>0</difficult><bndbox><xmin>364.0602671</xmin><ymin>535.2456512</ymin><xmax>400.2493919</xmax><ymax>557.0066911</ymax></bndbox></object><object><name>car</name><pose>Unspecified</pose><truncated>0</truncated><difficult>0</difficult><bndbox><xmin>226.151241</xmin><ymin>531.2193361</ymin><xmax>386.4524148</xmax><ymax>619.8785555</ymax></bndbox></object><object><name>car</name><pose>Unspecified</pose><truncated>0</truncated><difficult>0</difficult><bndbox><xmin>316.2922274</xmin><ymin>535.5819422</ymin><xmax>375.9333458</xmax><ymax>566.0393353</ymax></bndbox></object><object><name>car</name><pose>Unspecified</pose><truncated>0</truncated><difficult>0</difficult><bndbox><xmin>681.2244479</xmin><ymin>529.4002659</ymin><xmax>730.1163749</xmax><ymax>565.7437933</ymax></bndbox></object><object><name>other_vehicle</name><pose>Unspecified</pose><truncated>0</truncated><difficult>0</difficult><bndbox><xmin>666.6451207</xmin><ymin>498.4679883</ymin><xmax>719.8152465</xmax><ymax>560.9220148</ymax></bndbox></object><object><name>car</name><pose>Unspecified</pose><truncated>0</truncated><difficult>0</difficult><bndbox><xmin>563.0702749</xmin><ymin>526.5028438</ymin><xmax>586.5987012</xmax><ymax>548.0008105</ymax></bndbox></object></annotation>