<annotation><folder>test_xmls</folder><filename>host-a004_cam0_1233693194151064006.jpeg</filename><path>./imageshost-a004_cam0_1233693194151064006.jpeg</path><source><database>Unknown</database></source><size><width>1224</width><height>1024</height><depth>3</depth></size><segmented>0</segmented><object><name>car</name><pose>Unspecified</pose><truncated>0</truncated><difficult>0</difficult><bndbox><xmin>707.6661211</xmin><ymin>527.4507517</ymin><xmax>765.8046008</xmax><ymax>572.4198424</ymax></bndbox></object><object><name>car</name><pose>Unspecified</pose><truncated>0</truncated><difficult>0</difficult><bndbox><xmin>606.1610909</xmin><ymin>530.0608881</ymin><xmax>678.8826925</xmax><ymax>597.7104848</ymax></bndbox></object><object><name>car</name><pose>Unspecified</pose><truncated>0</truncated><difficult>0</difficult><bndbox><xmin>331.7035426</xmin><ymin>513.9627216</ymin><xmax>510.9433354</xmax><ymax>650.8681335</ymax></bndbox></object><object><name>car</name><pose>Unspecified</pose><truncated>0</truncated><difficult>0</difficult><bndbox><xmin>121.867031</xmin><ymin>543.2387974</ymin><xmax>192.3782461</xmax><ymax>563.7740711</ymax></bndbox></object><object><name>car</name><pose>Unspecified</pose><truncated>0</truncated><difficult>0</difficult><bndbox><xmin>592.8339924</xmin><ymin>529.4804568</ymin><xmax>623.9032819</xmax><ymax>555.3149991</ymax></bndbox></object><object><name>car</name><pose>Unspecified</pose><truncated>0</truncated><difficult>0</difficult><bndbox><xmin>259.1344103</xmin><ymin>538.6585873</ymin><xmax>322.1343223</xmax><ymax>568.961483</ymax></bndbox></object><object><name>car</name><pose>Unspecified</pose><truncated>0</truncated><difficult>0</difficult><bndbox><xmin>308.3634321</xmin><ymin>534.9857384</ymin><xmax>426.6345826</xmax><ymax>596.2745509</ymax></bndbox></object><object><name>car</name><pose>Unspecified</pose><truncated>0</truncated><difficult>0</difficult><bndbox><xmin>469.4626014</xmin><ymin>524.5885259</ymin><xmax>556.5513542</xmax><ymax>592.3540764</ymax></bndbox></object><object><name>car</name><pose>Unspecified</pose><truncated>0</truncated><difficult>0</difficult><bndbox><xmin>31.93805467</xmin><ymin>536.1265199</ymin><xmax>149.4176578</xmax><ymax>582.860711</ymax></bndbox></object><object><name>car</name><pose>Unspecified</pose><truncated>0</truncated><difficult>0</difficult><bndbox><xmin>718.1041909</xmin><ymin>537.1804853</ymin><xmax>783.4139281</xmax><ymax>582.7355935</ymax></bndbox></object><object><name>car</name><pose>Unspecified</pose><truncated>0</truncated><difficult>0</difficult><bndbox><xmin>60.34662282</xmin><ymin>544.0608653</ymin><xmax>180.2816804</xmax><ymax>589.5390726</ymax></bndbox></object><object><name>car</name><pose>Unspecified</pose><truncated>0</truncated><difficult>0</difficult><bndbox><xmin>590.1033245</xmin><ymin>536.8961874</ymin><xmax>724.5529727</xmax><ymax>659.45691</ymax></bndbox></object><object><name>car</name><pose>Unspecified</pose><truncated>0</truncated><difficult>0</difficult><bndbox><xmin>553.7335298</xmin><ymin>527.680692</ymin><xmax>599.4487304</xmax><ymax>562.4725637</ymax></bndbox></object><object><name>car</name><pose>Unspecified</pose><truncated>0</truncated><difficult>0</difficult><bndbox><xmin>207.8844782</xmin><ymin>541.1116601</ymin><xmax>301.1794926</xmax><ymax>580.1249148</ymax></bndbox></object></annotation>