<annotation><folder>test_xmls</folder><filename>host-a004_cam0_1232842388851064006.jpeg</filename><path>./imageshost-a004_cam0_1232842388851064006.jpeg</path><source><database>Unknown</database></source><size><width>1224</width><height>1024</height><depth>3</depth></size><segmented>0</segmented><object><name>car</name><pose>Unspecified</pose><truncated>0</truncated><difficult>0</difficult><bndbox><xmin>190.0680651</xmin><ymin>549.8107628</ymin><xmax>243.328538</xmax><ymax>579.0326817</ymax></bndbox></object><object><name>car</name><pose>Unspecified</pose><truncated>0</truncated><difficult>0</difficult><bndbox><xmin>549.3433604</xmin><ymin>533.8825474</ymin><xmax>576.4648197</xmax><ymax>556.8253975</ymax></bndbox></object><object><name>car</name><pose>Unspecified</pose><truncated>0</truncated><difficult>0</difficult><bndbox><xmin>298.195878</xmin><ymin>541.1085388</ymin><xmax>349.292021</xmax><ymax>572.2393472</ymax></bndbox></object><object><name>car</name><pose>Unspecified</pose><truncated>0</truncated><difficult>0</difficult><bndbox><xmin>0</xmin><ymin>548.7968075</ymin><xmax>222.1561858</xmax><ymax>1024.0</ymax></bndbox></object><object><name>car</name><pose>Unspecified</pose><truncated>0</truncated><difficult>0</difficult><bndbox><xmin>426.9008775</xmin><ymin>508.2754859</ymin><xmax>531.9246445</xmax><ymax>602.9618932</ymax></bndbox></object><object><name>car</name><pose>Unspecified</pose><truncated>0</truncated><difficult>0</difficult><bndbox><xmin>366.2900592</xmin><ymin>543.9026096</ymin><xmax>398.5708155</xmax><ymax>562.3907565</ymax></bndbox></object><object><name>car</name><pose>Unspecified</pose><truncated>0</truncated><difficult>0</difficult><bndbox><xmin>294.95054</xmin><ymin>538.1935462</ymin><xmax>342.6472348</xmax><ymax>567.3936094</ymax></bndbox></object><object><name>car</name><pose>Unspecified</pose><truncated>0</truncated><difficult>0</difficult><bndbox><xmin>524.7644055</xmin><ymin>537.7340141</ymin><xmax>560.0925587</xmax><ymax>566.2040942</ymax></bndbox></object><object><name>car</name><pose>Unspecified</pose><truncated>0</truncated><difficult>0</difficult><bndbox><xmin>262.9598452</xmin><ymin>547.7271705</ymin><xmax>304.2913597</xmax><ymax>570.0267929</ymax></bndbox></object><object><name>car</name><pose>Unspecified</pose><truncated>0</truncated><difficult>0</difficult><bndbox><xmin>0</xmin><ymin>522.5574253</ymin><xmax>29.38325959</xmax><ymax>819.971134</ymax></bndbox></object><object><name>car</name><pose>Unspecified</pose><truncated>0</truncated><difficult>0</difficult><bndbox><xmin>0</xmin><ymin>555.2031225</ymin><xmax>46.99772054</xmax><ymax>602.4411363</ymax></bndbox></object><object><name>car</name><pose>Unspecified</pose><truncated>0</truncated><difficult>0</difficult><bndbox><xmin>587.3450157</xmin><ymin>532.2629165</ymin><xmax>630.4794997</xmax><ymax>573.0638961</ymax></bndbox></object><object><name>car</name><pose>Unspecified</pose><truncated>0</truncated><difficult>0</difficult><bndbox><xmin>105.4646072</xmin><ymin>538.9915731</ymin><xmax>217.9475901</xmax><ymax>589.7346199</ymax></bndbox></object><object><name>truck</name><pose>Unspecified</pose><truncated>0</truncated><difficult>0</difficult><bndbox><xmin>331.4667528</xmin><ymin>521.6181717</ymin><xmax>383.5576086</xmax><ymax>565.6140683</ymax></bndbox></object><object><name>car</name><pose>Unspecified</pose><truncated>0</truncated><difficult>0</difficult><bndbox><xmin>0</xmin><ymin>528.3089354</ymin><xmax>158.2578658</xmax><ymax>619.5972856</ymax></bndbox></object></annotation>