<annotation><folder>test_xmls</folder><filename>host-a004_cam0_1232842375251064006.jpeg</filename><path>./imageshost-a004_cam0_1232842375251064006.jpeg</path><source><database>Unknown</database></source><size><width>1224</width><height>1024</height><depth>3</depth></size><segmented>0</segmented><object><name>car</name><pose>Unspecified</pose><truncated>0</truncated><difficult>0</difficult><bndbox><xmin>318.298045</xmin><ymin>538.2265311</ymin><xmax>369.1626303</xmax><ymax>567.5440603</ymax></bndbox></object><object><name>car</name><pose>Unspecified</pose><truncated>0</truncated><difficult>0</difficult><bndbox><xmin>446.211573</xmin><ymin>532.4880352</ymin><xmax>483.8807317</xmax><ymax>560.2216351</ymax></bndbox></object><object><name>car</name><pose>Unspecified</pose><truncated>0</truncated><difficult>0</difficult><bndbox><xmin>547.0392154</xmin><ymin>532.5993635</ymin><xmax>587.9576029</xmax><ymax>566.6344279</ymax></bndbox></object><object><name>bus</name><pose>Unspecified</pose><truncated>0</truncated><difficult>0</difficult><bndbox><xmin>0</xmin><ymin>518.0043447</ymin><xmax>161.4278538</xmax><ymax>597.5281413</ymax></bndbox></object><object><name>bus</name><pose>Unspecified</pose><truncated>0</truncated><difficult>0</difficult><bndbox><xmin>1177.280851</xmin><ymin>422.9499496</ymin><xmax>1224.0</xmax><ymax>593.3112169</ymax></bndbox></object><object><name>car</name><pose>Unspecified</pose><truncated>0</truncated><difficult>0</difficult><bndbox><xmin>387.1210553</xmin><ymin>528.2725473</ymin><xmax>429.5100699</xmax><ymax>560.7558171</ymax></bndbox></object><object><name>car</name><pose>Unspecified</pose><truncated>0</truncated><difficult>0</difficult><bndbox><xmin>494.7810189</xmin><ymin>530.8340387</ymin><xmax>531.5889297</xmax><ymax>562.2217557</ymax></bndbox></object><object><name>car</name><pose>Unspecified</pose><truncated>0</truncated><difficult>0</difficult><bndbox><xmin>217.0956669</xmin><ymin>545.4300121</ymin><xmax>290.8082509</xmax><ymax>583.1191811</ymax></bndbox></object><object><name>car</name><pose>Unspecified</pose><truncated>0</truncated><difficult>0</difficult><bndbox><xmin>1115.663962</xmin><ymin>507.9428912</ymin><xmax>1224.0</xmax><ymax>593.6138392</ymax></bndbox></object><object><name>car</name><pose>Unspecified</pose><truncated>0</truncated><difficult>0</difficult><bndbox><xmin>516.3557626</xmin><ymin>533.9128886</ymin><xmax>572.1776178</xmax><ymax>577.9671407</ymax></bndbox></object><object><name>car</name><pose>Unspecified</pose><truncated>0</truncated><difficult>0</difficult><bndbox><xmin>423.5842788</xmin><ymin>536.0589213</ymin><xmax>465.3393282</xmax><ymax>563.4098978</ymax></bndbox></object><object><name>car</name><pose>Unspecified</pose><truncated>0</truncated><difficult>0</difficult><bndbox><xmin>467.3016518</xmin><ymin>534.9683979</ymin><xmax>497.1721044</xmax><ymax>556.8888079</ymax></bndbox></object><object><name>car</name><pose>Unspecified</pose><truncated>0</truncated><difficult>0</difficult><bndbox><xmin>797.9572873</xmin><ymin>529.8136498</ymin><xmax>883.1792748</xmax><ymax>560.038586</ymax></bndbox></object><object><name>car</name><pose>Unspecified</pose><truncated>0</truncated><difficult>0</difficult><bndbox><xmin>193.8411694</xmin><ymin>541.8228733</ymin><xmax>460.2338619</xmax><ymax>705.3277971</ymax></bndbox></object><object><name>car</name><pose>Unspecified</pose><truncated>0</truncated><difficult>0</difficult><bndbox><xmin>1088.116734</xmin><ymin>511.0617224</ymin><xmax>1224.0</xmax><ymax>587.1533719</ymax></bndbox></object><object><name>car</name><pose>Unspecified</pose><truncated>0</truncated><difficult>0</difficult><bndbox><xmin>585.4861841</xmin><ymin>533.2084982</ymin><xmax>607.9838616</xmax><ymax>552.2856214</ymax></bndbox></object><object><name>car</name><pose>Unspecified</pose><truncated>0</truncated><difficult>0</difficult><bndbox><xmin>0</xmin><ymin>507.4072498</ymin><xmax>107.6346576</xmax><ymax>676.4151749</ymax></bndbox></object><object><name>car</name><pose>Unspecified</pose><truncated>0</truncated><difficult>0</difficult><bndbox><xmin>963.7630679</xmin><ymin>532.4595936</ymin><xmax>1113.35503</xmax><ymax>586.5287311</ymax></bndbox></object><object><name>car</name><pose>Unspecified</pose><truncated>0</truncated><difficult>0</difficult><bndbox><xmin>356.9035674</xmin><ymin>524.799743</ymin><xmax>453.2450265</xmax><ymax>591.1948855</ymax></bndbox></object><object><name>car</name><pose>Unspecified</pose><truncated>0</truncated><difficult>0</difficult><bndbox><xmin>0</xmin><ymin>554.3417644</ymin><xmax>120.5039252</xmax><ymax>621.3329919</ymax></bndbox></object><object><name>car</name><pose>Unspecified</pose><truncated>0</truncated><difficult>0</difficult><bndbox><xmin>264.8512387</xmin><ymin>544.7739711</ymin><xmax>339.7183479</xmax><ymax>580.1679477</ymax></bndbox></object><object><name>car</name><pose>Unspecified</pose><truncated>0</truncated><difficult>0</difficult><bndbox><xmin>496.4084226</xmin><ymin>529.2565517</ymin><xmax>526.4542933</xmax><ymax>553.0964025</ymax></bndbox></object><object><name>bus</name><pose>Unspecified</pose><truncated>0</truncated><difficult>0</difficult><bndbox><xmin>0</xmin><ymin>501.2374085</ymin><xmax>20.24677229</xmax><ymax>625.8703144</ymax></bndbox></object><object><name>car</name><pose>Unspecified</pose><truncated>0</truncated><difficult>0</difficult><bndbox><xmin>595.5354492</xmin><ymin>527.233888</ymin><xmax>657.5081249</xmax><ymax>585.8257558</ymax></bndbox></object><object><name>car</name><pose>Unspecified</pose><truncated>0</truncated><difficult>0</difficult><bndbox><xmin>192.8905352</xmin><ymin>549.7966826</ymin><xmax>268.3733369</xmax><ymax>580.4901111</ymax></bndbox></object></annotation>