<annotation><folder>test_xmls</folder><filename>host-a004_cam0_1235944805951064006.jpeg</filename><path>./imageshost-a004_cam0_1235944805951064006.jpeg</path><source><database>Unknown</database></source><size><width>1224</width><height>1024</height><depth>3</depth></size><segmented>0</segmented><object><name>truck</name><pose>Unspecified</pose><truncated>0</truncated><difficult>0</difficult><bndbox><xmin>147.3838299</xmin><ymin>494.6453237</ymin><xmax>279.7187304</xmax><ymax>539.9672237</ymax></bndbox></object><object><name>car</name><pose>Unspecified</pose><truncated>0</truncated><difficult>0</difficult><bndbox><xmin>1159.461208</xmin><ymin>507.5612782</ymin><xmax>1224.0</xmax><ymax>533.980756</ymax></bndbox></object><object><name>car</name><pose>Unspecified</pose><truncated>0</truncated><difficult>0</difficult><bndbox><xmin>602.604201</xmin><ymin>530.3590544</ymin><xmax>668.1266222</xmax><ymax>586.3505027</ymax></bndbox></object><object><name>car</name><pose>Unspecified</pose><truncated>0</truncated><difficult>0</difficult><bndbox><xmin>811.3539205</xmin><ymin>512.8759183</ymin><xmax>879.8477299</xmax><ymax>538.787137</ymax></bndbox></object><object><name>car</name><pose>Unspecified</pose><truncated>0</truncated><difficult>0</difficult><bndbox><xmin>892.0677796</xmin><ymin>517.6077059</ymin><xmax>966.3602901</xmax><ymax>546.2214137</ymax></bndbox></object><object><name>car</name><pose>Unspecified</pose><truncated>0</truncated><difficult>0</difficult><bndbox><xmin>921.9064713</xmin><ymin>517.4790776</ymin><xmax>990.6611737</xmax><ymax>536.0253253</ymax></bndbox></object><object><name>car</name><pose>Unspecified</pose><truncated>0</truncated><difficult>0</difficult><bndbox><xmin>746.1760447</xmin><ymin>511.0910356</ymin><xmax>816.5610325</xmax><ymax>550.995194</ymax></bndbox></object><object><name>car</name><pose>Unspecified</pose><truncated>0</truncated><difficult>0</difficult><bndbox><xmin>327.4792187</xmin><ymin>514.1414873</ymin><xmax>407.9736073</xmax><ymax>542.0198135</ymax></bndbox></object><object><name>car</name><pose>Unspecified</pose><truncated>0</truncated><difficult>0</difficult><bndbox><xmin>1024.755026</xmin><ymin>508.3827268</ymin><xmax>1120.198721</xmax><ymax>537.1451856</ymax></bndbox></object><object><name>car</name><pose>Unspecified</pose><truncated>0</truncated><difficult>0</difficult><bndbox><xmin>0</xmin><ymin>508.4052675</ymin><xmax>63.96640027</xmax><ymax>539.8182376</ymax></bndbox></object><object><name>bicycle</name><pose>Unspecified</pose><truncated>0</truncated><difficult>0</difficult><bndbox><xmin>825.3816279</xmin><ymin>521.3468331</ymin><xmax>853.5105133</xmax><ymax>548.1073628</ymax></bndbox></object><object><name>car</name><pose>Unspecified</pose><truncated>0</truncated><difficult>0</difficult><bndbox><xmin>328.4587573</xmin><ymin>524.8984369</ymin><xmax>495.9081014</xmax><ymax>635.6491029</ymax></bndbox></object><object><name>car</name><pose>Unspecified</pose><truncated>0</truncated><difficult>0</difficult><bndbox><xmin>157.8776477</xmin><ymin>513.1530871</ymin><xmax>261.0066229</xmax><ymax>544.480329</ymax></bndbox></object><object><name>car</name><pose>Unspecified</pose><truncated>0</truncated><difficult>0</difficult><bndbox><xmin>188.2243549</xmin><ymin>511.1374006</ymin><xmax>270.2874431</xmax><ymax>540.3534828</ymax></bndbox></object><object><name>car</name><pose>Unspecified</pose><truncated>0</truncated><difficult>0</difficult><bndbox><xmin>862.9010887</xmin><ymin>515.5620674</ymin><xmax>926.1173815</xmax><ymax>537.1502341</ymax></bndbox></object><object><name>car</name><pose>Unspecified</pose><truncated>0</truncated><difficult>0</difficult><bndbox><xmin>86.07196614</xmin><ymin>514.4929738</ymin><xmax>161.5462868</xmax><ymax>539.7847647</ymax></bndbox></object><object><name>car</name><pose>Unspecified</pose><truncated>0</truncated><difficult>0</difficult><bndbox><xmin>303.3639218</xmin><ymin>516.5606496</ymin><xmax>371.2645535</xmax><ymax>541.1451595</ymax></bndbox></object></annotation>