<annotation><folder>test_xmls</folder><filename>host-a004_cam0_1233693203551064006.jpeg</filename><path>./imageshost-a004_cam0_1233693203551064006.jpeg</path><source><database>Unknown</database></source><size><width>1224</width><height>1024</height><depth>3</depth></size><segmented>0</segmented><object><name>car</name><pose>Unspecified</pose><truncated>0</truncated><difficult>0</difficult><bndbox><xmin>0</xmin><ymin>547.6039266</ymin><xmax>58.20704085</xmax><ymax>807.1834255</ymax></bndbox></object><object><name>car</name><pose>Unspecified</pose><truncated>0</truncated><difficult>0</difficult><bndbox><xmin>329.8997399</xmin><ymin>548.0575902</ymin><xmax>375.5956294</xmax><ymax>567.7273558</ymax></bndbox></object><object><name>car</name><pose>Unspecified</pose><truncated>0</truncated><difficult>0</difficult><bndbox><xmin>714.9228157</xmin><ymin>538.4388729</ymin><xmax>740.1909063</xmax><ymax>560.192921</ymax></bndbox></object><object><name>car</name><pose>Unspecified</pose><truncated>0</truncated><difficult>0</difficult><bndbox><xmin>582.2863221</xmin><ymin>532.4870977</ymin><xmax>609.6993843</xmax><ymax>556.4377122</ymax></bndbox></object><object><name>car</name><pose>Unspecified</pose><truncated>0</truncated><difficult>0</difficult><bndbox><xmin>539.10327</xmin><ymin>533.4369735</ymin><xmax>588.1756732</xmax><ymax>578.5722425</ymax></bndbox></object><object><name>car</name><pose>Unspecified</pose><truncated>0</truncated><difficult>0</difficult><bndbox><xmin>408.3239001</xmin><ymin>540.8765354</ymin><xmax>533.421861</xmax><ymax>625.4291683</ymax></bndbox></object><object><name>car</name><pose>Unspecified</pose><truncated>0</truncated><difficult>0</difficult><bndbox><xmin>621.7838208</xmin><ymin>541.45707</ymin><xmax>671.2183942</xmax><ymax>586.5262785</ymax></bndbox></object><object><name>car</name><pose>Unspecified</pose><truncated>0</truncated><difficult>0</difficult><bndbox><xmin>226.291451</xmin><ymin>543.9177696</ymin><xmax>292.1946273</xmax><ymax>577.913819</ymax></bndbox></object></annotation>