<annotation><folder>test_xmls</folder><filename>host-a004_cam0_1233615997951064006.jpeg</filename><path>./imageshost-a004_cam0_1233615997951064006.jpeg</path><source><database>Unknown</database></source><size><width>1224</width><height>1024</height><depth>3</depth></size><segmented>0</segmented><object><name>car</name><pose>Unspecified</pose><truncated>0</truncated><difficult>0</difficult><bndbox><xmin>1153.112544</xmin><ymin>529.4144216</ymin><xmax>1224.0</xmax><ymax>670.319504</ymax></bndbox></object><object><name>car</name><pose>Unspecified</pose><truncated>0</truncated><difficult>0</difficult><bndbox><xmin>621.1038594</xmin><ymin>539.7192362</ymin><xmax>639.9278482</xmax><ymax>559.1321689</ymax></bndbox></object><object><name>bicycle</name><pose>Unspecified</pose><truncated>0</truncated><difficult>0</difficult><bndbox><xmin>907.7462308</xmin><ymin>549.0019649</ymin><xmax>973.838861</xmax><ymax>590.5560353</ymax></bndbox></object><object><name>bicycle</name><pose>Unspecified</pose><truncated>0</truncated><difficult>0</difficult><bndbox><xmin>1000.781656</xmin><ymin>543.0735313</ymin><xmax>1032.614302</xmax><ymax>581.8735681</ymax></bndbox></object><object><name>car</name><pose>Unspecified</pose><truncated>0</truncated><difficult>0</difficult><bndbox><xmin>689.0209846</xmin><ymin>541.9814397</ymin><xmax>716.9937056</xmax><ymax>563.4322935</ymax></bndbox></object><object><name>car</name><pose>Unspecified</pose><truncated>0</truncated><difficult>0</difficult><bndbox><xmin>638.34859</xmin><ymin>538.1672696</ymin><xmax>708.0372374</xmax><ymax>598.3310655</ymax></bndbox></object><object><name>bicycle</name><pose>Unspecified</pose><truncated>0</truncated><difficult>0</difficult><bndbox><xmin>1012.242788</xmin><ymin>547.4230749</ymin><xmax>1035.55322</xmax><ymax>584.5176912</ymax></bndbox></object><object><name>car</name><pose>Unspecified</pose><truncated>0</truncated><difficult>0</difficult><bndbox><xmin>38.00298858</xmin><ymin>537.7105858</ymin><xmax>234.7956606</xmax><ymax>614.3741616</ymax></bndbox></object><object><name>car</name><pose>Unspecified</pose><truncated>0</truncated><difficult>0</difficult><bndbox><xmin>0</xmin><ymin>502.2614706</ymin><xmax>72.18869321</xmax><ymax>594.9340847</ymax></bndbox></object><object><name>car</name><pose>Unspecified</pose><truncated>0</truncated><difficult>0</difficult><bndbox><xmin>479.9288551</xmin><ymin>534.8185463</ymin><xmax>594.6550163</xmax><ymax>624.4238764</ymax></bndbox></object><object><name>bicycle</name><pose>Unspecified</pose><truncated>0</truncated><difficult>0</difficult><bndbox><xmin>988.0019847</xmin><ymin>544.3540044</ymin><xmax>1019.476924</xmax><ymax>582.9393548</ymax></bndbox></object><object><name>truck</name><pose>Unspecified</pose><truncated>0</truncated><difficult>0</difficult><bndbox><xmin>179.3421955</xmin><ymin>448.3995944</ymin><xmax>477.5004743</xmax><ymax>644.1597286</ymax></bndbox></object><object><name>car</name><pose>Unspecified</pose><truncated>0</truncated><difficult>0</difficult><bndbox><xmin>570.1447874</xmin><ymin>540.5300846</ymin><xmax>614.2710039</xmax><ymax>577.3151093</ymax></bndbox></object><object><name>pedestrian</name><pose>Unspecified</pose><truncated>0</truncated><difficult>0</difficult><bndbox><xmin>1019.736382</xmin><ymin>525.5579687</ymin><xmax>1065.514284</xmax><ymax>611.5442242</ymax></bndbox></object><object><name>car</name><pose>Unspecified</pose><truncated>0</truncated><difficult>0</difficult><bndbox><xmin>603.3651071</xmin><ymin>541.9245504</ymin><xmax>627.5176569</xmax><ymax>563.9403417</ymax></bndbox></object><object><name>car</name><pose>Unspecified</pose><truncated>0</truncated><difficult>0</difficult><bndbox><xmin>436.8651424</xmin><ymin>535.8979372</ymin><xmax>485.3462115</xmax><ymax>565.3734998</ymax></bndbox></object></annotation>