<annotation><folder>test_xmls</folder><filename>host-a004_cam0_1233011747651064006.jpeg</filename><path>./imageshost-a004_cam0_1233011747651064006.jpeg</path><source><database>Unknown</database></source><size><width>1224</width><height>1024</height><depth>3</depth></size><segmented>0</segmented><object><name>car</name><pose>Unspecified</pose><truncated>0</truncated><difficult>0</difficult><bndbox><xmin>1025.228648</xmin><ymin>483.5763178</ymin><xmax>1151.027524</xmax><ymax>535.9298341</ymax></bndbox></object><object><name>car</name><pose>Unspecified</pose><truncated>0</truncated><difficult>0</difficult><bndbox><xmin>571.0219543</xmin><ymin>533.7738357</ymin><xmax>601.2198465</xmax><ymax>558.699744</ymax></bndbox></object><object><name>car</name><pose>Unspecified</pose><truncated>0</truncated><difficult>0</difficult><bndbox><xmin>520.5830688</xmin><ymin>539.4064415</ymin><xmax>577.7904078</xmax><ymax>580.8622159</ymax></bndbox></object><object><name>car</name><pose>Unspecified</pose><truncated>0</truncated><difficult>0</difficult><bndbox><xmin>413.2598008</xmin><ymin>540.4575703</ymin><xmax>462.2384894</xmax><ymax>568.4442671</ymax></bndbox></object><object><name>car</name><pose>Unspecified</pose><truncated>0</truncated><difficult>0</difficult><bndbox><xmin>443.4015692</xmin><ymin>537.2745334</ymin><xmax>476.5560288</xmax><ymax>559.2428131</ymax></bndbox></object><object><name>car</name><pose>Unspecified</pose><truncated>0</truncated><difficult>0</difficult><bndbox><xmin>701.4421688</xmin><ymin>527.8235381</ymin><xmax>799.5561328</xmax><ymax>574.4873849</ymax></bndbox></object><object><name>car</name><pose>Unspecified</pose><truncated>0</truncated><difficult>0</difficult><bndbox><xmin>381.3476622</xmin><ymin>544.5684502</ymin><xmax>419.7737657</xmax><ymax>564.92735</ymax></bndbox></object><object><name>car</name><pose>Unspecified</pose><truncated>0</truncated><difficult>0</difficult><bndbox><xmin>807.2020896</xmin><ymin>521.5207732</ymin><xmax>908.5756143</xmax><ymax>556.7876356</ymax></bndbox></object><object><name>car</name><pose>Unspecified</pose><truncated>0</truncated><difficult>0</difficult><bndbox><xmin>864.0788176</xmin><ymin>508.3673638</ymin><xmax>975.430712</xmax><ymax>551.4860059</ymax></bndbox></object><object><name>car</name><pose>Unspecified</pose><truncated>0</truncated><difficult>0</difficult><bndbox><xmin>0</xmin><ymin>421.8517415</ymin><xmax>109.1889299</xmax><ymax>1024.0</ymax></bndbox></object><object><name>car</name><pose>Unspecified</pose><truncated>0</truncated><difficult>0</difficult><bndbox><xmin>1171.725867</xmin><ymin>466.2310566</ymin><xmax>1224.0</xmax><ymax>518.2972078</ymax></bndbox></object></annotation>