<annotation><folder>test_xmls</folder><filename>host-a004_cam0_1232987655351064006.jpeg</filename><path>./imageshost-a004_cam0_1232987655351064006.jpeg</path><source><database>Unknown</database></source><size><width>1224</width><height>1024</height><depth>3</depth></size><segmented>0</segmented><object><name>car</name><pose>Unspecified</pose><truncated>0</truncated><difficult>0</difficult><bndbox><xmin>909.8857476</xmin><ymin>542.6190797</ymin><xmax>1224.0</xmax><ymax>908.9299158</ymax></bndbox></object><object><name>other_vehicle</name><pose>Unspecified</pose><truncated>0</truncated><difficult>0</difficult><bndbox><xmin>68.36050397</xmin><ymin>521.213633</ymin><xmax>203.3634191</xmax><ymax>590.0983454</ymax></bndbox></object><object><name>car</name><pose>Unspecified</pose><truncated>0</truncated><difficult>0</difficult><bndbox><xmin>673.109803</xmin><ymin>533.5670702</ymin><xmax>714.6912819</xmax><ymax>570.1842145</ymax></bndbox></object><object><name>car</name><pose>Unspecified</pose><truncated>0</truncated><difficult>0</difficult><bndbox><xmin>692.2590467</xmin><ymin>528.8754889</ymin><xmax>753.2129246</xmax><ymax>585.6478743</ymax></bndbox></object><object><name>car</name><pose>Unspecified</pose><truncated>0</truncated><difficult>0</difficult><bndbox><xmin>784.3127893</xmin><ymin>535.8585636</ymin><xmax>1026.986412</xmax><ymax>705.159227</ymax></bndbox></object><object><name>car</name><pose>Unspecified</pose><truncated>0</truncated><difficult>0</difficult><bndbox><xmin>494.7172574</xmin><ymin>538.7894739</ymin><xmax>533.9378361</xmax><ymax>565.7154993</ymax></bndbox></object><object><name>car</name><pose>Unspecified</pose><truncated>0</truncated><difficult>0</difficult><bndbox><xmin>708.2590717</xmin><ymin>530.4373908</ymin><xmax>783.1862432</xmax><ymax>594.7013283</ymax></bndbox></object><object><name>car</name><pose>Unspecified</pose><truncated>0</truncated><difficult>0</difficult><bndbox><xmin>728.4247992</xmin><ymin>534.5278372</ymin><xmax>840.0528212</xmax><ymax>630.4859328</ymax></bndbox></object><object><name>car</name><pose>Unspecified</pose><truncated>0</truncated><difficult>0</difficult><bndbox><xmin>375.3348521</xmin><ymin>526.1581537</ymin><xmax>523.8312615</xmax><ymax>637.3045908</ymax></bndbox></object><object><name>car</name><pose>Unspecified</pose><truncated>0</truncated><difficult>0</difficult><bndbox><xmin>660.662991</xmin><ymin>537.5973973</ymin><xmax>689.2911443</xmax><ymax>560.4528038</ymax></bndbox></object><object><name>car</name><pose>Unspecified</pose><truncated>0</truncated><difficult>0</difficult><bndbox><xmin>575.2192856</xmin><ymin>534.1404939</ymin><xmax>603.3948186</xmax><ymax>557.1224861</ymax></bndbox></object><object><name>car</name><pose>Unspecified</pose><truncated>0</truncated><difficult>0</difficult><bndbox><xmin>217.867294</xmin><ymin>540.7768378</ymin><xmax>380.2301476</xmax><ymax>625.1361356</ymax></bndbox></object><object><name>car</name><pose>Unspecified</pose><truncated>0</truncated><difficult>0</difficult><bndbox><xmin>680.5451713</xmin><ymin>538.0302025</ymin><xmax>731.5618239</xmax><ymax>576.0508258</ymax></bndbox></object><object><name>other_vehicle</name><pose>Unspecified</pose><truncated>0</truncated><difficult>0</difficult><bndbox><xmin>356.1985609</xmin><ymin>532.0821288</ymin><xmax>399.6934229</xmax><ymax>559.2975446</ymax></bndbox></object></annotation>