<annotation><folder>test_xmls</folder><filename>host-a004_cam0_1234051610451064006.jpeg</filename><path>./imageshost-a004_cam0_1234051610451064006.jpeg</path><source><database>Unknown</database></source><size><width>1224</width><height>1024</height><depth>3</depth></size><segmented>0</segmented><object><name>car</name><pose>Unspecified</pose><truncated>0</truncated><difficult>0</difficult><bndbox><xmin>774.4862359</xmin><ymin>534.1289091</ymin><xmax>840.0937634</xmax><ymax>554.194432</ymax></bndbox></object><object><name>car</name><pose>Unspecified</pose><truncated>0</truncated><difficult>0</difficult><bndbox><xmin>455.4835318</xmin><ymin>537.9124811</ymin><xmax>511.7632786</xmax><ymax>575.153553</ymax></bndbox></object><object><name>car</name><pose>Unspecified</pose><truncated>0</truncated><difficult>0</difficult><bndbox><xmin>588.8437755</xmin><ymin>534.4098465</ymin><xmax>610.2812201</xmax><ymax>553.6681462</ymax></bndbox></object><object><name>car</name><pose>Unspecified</pose><truncated>0</truncated><difficult>0</difficult><bndbox><xmin>555.1591468</xmin><ymin>534.3080728</ymin><xmax>577.2815201</xmax><ymax>553.7893546</ymax></bndbox></object><object><name>car</name><pose>Unspecified</pose><truncated>0</truncated><difficult>0</difficult><bndbox><xmin>560.7607914</xmin><ymin>537.1493002</ymin><xmax>592.1479006</xmax><ymax>561.4412656</ymax></bndbox></object><object><name>car</name><pose>Unspecified</pose><truncated>0</truncated><difficult>0</difficult><bndbox><xmin>428.7154338</xmin><ymin>543.2503312</ymin><xmax>454.3087507</xmax><ymax>558.4052477</ymax></bndbox></object><object><name>car</name><pose>Unspecified</pose><truncated>0</truncated><difficult>0</difficult><bndbox><xmin>0</xmin><ymin>560.0754567</ymin><xmax>97.05369876</xmax><ymax>628.4882632</ymax></bndbox></object><object><name>car</name><pose>Unspecified</pose><truncated>0</truncated><difficult>0</difficult><bndbox><xmin>354.8854109</xmin><ymin>543.6141316</ymin><xmax>392.5947563</xmax><ymax>565.3899201</ymax></bndbox></object><object><name>car</name><pose>Unspecified</pose><truncated>0</truncated><difficult>0</difficult><bndbox><xmin>925.5388566</xmin><ymin>526.8993446</ymin><xmax>999.6629967</xmax><ymax>551.8097925</ymax></bndbox></object><object><name>bicycle</name><pose>Unspecified</pose><truncated>0</truncated><difficult>0</difficult><bndbox><xmin>752.7683198</xmin><ymin>528.8292277</ymin><xmax>781.1272965</xmax><ymax>553.0662829</ymax></bndbox></object><object><name>car</name><pose>Unspecified</pose><truncated>0</truncated><difficult>0</difficult><bndbox><xmin>618.1350155</xmin><ymin>536.6094859</ymin><xmax>641.7104486</xmax><ymax>557.1401426</ymax></bndbox></object><object><name>car</name><pose>Unspecified</pose><truncated>0</truncated><difficult>0</difficult><bndbox><xmin>0</xmin><ymin>552.4374275</ymin><xmax>100.2064277</xmax><ymax>609.6454362</ymax></bndbox></object></annotation>