<annotation><folder>test_xmls</folder><filename>host-a004_cam0_1232905209951064006.jpeg</filename><path>./imageshost-a004_cam0_1232905209951064006.jpeg</path><source><database>Unknown</database></source><size><width>1224</width><height>1024</height><depth>3</depth></size><segmented>0</segmented><object><name>car</name><pose>Unspecified</pose><truncated>0</truncated><difficult>0</difficult><bndbox><xmin>1150.963936</xmin><ymin>529.4023345</ymin><xmax>1224.0</xmax><ymax>610.4009244</ymax></bndbox></object><object><name>car</name><pose>Unspecified</pose><truncated>0</truncated><difficult>0</difficult><bndbox><xmin>0</xmin><ymin>542.349238</ymin><xmax>73.34576135</xmax><ymax>652.1030028</ymax></bndbox></object><object><name>other_vehicle</name><pose>Unspecified</pose><truncated>0</truncated><difficult>0</difficult><bndbox><xmin>80.24273643</xmin><ymin>518.8070747</ymin><xmax>206.8711091</xmax><ymax>594.1634046</ymax></bndbox></object><object><name>pedestrian</name><pose>Unspecified</pose><truncated>0</truncated><difficult>0</difficult><bndbox><xmin>760.594264</xmin><ymin>531.9830664</ymin><xmax>780.1114382</xmax><ymax>568.7956873</ymax></bndbox></object><object><name>car</name><pose>Unspecified</pose><truncated>0</truncated><difficult>0</difficult><bndbox><xmin>397.6568354</xmin><ymin>541.8964035</ymin><xmax>432.5600188</xmax><ymax>563.7885271</ymax></bndbox></object><object><name>car</name><pose>Unspecified</pose><truncated>0</truncated><difficult>0</difficult><bndbox><xmin>231.4554618</xmin><ymin>550.642257</ymin><xmax>287.5526303</xmax><ymax>576.6718884</ymax></bndbox></object><object><name>car</name><pose>Unspecified</pose><truncated>0</truncated><difficult>0</difficult><bndbox><xmin>178.2474727</xmin><ymin>540.5655536</ymin><xmax>270.0544698</xmax><ymax>583.4602903</ymax></bndbox></object><object><name>car</name><pose>Unspecified</pose><truncated>0</truncated><difficult>0</difficult><bndbox><xmin>625.904406</xmin><ymin>540.5104494</ymin><xmax>675.8172213</xmax><ymax>579.4608568</ymax></bndbox></object><object><name>car</name><pose>Unspecified</pose><truncated>0</truncated><difficult>0</difficult><bndbox><xmin>424.1002017</xmin><ymin>538.221898</ymin><xmax>459.0515281</xmax><ymax>561.461628</ymax></bndbox></object><object><name>car</name><pose>Unspecified</pose><truncated>0</truncated><difficult>0</difficult><bndbox><xmin>620.8551636</xmin><ymin>532.7474469</ymin><xmax>651.3620403</xmax><ymax>560.2287719</ymax></bndbox></object><object><name>car</name><pose>Unspecified</pose><truncated>0</truncated><difficult>0</difficult><bndbox><xmin>562.7798885</xmin><ymin>536.9794646</ymin><xmax>599.0354624</xmax><ymax>565.5403611</ymax></bndbox></object><object><name>car</name><pose>Unspecified</pose><truncated>0</truncated><difficult>0</difficult><bndbox><xmin>586.6004134</xmin><ymin>535.7966456</ymin><xmax>610.2552607</xmax><ymax>555.7181425</ymax></bndbox></object><object><name>car</name><pose>Unspecified</pose><truncated>0</truncated><difficult>0</difficult><bndbox><xmin>6.942185833</xmin><ymin>538.6225861</ymin><xmax>168.467205</xmax><ymax>607.9229588</ymax></bndbox></object><object><name>car</name><pose>Unspecified</pose><truncated>0</truncated><difficult>0</difficult><bndbox><xmin>274.7817498</xmin><ymin>546.0475084</ymin><xmax>342.6683948</xmax><ymax>581.2574189</ymax></bndbox></object><object><name>car</name><pose>Unspecified</pose><truncated>0</truncated><difficult>0</difficult><bndbox><xmin>174.8383573</xmin><ymin>538.6484012</ymin><xmax>254.3144346</xmax><ymax>581.0406869</ymax></bndbox></object><object><name>bus</name><pose>Unspecified</pose><truncated>0</truncated><difficult>0</difficult><bndbox><xmin>0</xmin><ymin>513.8480594</ymin><xmax>117.1240637</xmax><ymax>614.7906881</ymax></bndbox></object><object><name>car</name><pose>Unspecified</pose><truncated>0</truncated><difficult>0</difficult><bndbox><xmin>341.4538578</xmin><ymin>546.5119044</ymin><xmax>376.7679867</xmax><ymax>567.6382088</ymax></bndbox></object><object><name>car</name><pose>Unspecified</pose><truncated>0</truncated><difficult>0</difficult><bndbox><xmin>531.3902912</xmin><ymin>539.3149082</ymin><xmax>565.9708254</xmax><ymax>559.8364867</ymax></bndbox></object><object><name>car</name><pose>Unspecified</pose><truncated>0</truncated><difficult>0</difficult><bndbox><xmin>463.08047</xmin><ymin>540.6030708</ymin><xmax>493.7241015</xmax><ymax>557.4279132</ymax></bndbox></object><object><name>car</name><pose>Unspecified</pose><truncated>0</truncated><difficult>0</difficult><bndbox><xmin>356.0068715</xmin><ymin>538.689865</ymin><xmax>409.2959225</xmax><ymax>568.0423963</ymax></bndbox></object></annotation>