<annotation><folder>test_xmls</folder><filename>host-a004_cam0_1232842367651064006.jpeg</filename><path>./imageshost-a004_cam0_1232842367651064006.jpeg</path><source><database>Unknown</database></source><size><width>1224</width><height>1024</height><depth>3</depth></size><segmented>0</segmented><object><name>car</name><pose>Unspecified</pose><truncated>0</truncated><difficult>0</difficult><bndbox><xmin>533.6988899</xmin><ymin>545.1953967</ymin><xmax>582.6500815</xmax><ymax>585.5227121</ymax></bndbox></object><object><name>car</name><pose>Unspecified</pose><truncated>0</truncated><difficult>0</difficult><bndbox><xmin>976.6829961</xmin><ymin>544.9703268</ymin><xmax>1037.438187</xmax><ymax>564.2861911</ymax></bndbox></object><object><name>car</name><pose>Unspecified</pose><truncated>0</truncated><difficult>0</difficult><bndbox><xmin>1088.102501</xmin><ymin>542.1147309</ymin><xmax>1155.46453</xmax><ymax>564.8370186</ymax></bndbox></object><object><name>car</name><pose>Unspecified</pose><truncated>0</truncated><difficult>0</difficult><bndbox><xmin>482.5347647</xmin><ymin>540.1321247</ymin><xmax>515.7549558</xmax><ymax>564.9481562</ymax></bndbox></object><object><name>car</name><pose>Unspecified</pose><truncated>0</truncated><difficult>0</difficult><bndbox><xmin>1039.867221</xmin><ymin>540.755889</ymin><xmax>1129.217519</xmax><ymax>569.0645959</ymax></bndbox></object><object><name>car</name><pose>Unspecified</pose><truncated>0</truncated><difficult>0</difficult><bndbox><xmin>575.4075464</xmin><ymin>538.7027199</ymin><xmax>673.5469132</xmax><ymax>631.3981309</ymax></bndbox></object><object><name>car</name><pose>Unspecified</pose><truncated>0</truncated><difficult>0</difficult><bndbox><xmin>151.6150718</xmin><ymin>536.7132842</ymin><xmax>333.948018</xmax><ymax>645.0763104</ymax></bndbox></object><object><name>car</name><pose>Unspecified</pose><truncated>0</truncated><difficult>0</difficult><bndbox><xmin>281.6588174</xmin><ymin>556.3582131</ymin><xmax>316.6252055</xmax><ymax>581.500927</ymax></bndbox></object><object><name>car</name><pose>Unspecified</pose><truncated>0</truncated><difficult>0</difficult><bndbox><xmin>0</xmin><ymin>553.9194258</ymin><xmax>403.6148193</xmax><ymax>784.7116316</ymax></bndbox></object><object><name>car</name><pose>Unspecified</pose><truncated>0</truncated><difficult>0</difficult><bndbox><xmin>483.4509107</xmin><ymin>547.4106024</ymin><xmax>559.4908675</xmax><ymax>604.3928336</ymax></bndbox></object><object><name>car</name><pose>Unspecified</pose><truncated>0</truncated><difficult>0</difficult><bndbox><xmin>522.3630042</xmin><ymin>540.3395096</ymin><xmax>555.8914247</xmax><ymax>567.3194339</ymax></bndbox></object><object><name>bus</name><pose>Unspecified</pose><truncated>0</truncated><difficult>0</difficult><bndbox><xmin>791.7755793</xmin><ymin>523.3060002</ymin><xmax>946.1582666</xmax><ymax>565.2759643</ymax></bndbox></object><object><name>car</name><pose>Unspecified</pose><truncated>0</truncated><difficult>0</difficult><bndbox><xmin>1154.1558</xmin><ymin>547.581477</ymin><xmax>1223.354345</xmax><ymax>567.4301938</ymax></bndbox></object><object><name>car</name><pose>Unspecified</pose><truncated>0</truncated><difficult>0</difficult><bndbox><xmin>455.2253601</xmin><ymin>539.4563482</ymin><xmax>498.8771784</xmax><ymax>569.0308223</ymax></bndbox></object><object><name>car</name><pose>Unspecified</pose><truncated>0</truncated><difficult>0</difficult><bndbox><xmin>731.7150364</xmin><ymin>547.0068377</ymin><xmax>776.9447685</xmax><ymax>563.4947257</ymax></bndbox></object><object><name>car</name><pose>Unspecified</pose><truncated>0</truncated><difficult>0</difficult><bndbox><xmin>379.0918785</xmin><ymin>532.4145014</ymin><xmax>450.5411198</xmax><ymax>580.762187</ymax></bndbox></object><object><name>truck</name><pose>Unspecified</pose><truncated>0</truncated><difficult>0</difficult><bndbox><xmin>0</xmin><ymin>532.5261625</ymin><xmax>30.4646495</xmax><ymax>628.0389789</ymax></bndbox></object></annotation>