<annotation><folder>test_xmls</folder><filename>host-a004_cam0_1233617950351064006.jpeg</filename><path>./imageshost-a004_cam0_1233617950351064006.jpeg</path><source><database>Unknown</database></source><size><width>1224</width><height>1024</height><depth>3</depth></size><segmented>0</segmented><object><name>car</name><pose>Unspecified</pose><truncated>0</truncated><difficult>0</difficult><bndbox><xmin>450.7624783</xmin><ymin>538.9928343</ymin><xmax>496.5560958</xmax><ymax>567.5420539</ymax></bndbox></object><object><name>car</name><pose>Unspecified</pose><truncated>0</truncated><difficult>0</difficult><bndbox><xmin>163.5996615</xmin><ymin>557.2530566</ymin><xmax>247.1372864</xmax><ymax>594.3850774</ymax></bndbox></object><object><name>car</name><pose>Unspecified</pose><truncated>0</truncated><difficult>0</difficult><bndbox><xmin>252.7498457</xmin><ymin>554.2080717</ymin><xmax>312.0431978</xmax><ymax>581.9723532</ymax></bndbox></object><object><name>car</name><pose>Unspecified</pose><truncated>0</truncated><difficult>0</difficult><bndbox><xmin>426.0055747</xmin><ymin>544.9448144</ymin><xmax>472.2498765</xmax><ymax>571.0686862</ymax></bndbox></object><object><name>car</name><pose>Unspecified</pose><truncated>0</truncated><difficult>0</difficult><bndbox><xmin>388.4323494</xmin><ymin>539.5181794</ymin><xmax>449.5398572</xmax><ymax>575.9561955</ymax></bndbox></object><object><name>car</name><pose>Unspecified</pose><truncated>0</truncated><difficult>0</difficult><bndbox><xmin>577.2651393</xmin><ymin>534.4386609</ymin><xmax>611.3702783</xmax><ymax>565.7923523</ymax></bndbox></object><object><name>car</name><pose>Unspecified</pose><truncated>0</truncated><difficult>0</difficult><bndbox><xmin>538.634967</xmin><ymin>537.0057167</ymin><xmax>569.8407608</xmax><ymax>562.2089421</ymax></bndbox></object><object><name>car</name><pose>Unspecified</pose><truncated>0</truncated><difficult>0</difficult><bndbox><xmin>618.9956873</xmin><ymin>535.3483324</ymin><xmax>638.7798112</xmax><ymax>552.9902802</ymax></bndbox></object><object><name>car</name><pose>Unspecified</pose><truncated>0</truncated><difficult>0</difficult><bndbox><xmin>509.02763</xmin><ymin>544.1337327</ymin><xmax>533.2632836</xmax><ymax>560.5413932</ymax></bndbox></object><object><name>car</name><pose>Unspecified</pose><truncated>0</truncated><difficult>0</difficult><bndbox><xmin>266.3368996</xmin><ymin>547.7355556</ymin><xmax>359.8529966</xmax><ymax>596.3235106</ymax></bndbox></object><object><name>bus</name><pose>Unspecified</pose><truncated>0</truncated><difficult>0</difficult><bndbox><xmin>288.2798972</xmin><ymin>528.2637264</ymin><xmax>369.83737</xmax><ymax>578.7483952</ymax></bndbox></object><object><name>car</name><pose>Unspecified</pose><truncated>0</truncated><difficult>0</difficult><bndbox><xmin>631.2568559</xmin><ymin>536.4416279</ymin><xmax>655.0831217</xmax><ymax>556.9009081</ymax></bndbox></object><object><name>car</name><pose>Unspecified</pose><truncated>0</truncated><difficult>0</difficult><bndbox><xmin>478.7895596</xmin><ymin>544.156526</ymin><xmax>513.1841963</xmax><ymax>564.403002</ymax></bndbox></object><object><name>car</name><pose>Unspecified</pose><truncated>0</truncated><difficult>0</difficult><bndbox><xmin>1174.512279</xmin><ymin>528.964617</ymin><xmax>1224.0</xmax><ymax>603.5962446</ymax></bndbox></object><object><name>car</name><pose>Unspecified</pose><truncated>0</truncated><difficult>0</difficult><bndbox><xmin>929.2690331</xmin><ymin>528.5851286</ymin><xmax>1154.47629</xmax><ymax>609.2271393</ymax></bndbox></object><object><name>car</name><pose>Unspecified</pose><truncated>0</truncated><difficult>0</difficult><bndbox><xmin>287.4037697</xmin><ymin>540.1030707</ymin><xmax>427.3793015</xmax><ymax>617.3699959</ymax></bndbox></object><object><name>other_vehicle</name><pose>Unspecified</pose><truncated>0</truncated><difficult>0</difficult><bndbox><xmin>380.4718324</xmin><ymin>534.2769645</ymin><xmax>431.4075449</xmax><ymax>570.6037811</ymax></bndbox></object><object><name>car</name><pose>Unspecified</pose><truncated>0</truncated><difficult>0</difficult><bndbox><xmin>201.5580259</xmin><ymin>551.7117411</ymin><xmax>269.7181078</xmax><ymax>588.0286655</ymax></bndbox></object></annotation>