<annotation><folder>test_xmls</folder><filename>host-a004_cam0_1233014367451064006.jpeg</filename><path>./imageshost-a004_cam0_1233014367451064006.jpeg</path><source><database>Unknown</database></source><size><width>1224</width><height>1024</height><depth>3</depth></size><segmented>0</segmented><object><name>car</name><pose>Unspecified</pose><truncated>0</truncated><difficult>0</difficult><bndbox><xmin>314.4970358</xmin><ymin>531.7334831</ymin><xmax>437.8613618</xmax><ymax>605.1677578</ymax></bndbox></object><object><name>car</name><pose>Unspecified</pose><truncated>0</truncated><difficult>0</difficult><bndbox><xmin>549.0767907</xmin><ymin>535.8495877</ymin><xmax>586.0407509</xmax><ymax>566.8107831</ymax></bndbox></object><object><name>car</name><pose>Unspecified</pose><truncated>0</truncated><difficult>0</difficult><bndbox><xmin>182.2679674</xmin><ymin>548.3483188</ymin><xmax>244.8388736</xmax><ymax>580.6833875</ymax></bndbox></object><object><name>car</name><pose>Unspecified</pose><truncated>0</truncated><difficult>0</difficult><bndbox><xmin>0</xmin><ymin>548.3103863</ymin><xmax>255.9841744</xmax><ymax>1024.0</ymax></bndbox></object><object><name>car</name><pose>Unspecified</pose><truncated>0</truncated><difficult>0</difficult><bndbox><xmin>501.0712776</xmin><ymin>536.3143143</ymin><xmax>538.3528333</xmax><ymax>563.2569487</ymax></bndbox></object><object><name>car</name><pose>Unspecified</pose><truncated>0</truncated><difficult>0</difficult><bndbox><xmin>586.7594716</xmin><ymin>535.8045143</ymin><xmax>604.8897209</xmax><ymax>551.7699347</ymax></bndbox></object><object><name>car</name><pose>Unspecified</pose><truncated>0</truncated><difficult>0</difficult><bndbox><xmin>817.1800579</xmin><ymin>536.5551275</ymin><xmax>1172.889956</xmax><ymax>726.9594109</ymax></bndbox></object><object><name>other_vehicle</name><pose>Unspecified</pose><truncated>0</truncated><difficult>0</difficult><bndbox><xmin>0</xmin><ymin>523.1603443</ymin><xmax>83.25885672</xmax><ymax>619.7425998</ymax></bndbox></object><object><name>car</name><pose>Unspecified</pose><truncated>0</truncated><difficult>0</difficult><bndbox><xmin>647.592519</xmin><ymin>536.9712503</ymin><xmax>665.3731128</xmax><ymax>550.7798637</ymax></bndbox></object><object><name>car</name><pose>Unspecified</pose><truncated>0</truncated><difficult>0</difficult><bndbox><xmin>121.3542449</xmin><ymin>548.2849831</ymin><xmax>200.2004896</xmax><ymax>587.3367282</ymax></bndbox></object><object><name>car</name><pose>Unspecified</pose><truncated>0</truncated><difficult>0</difficult><bndbox><xmin>47.06372272</xmin><ymin>560.3341119</ymin><xmax>134.1656627</xmax><ymax>595.355659</ymax></bndbox></object><object><name>car</name><pose>Unspecified</pose><truncated>0</truncated><difficult>0</difficult><bndbox><xmin>611.2636516</xmin><ymin>537.3764377</ymin><xmax>640.0624684</xmax><ymax>562.2795721</ymax></bndbox></object><object><name>car</name><pose>Unspecified</pose><truncated>0</truncated><difficult>0</difficult><bndbox><xmin>255.7199925</xmin><ymin>549.0863057</ymin><xmax>304.1562933</xmax><ymax>573.6882405</ymax></bndbox></object></annotation>