<annotation><folder>test_xmls</folder><filename>host-a004_cam0_1232825395651064006.jpeg</filename><path>./imageshost-a004_cam0_1232825395651064006.jpeg</path><source><database>Unknown</database></source><size><width>1224</width><height>1024</height><depth>3</depth></size><segmented>0</segmented><object><name>other_vehicle</name><pose>Unspecified</pose><truncated>0</truncated><difficult>0</difficult><bndbox><xmin>811.7003399</xmin><ymin>377.947776</ymin><xmax>1224.0</xmax><ymax>744.0272313</ymax></bndbox></object><object><name>car</name><pose>Unspecified</pose><truncated>0</truncated><difficult>0</difficult><bndbox><xmin>746.8259021</xmin><ymin>533.0567844</ymin><xmax>883.120337</xmax><ymax>627.4993245</ymax></bndbox></object><object><name>car</name><pose>Unspecified</pose><truncated>0</truncated><difficult>0</difficult><bndbox><xmin>702.0630006</xmin><ymin>528.2076953</ymin><xmax>770.0324048</xmax><ymax>583.140574</ymax></bndbox></object><object><name>car</name><pose>Unspecified</pose><truncated>0</truncated><difficult>0</difficult><bndbox><xmin>65.10469651</xmin><ymin>516.551461</ymin><xmax>330.3709417</xmax><ymax>659.7418695</ymax></bndbox></object><object><name>other_vehicle</name><pose>Unspecified</pose><truncated>0</truncated><difficult>0</difficult><bndbox><xmin>671.5154308</xmin><ymin>505.5288391</ymin><xmax>727.9680112</xmax><ymax>560.8738564</ymax></bndbox></object><object><name>car</name><pose>Unspecified</pose><truncated>0</truncated><difficult>0</difficult><bndbox><xmin>687.6248821</xmin><ymin>537.2953127</ymin><xmax>740.4093822</xmax><ymax>575.3666797</ymax></bndbox></object><object><name>other_vehicle</name><pose>Unspecified</pose><truncated>0</truncated><difficult>0</difficult><bndbox><xmin>659.1927335</xmin><ymin>512.5351897</ymin><xmax>703.3116668</xmax><ymax>555.8179203</ymax></bndbox></object><object><name>car</name><pose>Unspecified</pose><truncated>0</truncated><difficult>0</difficult><bndbox><xmin>550.5272674</xmin><ymin>532.9429502</ymin><xmax>607.3010755</xmax><ymax>576.7578561</ymax></bndbox></object><object><name>car</name><pose>Unspecified</pose><truncated>0</truncated><difficult>0</difficult><bndbox><xmin>707.6895502</xmin><ymin>521.5882413</ymin><xmax>821.2417245</xmax><ymax>603.6426521</ymax></bndbox></object><object><name>car</name><pose>Unspecified</pose><truncated>0</truncated><difficult>0</difficult><bndbox><xmin>409.1847048</xmin><ymin>533.0192941</ymin><xmax>489.7696661</xmax><ymax>586.2873968</ymax></bndbox></object></annotation>