<annotation><folder>test_xmls</folder><filename>host-a004_cam0_1232833317851064006.jpeg</filename><path>./imageshost-a004_cam0_1232833317851064006.jpeg</path><source><database>Unknown</database></source><size><width>1224</width><height>1024</height><depth>3</depth></size><segmented>0</segmented><object><name>car</name><pose>Unspecified</pose><truncated>0</truncated><difficult>0</difficult><bndbox><xmin>308.06119</xmin><ymin>552.3165869</ymin><xmax>359.0265337</xmax><ymax>577.1991384</ymax></bndbox></object><object><name>car</name><pose>Unspecified</pose><truncated>0</truncated><difficult>0</difficult><bndbox><xmin>1187.454166</xmin><ymin>508.6378996</ymin><xmax>1224.0</xmax><ymax>623.2332591</ymax></bndbox></object><object><name>car</name><pose>Unspecified</pose><truncated>0</truncated><difficult>0</difficult><bndbox><xmin>5.354292021</xmin><ymin>543.2265819</ymin><xmax>78.03607971</xmax><ymax>567.1255016</ymax></bndbox></object><object><name>car</name><pose>Unspecified</pose><truncated>0</truncated><difficult>0</difficult><bndbox><xmin>205.2370939</xmin><ymin>557.0408698</ymin><xmax>298.0697749</xmax><ymax>597.9311098</ymax></bndbox></object><object><name>car</name><pose>Unspecified</pose><truncated>0</truncated><difficult>0</difficult><bndbox><xmin>37.31365523</xmin><ymin>556.2281572</ymin><xmax>121.5027229</xmax><ymax>587.2665035</ymax></bndbox></object><object><name>car</name><pose>Unspecified</pose><truncated>0</truncated><difficult>0</difficult><bndbox><xmin>398.5871037</xmin><ymin>554.128684</ymin><xmax>441.295317</xmax><ymax>580.1953652</ymax></bndbox></object><object><name>car</name><pose>Unspecified</pose><truncated>0</truncated><difficult>0</difficult><bndbox><xmin>0</xmin><ymin>566.4518647</ymin><xmax>39.34531934</xmax><ymax>656.0801491</ymax></bndbox></object><object><name>car</name><pose>Unspecified</pose><truncated>0</truncated><difficult>0</difficult><bndbox><xmin>777.0241369</xmin><ymin>541.6745599</ymin><xmax>825.909317</xmax><ymax>578.0079081</ymax></bndbox></object><object><name>car</name><pose>Unspecified</pose><truncated>0</truncated><difficult>0</difficult><bndbox><xmin>0</xmin><ymin>566.1371195</ymin><xmax>122.8668501</xmax><ymax>616.2211904</ymax></bndbox></object><object><name>car</name><pose>Unspecified</pose><truncated>0</truncated><difficult>0</difficult><bndbox><xmin>777.8946028</xmin><ymin>546.6237176</ymin><xmax>828.8453958</xmax><ymax>584.6411533</ymax></bndbox></object><object><name>car</name><pose>Unspecified</pose><truncated>0</truncated><difficult>0</difficult><bndbox><xmin>345.1184014</xmin><ymin>556.6474364</ymin><xmax>400.7542935</xmax><ymax>584.1819935</ymax></bndbox></object><object><name>car</name><pose>Unspecified</pose><truncated>0</truncated><difficult>0</difficult><bndbox><xmin>773.5520186</xmin><ymin>537.2393021</ymin><xmax>803.4118266</xmax><ymax>564.6786523</ymax></bndbox></object><object><name>car</name><pose>Unspecified</pose><truncated>0</truncated><difficult>0</difficult><bndbox><xmin>533.1323695</xmin><ymin>550.4735291</ymin><xmax>563.6453012</xmax><ymax>568.487735</ymax></bndbox></object><object><name>car</name><pose>Unspecified</pose><truncated>0</truncated><difficult>0</difficult><bndbox><xmin>443.2476772</xmin><ymin>554.2460791</ymin><xmax>491.8615637</xmax><ymax>575.8224667</ymax></bndbox></object><object><name>car</name><pose>Unspecified</pose><truncated>0</truncated><difficult>0</difficult><bndbox><xmin>558.6711614</xmin><ymin>547.8150158</ymin><xmax>589.4787527</xmax><ymax>567.3484102</ymax></bndbox></object><object><name>car</name><pose>Unspecified</pose><truncated>0</truncated><difficult>0</difficult><bndbox><xmin>155.3197915</xmin><ymin>558.7481698</ymin><xmax>286.4784303</xmax><ymax>612.0038963</ymax></bndbox></object><object><name>car</name><pose>Unspecified</pose><truncated>0</truncated><difficult>0</difficult><bndbox><xmin>487.1257363</xmin><ymin>547.5309858</ymin><xmax>534.0861691</xmax><ymax>575.1865214</ymax></bndbox></object><object><name>pedestrian</name><pose>Unspecified</pose><truncated>0</truncated><difficult>0</difficult><bndbox><xmin>916.8919675</xmin><ymin>542.953148</ymin><xmax>952.6691701</xmax><ymax>615.9152869</ymax></bndbox></object><object><name>car</name><pose>Unspecified</pose><truncated>0</truncated><difficult>0</difficult><bndbox><xmin>785.457419</xmin><ymin>540.3221292</ymin><xmax>852.7074509</xmax><ymax>597.3403557</ymax></bndbox></object><object><name>car</name><pose>Unspecified</pose><truncated>0</truncated><difficult>0</difficult><bndbox><xmin>233.342389</xmin><ymin>551.635473</ymin><xmax>327.3122749</xmax><ymax>596.3250359</ymax></bndbox></object><object><name>car</name><pose>Unspecified</pose><truncated>0</truncated><difficult>0</difficult><bndbox><xmin>139.8923852</xmin><ymin>553.4789255</ymin><xmax>217.0883656</xmax><ymax>590.1990477</ymax></bndbox></object></annotation>