<annotation><folder>test_xmls</folder><filename>host-a004_cam0_1232905217151064006.jpeg</filename><path>./imageshost-a004_cam0_1232905217151064006.jpeg</path><source><database>Unknown</database></source><size><width>1224</width><height>1024</height><depth>3</depth></size><segmented>0</segmented><object><name>truck</name><pose>Unspecified</pose><truncated>0</truncated><difficult>0</difficult><bndbox><xmin>19.90945849</xmin><ymin>503.2134727</ymin><xmax>183.1990385</xmax><ymax>598.1325123</ymax></bndbox></object><object><name>car</name><pose>Unspecified</pose><truncated>0</truncated><difficult>0</difficult><bndbox><xmin>601.5226859</xmin><ymin>542.0574165</ymin><xmax>671.2211944</xmax><ymax>597.1118051</ymax></bndbox></object><object><name>car</name><pose>Unspecified</pose><truncated>0</truncated><difficult>0</difficult><bndbox><xmin>855.9777386</xmin><ymin>536.3020018</ymin><xmax>944.3498374</xmax><ymax>567.3693169</ymax></bndbox></object><object><name>car</name><pose>Unspecified</pose><truncated>0</truncated><difficult>0</difficult><bndbox><xmin>1025.901576</xmin><ymin>525.7117103</ymin><xmax>1105.592153</xmax><ymax>554.4585573</ymax></bndbox></object><object><name>car</name><pose>Unspecified</pose><truncated>0</truncated><difficult>0</difficult><bndbox><xmin>0</xmin><ymin>561.379675</ymin><xmax>40.65156596</xmax><ymax>612.6231511</ymax></bndbox></object><object><name>car</name><pose>Unspecified</pose><truncated>0</truncated><difficult>0</difficult><bndbox><xmin>396.2946028</xmin><ymin>528.9761138</ymin><xmax>532.619662</xmax><ymax>626.3126719</ymax></bndbox></object><object><name>car</name><pose>Unspecified</pose><truncated>0</truncated><difficult>0</difficult><bndbox><xmin>1160.520551</xmin><ymin>521.4424778</ymin><xmax>1224.0</xmax><ymax>549.3789755</ymax></bndbox></object><object><name>car</name><pose>Unspecified</pose><truncated>0</truncated><difficult>0</difficult><bndbox><xmin>0</xmin><ymin>546.2818218</ymin><xmax>133.9104841</xmax><ymax>614.5399937</ymax></bndbox></object><object><name>car</name><pose>Unspecified</pose><truncated>0</truncated><difficult>0</difficult><bndbox><xmin>470.8695718</xmin><ymin>540.5400979</ymin><xmax>522.9422674</xmax><ymax>573.2128071</ymax></bndbox></object><object><name>car</name><pose>Unspecified</pose><truncated>0</truncated><difficult>0</difficult><bndbox><xmin>1062.17338</xmin><ymin>532.3865293</ymin><xmax>1168.099938</xmax><ymax>562.786499</ymax></bndbox></object><object><name>car</name><pose>Unspecified</pose><truncated>0</truncated><difficult>0</difficult><bndbox><xmin>114.6098503</xmin><ymin>537.1079719</ymin><xmax>246.5859336</xmax><ymax>601.072452</ymax></bndbox></object><object><name>car</name><pose>Unspecified</pose><truncated>0</truncated><difficult>0</difficult><bndbox><xmin>234.2390266</xmin><ymin>551.5896791</ymin><xmax>292.9576661</xmax><ymax>577.8246974</ymax></bndbox></object><object><name>car</name><pose>Unspecified</pose><truncated>0</truncated><difficult>0</difficult><bndbox><xmin>632.8550353</xmin><ymin>534.8053947</ymin><xmax>670.2990002</xmax><ymax>567.338638</ymax></bndbox></object><object><name>pedestrian</name><pose>Unspecified</pose><truncated>0</truncated><difficult>0</difficult><bndbox><xmin>896.3261429</xmin><ymin>528.4223942</ymin><xmax>919.7719109</xmax><ymax>565.8555858</ymax></bndbox></object><object><name>other_vehicle</name><pose>Unspecified</pose><truncated>0</truncated><difficult>0</difficult><bndbox><xmin>263.5431423</xmin><ymin>530.6071415</ymin><xmax>332.9325026</xmax><ymax>575.2592693</ymax></bndbox></object><object><name>car</name><pose>Unspecified</pose><truncated>0</truncated><difficult>0</difficult><bndbox><xmin>313.5659326</xmin><ymin>547.8036097</ymin><xmax>350.5434761</xmax><ymax>570.8207124</ymax></bndbox></object><object><name>car</name><pose>Unspecified</pose><truncated>0</truncated><difficult>0</difficult><bndbox><xmin>886.1761329</xmin><ymin>538.4437481</ymin><xmax>983.8586804</xmax><ymax>572.3788652</ymax></bndbox></object><object><name>car</name><pose>Unspecified</pose><truncated>0</truncated><difficult>0</difficult><bndbox><xmin>715.4877865</xmin><ymin>532.1081581</ymin><xmax>803.8140926</xmax><ymax>566.2394631</ymax></bndbox></object><object><name>car</name><pose>Unspecified</pose><truncated>0</truncated><difficult>0</difficult><bndbox><xmin>953.1959121</xmin><ymin>535.9774719</ymin><xmax>1032.186976</xmax><ymax>564.4871304</ymax></bndbox></object></annotation>