<annotation><folder>test_xmls</folder><filename>host-a004_cam0_1233947128951064006.jpeg</filename><path>./imageshost-a004_cam0_1233947128951064006.jpeg</path><source><database>Unknown</database></source><size><width>1224</width><height>1024</height><depth>3</depth></size><segmented>0</segmented><object><name>car</name><pose>Unspecified</pose><truncated>0</truncated><difficult>0</difficult><bndbox><xmin>555.6408262</xmin><ymin>537.6062194</ymin><xmax>608.9609685</xmax><ymax>579.7158571</ymax></bndbox></object><object><name>car</name><pose>Unspecified</pose><truncated>0</truncated><difficult>0</difficult><bndbox><xmin>61.5818162</xmin><ymin>537.0841111</ymin><xmax>170.0677684</xmax><ymax>579.78388</ymax></bndbox></object><object><name>car</name><pose>Unspecified</pose><truncated>0</truncated><difficult>0</difficult><bndbox><xmin>319.9720225</xmin><ymin>535.2457577</ymin><xmax>406.928767</xmax><ymax>578.8367058</ymax></bndbox></object><object><name>car</name><pose>Unspecified</pose><truncated>0</truncated><difficult>0</difficult><bndbox><xmin>259.2308121</xmin><ymin>540.5712595</ymin><xmax>314.1683621</xmax><ymax>563.8918758</ymax></bndbox></object><object><name>car</name><pose>Unspecified</pose><truncated>0</truncated><difficult>0</difficult><bndbox><xmin>419.6865301</xmin><ymin>535.4853157</ymin><xmax>473.635004</xmax><ymax>564.187006</ymax></bndbox></object><object><name>car</name><pose>Unspecified</pose><truncated>0</truncated><difficult>0</difficult><bndbox><xmin>302.0532629</xmin><ymin>534.2624178</ymin><xmax>350.4967493</xmax><ymax>559.7843348</ymax></bndbox></object><object><name>car</name><pose>Unspecified</pose><truncated>0</truncated><difficult>0</difficult><bndbox><xmin>1014.308231</xmin><ymin>509.1257591</ymin><xmax>1224.0</xmax><ymax>609.5025113</ymax></bndbox></object><object><name>bicycle</name><pose>Unspecified</pose><truncated>0</truncated><difficult>0</difficult><bndbox><xmin>836.7549592</xmin><ymin>541.7401315</ymin><xmax>881.8793515</xmax><ymax>569.8574304</ymax></bndbox></object><object><name>car</name><pose>Unspecified</pose><truncated>0</truncated><difficult>0</difficult><bndbox><xmin>628.3301318</xmin><ymin>534.7318353</ymin><xmax>647.6449688</xmax><ymax>550.1530237</ymax></bndbox></object><object><name>car</name><pose>Unspecified</pose><truncated>0</truncated><difficult>0</difficult><bndbox><xmin>141.3058466</xmin><ymin>512.1134038</ymin><xmax>239.1027876</xmax><ymax>573.5654078</ymax></bndbox></object><object><name>car</name><pose>Unspecified</pose><truncated>0</truncated><difficult>0</difficult><bndbox><xmin>598.4132793</xmin><ymin>533.847484</ymin><xmax>616.6277902</xmax><ymax>549.3285621</ymax></bndbox></object><object><name>car</name><pose>Unspecified</pose><truncated>0</truncated><difficult>0</difficult><bndbox><xmin>521.3732649</xmin><ymin>537.5768304</ymin><xmax>568.1274839</xmax><ymax>567.6716229</ymax></bndbox></object><object><name>car</name><pose>Unspecified</pose><truncated>0</truncated><difficult>0</difficult><bndbox><xmin>213.9267351</xmin><ymin>532.9970959</ymin><xmax>278.9223924</xmax><ymax>565.6301929</ymax></bndbox></object><object><name>bicycle</name><pose>Unspecified</pose><truncated>0</truncated><difficult>0</difficult><bndbox><xmin>832.5289589</xmin><ymin>540.8297033</ymin><xmax>881.6692285</xmax><ymax>567.8607348</ymax></bndbox></object><object><name>car</name><pose>Unspecified</pose><truncated>0</truncated><difficult>0</difficult><bndbox><xmin>375.133261</xmin><ymin>535.2448319</ymin><xmax>441.0539548</xmax><ymax>569.5219059</ymax></bndbox></object><object><name>truck</name><pose>Unspecified</pose><truncated>0</truncated><difficult>0</difficult><bndbox><xmin>444.3847814</xmin><ymin>507.5346061</ymin><xmax>508.3216091</xmax><ymax>559.5540725</ymax></bndbox></object><object><name>car</name><pose>Unspecified</pose><truncated>0</truncated><difficult>0</difficult><bndbox><xmin>789.0585256</xmin><ymin>531.2710055</ymin><xmax>861.8192247</xmax><ymax>557.9950105</ymax></bndbox></object><object><name>car</name><pose>Unspecified</pose><truncated>0</truncated><difficult>0</difficult><bndbox><xmin>693.8130353</xmin><ymin>536.900367</ymin><xmax>715.3429441</xmax><ymax>554.2947761</ymax></bndbox></object></annotation>