<annotation><folder>test_xmls</folder><filename>host-a004_cam0_1234051616651064006.jpeg</filename><path>./imageshost-a004_cam0_1234051616651064006.jpeg</path><source><database>Unknown</database></source><size><width>1224</width><height>1024</height><depth>3</depth></size><segmented>0</segmented><object><name>car</name><pose>Unspecified</pose><truncated>0</truncated><difficult>0</difficult><bndbox><xmin>16.47654863</xmin><ymin>543.3108965</ymin><xmax>216.6129515</xmax><ymax>620.5771695</ymax></bndbox></object><object><name>car</name><pose>Unspecified</pose><truncated>0</truncated><difficult>0</difficult><bndbox><xmin>406.4955399</xmin><ymin>532.9749708</ymin><xmax>454.8027411</xmax><ymax>565.1725474</ymax></bndbox></object><object><name>car</name><pose>Unspecified</pose><truncated>0</truncated><difficult>0</difficult><bndbox><xmin>226.2130254</xmin><ymin>542.6726546</ymin><xmax>277.8773866</xmax><ymax>571.7486686</ymax></bndbox></object><object><name>car</name><pose>Unspecified</pose><truncated>0</truncated><difficult>0</difficult><bndbox><xmin>426.6753224</xmin><ymin>532.9759712</ymin><xmax>468.9408962</xmax><ymax>561.4830158</ymax></bndbox></object><object><name>car</name><pose>Unspecified</pose><truncated>0</truncated><difficult>0</difficult><bndbox><xmin>630.1903154</xmin><ymin>533.9347113</ymin><xmax>650.7744167</xmax><ymax>551.8588555</ymax></bndbox></object><object><name>car</name><pose>Unspecified</pose><truncated>0</truncated><difficult>0</difficult><bndbox><xmin>367.8499362</xmin><ymin>538.2603338</ymin><xmax>429.3298665</xmax><ymax>571.4077408</ymax></bndbox></object><object><name>car</name><pose>Unspecified</pose><truncated>0</truncated><difficult>0</difficult><bndbox><xmin>313.9981246</xmin><ymin>534.702889</ymin><xmax>392.2888699</xmax><ymax>578.7702188</ymax></bndbox></object><object><name>car</name><pose>Unspecified</pose><truncated>0</truncated><difficult>0</difficult><bndbox><xmin>601.1645257</xmin><ymin>534.4409927</ymin><xmax>621.1525138</xmax><ymax>550.0152668</ymax></bndbox></object><object><name>car</name><pose>Unspecified</pose><truncated>0</truncated><difficult>0</difficult><bndbox><xmin>681.4495457</xmin><ymin>537.3397357</ymin><xmax>723.626714</xmax><ymax>568.1327475</ymax></bndbox></object><object><name>car</name><pose>Unspecified</pose><truncated>0</truncated><difficult>0</difficult><bndbox><xmin>230.4656711</xmin><ymin>535.6370676</ymin><xmax>332.4902504</xmax><ymax>590.0276115</ymax></bndbox></object><object><name>other_vehicle</name><pose>Unspecified</pose><truncated>0</truncated><difficult>0</difficult><bndbox><xmin>660.4744877</xmin><ymin>518.9812442</ymin><xmax>695.8731602</xmax><ymax>552.9329922</ymax></bndbox></object><object><name>car</name><pose>Unspecified</pose><truncated>0</truncated><difficult>0</difficult><bndbox><xmin>554.9278628</xmin><ymin>534.583405</ymin><xmax>579.8094864</xmax><ymax>552.7338367</ymax></bndbox></object></annotation>