<annotation><folder>test_xmls</folder><filename>host-a004_cam0_1233615991751064006.jpeg</filename><path>./imageshost-a004_cam0_1233615991751064006.jpeg</path><source><database>Unknown</database></source><size><width>1224</width><height>1024</height><depth>3</depth></size><segmented>0</segmented><object><name>car</name><pose>Unspecified</pose><truncated>0</truncated><difficult>0</difficult><bndbox><xmin>260.0771121</xmin><ymin>548.4358748</ymin><xmax>462.7635586</xmax><ymax>679.6228075</ymax></bndbox></object><object><name>car</name><pose>Unspecified</pose><truncated>0</truncated><difficult>0</difficult><bndbox><xmin>477.12054</xmin><ymin>552.9815592</ymin><xmax>542.7760849</xmax><ymax>603.2616173</ymax></bndbox></object><object><name>car</name><pose>Unspecified</pose><truncated>0</truncated><difficult>0</difficult><bndbox><xmin>855.8270933</xmin><ymin>541.1029618</ymin><xmax>946.209235</xmax><ymax>571.7341467</ymax></bndbox></object><object><name>bicycle</name><pose>Unspecified</pose><truncated>0</truncated><difficult>0</difficult><bndbox><xmin>707.9566036</xmin><ymin>550.3944092</ymin><xmax>735.28756</xmax><ymax>567.2738357</ymax></bndbox></object><object><name>car</name><pose>Unspecified</pose><truncated>0</truncated><difficult>0</difficult><bndbox><xmin>405.1178028</xmin><ymin>552.2680316</ymin><xmax>447.4921862</xmax><ymax>578.087732</ymax></bndbox></object><object><name>car</name><pose>Unspecified</pose><truncated>0</truncated><difficult>0</difficult><bndbox><xmin>786.5913175</xmin><ymin>542.5264474</ymin><xmax>886.3144783</xmax><ymax>576.1062573</ymax></bndbox></object><object><name>car</name><pose>Unspecified</pose><truncated>0</truncated><difficult>0</difficult><bndbox><xmin>774.7772446</xmin><ymin>556.5719519</ymin><xmax>1205.633399</xmax><ymax>804.991243</ymax></bndbox></object><object><name>car</name><pose>Unspecified</pose><truncated>0</truncated><difficult>0</difficult><bndbox><xmin>729.0641798</xmin><ymin>542.6954672</ymin><xmax>817.2775935</xmax><ymax>575.2261802</ymax></bndbox></object><object><name>car</name><pose>Unspecified</pose><truncated>0</truncated><difficult>0</difficult><bndbox><xmin>549.2736111</xmin><ymin>544.2973707</ymin><xmax>666.448431</xmax><ymax>649.2012828</ymax></bndbox></object><object><name>car</name><pose>Unspecified</pose><truncated>0</truncated><difficult>0</difficult><bndbox><xmin>913.065177</xmin><ymin>541.8962088</ymin><xmax>1006.483779</xmax><ymax>571.9479775</ymax></bndbox></object><object><name>car</name><pose>Unspecified</pose><truncated>0</truncated><difficult>0</difficult><bndbox><xmin>139.5153457</xmin><ymin>548.4102005</ymin><xmax>242.7316434</xmax><ymax>604.9904908</ymax></bndbox></object><object><name>pedestrian</name><pose>Unspecified</pose><truncated>0</truncated><difficult>0</difficult><bndbox><xmin>998.2656893</xmin><ymin>546.05662</ymin><xmax>1017.185633</xmax><ymax>577.9936656</ymax></bndbox></object><object><name>car</name><pose>Unspecified</pose><truncated>0</truncated><difficult>0</difficult><bndbox><xmin>1005.805098</xmin><ymin>533.1988075</ymin><xmax>1106.948369</xmax><ymax>567.9885132</ymax></bndbox></object><object><name>car</name><pose>Unspecified</pose><truncated>0</truncated><difficult>0</difficult><bndbox><xmin>539.1279878</xmin><ymin>547.3194148</ymin><xmax>576.0131136</xmax><ymax>581.2882215</ymax></bndbox></object><object><name>car</name><pose>Unspecified</pose><truncated>0</truncated><difficult>0</difficult><bndbox><xmin>442.4885885</xmin><ymin>541.8635548</ymin><xmax>498.6693944</xmax><ymax>590.2189054</ymax></bndbox></object><object><name>car</name><pose>Unspecified</pose><truncated>0</truncated><difficult>0</difficult><bndbox><xmin>110.1535506</xmin><ymin>559.9069392</ymin><xmax>201.7688368</xmax><ymax>597.9965357</ymax></bndbox></object><object><name>car</name><pose>Unspecified</pose><truncated>0</truncated><difficult>0</difficult><bndbox><xmin>168.0887543</xmin><ymin>557.9237164</ymin><xmax>267.6194662</xmax><ymax>610.1920795</ymax></bndbox></object><object><name>car</name><pose>Unspecified</pose><truncated>0</truncated><difficult>0</difficult><bndbox><xmin>262.5145362</xmin><ymin>539.8150851</ymin><xmax>326.9045151</xmax><ymax>580.9565068</ymax></bndbox></object></annotation>