<annotation><folder>test_xmls</folder><filename>host-a004_cam0_1232825388051064006.jpeg</filename><path>./imageshost-a004_cam0_1232825388051064006.jpeg</path><source><database>Unknown</database></source><size><width>1224</width><height>1024</height><depth>3</depth></size><segmented>0</segmented><object><name>car</name><pose>Unspecified</pose><truncated>0</truncated><difficult>0</difficult><bndbox><xmin>281.138235</xmin><ymin>540.0490607</ymin><xmax>428.0944161</xmax><ymax>627.0819278</ymax></bndbox></object><object><name>car</name><pose>Unspecified</pose><truncated>0</truncated><difficult>0</difficult><bndbox><xmin>559.3938142</xmin><ymin>540.1041384</ymin><xmax>599.3043186</xmax><ymax>570.1277733</ymax></bndbox></object><object><name>car</name><pose>Unspecified</pose><truncated>0</truncated><difficult>0</difficult><bndbox><xmin>705.6559024</xmin><ymin>544.2803391</ymin><xmax>785.5670837</xmax><ymax>598.0769093</ymax></bndbox></object><object><name>car</name><pose>Unspecified</pose><truncated>0</truncated><difficult>0</difficult><bndbox><xmin>783.740317</xmin><ymin>550.0950119</ymin><xmax>1037.751325</xmax><ymax>699.0983767</ymax></bndbox></object><object><name>car</name><pose>Unspecified</pose><truncated>0</truncated><difficult>0</difficult><bndbox><xmin>530.2969094</xmin><ymin>541.532486</ymin><xmax>566.2622199</xmax><ymax>566.662903</ymax></bndbox></object><object><name>car</name><pose>Unspecified</pose><truncated>0</truncated><difficult>0</difficult><bndbox><xmin>924.3165905</xmin><ymin>562.5333988</ymin><xmax>1224.0</xmax><ymax>1024.0</ymax></bndbox></object><object><name>car</name><pose>Unspecified</pose><truncated>0</truncated><difficult>0</difficult><bndbox><xmin>674.2215588</xmin><ymin>532.3720543</ymin><xmax>724.9365349</xmax><ymax>574.5588066</ymax></bndbox></object><object><name>other_vehicle</name><pose>Unspecified</pose><truncated>0</truncated><difficult>0</difficult><bndbox><xmin>681.6447628</xmin><ymin>496.8816874</ymin><xmax>770.2428234</xmax><ymax>585.9987899</ymax></bndbox></object><object><name>car</name><pose>Unspecified</pose><truncated>0</truncated><difficult>0</difficult><bndbox><xmin>616.6919643</xmin><ymin>538.4698707</ymin><xmax>650.8156866</xmax><ymax>566.5154478</ymax></bndbox></object><object><name>car</name><pose>Unspecified</pose><truncated>0</truncated><difficult>0</difficult><bndbox><xmin>586.7019365</xmin><ymin>540.1432966</ymin><xmax>614.1998396</xmax><ymax>561.5485047</ymax></bndbox></object><object><name>car</name><pose>Unspecified</pose><truncated>0</truncated><difficult>0</difficult><bndbox><xmin>0</xmin><ymin>513.1934435</ymin><xmax>398.6386037</xmax><ymax>960.5937964</ymax></bndbox></object><object><name>other_vehicle</name><pose>Unspecified</pose><truncated>0</truncated><difficult>0</difficult><bndbox><xmin>654.7063913</xmin><ymin>521.4695297</ymin><xmax>693.161663</xmax><ymax>560.7708786</ymax></bndbox></object><object><name>other_vehicle</name><pose>Unspecified</pose><truncated>0</truncated><difficult>0</difficult><bndbox><xmin>709.3509107</xmin><ymin>478.8192995</ymin><xmax>870.1854923</xmax><ymax>630.7955604</ymax></bndbox></object><object><name>car</name><pose>Unspecified</pose><truncated>0</truncated><difficult>0</difficult><bndbox><xmin>662.906943</xmin><ymin>535.4141849</ymin><xmax>697.8522277</xmax><ymax>567.4574869</ymax></bndbox></object><object><name>car</name><pose>Unspecified</pose><truncated>0</truncated><difficult>0</difficult><bndbox><xmin>667.7266739</xmin><ymin>537.1792515</ymin><xmax>708.6640879</xmax><ymax>570.0102879</ymax></bndbox></object></annotation>