<annotation><folder>test_xmls</folder><filename>host-a004_cam0_1232815266051064006.jpeg</filename><path>./imageshost-a004_cam0_1232815266051064006.jpeg</path><source><database>Unknown</database></source><size><width>1224</width><height>1024</height><depth>3</depth></size><segmented>0</segmented><object><name>car</name><pose>Unspecified</pose><truncated>0</truncated><difficult>0</difficult><bndbox><xmin>120.6857934</xmin><ymin>549.4633324</ymin><xmax>440.3268979</xmax><ymax>730.9173578</ymax></bndbox></object><object><name>car</name><pose>Unspecified</pose><truncated>0</truncated><difficult>0</difficult><bndbox><xmin>253.7144067</xmin><ymin>543.9419193</ymin><xmax>327.479011</xmax><ymax>580.5252886</ymax></bndbox></object><object><name>car</name><pose>Unspecified</pose><truncated>0</truncated><difficult>0</difficult><bndbox><xmin>718.2909507</xmin><ymin>526.1512778</ymin><xmax>778.1682154</xmax><ymax>566.2731338</ymax></bndbox></object><object><name>pedestrian</name><pose>Unspecified</pose><truncated>0</truncated><difficult>0</difficult><bndbox><xmin>716.6484474</xmin><ymin>531.6762919</ymin><xmax>743.6043572</xmax><ymax>574.1342547</ymax></bndbox></object><object><name>truck</name><pose>Unspecified</pose><truncated>0</truncated><difficult>0</difficult><bndbox><xmin>411.356669</xmin><ymin>465.596735</ymin><xmax>542.9024204</xmax><ymax>581.4527367</ymax></bndbox></object><object><name>car</name><pose>Unspecified</pose><truncated>0</truncated><difficult>0</difficult><bndbox><xmin>196.1773117</xmin><ymin>543.0246741</ymin><xmax>300.5634113</xmax><ymax>586.2826388</ymax></bndbox></object><object><name>pedestrian</name><pose>Unspecified</pose><truncated>0</truncated><difficult>0</difficult><bndbox><xmin>846.0720143</xmin><ymin>542.1659656</ymin><xmax>869.6530529</xmax><ymax>580.6879553</ymax></bndbox></object></annotation>