<annotation><folder>test_xmls</folder><filename>host-a004_cam0_1235944800351064006.jpeg</filename><path>./imageshost-a004_cam0_1235944800351064006.jpeg</path><source><database>Unknown</database></source><size><width>1224</width><height>1024</height><depth>3</depth></size><segmented>0</segmented><object><name>car</name><pose>Unspecified</pose><truncated>0</truncated><difficult>0</difficult><bndbox><xmin>623.3738722</xmin><ymin>543.9366889</ymin><xmax>662.0421543</xmax><ymax>577.2404919</ymax></bndbox></object></annotation>