<annotation><folder>test_xmls</folder><filename>host-a004_cam0_1232833322451064006.jpeg</filename><path>./imageshost-a004_cam0_1232833322451064006.jpeg</path><source><database>Unknown</database></source><size><width>1224</width><height>1024</height><depth>3</depth></size><segmented>0</segmented><object><name>car</name><pose>Unspecified</pose><truncated>0</truncated><difficult>0</difficult><bndbox><xmin>0</xmin><ymin>556.6771244</ymin><xmax>86.87320242</xmax><ymax>609.2414478</ymax></bndbox></object><object><name>car</name><pose>Unspecified</pose><truncated>0</truncated><difficult>0</difficult><bndbox><xmin>677.6950265</xmin><ymin>529.7918051</ymin><xmax>733.1429893</xmax><ymax>577.5003062</ymax></bndbox></object><object><name>car</name><pose>Unspecified</pose><truncated>0</truncated><difficult>0</difficult><bndbox><xmin>0</xmin><ymin>558.7256131</ymin><xmax>23.65878889</xmax><ymax>616.582629</ymax></bndbox></object><object><name>car</name><pose>Unspecified</pose><truncated>0</truncated><difficult>0</difficult><bndbox><xmin>448.7335267</xmin><ymin>545.337253</ymin><xmax>477.555909</xmax><ymax>565.0511792</ymax></bndbox></object><object><name>car</name><pose>Unspecified</pose><truncated>0</truncated><difficult>0</difficult><bndbox><xmin>168.6563211</xmin><ymin>552.9150512</ymin><xmax>255.9856251</xmax><ymax>594.3828085</ymax></bndbox></object><object><name>car</name><pose>Unspecified</pose><truncated>0</truncated><difficult>0</difficult><bndbox><xmin>693.8554018</xmin><ymin>544.6337466</ymin><xmax>743.2982305</xmax><ymax>583.0811251</ymax></bndbox></object><object><name>car</name><pose>Unspecified</pose><truncated>0</truncated><difficult>0</difficult><bndbox><xmin>54.87040864</xmin><ymin>561.6862737</ymin><xmax>110.173474</xmax><ymax>581.1404442</ymax></bndbox></object><object><name>car</name><pose>Unspecified</pose><truncated>0</truncated><difficult>0</difficult><bndbox><xmin>91.83053091</xmin><ymin>546.5660321</ymin><xmax>191.0162511</xmax><ymax>588.65294</ymax></bndbox></object><object><name>car</name><pose>Unspecified</pose><truncated>0</truncated><difficult>0</difficult><bndbox><xmin>293.90492</xmin><ymin>548.6903898</ymin><xmax>343.9819267</xmax><ymax>574.4134765</ymax></bndbox></object><object><name>truck</name><pose>Unspecified</pose><truncated>0</truncated><difficult>0</difficult><bndbox><xmin>370.0779833</xmin><ymin>538.462118</ymin><xmax>416.6018576</xmax><ymax>570.0783205</ymax></bndbox></object><object><name>car</name><pose>Unspecified</pose><truncated>0</truncated><difficult>0</difficult><bndbox><xmin>477.0707474</xmin><ymin>545.2634179</ymin><xmax>502.3459892</xmax><ymax>571.0251067</ymax></bndbox></object><object><name>car</name><pose>Unspecified</pose><truncated>0</truncated><difficult>0</difficult><bndbox><xmin>856.0994351</xmin><ymin>552.7416567</ymin><xmax>1224.0</xmax><ymax>1017.899352</ymax></bndbox></object><object><name>car</name><pose>Unspecified</pose><truncated>0</truncated><difficult>0</difficult><bndbox><xmin>341.4646665</xmin><ymin>550.3319407</ymin><xmax>389.2172585</xmax><ymax>576.1705377</ymax></bndbox></object><object><name>car</name><pose>Unspecified</pose><truncated>0</truncated><difficult>0</difficult><bndbox><xmin>747.8572953</xmin><ymin>530.668089</ymin><xmax>976.6189132</xmax><ymax>672.0949092</ymax></bndbox></object></annotation>