<annotation><folder>test_xmls</folder><filename>host-a004_cam0_1233616007751064006.jpeg</filename><path>./imageshost-a004_cam0_1233616007751064006.jpeg</path><source><database>Unknown</database></source><size><width>1224</width><height>1024</height><depth>3</depth></size><segmented>0</segmented><object><name>car</name><pose>Unspecified</pose><truncated>0</truncated><difficult>0</difficult><bndbox><xmin>553.1367167</xmin><ymin>538.4370456</ymin><xmax>597.4873586</xmax><ymax>575.2347692</ymax></bndbox></object><object><name>car</name><pose>Unspecified</pose><truncated>0</truncated><difficult>0</difficult><bndbox><xmin>656.2066959</xmin><ymin>539.2459125</ymin><xmax>679.8376382</xmax><ymax>558.6312767</ymax></bndbox></object><object><name>car</name><pose>Unspecified</pose><truncated>0</truncated><difficult>0</difficult><bndbox><xmin>533.1021644</xmin><ymin>534.4380791</ymin><xmax>563.7242728</xmax><ymax>563.5368163</ymax></bndbox></object><object><name>pedestrian</name><pose>Unspecified</pose><truncated>0</truncated><difficult>0</difficult><bndbox><xmin>954.106316</xmin><ymin>524.2127711</ymin><xmax>982.2130963</xmax><ymax>575.1759209</ymax></bndbox></object><object><name>car</name><pose>Unspecified</pose><truncated>0</truncated><difficult>0</difficult><bndbox><xmin>0</xmin><ymin>537.9488487</ymin><xmax>29.6452957</xmax><ymax>608.7144751</ymax></bndbox></object><object><name>truck</name><pose>Unspecified</pose><truncated>0</truncated><difficult>0</difficult><bndbox><xmin>367.2019748</xmin><ymin>493.6036919</ymin><xmax>500.450948</xmax><ymax>589.9124346</ymax></bndbox></object><object><name>car</name><pose>Unspecified</pose><truncated>0</truncated><difficult>0</difficult><bndbox><xmin>580.1860192</xmin><ymin>541.8865204</ymin><xmax>606.2237005</xmax><ymax>563.1464601</ymax></bndbox></object><object><name>car</name><pose>Unspecified</pose><truncated>0</truncated><difficult>0</difficult><bndbox><xmin>620.57781</xmin><ymin>540.0047006</ymin><xmax>667.2712261</xmax><ymax>581.5813716</ymax></bndbox></object><object><name>car</name><pose>Unspecified</pose><truncated>0</truncated><difficult>0</difficult><bndbox><xmin>91.64202759</xmin><ymin>546.2040668</ymin><xmax>176.4309483</xmax><ymax>579.0242495</ymax></bndbox></object><object><name>car</name><pose>Unspecified</pose><truncated>0</truncated><difficult>0</difficult><bndbox><xmin>1216.847483</xmin><ymin>520.1885667</ymin><xmax>1224.0</xmax><ymax>605.0085113</ymax></bndbox></object></annotation>