<annotation><folder>test_xmls</folder><filename>host-a004_cam0_1233421985651064006.jpeg</filename><path>./imageshost-a004_cam0_1233421985651064006.jpeg</path><source><database>Unknown</database></source><size><width>1224</width><height>1024</height><depth>3</depth></size><segmented>0</segmented><object><name>car</name><pose>Unspecified</pose><truncated>0</truncated><difficult>0</difficult><bndbox><xmin>528.1664404</xmin><ymin>533.7269276</ymin><xmax>765.3217816</xmax><ymax>737.2385436</ymax></bndbox></object><object><name>car</name><pose>Unspecified</pose><truncated>0</truncated><difficult>0</difficult><bndbox><xmin>467.9073434</xmin><ymin>531.3832926</ymin><xmax>524.0175715</xmax><ymax>568.4002888</ymax></bndbox></object><object><name>car</name><pose>Unspecified</pose><truncated>0</truncated><difficult>0</difficult><bndbox><xmin>48.92340809</xmin><ymin>546.6214959</ymin><xmax>443.3120568</xmax><ymax>742.4887927</ymax></bndbox></object><object><name>car</name><pose>Unspecified</pose><truncated>0</truncated><difficult>0</difficult><bndbox><xmin>548.9016504</xmin><ymin>523.5697137</ymin><xmax>603.0486579</xmax><ymax>566.5133107</ymax></bndbox></object><object><name>car</name><pose>Unspecified</pose><truncated>0</truncated><difficult>0</difficult><bndbox><xmin>497.8836122</xmin><ymin>534.1988741</ymin><xmax>573.2436285</xmax><ymax>585.0965514</ymax></bndbox></object><object><name>car</name><pose>Unspecified</pose><truncated>0</truncated><difficult>0</difficult><bndbox><xmin>112.2460716</xmin><ymin>540.4619154</ymin><xmax>341.9197784</xmax><ymax>645.1228846</ymax></bndbox></object><object><name>car</name><pose>Unspecified</pose><truncated>0</truncated><difficult>0</difficult><bndbox><xmin>25.96964654</xmin><ymin>524.7633805</ymin><xmax>260.1613438</xmax><ymax>627.1922296</ymax></bndbox></object><object><name>car</name><pose>Unspecified</pose><truncated>0</truncated><difficult>0</difficult><bndbox><xmin>584.472096</xmin><ymin>528.9202651</ymin><xmax>701.3517732</xmax><ymax>626.7286076</ymax></bndbox></object><object><name>car</name><pose>Unspecified</pose><truncated>0</truncated><difficult>0</difficult><bndbox><xmin>289.6534645</xmin><ymin>537.1310104</ymin><xmax>397.4700655</xmax><ymax>591.4846645</ymax></bndbox></object><object><name>car</name><pose>Unspecified</pose><truncated>0</truncated><difficult>0</difficult><bndbox><xmin>0</xmin><ymin>443.3043221</ymin><xmax>32.74598861</xmax><ymax>744.8517514</ymax></bndbox></object><object><name>car</name><pose>Unspecified</pose><truncated>0</truncated><difficult>0</difficult><bndbox><xmin>750.929755</xmin><ymin>501.3283927</ymin><xmax>926.7560002</xmax><ymax>633.3461373</ymax></bndbox></object><object><name>car</name><pose>Unspecified</pose><truncated>0</truncated><difficult>0</difficult><bndbox><xmin>0</xmin><ymin>0</ymin><xmax>217.1377143</xmax><ymax>1024.0</ymax></bndbox></object><object><name>car</name><pose>Unspecified</pose><truncated>0</truncated><difficult>0</difficult><bndbox><xmin>384.2001116</xmin><ymin>541.0058726</ymin><xmax>530.8768176</xmax><ymax>625.7503369</ymax></bndbox></object><object><name>car</name><pose>Unspecified</pose><truncated>0</truncated><difficult>0</difficult><bndbox><xmin>613.6473447</xmin><ymin>525.0506069</ymin><xmax>654.0249578</xmax><ymax>570.0430687</ymax></bndbox></object><object><name>car</name><pose>Unspecified</pose><truncated>0</truncated><difficult>0</difficult><bndbox><xmin>453.9593621</xmin><ymin>532.5892231</ymin><xmax>487.0264779</xmax><ymax>550.0897838</ymax></bndbox></object><object><name>car</name><pose>Unspecified</pose><truncated>0</truncated><difficult>0</difficult><bndbox><xmin>380.8277113</xmin><ymin>529.2794008</ymin><xmax>425.8560189</xmax><ymax>554.3493717</ymax></bndbox></object><object><name>car</name><pose>Unspecified</pose><truncated>0</truncated><difficult>0</difficult><bndbox><xmin>985.0449179</xmin><ymin>544.779131</ymin><xmax>1224.0</xmax><ymax>1024.0</ymax></bndbox></object><object><name>car</name><pose>Unspecified</pose><truncated>0</truncated><difficult>0</difficult><bndbox><xmin>595.1990927</xmin><ymin>528.9138968</ymin><xmax>621.1777445</xmax><ymax>547.3624405</ymax></bndbox></object><object><name>car</name><pose>Unspecified</pose><truncated>0</truncated><difficult>0</difficult><bndbox><xmin>315.6083975</xmin><ymin>538.7009836</ymin><xmax>400.1315201</xmax><ymax>570.5698379</ymax></bndbox></object></annotation>