<annotation><folder>test_xmls</folder><filename>host-a004_cam0_1233014364651064006.jpeg</filename><path>./imageshost-a004_cam0_1233014364651064006.jpeg</path><source><database>Unknown</database></source><size><width>1224</width><height>1024</height><depth>3</depth></size><segmented>0</segmented><object><name>car</name><pose>Unspecified</pose><truncated>0</truncated><difficult>0</difficult><bndbox><xmin>528.4203669</xmin><ymin>535.7582511</ymin><xmax>582.6665363</xmax><ymax>578.5132592</ymax></bndbox></object><object><name>other_vehicle</name><pose>Unspecified</pose><truncated>0</truncated><difficult>0</difficult><bndbox><xmin>151.915432</xmin><ymin>529.8551585</ymin><xmax>261.0350812</xmax><ymax>585.6327569</ymax></bndbox></object><object><name>car</name><pose>Unspecified</pose><truncated>0</truncated><difficult>0</difficult><bndbox><xmin>693.9803014</xmin><ymin>537.439754</ymin><xmax>768.0341305</xmax><ymax>585.0839087</ymax></bndbox></object><object><name>car</name><pose>Unspecified</pose><truncated>0</truncated><difficult>0</difficult><bndbox><xmin>390.881198</xmin><ymin>542.3170314</ymin><xmax>430.71398</xmax><ymax>566.158642</ymax></bndbox></object><object><name>car</name><pose>Unspecified</pose><truncated>0</truncated><difficult>0</difficult><bndbox><xmin>617.2997206</xmin><ymin>535.9721632</ymin><xmax>647.6675751</xmax><ymax>561.7315153</ymax></bndbox></object><object><name>car</name><pose>Unspecified</pose><truncated>0</truncated><difficult>0</difficult><bndbox><xmin>676.1672644</xmin><ymin>535.851178</ymin><xmax>721.6276661</xmax><ymax>567.2215013</ymax></bndbox></object><object><name>car</name><pose>Unspecified</pose><truncated>0</truncated><difficult>0</difficult><bndbox><xmin>456.9009862</xmin><ymin>536.5251496</ymin><xmax>512.6832447</xmax><ymax>572.8744279</ymax></bndbox></object><object><name>car</name><pose>Unspecified</pose><truncated>0</truncated><difficult>0</difficult><bndbox><xmin>235.9854877</xmin><ymin>545.9142623</ymin><xmax>300.1385956</xmax><ymax>577.1428988</ymax></bndbox></object><object><name>car</name><pose>Unspecified</pose><truncated>0</truncated><difficult>0</difficult><bndbox><xmin>578.5246638</xmin><ymin>536.5445779</ymin><xmax>600.220893</xmax><ymax>555.4853932</ymax></bndbox></object><object><name>other_vehicle</name><pose>Unspecified</pose><truncated>0</truncated><difficult>0</difficult><bndbox><xmin>266.9633617</xmin><ymin>530.9716404</ymin><xmax>348.9685146</xmax><ymax>573.2287521</ymax></bndbox></object><object><name>car</name><pose>Unspecified</pose><truncated>0</truncated><difficult>0</difficult><bndbox><xmin>150.2079431</xmin><ymin>554.0634793</ymin><xmax>231.1122687</xmax><ymax>591.0304837</ymax></bndbox></object><object><name>other_vehicle</name><pose>Unspecified</pose><truncated>0</truncated><difficult>0</difficult><bndbox><xmin>0</xmin><ymin>511.9207767</ymin><xmax>38.55997776</xmax><ymax>632.2035508</ymax></bndbox></object><object><name>car</name><pose>Unspecified</pose><truncated>0</truncated><difficult>0</difficult><bndbox><xmin>0</xmin><ymin>524.4693348</ymin><xmax>243.9842488</xmax><ymax>718.6066761</ymax></bndbox></object><object><name>car</name><pose>Unspecified</pose><truncated>0</truncated><difficult>0</difficult><bndbox><xmin>365.1429548</xmin><ymin>543.9359111</ymin><xmax>394.7274456</xmax><ymax>562.780588</ymax></bndbox></object></annotation>