<annotation><folder>test_xmls</folder><filename>host-a004_cam0_1233693212951064006.jpeg</filename><path>./imageshost-a004_cam0_1233693212951064006.jpeg</path><source><database>Unknown</database></source><size><width>1224</width><height>1024</height><depth>3</depth></size><segmented>0</segmented><object><name>car</name><pose>Unspecified</pose><truncated>0</truncated><difficult>0</difficult><bndbox><xmin>573.9920049</xmin><ymin>523.3012993</ymin><xmax>604.8703841</xmax><ymax>552.340337</ymax></bndbox></object><object><name>car</name><pose>Unspecified</pose><truncated>0</truncated><difficult>0</difficult><bndbox><xmin>489.4823794</xmin><ymin>528.7821982</ymin><xmax>535.0280778</xmax><ymax>556.609946</ymax></bndbox></object><object><name>car</name><pose>Unspecified</pose><truncated>0</truncated><difficult>0</difficult><bndbox><xmin>624.7081116</xmin><ymin>528.3233715</ymin><xmax>666.6092583</xmax><ymax>566.4065825</ymax></bndbox></object><object><name>car</name><pose>Unspecified</pose><truncated>0</truncated><difficult>0</difficult><bndbox><xmin>482.2127153</xmin><ymin>530.1745841</ymin><xmax>567.0684608</xmax><ymax>584.4083632</ymax></bndbox></object><object><name>car</name><pose>Unspecified</pose><truncated>0</truncated><difficult>0</difficult><bndbox><xmin>0</xmin><ymin>491.0310825</ymin><xmax>366.3072148</xmax><ymax>921.1732887</ymax></bndbox></object><object><name>car</name><pose>Unspecified</pose><truncated>0</truncated><difficult>0</difficult><bndbox><xmin>545.4329312</xmin><ymin>528.7829477</ymin><xmax>586.3962508</xmax><ymax>562.4892625</ymax></bndbox></object></annotation>