<annotation><folder>test_xmls</folder><filename>host-a004_cam0_1233617949351064006.jpeg</filename><path>./imageshost-a004_cam0_1233617949351064006.jpeg</path><source><database>Unknown</database></source><size><width>1224</width><height>1024</height><depth>3</depth></size><segmented>0</segmented><object><name>car</name><pose>Unspecified</pose><truncated>0</truncated><difficult>0</difficult><bndbox><xmin>523.9284355</xmin><ymin>536.0470715</ymin><xmax>557.438002</xmax><ymax>562.6563272</ymax></bndbox></object><object><name>car</name><pose>Unspecified</pose><truncated>0</truncated><difficult>0</difficult><bndbox><xmin>412.2498394</xmin><ymin>542.2936995</ymin><xmax>456.794424</xmax><ymax>568.3454102</ymax></bndbox></object><object><name>car</name><pose>Unspecified</pose><truncated>0</truncated><difficult>0</difficult><bndbox><xmin>499.3552997</xmin><ymin>542.0685908</ymin><xmax>526.9613235</xmax><ymax>558.7278292</ymax></bndbox></object><object><name>car</name><pose>Unspecified</pose><truncated>0</truncated><difficult>0</difficult><bndbox><xmin>613.7799978</xmin><ymin>536.1943159</ymin><xmax>639.8940366</xmax><ymax>557.3207786</ymax></bndbox></object><object><name>car</name><pose>Unspecified</pose><truncated>0</truncated><difficult>0</difficult><bndbox><xmin>814.586304</xmin><ymin>533.7290823</ymin><xmax>947.1384043</xmax><ymax>581.5980061</ymax></bndbox></object><object><name>car</name><pose>Unspecified</pose><truncated>0</truncated><difficult>0</difficult><bndbox><xmin>1145.574613</xmin><ymin>521.0624353</ymin><xmax>1224.0</xmax><ymax>685.8289621</ymax></bndbox></object><object><name>car</name><pose>Unspecified</pose><truncated>0</truncated><difficult>0</difficult><bndbox><xmin>28.24825811</xmin><ymin>554.8444354</ymin><xmax>166.6273149</xmax><ymax>607.7914225</ymax></bndbox></object><object><name>car</name><pose>Unspecified</pose><truncated>0</truncated><difficult>0</difficult><bndbox><xmin>1133.719727</xmin><ymin>531.1185026</ymin><xmax>1224.0</xmax><ymax>572.446595</ymax></bndbox></object><object><name>car</name><pose>Unspecified</pose><truncated>0</truncated><difficult>0</difficult><bndbox><xmin>0</xmin><ymin>561.22165</ymin><xmax>107.7236731</xmax><ymax>604.4255299</ymax></bndbox></object><object><name>car</name><pose>Unspecified</pose><truncated>0</truncated><difficult>0</difficult><bndbox><xmin>360.5268606</xmin><ymin>547.7066276</ymin><xmax>400.4701707</xmax><ymax>568.7229349</ymax></bndbox></object><object><name>car</name><pose>Unspecified</pose><truncated>0</truncated><difficult>0</difficult><bndbox><xmin>479.4276186</xmin><ymin>537.398057</ymin><xmax>514.982174</xmax><ymax>560.6009831</ymax></bndbox></object><object><name>car</name><pose>Unspecified</pose><truncated>0</truncated><difficult>0</difficult><bndbox><xmin>209.9016356</xmin><ymin>538.5107053</ymin><xmax>381.9134412</xmax><ymax>628.5690578</ymax></bndbox></object><object><name>car</name><pose>Unspecified</pose><truncated>0</truncated><difficult>0</difficult><bndbox><xmin>439.7485359</xmin><ymin>537.3852723</ymin><xmax>483.5246508</xmax><ymax>565.3458088</ymax></bndbox></object><object><name>car</name><pose>Unspecified</pose><truncated>0</truncated><difficult>0</difficult><bndbox><xmin>969.3795506</xmin><ymin>535.2225135</ymin><xmax>1113.982477</xmax><ymax>579.6421421</ymax></bndbox></object><object><name>car</name><pose>Unspecified</pose><truncated>0</truncated><difficult>0</difficult><bndbox><xmin>463.2334929</xmin><ymin>542.1996692</ymin><xmax>497.8629748</xmax><ymax>562.6754209</ymax></bndbox></object><object><name>car</name><pose>Unspecified</pose><truncated>0</truncated><difficult>0</difficult><bndbox><xmin>373.6305054</xmin><ymin>542.9142006</ymin><xmax>430.2678076</xmax><ymax>575.9454387</ymax></bndbox></object><object><name>bus</name><pose>Unspecified</pose><truncated>0</truncated><difficult>0</difficult><bndbox><xmin>342.2787563</xmin><ymin>527.4522698</ymin><xmax>404.8541595</xmax><ymax>569.267218</ymax></bndbox></object><object><name>car</name><pose>Unspecified</pose><truncated>0</truncated><difficult>0</difficult><bndbox><xmin>566.1027865</xmin><ymin>533.2815823</ymin><xmax>603.606216</xmax><ymax>566.2376783</ymax></bndbox></object></annotation>