<annotation><folder>test_xmls</folder><filename>host-a004_cam0_1232817650451064006.jpeg</filename><path>./imageshost-a004_cam0_1232817650451064006.jpeg</path><source><database>Unknown</database></source><size><width>1224</width><height>1024</height><depth>3</depth></size><segmented>0</segmented><object><name>car</name><pose>Unspecified</pose><truncated>0</truncated><difficult>0</difficult><bndbox><xmin>428.1651475</xmin><ymin>534.5220569</ymin><xmax>494.15789</xmax><ymax>577.1874326</ymax></bndbox></object><object><name>car</name><pose>Unspecified</pose><truncated>0</truncated><difficult>0</difficult><bndbox><xmin>697.363236</xmin><ymin>543.5312104</ymin><xmax>777.484912</xmax><ymax>592.7165897</ymax></bndbox></object><object><name>other_vehicle</name><pose>Unspecified</pose><truncated>0</truncated><difficult>0</difficult><bndbox><xmin>767.1128623</xmin><ymin>0</ymin><xmax>1224.0</xmax><ymax>1024.0</ymax></bndbox></object><object><name>car</name><pose>Unspecified</pose><truncated>0</truncated><difficult>0</difficult><bndbox><xmin>0</xmin><ymin>548.1870093</ymin><xmax>371.337925</xmax><ymax>884.5801107</ymax></bndbox></object><object><name>car</name><pose>Unspecified</pose><truncated>0</truncated><difficult>0</difficult><bndbox><xmin>676.9204758</xmin><ymin>526.5296803</ymin><xmax>736.1639885</xmax><ymax>575.7236401</ymax></bndbox></object><object><name>car</name><pose>Unspecified</pose><truncated>0</truncated><difficult>0</difficult><bndbox><xmin>0</xmin><ymin>535.3457733</ymin><xmax>109.079129</xmax><ymax>585.0371185</ymax></bndbox></object><object><name>pedestrian</name><pose>Unspecified</pose><truncated>0</truncated><difficult>0</difficult><bndbox><xmin>713.8800224</xmin><ymin>533.18664</ymin><xmax>742.8307399</xmax><ymax>577.8832262</ymax></bndbox></object><object><name>other_vehicle</name><pose>Unspecified</pose><truncated>0</truncated><difficult>0</difficult><bndbox><xmin>648.5830818</xmin><ymin>522.7592567</ymin><xmax>677.062965</xmax><ymax>551.5659108</ymax></bndbox></object><object><name>car</name><pose>Unspecified</pose><truncated>0</truncated><difficult>0</difficult><bndbox><xmin>586.3224123</xmin><ymin>535.3408208</ymin><xmax>608.9769845</xmax><ymax>551.9443467</ymax></bndbox></object><object><name>pedestrian</name><pose>Unspecified</pose><truncated>0</truncated><difficult>0</difficult><bndbox><xmin>672.5306683</xmin><ymin>528.0701311</ymin><xmax>694.2165105</xmax><ymax>576.5469049</ymax></bndbox></object><object><name>car</name><pose>Unspecified</pose><truncated>0</truncated><difficult>0</difficult><bndbox><xmin>688.9702317</xmin><ymin>521.5918655</ymin><xmax>752.5361413</xmax><ymax>582.4514401</ymax></bndbox></object><object><name>car</name><pose>Unspecified</pose><truncated>0</truncated><difficult>0</difficult><bndbox><xmin>711.7159565</xmin><ymin>535.5078414</ymin><xmax>816.2501929</xmax><ymax>612.0963401</ymax></bndbox></object><object><name>other_vehicle</name><pose>Unspecified</pose><truncated>0</truncated><difficult>0</difficult><bndbox><xmin>664.8352863</xmin><ymin>517.4664769</ymin><xmax>718.3294299</xmax><ymax>567.2393915</ymax></bndbox></object><object><name>car</name><pose>Unspecified</pose><truncated>0</truncated><difficult>0</difficult><bndbox><xmin>750.3224194</xmin><ymin>510.47962</ymin><xmax>945.243704</xmax><ymax>659.9314234</ymax></bndbox></object><object><name>car</name><pose>Unspecified</pose><truncated>0</truncated><difficult>0</difficult><bndbox><xmin>0</xmin><ymin>546.6544658</ymin><xmax>4.14693732</xmax><ymax>593.9334131</ymax></bndbox></object></annotation>