<annotation><folder>test_xmls</folder><filename>host-a004_cam0_1233618016551064006.jpeg</filename><path>./imageshost-a004_cam0_1233618016551064006.jpeg</path><source><database>Unknown</database></source><size><width>1224</width><height>1024</height><depth>3</depth></size><segmented>0</segmented><object><name>car</name><pose>Unspecified</pose><truncated>0</truncated><difficult>0</difficult><bndbox><xmin>698.0531282</xmin><ymin>545.2610268</ymin><xmax>749.8023448</xmax><ymax>581.868571</ymax></bndbox></object><object><name>car</name><pose>Unspecified</pose><truncated>0</truncated><difficult>0</difficult><bndbox><xmin>200.4802115</xmin><ymin>544.6399258</ymin><xmax>335.486963</xmax><ymax>610.9196453</ymax></bndbox></object><object><name>car</name><pose>Unspecified</pose><truncated>0</truncated><difficult>0</difficult><bndbox><xmin>713.4232809</xmin><ymin>545.9845353</ymin><xmax>774.5972708</xmax><ymax>590.9916345</ymax></bndbox></object><object><name>car</name><pose>Unspecified</pose><truncated>0</truncated><difficult>0</difficult><bndbox><xmin>573.5984711</xmin><ymin>543.4638393</ymin><xmax>607.710556</xmax><ymax>570.3536401</ymax></bndbox></object><object><name>car</name><pose>Unspecified</pose><truncated>0</truncated><difficult>0</difficult><bndbox><xmin>0</xmin><ymin>523.1554151</ymin><xmax>9.928315807</xmax><ymax>732.2284991</ymax></bndbox></object><object><name>car</name><pose>Unspecified</pose><truncated>0</truncated><difficult>0</difficult><bndbox><xmin>363.936275</xmin><ymin>545.7881884</ymin><xmax>438.3588039</xmax><ymax>585.627718</ymax></bndbox></object><object><name>car</name><pose>Unspecified</pose><truncated>0</truncated><difficult>0</difficult><bndbox><xmin>442.3596376</xmin><ymin>544.3216452</ymin><xmax>494.5679631</xmax><ymax>572.6954929</ymax></bndbox></object><object><name>car</name><pose>Unspecified</pose><truncated>0</truncated><difficult>0</difficult><bndbox><xmin>471.3840326</xmin><ymin>531.6591108</ymin><xmax>569.3904633</xmax><ymax>610.3149033</ymax></bndbox></object><object><name>car</name><pose>Unspecified</pose><truncated>0</truncated><difficult>0</difficult><bndbox><xmin>543.0824976</xmin><ymin>542.4697063</ymin><xmax>575.8695924</xmax><ymax>567.2835593</ymax></bndbox></object><object><name>car</name><pose>Unspecified</pose><truncated>0</truncated><difficult>0</difficult><bndbox><xmin>595.9989997</xmin><ymin>518.8860298</ymin><xmax>688.4510654</xmax><ymax>619.5739502</ymax></bndbox></object><object><name>car</name><pose>Unspecified</pose><truncated>0</truncated><difficult>0</difficult><bndbox><xmin>0</xmin><ymin>554.5434306</ymin><xmax>323.609993</xmax><ymax>940.4458796</ymax></bndbox></object><object><name>car</name><pose>Unspecified</pose><truncated>0</truncated><difficult>0</difficult><bndbox><xmin>421.8246726</xmin><ymin>545.3808889</ymin><xmax>453.435814</xmax><ymax>567.1649543</ymax></bndbox></object><object><name>car</name><pose>Unspecified</pose><truncated>0</truncated><difficult>0</difficult><bndbox><xmin>0</xmin><ymin>555.2863848</ymin><xmax>50.6369662</xmax><ymax>619.0289716</ymax></bndbox></object><object><name>car</name><pose>Unspecified</pose><truncated>0</truncated><difficult>0</difficult><bndbox><xmin>880.7993038</xmin><ymin>518.348318</ymin><xmax>1224.0</xmax><ymax>899.9220937</ymax></bndbox></object><object><name>car</name><pose>Unspecified</pose><truncated>0</truncated><difficult>0</difficult><bndbox><xmin>719.2772759</xmin><ymin>543.0364014</ymin><xmax>795.4426504</xmax><ymax>599.4603349</ymax></bndbox></object><object><name>car</name><pose>Unspecified</pose><truncated>0</truncated><difficult>0</difficult><bndbox><xmin>196.6822803</xmin><ymin>559.3760064</ymin><xmax>259.458131</xmax><ymax>588.8250791</ymax></bndbox></object><object><name>car</name><pose>Unspecified</pose><truncated>0</truncated><difficult>0</difficult><bndbox><xmin>799.1494694</xmin><ymin>549.307478</ymin><xmax>1058.53492</xmax><ymax>700.2661115</ymax></bndbox></object><object><name>car</name><pose>Unspecified</pose><truncated>0</truncated><difficult>0</difficult><bndbox><xmin>59.33500097</xmin><ymin>548.5843892</ymin><xmax>169.8993385</xmax><ymax>602.1088366</ymax></bndbox></object></annotation>