<annotation><folder>test_xmls</folder><filename>host-a004_cam0_1234047763751064006.jpeg</filename><path>./imageshost-a004_cam0_1234047763751064006.jpeg</path><source><database>Unknown</database></source><size><width>1224</width><height>1024</height><depth>3</depth></size><segmented>0</segmented><object><name>car</name><pose>Unspecified</pose><truncated>0</truncated><difficult>0</difficult><bndbox><xmin>0</xmin><ymin>592.1171764</ymin><xmax>193.9726689</xmax><ymax>834.3648876</ymax></bndbox></object></annotation>