<annotation><folder>test_xmls</folder><filename>host-a004_cam0_1233011743851064006.jpeg</filename><path>./imageshost-a004_cam0_1233011743851064006.jpeg</path><source><database>Unknown</database></source><size><width>1224</width><height>1024</height><depth>3</depth></size><segmented>0</segmented><object><name>car</name><pose>Unspecified</pose><truncated>0</truncated><difficult>0</difficult><bndbox><xmin>709.6121001</xmin><ymin>535.7807087</ymin><xmax>764.0197055</xmax><ymax>553.8175567</ymax></bndbox></object><object><name>car</name><pose>Unspecified</pose><truncated>0</truncated><difficult>0</difficult><bndbox><xmin>538.7316132</xmin><ymin>537.5684573</ymin><xmax>582.272225</xmax><ymax>572.725574</ymax></bndbox></object><object><name>car</name><pose>Unspecified</pose><truncated>0</truncated><difficult>0</difficult><bndbox><xmin>813.500702</xmin><ymin>524.1629281</ymin><xmax>863.3828801</xmax><ymax>546.5701859</ymax></bndbox></object><object><name>car</name><pose>Unspecified</pose><truncated>0</truncated><difficult>0</difficult><bndbox><xmin>426.8287427</xmin><ymin>547.2609575</ymin><xmax>535.9130626</xmax><ymax>619.0726855</ymax></bndbox></object><object><name>car</name><pose>Unspecified</pose><truncated>0</truncated><difficult>0</difficult><bndbox><xmin>617.2536576</xmin><ymin>541.4600324</ymin><xmax>645.0588091</xmax><ymax>568.7146727</ymax></bndbox></object></annotation>