<annotation><folder>test_xmls</folder><filename>host-a004_cam0_1233685229551064006.jpeg</filename><path>./imageshost-a004_cam0_1233685229551064006.jpeg</path><source><database>Unknown</database></source><size><width>1224</width><height>1024</height><depth>3</depth></size><segmented>0</segmented><object><name>car</name><pose>Unspecified</pose><truncated>0</truncated><difficult>0</difficult><bndbox><xmin>566.500762</xmin><ymin>538.9447533</ymin><xmax>591.4326878</xmax><ymax>557.8524544</ymax></bndbox></object><object><name>car</name><pose>Unspecified</pose><truncated>0</truncated><difficult>0</difficult><bndbox><xmin>0</xmin><ymin>561.8461149</ymin><xmax>14.17427003</xmax><ymax>623.6897098</ymax></bndbox></object><object><name>car</name><pose>Unspecified</pose><truncated>0</truncated><difficult>0</difficult><bndbox><xmin>653.374549</xmin><ymin>537.3925034</ymin><xmax>688.6667683</xmax><ymax>564.3755647</ymax></bndbox></object><object><name>other_vehicle</name><pose>Unspecified</pose><truncated>0</truncated><difficult>0</difficult><bndbox><xmin>286.0629281</xmin><ymin>533.9773192</ymin><xmax>349.7804932</xmax><ymax>575.6302055</ymax></bndbox></object><object><name>truck</name><pose>Unspecified</pose><truncated>0</truncated><difficult>0</difficult><bndbox><xmin>361.8959642</xmin><ymin>521.476408</ymin><xmax>433.2518478</xmax><ymax>571.5890545</ymax></bndbox></object><object><name>other_vehicle</name><pose>Unspecified</pose><truncated>0</truncated><difficult>0</difficult><bndbox><xmin>224.2830195</xmin><ymin>528.3990687</ymin><xmax>311.8982986</xmax><ymax>584.8404467</ymax></bndbox></object><object><name>bus</name><pose>Unspecified</pose><truncated>0</truncated><difficult>0</difficult><bndbox><xmin>570.857499</xmin><ymin>480.4035331</ymin><xmax>653.9219261</xmax><ymax>584.0815067</ymax></bndbox></object><object><name>car</name><pose>Unspecified</pose><truncated>0</truncated><difficult>0</difficult><bndbox><xmin>444.1520112</xmin><ymin>544.1809123</ymin><xmax>473.5408387</xmax><ymax>564.7951954</ymax></bndbox></object><object><name>car</name><pose>Unspecified</pose><truncated>0</truncated><difficult>0</difficult><bndbox><xmin>238.0363996</xmin><ymin>542.2688629</ymin><xmax>470.4289477</xmax><ymax>676.4217909</ymax></bndbox></object><object><name>car</name><pose>Unspecified</pose><truncated>0</truncated><difficult>0</difficult><bndbox><xmin>55.41829971</xmin><ymin>540.5949198</ymin><xmax>235.4469536</xmax><ymax>614.930147</ymax></bndbox></object><object><name>car</name><pose>Unspecified</pose><truncated>0</truncated><difficult>0</difficult><bndbox><xmin>530.2107689</xmin><ymin>540.0218883</ymin><xmax>570.5494042</xmax><ymax>570.7205896</ymax></bndbox></object><object><name>bus</name><pose>Unspecified</pose><truncated>0</truncated><difficult>0</difficult><bndbox><xmin>0</xmin><ymin>517.3249403</ymin><xmax>170.1298315</xmax><ymax>610.1759883</ymax></bndbox></object><object><name>car</name><pose>Unspecified</pose><truncated>0</truncated><difficult>0</difficult><bndbox><xmin>0</xmin><ymin>542.4826542</ymin><xmax>2.779805581</xmax><ymax>688.3336413</ymax></bndbox></object></annotation>