<annotation><folder>test_xmls</folder><filename>host-a004_cam0_1233615998751064006.jpeg</filename><path>./imageshost-a004_cam0_1233615998751064006.jpeg</path><source><database>Unknown</database></source><size><width>1224</width><height>1024</height><depth>3</depth></size><segmented>0</segmented><object><name>bicycle</name><pose>Unspecified</pose><truncated>0</truncated><difficult>0</difficult><bndbox><xmin>1072.055547</xmin><ymin>546.1113453</ymin><xmax>1115.317326</xmax><ymax>596.4498308</ymax></bndbox></object><object><name>car</name><pose>Unspecified</pose><truncated>0</truncated><difficult>0</difficult><bndbox><xmin>0</xmin><ymin>533.0868125</ymin><xmax>48.14057571</xmax><ymax>654.968076</ymax></bndbox></object><object><name>bicycle</name><pose>Unspecified</pose><truncated>0</truncated><difficult>0</difficult><bndbox><xmin>979.3625302</xmin><ymin>552.1696202</ymin><xmax>1065.522908</xmax><ymax>607.7432915</ymax></bndbox></object><object><name>car</name><pose>Unspecified</pose><truncated>0</truncated><difficult>0</difficult><bndbox><xmin>239.55291</xmin><ymin>534.2640781</ymin><xmax>297.4399458</xmax><ymax>564.9452221</ymax></bndbox></object><object><name>car</name><pose>Unspecified</pose><truncated>0</truncated><difficult>0</difficult><bndbox><xmin>593.3834892</xmin><ymin>540.6678347</ymin><xmax>616.5288456</xmax><ymax>561.5514957</ymax></bndbox></object><object><name>bicycle</name><pose>Unspecified</pose><truncated>0</truncated><difficult>0</difficult><bndbox><xmin>1103.297801</xmin><ymin>550.1970028</ymin><xmax>1142.97961</xmax><ymax>599.0838492</ymax></bndbox></object><object><name>car</name><pose>Unspecified</pose><truncated>0</truncated><difficult>0</difficult><bndbox><xmin>679.4951177</xmin><ymin>541.7086597</ymin><xmax>711.091442</xmax><ymax>565.7135556</ymax></bndbox></object><object><name>car</name><pose>Unspecified</pose><truncated>0</truncated><difficult>0</difficult><bndbox><xmin>564.5496688</xmin><ymin>540.3810506</ymin><xmax>604.5647041</xmax><ymax>574.1877688</ymax></bndbox></object><object><name>car</name><pose>Unspecified</pose><truncated>0</truncated><difficult>0</difficult><bndbox><xmin>609.075075</xmin><ymin>539.2202304</ymin><xmax>627.0592992</xmax><ymax>557.8382153</ymax></bndbox></object><object><name>car</name><pose>Unspecified</pose><truncated>0</truncated><difficult>0</difficult><bndbox><xmin>39.98604717</xmin><ymin>524.429946</ymin><xmax>234.4741589</xmax><ymax>608.5367359</ymax></bndbox></object><object><name>car</name><pose>Unspecified</pose><truncated>0</truncated><difficult>0</difficult><bndbox><xmin>7.895681326</xmin><ymin>541.7061073</ymin><xmax>123.5757752</xmax><ymax>579.6949268</ymax></bndbox></object><object><name>truck</name><pose>Unspecified</pose><truncated>0</truncated><difficult>0</difficult><bndbox><xmin>255.2298279</xmin><ymin>466.2298719</ymin><xmax>482.3741795</xmax><ymax>627.4379805</ymax></bndbox></object><object><name>car</name><pose>Unspecified</pose><truncated>0</truncated><difficult>0</difficult><bndbox><xmin>248.2535413</xmin><ymin>532.4174396</ymin><xmax>352.21648</xmax><ymax>583.3597374</ymax></bndbox></object><object><name>pedestrian</name><pose>Unspecified</pose><truncated>0</truncated><difficult>0</difficult><bndbox><xmin>1195.230091</xmin><ymin>517.0096321</ymin><xmax>1224.0</xmax><ymax>648.8545362</ymax></bndbox></object><object><name>bus</name><pose>Unspecified</pose><truncated>0</truncated><difficult>0</difficult><bndbox><xmin>250.170365</xmin><ymin>501.4395797</ymin><xmax>409.0485638</xmax><ymax>574.740933</ymax></bndbox></object><object><name>car</name><pose>Unspecified</pose><truncated>0</truncated><difficult>0</difficult><bndbox><xmin>498.6721881</xmin><ymin>535.7139485</ymin><xmax>591.8648484</xmax><ymax>610.4446322</ymax></bndbox></object><object><name>car</name><pose>Unspecified</pose><truncated>0</truncated><difficult>0</difficult><bndbox><xmin>624.3582727</xmin><ymin>538.4431562</ymin><xmax>690.5854779</xmax><ymax>595.7643516</ymax></bndbox></object><object><name>bicycle</name><pose>Unspecified</pose><truncated>0</truncated><difficult>0</difficult><bndbox><xmin>1082.010637</xmin><ymin>544.5123885</ymin><xmax>1131.318245</xmax><ymax>594.7753996</ymax></bndbox></object></annotation>