<annotation><folder>test_xmls</folder><filename>host-a004_cam0_1232833325851064006.jpeg</filename><path>./imageshost-a004_cam0_1232833325851064006.jpeg</path><source><database>Unknown</database></source><size><width>1224</width><height>1024</height><depth>3</depth></size><segmented>0</segmented><object><name>car</name><pose>Unspecified</pose><truncated>0</truncated><difficult>0</difficult><bndbox><xmin>660.7418703</xmin><ymin>538.5586847</ymin><xmax>698.0013293</xmax><ymax>566.0734163</ymax></bndbox></object><object><name>car</name><pose>Unspecified</pose><truncated>0</truncated><difficult>0</difficult><bndbox><xmin>231.5249351</xmin><ymin>554.5660339</ymin><xmax>285.2941553</xmax><ymax>579.8028095</ymax></bndbox></object><object><name>car</name><pose>Unspecified</pose><truncated>0</truncated><difficult>0</difficult><bndbox><xmin>184.080912</xmin><ymin>555.7490979</ymin><xmax>239.8569525</xmax><ymax>584.2648907</ymax></bndbox></object><object><name>car</name><pose>Unspecified</pose><truncated>0</truncated><difficult>0</difficult><bndbox><xmin>788.7190339</xmin><ymin>527.7551649</ymin><xmax>1110.06814</xmax><ymax>739.197797</ymax></bndbox></object><object><name>car</name><pose>Unspecified</pose><truncated>0</truncated><difficult>0</difficult><bndbox><xmin>0</xmin><ymin>550.2686939</ymin><xmax>123.922752</xmax><ymax>614.0371395</ymax></bndbox></object><object><name>car</name><pose>Unspecified</pose><truncated>0</truncated><difficult>0</difficult><bndbox><xmin>682.3260479</xmin><ymin>543.5402079</ymin><xmax>727.3382287</xmax><ymax>578.4757507</ymax></bndbox></object><object><name>car</name><pose>Unspecified</pose><truncated>0</truncated><difficult>0</difficult><bndbox><xmin>274.664592</xmin><ymin>551.6658858</ymin><xmax>322.070209</xmax><ymax>575.2018651</ymax></bndbox></object><object><name>truck</name><pose>Unspecified</pose><truncated>0</truncated><difficult>0</difficult><bndbox><xmin>76.70759728</xmin><ymin>529.9792917</ymin><xmax>204.2044044</xmax><ymax>594.6575939</ymax></bndbox></object><object><name>car</name><pose>Unspecified</pose><truncated>0</truncated><difficult>0</difficult><bndbox><xmin>670.2512334</xmin><ymin>539.3306854</ymin><xmax>713.4629122</xmax><ymax>572.7864501</ymax></bndbox></object><object><name>car</name><pose>Unspecified</pose><truncated>0</truncated><difficult>0</difficult><bndbox><xmin>986.7383034</xmin><ymin>538.4948724</ymin><xmax>1119.654918</xmax><ymax>579.8165491</ymax></bndbox></object></annotation>