<annotation><folder>test_xmls</folder><filename>host-a004_cam0_1232923277651064006.jpeg</filename><path>./imageshost-a004_cam0_1232923277651064006.jpeg</path><source><database>Unknown</database></source><size><width>1224</width><height>1024</height><depth>3</depth></size><segmented>0</segmented><object><name>car</name><pose>Unspecified</pose><truncated>0</truncated><difficult>0</difficult><bndbox><xmin>36.55549271</xmin><ymin>550.594118</ymin><xmax>173.5222168</xmax><ymax>605.8556166</ymax></bndbox></object><object><name>car</name><pose>Unspecified</pose><truncated>0</truncated><difficult>0</difficult><bndbox><xmin>338.7225859</xmin><ymin>551.1932175</ymin><xmax>399.8729439</xmax><ymax>580.5233524</ymax></bndbox></object><object><name>car</name><pose>Unspecified</pose><truncated>0</truncated><difficult>0</difficult><bndbox><xmin>0</xmin><ymin>557.1477013</ymin><xmax>166.6458737</xmax><ymax>617.5203549</ymax></bndbox></object><object><name>bicycle</name><pose>Unspecified</pose><truncated>0</truncated><difficult>0</difficult><bndbox><xmin>771.7675151</xmin><ymin>549.3512962</ymin><xmax>798.1351393</xmax><ymax>567.5148321</ymax></bndbox></object><object><name>car</name><pose>Unspecified</pose><truncated>0</truncated><difficult>0</difficult><bndbox><xmin>0</xmin><ymin>555.6113283</ymin><xmax>99.84914442</xmax><ymax>609.2255039</ymax></bndbox></object><object><name>car</name><pose>Unspecified</pose><truncated>0</truncated><difficult>0</difficult><bndbox><xmin>271.5329868</xmin><ymin>542.531832</ymin><xmax>362.9343825</xmax><ymax>585.0407025</ymax></bndbox></object><object><name>bicycle</name><pose>Unspecified</pose><truncated>0</truncated><difficult>0</difficult><bndbox><xmin>797.7370097</xmin><ymin>538.978047</ymin><xmax>823.9228741</xmax><ymax>558.3233555</ymax></bndbox></object><object><name>other_vehicle</name><pose>Unspecified</pose><truncated>0</truncated><difficult>0</difficult><bndbox><xmin>207.3539635</xmin><ymin>527.701321</ymin><xmax>311.8014252</xmax><ymax>586.6608859</ymax></bndbox></object><object><name>car</name><pose>Unspecified</pose><truncated>0</truncated><difficult>0</difficult><bndbox><xmin>627.487464</xmin><ymin>541.6532015</ymin><xmax>651.4159455</xmax><ymax>559.5169859</ymax></bndbox></object><object><name>car</name><pose>Unspecified</pose><truncated>0</truncated><difficult>0</difficult><bndbox><xmin>134.5882171</xmin><ymin>553.2381802</ymin><xmax>225.1965901</xmax><ymax>594.1645</ymax></bndbox></object><object><name>car</name><pose>Unspecified</pose><truncated>0</truncated><difficult>0</difficult><bndbox><xmin>696.2969978</xmin><ymin>540.0125547</ymin><xmax>719.0416293</xmax><ymax>561.4239526</ymax></bndbox></object><object><name>car</name><pose>Unspecified</pose><truncated>0</truncated><difficult>0</difficult><bndbox><xmin>76.82494519</xmin><ymin>551.6566651</ymin><xmax>236.3065893</xmax><ymax>621.4083391</ymax></bndbox></object><object><name>car</name><pose>Unspecified</pose><truncated>0</truncated><difficult>0</difficult><bndbox><xmin>0</xmin><ymin>562.0280115</ymin><xmax>50.10457028</xmax><ymax>622.5205851</ymax></bndbox></object><object><name>car</name><pose>Unspecified</pose><truncated>0</truncated><difficult>0</difficult><bndbox><xmin>245.2218673</xmin><ymin>552.0053591</ymin><xmax>348.1048439</xmax><ymax>594.410431</ymax></bndbox></object><object><name>car</name><pose>Unspecified</pose><truncated>0</truncated><difficult>0</difficult><bndbox><xmin>396.682758</xmin><ymin>542.6205311</ymin><xmax>435.1090945</xmax><ymax>568.6708771</ymax></bndbox></object><object><name>car</name><pose>Unspecified</pose><truncated>0</truncated><difficult>0</difficult><bndbox><xmin>184.4781264</xmin><ymin>551.1458067</ymin><xmax>268.8537912</xmax><ymax>590.6833381</ymax></bndbox></object><object><name>car</name><pose>Unspecified</pose><truncated>0</truncated><difficult>0</difficult><bndbox><xmin>376.2851513</xmin><ymin>544.4457344</ymin><xmax>420.2125439</xmax><ymax>569.9389097</ymax></bndbox></object><object><name>car</name><pose>Unspecified</pose><truncated>0</truncated><difficult>0</difficult><bndbox><xmin>248.8066495</xmin><ymin>538.11375</ymin><xmax>343.6306999</xmax><ymax>582.1619671</ymax></bndbox></object></annotation>