<annotation><folder>test_xmls</folder><filename>host-a004_cam0_1235944816551064006.jpeg</filename><path>./imageshost-a004_cam0_1235944816551064006.jpeg</path><source><database>Unknown</database></source><size><width>1224</width><height>1024</height><depth>3</depth></size><segmented>0</segmented><object><name>bicycle</name><pose>Unspecified</pose><truncated>0</truncated><difficult>0</difficult><bndbox><xmin>1120.367232</xmin><ymin>525.9096181</ymin><xmax>1217.001323</xmax><ymax>597.4957333</ymax></bndbox></object><object><name>car</name><pose>Unspecified</pose><truncated>0</truncated><difficult>0</difficult><bndbox><xmin>3.547380397</xmin><ymin>527.0587903</ymin><xmax>144.020441</xmax><ymax>574.5719412</ymax></bndbox></object><object><name>car</name><pose>Unspecified</pose><truncated>0</truncated><difficult>0</difficult><bndbox><xmin>1138.993881</xmin><ymin>521.1523821</ymin><xmax>1224.0</xmax><ymax>560.0817164</ymax></bndbox></object><object><name>car</name><pose>Unspecified</pose><truncated>0</truncated><difficult>0</difficult><bndbox><xmin>155.0993735</xmin><ymin>524.018179</ymin><xmax>284.4647862</xmax><ymax>573.4638299</ymax></bndbox></object><object><name>truck</name><pose>Unspecified</pose><truncated>0</truncated><difficult>0</difficult><bndbox><xmin>0</xmin><ymin>493.6081448</ymin><xmax>77.48969658</xmax><ymax>577.8149799</ymax></bndbox></object><object><name>car</name><pose>Unspecified</pose><truncated>0</truncated><difficult>0</difficult><bndbox><xmin>906.7038863</xmin><ymin>517.6948148</ymin><xmax>1036.059997</xmax><ymax>565.0119338</ymax></bndbox></object><object><name>car</name><pose>Unspecified</pose><truncated>0</truncated><difficult>0</difficult><bndbox><xmin>560.2286972</xmin><ymin>536.6878461</ymin><xmax>701.3515625</xmax><ymax>645.3922592</ymax></bndbox></object><object><name>car</name><pose>Unspecified</pose><truncated>0</truncated><difficult>0</difficult><bndbox><xmin>1127.533505</xmin><ymin>524.8253071</ymin><xmax>1224.0</xmax><ymax>557.8646914</ymax></bndbox></object><object><name>car</name><pose>Unspecified</pose><truncated>0</truncated><difficult>0</difficult><bndbox><xmin>458.2581474</xmin><ymin>542.3480342</ymin><xmax>522.3870983</xmax><ymax>569.7242898</ymax></bndbox></object><object><name>car</name><pose>Unspecified</pose><truncated>0</truncated><difficult>0</difficult><bndbox><xmin>502.372173</xmin><ymin>536.2623956</ymin><xmax>750.3664337</xmax><ymax>740.6319768</ymax></bndbox></object><object><name>car</name><pose>Unspecified</pose><truncated>0</truncated><difficult>0</difficult><bndbox><xmin>1012.357994</xmin><ymin>522.9138672</ymin><xmax>1126.917199</xmax><ymax>559.8373119</ymax></bndbox></object><object><name>car</name><pose>Unspecified</pose><truncated>0</truncated><difficult>0</difficult><bndbox><xmin>1072.704847</xmin><ymin>512.0523502</ymin><xmax>1224.0</xmax><ymax>582.1371239</ymax></bndbox></object><object><name>car</name><pose>Unspecified</pose><truncated>0</truncated><difficult>0</difficult><bndbox><xmin>1139.49502</xmin><ymin>523.0209106</ymin><xmax>1224.0</xmax><ymax>558.1799825</ymax></bndbox></object><object><name>car</name><pose>Unspecified</pose><truncated>0</truncated><difficult>0</difficult><bndbox><xmin>858.3537055</xmin><ymin>530.8192831</ymin><xmax>970.0452577</xmax><ymax>565.1019415</ymax></bndbox></object><object><name>car</name><pose>Unspecified</pose><truncated>0</truncated><difficult>0</difficult><bndbox><xmin>17.52702664</xmin><ymin>520.765126</ymin><xmax>192.8926971</xmax><ymax>577.6522762</ymax></bndbox></object></annotation>