<annotation><folder>test_xmls</folder><filename>host-a004_cam0_1233963859651064006.jpeg</filename><path>./imageshost-a004_cam0_1233963859651064006.jpeg</path><source><database>Unknown</database></source><size><width>1224</width><height>1024</height><depth>3</depth></size><segmented>0</segmented><object><name>car</name><pose>Unspecified</pose><truncated>0</truncated><difficult>0</difficult><bndbox><xmin>412.0717824</xmin><ymin>515.7585288</ymin><xmax>548.4926416</xmax><ymax>621.077763</ymax></bndbox></object><object><name>car</name><pose>Unspecified</pose><truncated>0</truncated><difficult>0</difficult><bndbox><xmin>82.35314991</xmin><ymin>535.4679833</ymin><xmax>267.2687139</xmax><ymax>614.1439022</ymax></bndbox></object><object><name>car</name><pose>Unspecified</pose><truncated>0</truncated><difficult>0</difficult><bndbox><xmin>528.6801871</xmin><ymin>536.1755262</ymin><xmax>563.9890575</xmax><ymax>563.6737166</ymax></bndbox></object><object><name>car</name><pose>Unspecified</pose><truncated>0</truncated><difficult>0</difficult><bndbox><xmin>311.5236209</xmin><ymin>546.0375195</ymin><xmax>358.4653313</xmax><ymax>568.6163315</ymax></bndbox></object><object><name>car</name><pose>Unspecified</pose><truncated>0</truncated><difficult>0</difficult><bndbox><xmin>373.9038067</xmin><ymin>543.9616048</ymin><xmax>405.4997625</xmax><ymax>563.1171986</ymax></bndbox></object><object><name>pedestrian</name><pose>Unspecified</pose><truncated>0</truncated><difficult>0</difficult><bndbox><xmin>728.0002609</xmin><ymin>535.9832548</ymin><xmax>740.8481391</xmax><ymax>561.1179818</ymax></bndbox></object><object><name>pedestrian</name><pose>Unspecified</pose><truncated>0</truncated><difficult>0</difficult><bndbox><xmin>721.4009088</xmin><ymin>539.5558942</ymin><xmax>736.4844132</xmax><ymax>567.1981739</ymax></bndbox></object><object><name>car</name><pose>Unspecified</pose><truncated>0</truncated><difficult>0</difficult><bndbox><xmin>679.2859864</xmin><ymin>538.889294</ymin><xmax>707.5836131</xmax><ymax>562.4586641</ymax></bndbox></object><object><name>car</name><pose>Unspecified</pose><truncated>0</truncated><difficult>0</difficult><bndbox><xmin>388.6883198</xmin><ymin>539.8810684</ymin><xmax>421.4485315</xmax><ymax>561.3849066</ymax></bndbox></object><object><name>bus</name><pose>Unspecified</pose><truncated>0</truncated><difficult>0</difficult><bndbox><xmin>0</xmin><ymin>506.8724392</ymin><xmax>210.0526234</xmax><ymax>624.1096633</ymax></bndbox></object><object><name>car</name><pose>Unspecified</pose><truncated>0</truncated><difficult>0</difficult><bndbox><xmin>248.4686495</xmin><ymin>544.9117767</ymin><xmax>353.041174</xmax><ymax>594.7665458</ymax></bndbox></object></annotation>