<annotation><folder>test_xmls</folder><filename>host-a004_cam0_1234051604651064006.jpeg</filename><path>./imageshost-a004_cam0_1234051604651064006.jpeg</path><source><database>Unknown</database></source><size><width>1224</width><height>1024</height><depth>3</depth></size><segmented>0</segmented><object><name>car</name><pose>Unspecified</pose><truncated>0</truncated><difficult>0</difficult><bndbox><xmin>569.6847946</xmin><ymin>534.0663809</ymin><xmax>604.1112896</xmax><ymax>564.2831819</ymax></bndbox></object><object><name>car</name><pose>Unspecified</pose><truncated>0</truncated><difficult>0</difficult><bndbox><xmin>624.9111701</xmin><ymin>536.713429</ymin><xmax>653.4687673</xmax><ymax>561.3725905</ymax></bndbox></object><object><name>car</name><pose>Unspecified</pose><truncated>0</truncated><difficult>0</difficult><bndbox><xmin>502.6071917</xmin><ymin>538.5123231</ymin><xmax>573.2784704</xmax><ymax>589.3164101</ymax></bndbox></object><object><name>car</name><pose>Unspecified</pose><truncated>0</truncated><difficult>0</difficult><bndbox><xmin>538.9858308</xmin><ymin>532.8139797</ymin><xmax>571.6523326</xmax><ymax>559.8624035</ymax></bndbox></object></annotation>