<annotation><folder>test_xmls</folder><filename>host-a004_cam0_1233516163451064006.jpeg</filename><path>./imageshost-a004_cam0_1233516163451064006.jpeg</path><source><database>Unknown</database></source><size><width>1224</width><height>1024</height><depth>3</depth></size><segmented>0</segmented><object><name>car</name><pose>Unspecified</pose><truncated>0</truncated><difficult>0</difficult><bndbox><xmin>667.5003187</xmin><ymin>530.7685598</ymin><xmax>716.9060675</xmax><ymax>567.7443959</ymax></bndbox></object><object><name>car</name><pose>Unspecified</pose><truncated>0</truncated><difficult>0</difficult><bndbox><xmin>528.3154836</xmin><ymin>538.767529</ymin><xmax>587.2269678</xmax><ymax>579.7113577</ymax></bndbox></object><object><name>car</name><pose>Unspecified</pose><truncated>0</truncated><difficult>0</difficult><bndbox><xmin>324.7173624</xmin><ymin>527.6378706</ymin><xmax>440.245397</xmax><ymax>604.7995949</ymax></bndbox></object><object><name>car</name><pose>Unspecified</pose><truncated>0</truncated><difficult>0</difficult><bndbox><xmin>693.1870684</xmin><ymin>529.0018574</ymin><xmax>789.480862</xmax><ymax>592.8343293</ymax></bndbox></object><object><name>car</name><pose>Unspecified</pose><truncated>0</truncated><difficult>0</difficult><bndbox><xmin>737.6097877</xmin><ymin>506.8816861</ymin><xmax>957.9447186</xmax><ymax>659.5703978</ymax></bndbox></object><object><name>other_vehicle</name><pose>Unspecified</pose><truncated>0</truncated><difficult>0</difficult><bndbox><xmin>838.3710786</xmin><ymin>0</ymin><xmax>1224.0</xmax><ymax>1024.0</ymax></bndbox></object><object><name>car</name><pose>Unspecified</pose><truncated>0</truncated><difficult>0</difficult><bndbox><xmin>678.4360889</xmin><ymin>530.1180158</ymin><xmax>750.4130365</xmax><ymax>579.8395397</ymax></bndbox></object><object><name>other_vehicle</name><pose>Unspecified</pose><truncated>0</truncated><difficult>0</difficult><bndbox><xmin>676.1023733</xmin><ymin>511.6395132</ymin><xmax>734.6415612</xmax><ymax>573.6194356</ymax></bndbox></object><object><name>car</name><pose>Unspecified</pose><truncated>0</truncated><difficult>0</difficult><bndbox><xmin>476.7203551</xmin><ymin>531.9896951</ymin><xmax>527.0034022</xmax><ymax>570.4936875</ymax></bndbox></object><object><name>car</name><pose>Unspecified</pose><truncated>0</truncated><difficult>0</difficult><bndbox><xmin>719.9412055</xmin><ymin>540.9220078</ymin><xmax>825.7699734</xmax><ymax>609.4192944</ymax></bndbox></object><object><name>other_vehicle</name><pose>Unspecified</pose><truncated>0</truncated><difficult>0</difficult><bndbox><xmin>662.7054928</xmin><ymin>521.3790007</ymin><xmax>697.9729086</xmax><ymax>557.304825</ymax></bndbox></object><object><name>car</name><pose>Unspecified</pose><truncated>0</truncated><difficult>0</difficult><bndbox><xmin>285.2173712</xmin><ymin>523.1055455</ymin><xmax>500.617415</xmax><ymax>671.6555239</ymax></bndbox></object></annotation>