<annotation><folder>test_xmls</folder><filename>host-a004_cam0_1233961185251064006.jpeg</filename><path>./imageshost-a004_cam0_1233961185251064006.jpeg</path><source><database>Unknown</database></source><size><width>1224</width><height>1024</height><depth>3</depth></size><segmented>0</segmented><object><name>car</name><pose>Unspecified</pose><truncated>0</truncated><difficult>0</difficult><bndbox><xmin>680.625744</xmin><ymin>533.8928391</ymin><xmax>721.655518</xmax><ymax>569.4559019</ymax></bndbox></object><object><name>truck</name><pose>Unspecified</pose><truncated>0</truncated><difficult>0</difficult><bndbox><xmin>504.4799222</xmin><ymin>464.5741216</ymin><xmax>600.4803451</xmax><ymax>584.3368438</ymax></bndbox></object><object><name>other_vehicle</name><pose>Unspecified</pose><truncated>0</truncated><difficult>0</difficult><bndbox><xmin>666.5363904</xmin><ymin>520.9597918</ymin><xmax>702.9487939</xmax><ymax>558.391229</ymax></bndbox></object><object><name>car</name><pose>Unspecified</pose><truncated>0</truncated><difficult>0</difficult><bndbox><xmin>0</xmin><ymin>536.1744083</ymin><xmax>235.602456</xmax><ymax>709.037486</ymax></bndbox></object><object><name>car</name><pose>Unspecified</pose><truncated>0</truncated><difficult>0</difficult><bndbox><xmin>669.3793399</xmin><ymin>534.9388872</ymin><xmax>697.5594665</xmax><ymax>559.9575779</ymax></bndbox></object><object><name>car</name><pose>Unspecified</pose><truncated>0</truncated><difficult>0</difficult><bndbox><xmin>756.7491768</xmin><ymin>540.7908815</ymin><xmax>899.2236953</xmax><ymax>642.3858572</ymax></bndbox></object><object><name>other_vehicle</name><pose>Unspecified</pose><truncated>0</truncated><difficult>0</difficult><bndbox><xmin>685.9998258</xmin><ymin>493.794897</ymin><xmax>765.4040372</xmax><ymax>580.6747139</ymax></bndbox></object><object><name>car</name><pose>Unspecified</pose><truncated>0</truncated><difficult>0</difficult><bndbox><xmin>731.5703306</xmin><ymin>539.8326776</ymin><xmax>832.0182362</xmax><ymax>617.9515896</ymax></bndbox></object><object><name>car</name><pose>Unspecified</pose><truncated>0</truncated><difficult>0</difficult><bndbox><xmin>709.832575</xmin><ymin>532.8753884</ymin><xmax>792.5891014</xmax><ymax>600.4860226</ymax></bndbox></object><object><name>car</name><pose>Unspecified</pose><truncated>0</truncated><difficult>0</difficult><bndbox><xmin>698.1152098</xmin><ymin>542.5187355</ymin><xmax>761.109336</xmax><ymax>587.7163006</ymax></bndbox></object><object><name>other_vehicle</name><pose>Unspecified</pose><truncated>0</truncated><difficult>0</difficult><bndbox><xmin>872.4426926</xmin><ymin>0</ymin><xmax>1224.0</xmax><ymax>1024.0</ymax></bndbox></object></annotation>