<annotation><folder>test_xmls</folder><filename>host-a004_cam0_1233014343251064006.jpeg</filename><path>./imageshost-a004_cam0_1233014343251064006.jpeg</path><source><database>Unknown</database></source><size><width>1224</width><height>1024</height><depth>3</depth></size><segmented>0</segmented><object><name>car</name><pose>Unspecified</pose><truncated>0</truncated><difficult>0</difficult><bndbox><xmin>633.1201619</xmin><ymin>534.8148219</ymin><xmax>662.8488214</xmax><ymax>560.1630752</ymax></bndbox></object><object><name>car</name><pose>Unspecified</pose><truncated>0</truncated><difficult>0</difficult><bndbox><xmin>958.8380409</xmin><ymin>533.1705337</ymin><xmax>1078.18749</xmax><ymax>583.1044065</ymax></bndbox></object><object><name>car</name><pose>Unspecified</pose><truncated>0</truncated><difficult>0</difficult><bndbox><xmin>578.0956368</xmin><ymin>533.8689553</ymin><xmax>604.7871531</xmax><ymax>557.7053906</ymax></bndbox></object><object><name>car</name><pose>Unspecified</pose><truncated>0</truncated><difficult>0</difficult><bndbox><xmin>399.2991299</xmin><ymin>541.093459</ymin><xmax>475.9729794</xmax><ymax>587.8648326</ymax></bndbox></object><object><name>car</name><pose>Unspecified</pose><truncated>0</truncated><difficult>0</difficult><bndbox><xmin>0</xmin><ymin>535.9026742</ymin><xmax>300.4260721</xmax><ymax>962.4558857</ymax></bndbox></object></annotation>