<annotation><folder>test_xmls</folder><filename>host-a004_cam0_1232815264451064006.jpeg</filename><path>./imageshost-a004_cam0_1232815264451064006.jpeg</path><source><database>Unknown</database></source><size><width>1224</width><height>1024</height><depth>3</depth></size><segmented>0</segmented><object><name>truck</name><pose>Unspecified</pose><truncated>0</truncated><difficult>0</difficult><bndbox><xmin>398.9822214</xmin><ymin>462.6784046</ymin><xmax>531.860173</xmax><ymax>584.5820405</ymax></bndbox></object><object><name>pedestrian</name><pose>Unspecified</pose><truncated>0</truncated><difficult>0</difficult><bndbox><xmin>759.0929447</xmin><ymin>538.4647026</ymin><xmax>771.720034</xmax><ymax>560.9641482</ymax></bndbox></object><object><name>pedestrian</name><pose>Unspecified</pose><truncated>0</truncated><difficult>0</difficult><bndbox><xmin>840.935745</xmin><ymin>526.7222909</ymin><xmax>867.0132987</xmax><ymax>577.0093323</ymax></bndbox></object><object><name>bicycle</name><pose>Unspecified</pose><truncated>0</truncated><difficult>0</difficult><bndbox><xmin>870.9086923</xmin><ymin>534.6114797</ymin><xmax>947.1992673</xmax><ymax>586.4290784</ymax></bndbox></object><object><name>car</name><pose>Unspecified</pose><truncated>0</truncated><difficult>0</difficult><bndbox><xmin>693.5559416</xmin><ymin>528.6361728</ymin><xmax>731.7117764</xmax><ymax>555.9151442</ymax></bndbox></object><object><name>car</name><pose>Unspecified</pose><truncated>0</truncated><difficult>0</difficult><bndbox><xmin>215.6789258</xmin><ymin>547.3088443</ymin><xmax>277.2285486</xmax><ymax>576.2222234</ymax></bndbox></object><object><name>car</name><pose>Unspecified</pose><truncated>0</truncated><difficult>0</difficult><bndbox><xmin>0</xmin><ymin>558.1370539</ymin><xmax>336.0165616</xmax><ymax>937.9680137</ymax></bndbox></object><object><name>pedestrian</name><pose>Unspecified</pose><truncated>0</truncated><difficult>0</difficult><bndbox><xmin>684.6203543</xmin><ymin>534.7500919</ymin><xmax>700.8195235</xmax><ymax>562.62101</ymax></bndbox></object></annotation>