<annotation><folder>test_xmls</folder><filename>host-a004_cam0_1233427025451064006.jpeg</filename><path>./imageshost-a004_cam0_1233427025451064006.jpeg</path><source><database>Unknown</database></source><size><width>1224</width><height>1024</height><depth>3</depth></size><segmented>0</segmented><object><name>car</name><pose>Unspecified</pose><truncated>0</truncated><difficult>0</difficult><bndbox><xmin>683.7757963</xmin><ymin>536.8656551</ymin><xmax>725.2646633</xmax><ymax>565.5570545</ymax></bndbox></object><object><name>car</name><pose>Unspecified</pose><truncated>0</truncated><difficult>0</difficult><bndbox><xmin>700.3019046</xmin><ymin>536.9751851</ymin><xmax>762.6900167</xmax><ymax>578.9845261</ymax></bndbox></object><object><name>car</name><pose>Unspecified</pose><truncated>0</truncated><difficult>0</difficult><bndbox><xmin>438.3033616</xmin><ymin>540.908895</ymin><xmax>556.844887</xmax><ymax>626.8669369</ymax></bndbox></object><object><name>car</name><pose>Unspecified</pose><truncated>0</truncated><difficult>0</difficult><bndbox><xmin>64.93374653</xmin><ymin>543.6010094</ymin><xmax>316.0739939</xmax><ymax>662.156218</ymax></bndbox></object><object><name>car</name><pose>Unspecified</pose><truncated>0</truncated><difficult>0</difficult><bndbox><xmin>733.9703297</xmin><ymin>540.8635904</ymin><xmax>834.0263076</xmax><ymax>610.1365166</ymax></bndbox></object><object><name>car</name><pose>Unspecified</pose><truncated>0</truncated><difficult>0</difficult><bndbox><xmin>800.4688159</xmin><ymin>546.8989425</ymin><xmax>1024.157031</xmax><ymax>678.8186793</ymax></bndbox></object><object><name>car</name><pose>Unspecified</pose><truncated>0</truncated><difficult>0</difficult><bndbox><xmin>910.8301439</xmin><ymin>548.8162352</ymin><xmax>1224.0</xmax><ymax>945.0039311</ymax></bndbox></object><object><name>other_vehicle</name><pose>Unspecified</pose><truncated>0</truncated><difficult>0</difficult><bndbox><xmin>245.2825847</xmin><ymin>519.3918978</ymin><xmax>331.3621978</xmax><ymax>571.0947296</ymax></bndbox></object><object><name>other_vehicle</name><pose>Unspecified</pose><truncated>0</truncated><difficult>0</difficult><bndbox><xmin>117.129015</xmin><ymin>512.3197512</ymin><xmax>259.0657897</xmax><ymax>581.8431267</ymax></bndbox></object><object><name>car</name><pose>Unspecified</pose><truncated>0</truncated><difficult>0</difficult><bndbox><xmin>691.9853571</xmin><ymin>536.6409548</ymin><xmax>739.9602746</xmax><ymax>571.7631216</ymax></bndbox></object><object><name>car</name><pose>Unspecified</pose><truncated>0</truncated><difficult>0</difficult><bndbox><xmin>710.5700123</xmin><ymin>532.6730386</ymin><xmax>787.9446253</xmax><ymax>587.753449</ymax></bndbox></object><object><name>truck</name><pose>Unspecified</pose><truncated>0</truncated><difficult>0</difficult><bndbox><xmin>470.5865767</xmin><ymin>496.6664222</ymin><xmax>568.8300641</xmax><ymax>577.5033433</ymax></bndbox></object><object><name>car</name><pose>Unspecified</pose><truncated>0</truncated><difficult>0</difficult><bndbox><xmin>627.78534</xmin><ymin>530.6420414</ymin><xmax>649.5923153</xmax><ymax>551.395931</ymax></bndbox></object></annotation>