<annotation><folder>test_xmls</folder><filename>host-a004_cam0_1233442993751064006.jpeg</filename><path>./imageshost-a004_cam0_1233442993751064006.jpeg</path><source><database>Unknown</database></source><size><width>1224</width><height>1024</height><depth>3</depth></size><segmented>0</segmented><object><name>car</name><pose>Unspecified</pose><truncated>0</truncated><difficult>0</difficult><bndbox><xmin>311.5757985</xmin><ymin>547.0423536</ymin><xmax>373.9405845</xmax><ymax>578.502835</ymax></bndbox></object><object><name>car</name><pose>Unspecified</pose><truncated>0</truncated><difficult>0</difficult><bndbox><xmin>1072.936419</xmin><ymin>485.7418563</ymin><xmax>1224.0</xmax><ymax>572.0651375</ymax></bndbox></object><object><name>car</name><pose>Unspecified</pose><truncated>0</truncated><difficult>0</difficult><bndbox><xmin>587.230745</xmin><ymin>539.8158689</ymin><xmax>632.9642005</xmax><ymax>577.3068476</ymax></bndbox></object><object><name>car</name><pose>Unspecified</pose><truncated>0</truncated><difficult>0</difficult><bndbox><xmin>484.2188648</xmin><ymin>534.6688179</ymin><xmax>532.8256723</xmax><ymax>569.645058</ymax></bndbox></object><object><name>car</name><pose>Unspecified</pose><truncated>0</truncated><difficult>0</difficult><bndbox><xmin>242.5260004</xmin><ymin>548.217913</ymin><xmax>317.3959599</xmax><ymax>588.4169462</ymax></bndbox></object><object><name>car</name><pose>Unspecified</pose><truncated>0</truncated><difficult>0</difficult><bndbox><xmin>264.7461701</xmin><ymin>545.1506325</ymin><xmax>333.2059186</xmax><ymax>580.5693471</ymax></bndbox></object><object><name>car</name><pose>Unspecified</pose><truncated>0</truncated><difficult>0</difficult><bndbox><xmin>93.7128049</xmin><ymin>555.4896257</ymin><xmax>201.7970303</xmax><ymax>602.4460398</ymax></bndbox></object><object><name>car</name><pose>Unspecified</pose><truncated>0</truncated><difficult>0</difficult><bndbox><xmin>821.8353093</xmin><ymin>522.753376</ymin><xmax>1028.433772</xmax><ymax>591.1667249</ymax></bndbox></object><object><name>car</name><pose>Unspecified</pose><truncated>0</truncated><difficult>0</difficult><bndbox><xmin>139.5643346</xmin><ymin>550.8566122</ymin><xmax>256.9413404</xmax><ymax>600.607103</ymax></bndbox></object><object><name>car</name><pose>Unspecified</pose><truncated>0</truncated><difficult>0</difficult><bndbox><xmin>374.8364347</xmin><ymin>525.2903449</ymin><xmax>527.9188612</xmax><ymax>639.1027096</ymax></bndbox></object><object><name>car</name><pose>Unspecified</pose><truncated>0</truncated><difficult>0</difficult><bndbox><xmin>576.4436105</xmin><ymin>533.6571149</ymin><xmax>599.1614365</xmax><ymax>555.0236365</ymax></bndbox></object><object><name>car</name><pose>Unspecified</pose><truncated>0</truncated><difficult>0</difficult><bndbox><xmin>362.3368208</xmin><ymin>540.9494026</ymin><xmax>412.9796122</xmax><ymax>570.902394</ymax></bndbox></object><object><name>car</name><pose>Unspecified</pose><truncated>0</truncated><difficult>0</difficult><bndbox><xmin>200.988945</xmin><ymin>549.6467852</ymin><xmax>282.3674687</xmax><ymax>589.5786529</ymax></bndbox></object><object><name>car</name><pose>Unspecified</pose><truncated>0</truncated><difficult>0</difficult><bndbox><xmin>982.1705739</xmin><ymin>501.8489871</ymin><xmax>1224.0</xmax><ymax>587.9012603</ymax></bndbox></object><object><name>car</name><pose>Unspecified</pose><truncated>0</truncated><difficult>0</difficult><bndbox><xmin>0</xmin><ymin>553.9068973</ymin><xmax>111.873651</xmax><ymax>614.5784248</ymax></bndbox></object><object><name>car</name><pose>Unspecified</pose><truncated>0</truncated><difficult>0</difficult><bndbox><xmin>319.557334</xmin><ymin>542.5816474</ymin><xmax>368.9559902</xmax><ymax>571.4156353</ymax></bndbox></object></annotation>