<annotation><folder>test_xmls</folder><filename>host-a004_cam0_1233014853451064006.jpeg</filename><path>./imageshost-a004_cam0_1233014853451064006.jpeg</path><source><database>Unknown</database></source><size><width>1224</width><height>1024</height><depth>3</depth></size><segmented>0</segmented><object><name>car</name><pose>Unspecified</pose><truncated>0</truncated><difficult>0</difficult><bndbox><xmin>469.0747724</xmin><ymin>535.1767602</ymin><xmax>522.5541907</xmax><ymax>579.5938864</ymax></bndbox></object><object><name>car</name><pose>Unspecified</pose><truncated>0</truncated><difficult>0</difficult><bndbox><xmin>1202.635229</xmin><ymin>520.2063144</ymin><xmax>1224.0</xmax><ymax>594.1108794</ymax></bndbox></object><object><name>car</name><pose>Unspecified</pose><truncated>0</truncated><difficult>0</difficult><bndbox><xmin>524.3555509</xmin><ymin>533.1893819</ymin><xmax>547.4940319</xmax><ymax>552.3650938</ymax></bndbox></object><object><name>car</name><pose>Unspecified</pose><truncated>0</truncated><difficult>0</difficult><bndbox><xmin>938.6905706</xmin><ymin>551.3014241</ymin><xmax>1224.0</xmax><ymax>1024.0</ymax></bndbox></object><object><name>car</name><pose>Unspecified</pose><truncated>0</truncated><difficult>0</difficult><bndbox><xmin>70.78843593</xmin><ymin>544.4572944</ymin><xmax>160.8701536</xmax><ymax>571.6260318</ymax></bndbox></object><object><name>car</name><pose>Unspecified</pose><truncated>0</truncated><difficult>0</difficult><bndbox><xmin>490.0685412</xmin><ymin>528.3224719</ymin><xmax>542.8263474</xmax><ymax>567.9073726</ymax></bndbox></object><object><name>car</name><pose>Unspecified</pose><truncated>0</truncated><difficult>0</difficult><bndbox><xmin>416.2879693</xmin><ymin>529.2158721</ymin><xmax>473.0691962</xmax><ymax>567.5195164</ymax></bndbox></object><object><name>car</name><pose>Unspecified</pose><truncated>0</truncated><difficult>0</difficult><bndbox><xmin>1079.997526</xmin><ymin>522.6315489</ymin><xmax>1224.0</xmax><ymax>579.5223367</ymax></bndbox></object><object><name>car</name><pose>Unspecified</pose><truncated>0</truncated><difficult>0</difficult><bndbox><xmin>886.5243911</xmin><ymin>520.9471009</ymin><xmax>1029.606956</xmax><ymax>589.9960859</ymax></bndbox></object><object><name>car</name><pose>Unspecified</pose><truncated>0</truncated><difficult>0</difficult><bndbox><xmin>0</xmin><ymin>538.509209</ymin><xmax>134.65381</xmax><ymax>606.2584665</ymax></bndbox></object><object><name>car</name><pose>Unspecified</pose><truncated>0</truncated><difficult>0</difficult><bndbox><xmin>330.0718951</xmin><ymin>535.2694309</ymin><xmax>375.9757115</xmax><ymax>561.7329116</ymax></bndbox></object><object><name>car</name><pose>Unspecified</pose><truncated>0</truncated><difficult>0</difficult><bndbox><xmin>1010.389065</xmin><ymin>506.0244254</ymin><xmax>1217.261168</xmax><ymax>599.5668201</ymax></bndbox></object><object><name>car</name><pose>Unspecified</pose><truncated>0</truncated><difficult>0</difficult><bndbox><xmin>1210.931301</xmin><ymin>507.5252626</ymin><xmax>1224.0</xmax><ymax>575.2125364</ymax></bndbox></object><object><name>car</name><pose>Unspecified</pose><truncated>0</truncated><difficult>0</difficult><bndbox><xmin>534.0747385</xmin><ymin>533.3989577</ymin><xmax>581.2916815</xmax><ymax>571.8450011</ymax></bndbox></object><object><name>car</name><pose>Unspecified</pose><truncated>0</truncated><difficult>0</difficult><bndbox><xmin>386.1149205</xmin><ymin>529.3055629</ymin><xmax>427.6315824</xmax><ymax>559.1907751</ymax></bndbox></object><object><name>car</name><pose>Unspecified</pose><truncated>0</truncated><difficult>0</difficult><bndbox><xmin>800.6504651</xmin><ymin>532.9440221</ymin><xmax>866.9601083</xmax><ymax>555.0520665</ymax></bndbox></object><object><name>car</name><pose>Unspecified</pose><truncated>0</truncated><difficult>0</difficult><bndbox><xmin>614.4632254</xmin><ymin>532.3131923</ymin><xmax>645.8963534</xmax><ymax>559.1385929</ymax></bndbox></object><object><name>car</name><pose>Unspecified</pose><truncated>0</truncated><difficult>0</difficult><bndbox><xmin>579.493259</xmin><ymin>533.2860698</ymin><xmax>604.5504434</xmax><ymax>548.7859858</ymax></bndbox></object><object><name>car</name><pose>Unspecified</pose><truncated>0</truncated><difficult>0</difficult><bndbox><xmin>595.9057819</xmin><ymin>532.9883172</ymin><xmax>623.2269572</xmax><ymax>551.5607057</ymax></bndbox></object><object><name>car</name><pose>Unspecified</pose><truncated>0</truncated><difficult>0</difficult><bndbox><xmin>724.9206635</xmin><ymin>525.4694678</ymin><xmax>802.7230759</xmax><ymax>555.0166187</ymax></bndbox></object><object><name>car</name><pose>Unspecified</pose><truncated>0</truncated><difficult>0</difficult><bndbox><xmin>564.2943574</xmin><ymin>534.7052564</ymin><xmax>593.6537151</xmax><ymax>561.6206469</ymax></bndbox></object><object><name>car</name><pose>Unspecified</pose><truncated>0</truncated><difficult>0</difficult><bndbox><xmin>639.1576246</xmin><ymin>533.6042416</ymin><xmax>681.7070928</xmax><ymax>562.514219</ymax></bndbox></object></annotation>