<annotation><folder>test_xmls</folder><filename>host-a004_cam0_1233442991351064006.jpeg</filename><path>./imageshost-a004_cam0_1233442991351064006.jpeg</path><source><database>Unknown</database></source><size><width>1224</width><height>1024</height><depth>3</depth></size><segmented>0</segmented><object><name>car</name><pose>Unspecified</pose><truncated>0</truncated><difficult>0</difficult><bndbox><xmin>1187.453604</xmin><ymin>475.4899831</ymin><xmax>1224.0</xmax><ymax>514.2153707</ymax></bndbox></object><object><name>car</name><pose>Unspecified</pose><truncated>0</truncated><difficult>0</difficult><bndbox><xmin>376.9799815</xmin><ymin>543.4448629</ymin><xmax>424.6624368</xmax><ymax>569.0025579</ymax></bndbox></object><object><name>car</name><pose>Unspecified</pose><truncated>0</truncated><difficult>0</difficult><bndbox><xmin>945.9924534</xmin><ymin>498.3144936</ymin><xmax>1050.501428</xmax><ymax>539.5479065</ymax></bndbox></object><object><name>car</name><pose>Unspecified</pose><truncated>0</truncated><difficult>0</difficult><bndbox><xmin>1056.056239</xmin><ymin>484.9172701</ymin><xmax>1161.656583</xmax><ymax>527.337733</ymax></bndbox></object><object><name>car</name><pose>Unspecified</pose><truncated>0</truncated><difficult>0</difficult><bndbox><xmin>17.95768365</xmin><ymin>493.2977811</ymin><xmax>464.4093217</xmax><ymax>786.679155</ymax></bndbox></object><object><name>car</name><pose>Unspecified</pose><truncated>0</truncated><difficult>0</difficult><bndbox><xmin>723.0416801</xmin><ymin>528.9722286</ymin><xmax>813.8907955</xmax><ymax>560.7214961</ymax></bndbox></object><object><name>car</name><pose>Unspecified</pose><truncated>0</truncated><difficult>0</difficult><bndbox><xmin>846.8126455</xmin><ymin>512.2765565</ymin><xmax>936.6807672</xmax><ymax>551.6764198</ymax></bndbox></object><object><name>car</name><pose>Unspecified</pose><truncated>0</truncated><difficult>0</difficult><bndbox><xmin>553.32368</xmin><ymin>539.9789542</ymin><xmax>615.6704588</xmax><ymax>586.3978757</ymax></bndbox></object><object><name>car</name><pose>Unspecified</pose><truncated>0</truncated><difficult>0</difficult><bndbox><xmin>788.0380442</xmin><ymin>521.0772878</ymin><xmax>884.2043731</xmax><ymax>556.7266</ymax></bndbox></object><object><name>car</name><pose>Unspecified</pose><truncated>0</truncated><difficult>0</difficult><bndbox><xmin>445.1650402</xmin><ymin>532.8474788</ymin><xmax>516.2898935</xmax><ymax>580.1991679</ymax></bndbox></object><object><name>car</name><pose>Unspecified</pose><truncated>0</truncated><difficult>0</difficult><bndbox><xmin>600.9320436</xmin><ymin>533.6016993</ymin><xmax>629.8076857</xmax><ymax>559.495451</ymax></bndbox></object><object><name>car</name><pose>Unspecified</pose><truncated>0</truncated><difficult>0</difficult><bndbox><xmin>410.9648291</xmin><ymin>542.3530971</ymin><xmax>446.0040208</xmax><ymax>565.1439859</ymax></bndbox></object></annotation>