<annotation><folder>test_xmls</folder><filename>host-a004_cam0_1234051613251064006.jpeg</filename><path>./imageshost-a004_cam0_1234051613251064006.jpeg</path><source><database>Unknown</database></source><size><width>1224</width><height>1024</height><depth>3</depth></size><segmented>0</segmented><object><name>car</name><pose>Unspecified</pose><truncated>0</truncated><difficult>0</difficult><bndbox><xmin>387.126809</xmin><ymin>539.9465874</ymin><xmax>433.0718629</xmax><ymax>567.6591109</ymax></bndbox></object><object><name>car</name><pose>Unspecified</pose><truncated>0</truncated><difficult>0</difficult><bndbox><xmin>250.8399652</xmin><ymin>545.4115904</ymin><xmax>313.3753722</xmax><ymax>574.6429205</ymax></bndbox></object><object><name>car</name><pose>Unspecified</pose><truncated>0</truncated><difficult>0</difficult><bndbox><xmin>807.4260333</xmin><ymin>535.8605918</ymin><xmax>923.6013802</xmax><ymax>574.0801395</ymax></bndbox></object><object><name>car</name><pose>Unspecified</pose><truncated>0</truncated><difficult>0</difficult><bndbox><xmin>642.7023888</xmin><ymin>538.3527541</ymin><xmax>661.8621678</xmax><ymax>553.1521055</ymax></bndbox></object><object><name>car</name><pose>Unspecified</pose><truncated>0</truncated><difficult>0</difficult><bndbox><xmin>413.0365657</xmin><ymin>541.2240562</ymin><xmax>454.6254836</xmax><ymax>564.1257299</ymax></bndbox></object><object><name>bicycle</name><pose>Unspecified</pose><truncated>0</truncated><difficult>0</difficult><bndbox><xmin>887.3955947</xmin><ymin>521.699248</ymin><xmax>947.3754568</xmax><ymax>574.0415809</ymax></bndbox></object><object><name>car</name><pose>Unspecified</pose><truncated>0</truncated><difficult>0</difficult><bndbox><xmin>442.3325318</xmin><ymin>539.667829</ymin><xmax>477.986085</xmax><ymax>561.210924</ymax></bndbox></object><object><name>car</name><pose>Unspecified</pose><truncated>0</truncated><difficult>0</difficult><bndbox><xmin>611.1494983</xmin><ymin>536.6766562</ymin><xmax>633.1747327</xmax><ymax>555.8684961</ymax></bndbox></object><object><name>car</name><pose>Unspecified</pose><truncated>0</truncated><difficult>0</difficult><bndbox><xmin>480.8047753</xmin><ymin>537.0172053</ymin><xmax>506.8739867</xmax><ymax>555.957174</ymax></bndbox></object><object><name>car</name><pose>Unspecified</pose><truncated>0</truncated><difficult>0</difficult><bndbox><xmin>503.8428777</xmin><ymin>536.3952368</ymin><xmax>538.9710885</xmax><ymax>561.3704438</ymax></bndbox></object><object><name>car</name><pose>Unspecified</pose><truncated>0</truncated><difficult>0</difficult><bndbox><xmin>567.8914454</xmin><ymin>537.2127642</ymin><xmax>592.2897408</xmax><ymax>556.6798458</ymax></bndbox></object><object><name>car</name><pose>Unspecified</pose><truncated>0</truncated><difficult>0</difficult><bndbox><xmin>949.8593407</xmin><ymin>533.7535173</ymin><xmax>1114.969865</xmax><ymax>579.3708099</ymax></bndbox></object></annotation>