<annotation><folder>test_xmls</folder><filename>host-a004_cam0_1233620284351064006.jpeg</filename><path>./imageshost-a004_cam0_1233620284351064006.jpeg</path><source><database>Unknown</database></source><size><width>1224</width><height>1024</height><depth>3</depth></size><segmented>0</segmented><object><name>other_vehicle</name><pose>Unspecified</pose><truncated>0</truncated><difficult>0</difficult><bndbox><xmin>685.9320939</xmin><ymin>504.5315685</ymin><xmax>773.7198629</xmax><ymax>580.4987115</ymax></bndbox></object><object><name>car</name><pose>Unspecified</pose><truncated>0</truncated><difficult>0</difficult><bndbox><xmin>668.2074217</xmin><ymin>542.6138412</ymin><xmax>699.0808834</xmax><ymax>562.0578936</ymax></bndbox></object><object><name>car</name><pose>Unspecified</pose><truncated>0</truncated><difficult>0</difficult><bndbox><xmin>805.9715457</xmin><ymin>516.0559749</ymin><xmax>1201.892991</xmax><ymax>744.1076224</ymax></bndbox></object><object><name>car</name><pose>Unspecified</pose><truncated>0</truncated><difficult>0</difficult><bndbox><xmin>708.9336669</xmin><ymin>543.7380977</ymin><xmax>788.5788114</xmax><ymax>596.2868245</ymax></bndbox></object><object><name>other_vehicle</name><pose>Unspecified</pose><truncated>0</truncated><difficult>0</difficult><bndbox><xmin>657.3754895</xmin><ymin>526.8789617</ymin><xmax>685.5951442</xmax><ymax>554.473333</ymax></bndbox></object><object><name>other_vehicle</name><pose>Unspecified</pose><truncated>0</truncated><difficult>0</difficult><bndbox><xmin>674.4510242</xmin><ymin>507.8234015</ymin><xmax>735.3507039</xmax><ymax>567.2431858</ymax></bndbox></object><object><name>car</name><pose>Unspecified</pose><truncated>0</truncated><difficult>0</difficult><bndbox><xmin>285.3531959</xmin><ymin>530.3220464</ymin><xmax>427.2222343</xmax><ymax>615.2969544</ymax></bndbox></object><object><name>car</name><pose>Unspecified</pose><truncated>0</truncated><difficult>0</difficult><bndbox><xmin>753.7745822</xmin><ymin>537.7609309</ymin><xmax>941.1861189</xmax><ymax>641.7948937</ymax></bndbox></object></annotation>