<annotation><folder>test_xmls</folder><filename>host-a004_cam0_1232833332051064006.jpeg</filename><path>./imageshost-a004_cam0_1232833332051064006.jpeg</path><source><database>Unknown</database></source><size><width>1224</width><height>1024</height><depth>3</depth></size><segmented>0</segmented><object><name>car</name><pose>Unspecified</pose><truncated>0</truncated><difficult>0</difficult><bndbox><xmin>319.1075435</xmin><ymin>547.0341906</ymin><xmax>358.2438853</xmax><ymax>566.8275611</ymax></bndbox></object><object><name>car</name><pose>Unspecified</pose><truncated>0</truncated><difficult>0</difficult><bndbox><xmin>0</xmin><ymin>544.4075839</ymin><xmax>79.00012897</xmax><ymax>575.5581346</ymax></bndbox></object><object><name>car</name><pose>Unspecified</pose><truncated>0</truncated><difficult>0</difficult><bndbox><xmin>682.5321475</xmin><ymin>539.0211397</ymin><xmax>731.84779</xmax><ymax>573.5814273</ymax></bndbox></object><object><name>car</name><pose>Unspecified</pose><truncated>0</truncated><difficult>0</difficult><bndbox><xmin>1090.076779</xmin><ymin>504.083866</ymin><xmax>1224.0</xmax><ymax>641.1751209</ymax></bndbox></object><object><name>car</name><pose>Unspecified</pose><truncated>0</truncated><difficult>0</difficult><bndbox><xmin>1214.950314</xmin><ymin>533.6414679</ymin><xmax>1224.0</xmax><ymax>635.6918338</ymax></bndbox></object></annotation>