<annotation><folder>test_xmls</folder><filename>host-a004_cam0_1233080752551064006.jpeg</filename><path>./imageshost-a004_cam0_1233080752551064006.jpeg</path><source><database>Unknown</database></source><size><width>1224</width><height>1024</height><depth>3</depth></size><segmented>0</segmented><object><name>car</name><pose>Unspecified</pose><truncated>0</truncated><difficult>0</difficult><bndbox><xmin>506.2184546</xmin><ymin>541.9260931</ymin><xmax>542.0027425</xmax><ymax>567.3909327</ymax></bndbox></object><object><name>other_vehicle</name><pose>Unspecified</pose><truncated>0</truncated><difficult>0</difficult><bndbox><xmin>182.5353024</xmin><ymin>528.2730073</ymin><xmax>287.0196404</xmax><ymax>581.0603364</ymax></bndbox></object><object><name>car</name><pose>Unspecified</pose><truncated>0</truncated><difficult>0</difficult><bndbox><xmin>786.5681427</xmin><ymin>540.4551627</ymin><xmax>988.6291158</xmax><ymax>681.4775331</ymax></bndbox></object><object><name>car</name><pose>Unspecified</pose><truncated>0</truncated><difficult>0</difficult><bndbox><xmin>692.8485403</xmin><ymin>528.0679028</ymin><xmax>784.6155899</xmax><ymax>601.1449205</ymax></bndbox></object><object><name>car</name><pose>Unspecified</pose><truncated>0</truncated><difficult>0</difficult><bndbox><xmin>735.6572951</xmin><ymin>523.098271</ymin><xmax>881.7906121</xmax><ymax>633.7567423</ymax></bndbox></object><object><name>car</name><pose>Unspecified</pose><truncated>0</truncated><difficult>0</difficult><bndbox><xmin>675.4748248</xmin><ymin>536.8909321</ymin><xmax>714.5961347</xmax><ymax>569.761534</ymax></bndbox></object><object><name>other_vehicle</name><pose>Unspecified</pose><truncated>0</truncated><difficult>0</difficult><bndbox><xmin>0</xmin><ymin>521.1352468</ymin><xmax>157.8099049</xmax><ymax>616.4895173</ymax></bndbox></object><object><name>car</name><pose>Unspecified</pose><truncated>0</truncated><difficult>0</difficult><bndbox><xmin>225.9257279</xmin><ymin>531.0636315</ymin><xmax>381.300326</xmax><ymax>621.9008262</ymax></bndbox></object><object><name>car</name><pose>Unspecified</pose><truncated>0</truncated><difficult>0</difficult><bndbox><xmin>578.1048116</xmin><ymin>531.0334998</ymin><xmax>607.9942144</xmax><ymax>559.1281026</ymax></bndbox></object><object><name>car</name><pose>Unspecified</pose><truncated>0</truncated><difficult>0</difficult><bndbox><xmin>854.9807398</xmin><ymin>543.7070303</ymin><xmax>1224.0</xmax><ymax>827.5547817</ymax></bndbox></object><object><name>car</name><pose>Unspecified</pose><truncated>0</truncated><difficult>0</difficult><bndbox><xmin>680.2500241</xmin><ymin>538.9484932</ymin><xmax>727.5358633</xmax><ymax>575.3862284</ymax></bndbox></object><object><name>car</name><pose>Unspecified</pose><truncated>0</truncated><difficult>0</difficult><bndbox><xmin>552.3425945</xmin><ymin>539.2317114</ymin><xmax>594.7184317</xmax><ymax>569.0876037</ymax></bndbox></object><object><name>car</name><pose>Unspecified</pose><truncated>0</truncated><difficult>0</difficult><bndbox><xmin>421.0884461</xmin><ymin>535.6691082</ymin><xmax>494.6967303</xmax><ymax>583.7355962</ymax></bndbox></object></annotation>