<annotation><folder>test_xmls</folder><filename>host-a004_cam0_1233443008751064006.jpeg</filename><path>./imageshost-a004_cam0_1233443008751064006.jpeg</path><source><database>Unknown</database></source><size><width>1224</width><height>1024</height><depth>3</depth></size><segmented>0</segmented><object><name>car</name><pose>Unspecified</pose><truncated>0</truncated><difficult>0</difficult><bndbox><xmin>688.2136862</xmin><ymin>539.767212</ymin><xmax>715.5730199</xmax><ymax>561.6805193</ymax></bndbox></object><object><name>car</name><pose>Unspecified</pose><truncated>0</truncated><difficult>0</difficult><bndbox><xmin>411.2176636</xmin><ymin>560.3016644</ymin><xmax>448.9133752</xmax><ymax>586.9040283</ymax></bndbox></object><object><name>car</name><pose>Unspecified</pose><truncated>0</truncated><difficult>0</difficult><bndbox><xmin>329.1712872</xmin><ymin>555.4375172</ymin><xmax>400.635762</xmax><ymax>598.2412167</ymax></bndbox></object><object><name>car</name><pose>Unspecified</pose><truncated>0</truncated><difficult>0</difficult><bndbox><xmin>16.65572793</xmin><ymin>544.1810354</ymin><xmax>225.0093115</xmax><ymax>641.801545</ymax></bndbox></object></annotation>