<annotation><folder>test_xmls</folder><filename>host-a004_cam0_1233963860651064006.jpeg</filename><path>./imageshost-a004_cam0_1233963860651064006.jpeg</path><source><database>Unknown</database></source><size><width>1224</width><height>1024</height><depth>3</depth></size><segmented>0</segmented><object><name>other_vehicle</name><pose>Unspecified</pose><truncated>0</truncated><difficult>0</difficult><bndbox><xmin>676.3879794</xmin><ymin>519.7349364</ymin><xmax>704.2303359</xmax><ymax>549.2018231</ymax></bndbox></object><object><name>pedestrian</name><pose>Unspecified</pose><truncated>0</truncated><difficult>0</difficult><bndbox><xmin>759.125529</xmin><ymin>531.8251659</ymin><xmax>776.545304</xmax><ymax>564.8768838</ymax></bndbox></object><object><name>car</name><pose>Unspecified</pose><truncated>0</truncated><difficult>0</difficult><bndbox><xmin>0</xmin><ymin>548.7374886</ymin><xmax>158.6525921</xmax><ymax>646.6774883</ymax></bndbox></object><object><name>bus</name><pose>Unspecified</pose><truncated>0</truncated><difficult>0</difficult><bndbox><xmin>345.6880156</xmin><ymin>514.0662717</ymin><xmax>441.4199582</xmax><ymax>564.150758</ymax></bndbox></object><object><name>car</name><pose>Unspecified</pose><truncated>0</truncated><difficult>0</difficult><bndbox><xmin>549.7820819</xmin><ymin>532.3026209</ymin><xmax>581.5155237</xmax><ymax>557.0859262</ymax></bndbox></object><object><name>car</name><pose>Unspecified</pose><truncated>0</truncated><difficult>0</difficult><bndbox><xmin>440.4527585</xmin><ymin>516.1276595</ymin><xmax>562.2200234</xmax><ymax>612.5276276</ymax></bndbox></object><object><name>car</name><pose>Unspecified</pose><truncated>0</truncated><difficult>0</difficult><bndbox><xmin>252.3337739</xmin><ymin>546.02114</ymin><xmax>309.6024078</xmax><ymax>573.2180462</ymax></bndbox></object><object><name>car</name><pose>Unspecified</pose><truncated>0</truncated><difficult>0</difficult><bndbox><xmin>279.0617234</xmin><ymin>538.7277376</ymin><xmax>332.2150164</xmax><ymax>569.9010065</ymax></bndbox></object><object><name>car</name><pose>Unspecified</pose><truncated>0</truncated><difficult>0</difficult><bndbox><xmin>692.7391939</xmin><ymin>535.51109</ymin><xmax>730.1338765</xmax><ymax>565.7500489</ymax></bndbox></object><object><name>pedestrian</name><pose>Unspecified</pose><truncated>0</truncated><difficult>0</difficult><bndbox><xmin>760.3747157</xmin><ymin>533.9302825</ymin><xmax>781.9971164</xmax><ymax>572.1641104</ymax></bndbox></object><object><name>car</name><pose>Unspecified</pose><truncated>0</truncated><difficult>0</difficult><bndbox><xmin>96.5699262</xmin><ymin>549.7478651</ymin><xmax>194.216458</xmax><ymax>588.0241449</ymax></bndbox></object><object><name>car</name><pose>Unspecified</pose><truncated>0</truncated><difficult>0</difficult><bndbox><xmin>326.8718349</xmin><ymin>541.913464</ymin><xmax>367.1776469</xmax><ymax>564.854418</ymax></bndbox></object><object><name>car</name><pose>Unspecified</pose><truncated>0</truncated><difficult>0</difficult><bndbox><xmin>158.1593206</xmin><ymin>550.1639608</ymin><xmax>230.9268032</xmax><ymax>582.1453391</ymax></bndbox></object><object><name>car</name><pose>Unspecified</pose><truncated>0</truncated><difficult>0</difficult><bndbox><xmin>0</xmin><ymin>560.8208996</ymin><xmax>2.44487541</xmax><ymax>613.4690215</ymax></bndbox></object></annotation>