<annotation><folder>test_xmls</folder><filename>host-a004_cam0_1233616009551064006.jpeg</filename><path>./imageshost-a004_cam0_1233616009551064006.jpeg</path><source><database>Unknown</database></source><size><width>1224</width><height>1024</height><depth>3</depth></size><segmented>0</segmented><object><name>car</name><pose>Unspecified</pose><truncated>0</truncated><difficult>0</difficult><bndbox><xmin>311.0346988</xmin><ymin>535.409946</ymin><xmax>361.2783229</xmax><ymax>560.7729937</ymax></bndbox></object><object><name>car</name><pose>Unspecified</pose><truncated>0</truncated><difficult>0</difficult><bndbox><xmin>529.9555802</xmin><ymin>529.472577</ymin><xmax>560.0584484</xmax><ymax>558.8000454</ymax></bndbox></object><object><name>car</name><pose>Unspecified</pose><truncated>0</truncated><difficult>0</difficult><bndbox><xmin>217.8298335</xmin><ymin>533.463816</ymin><xmax>280.4039348</xmax><ymax>561.8765015</ymax></bndbox></object><object><name>car</name><pose>Unspecified</pose><truncated>0</truncated><difficult>0</difficult><bndbox><xmin>614.7758382</xmin><ymin>534.881494</ymin><xmax>661.2282638</xmax><ymax>576.1026313</ymax></bndbox></object><object><name>truck</name><pose>Unspecified</pose><truncated>0</truncated><difficult>0</difficult><bndbox><xmin>358.9572763</xmin><ymin>487.9775977</ymin><xmax>494.0696392</xmax><ymax>586.7783832</ymax></bndbox></object><object><name>car</name><pose>Unspecified</pose><truncated>0</truncated><difficult>0</difficult><bndbox><xmin>582.3137998</xmin><ymin>538.1008186</ymin><xmax>606.5507688</xmax><ymax>558.8300267</ymax></bndbox></object><object><name>car</name><pose>Unspecified</pose><truncated>0</truncated><difficult>0</difficult><bndbox><xmin>248.2818512</xmin><ymin>527.6176372</ymin><xmax>332.8360203</xmax><ymax>569.4858807</ymax></bndbox></object><object><name>car</name><pose>Unspecified</pose><truncated>0</truncated><difficult>0</difficult><bndbox><xmin>551.879318</xmin><ymin>533.3204688</ymin><xmax>596.0331626</xmax><ymax>569.6302177</ymax></bndbox></object><object><name>car</name><pose>Unspecified</pose><truncated>0</truncated><difficult>0</difficult><bndbox><xmin>663.8686215</xmin><ymin>535.8602682</ymin><xmax>695.9927474</xmax><ymax>561.8673993</ymax></bndbox></object></annotation>