<annotation><folder>test_xmls</folder><filename>host-a004_cam0_1233422562451064006.jpeg</filename><path>./imageshost-a004_cam0_1233422562451064006.jpeg</path><source><database>Unknown</database></source><size><width>1224</width><height>1024</height><depth>3</depth></size><segmented>0</segmented><object><name>car</name><pose>Unspecified</pose><truncated>0</truncated><difficult>0</difficult><bndbox><xmin>581.0427193</xmin><ymin>531.518209</ymin><xmax>624.3081383</xmax><ymax>569.6470654</ymax></bndbox></object><object><name>car</name><pose>Unspecified</pose><truncated>0</truncated><difficult>0</difficult><bndbox><xmin>605.0206066</xmin><ymin>530.8137043</ymin><xmax>638.2287244</xmax><ymax>562.6068537</ymax></bndbox></object><object><name>car</name><pose>Unspecified</pose><truncated>0</truncated><difficult>0</difficult><bndbox><xmin>660.9174823</xmin><ymin>537.7186986</ymin><xmax>684.0523654</xmax><ymax>557.0938685</ymax></bndbox></object><object><name>bicycle</name><pose>Unspecified</pose><truncated>0</truncated><difficult>0</difficult><bndbox><xmin>804.0939006</xmin><ymin>546.2572103</ymin><xmax>864.9144404</xmax><ymax>607.9673171</ymax></bndbox></object></annotation>