<annotation><folder>test_xmls</folder><filename>host-a004_cam0_1232817661251064006.jpeg</filename><path>./imageshost-a004_cam0_1232817661251064006.jpeg</path><source><database>Unknown</database></source><size><width>1224</width><height>1024</height><depth>3</depth></size><segmented>0</segmented><object><name>car</name><pose>Unspecified</pose><truncated>0</truncated><difficult>0</difficult><bndbox><xmin>695.747506</xmin><ymin>538.2157389</ymin><xmax>754.2529198</xmax><ymax>579.696299</ymax></bndbox></object><object><name>truck</name><pose>Unspecified</pose><truncated>0</truncated><difficult>0</difficult><bndbox><xmin>325.4527862</xmin><ymin>517.1155697</ymin><xmax>429.0246083</xmax><ymax>561.5371448</ymax></bndbox></object><object><name>car</name><pose>Unspecified</pose><truncated>0</truncated><difficult>0</difficult><bndbox><xmin>181.4622958</xmin><ymin>543.3565567</ymin><xmax>253.8600152</xmax><ymax>572.7730805</ymax></bndbox></object><object><name>car</name><pose>Unspecified</pose><truncated>0</truncated><difficult>0</difficult><bndbox><xmin>684.7507662</xmin><ymin>537.6189533</ymin><xmax>735.0059902</xmax><ymax>574.3060132</ymax></bndbox></object><object><name>car</name><pose>Unspecified</pose><truncated>0</truncated><difficult>0</difficult><bndbox><xmin>705.0200531</xmin><ymin>538.2258686</ymin><xmax>787.2029513</xmax><ymax>593.1542963</ymax></bndbox></object><object><name>car</name><pose>Unspecified</pose><truncated>0</truncated><difficult>0</difficult><bndbox><xmin>0</xmin><ymin>546.2874876</ymin><xmax>60.07142826</xmax><ymax>601.7147097</ymax></bndbox></object><object><name>car</name><pose>Unspecified</pose><truncated>0</truncated><difficult>0</difficult><bndbox><xmin>0</xmin><ymin>531.3388765</ymin><xmax>267.2751084</xmax><ymax>1024.0</ymax></bndbox></object><object><name>car</name><pose>Unspecified</pose><truncated>0</truncated><difficult>0</difficult><bndbox><xmin>441.3341988</xmin><ymin>538.4179803</ymin><xmax>501.8597401</xmax><ymax>574.5336724</ymax></bndbox></object><object><name>car</name><pose>Unspecified</pose><truncated>0</truncated><difficult>0</difficult><bndbox><xmin>554.6078769</xmin><ymin>533.0724383</ymin><xmax>577.444119</xmax><ymax>550.6073554</ymax></bndbox></object><object><name>car</name><pose>Unspecified</pose><truncated>0</truncated><difficult>0</difficult><bndbox><xmin>717.573437</xmin><ymin>522.1818825</ymin><xmax>835.3068549</xmax><ymax>614.0615364</ymax></bndbox></object><object><name>car</name><pose>Unspecified</pose><truncated>0</truncated><difficult>0</difficult><bndbox><xmin>558.9106256</xmin><ymin>537.2619199</ymin><xmax>594.1978067</xmax><ymax>564.2794334</ymax></bndbox></object><object><name>other_vehicle</name><pose>Unspecified</pose><truncated>0</truncated><difficult>0</difficult><bndbox><xmin>664.5516596</xmin><ymin>502.167279</ymin><xmax>729.1775595</xmax><ymax>566.3082241</ymax></bndbox></object><object><name>bus</name><pose>Unspecified</pose><truncated>0</truncated><difficult>0</difficult><bndbox><xmin>649.9638454</xmin><ymin>513.8604877</ymin><xmax>677.6544687</xmax><ymax>547.4661402</ymax></bndbox></object><object><name>car</name><pose>Unspecified</pose><truncated>0</truncated><difficult>0</difficult><bndbox><xmin>25.40391812</xmin><ymin>543.1819391</ymin><xmax>132.031105</xmax><ymax>589.0067376</ymax></bndbox></object><object><name>car</name><pose>Unspecified</pose><truncated>0</truncated><difficult>0</difficult><bndbox><xmin>501.8762056</xmin><ymin>537.694925</ymin><xmax>576.2686583</xmax><ymax>587.6448102</ymax></bndbox></object><object><name>car</name><pose>Unspecified</pose><truncated>0</truncated><difficult>0</difficult><bndbox><xmin>267.5549569</xmin><ymin>527.5491739</ymin><xmax>428.3673295</xmax><ymax>616.3700951</ymax></bndbox></object><object><name>other_vehicle</name><pose>Unspecified</pose><truncated>0</truncated><difficult>0</difficult><bndbox><xmin>657.2142143</xmin><ymin>517.7029703</ymin><xmax>690.5519734</xmax><ymax>549.5255634</ymax></bndbox></object></annotation>