<annotation><folder>test_xmls</folder><filename>host-a004_cam0_1233444817751064006.jpeg</filename><path>./imageshost-a004_cam0_1233444817751064006.jpeg</path><source><database>Unknown</database></source><size><width>1224</width><height>1024</height><depth>3</depth></size><segmented>0</segmented><object><name>car</name><pose>Unspecified</pose><truncated>0</truncated><difficult>0</difficult><bndbox><xmin>571.9815871</xmin><ymin>533.9286359</ymin><xmax>601.674064</xmax><ymax>556.2686691</ymax></bndbox></object><object><name>car</name><pose>Unspecified</pose><truncated>0</truncated><difficult>0</difficult><bndbox><xmin>682.4438453</xmin><ymin>538.9087267</ymin><xmax>742.0326991</xmax><ymax>580.0184892</ymax></bndbox></object><object><name>car</name><pose>Unspecified</pose><truncated>0</truncated><difficult>0</difficult><bndbox><xmin>232.9007588</xmin><ymin>529.8718465</ymin><xmax>389.9907498</xmax><ymax>622.4093277</ymax></bndbox></object><object><name>car</name><pose>Unspecified</pose><truncated>0</truncated><difficult>0</difficult><bndbox><xmin>665.1084761</xmin><ymin>538.6682972</ymin><xmax>697.294338</xmax><ymax>563.2339684</ymax></bndbox></object><object><name>car</name><pose>Unspecified</pose><truncated>0</truncated><difficult>0</difficult><bndbox><xmin>691.97702</xmin><ymin>529.603097</ymin><xmax>773.264136</xmax><ymax>586.9658267</ymax></bndbox></object><object><name>bicycle</name><pose>Unspecified</pose><truncated>0</truncated><difficult>0</difficult><bndbox><xmin>991.8479162</xmin><ymin>540.8045763</ymin><xmax>1050.44243</xmax><ymax>580.6590172</ymax></bndbox></object><object><name>car</name><pose>Unspecified</pose><truncated>0</truncated><difficult>0</difficult><bndbox><xmin>711.7180587</xmin><ymin>533.7616703</ymin><xmax>808.0405985</xmax><ymax>604.1281319</ymax></bndbox></object><object><name>car</name><pose>Unspecified</pose><truncated>0</truncated><difficult>0</difficult><bndbox><xmin>384.018283</xmin><ymin>542.6129557</ymin><xmax>417.1051457</xmax><ymax>561.4304242</ymax></bndbox></object></annotation>