<annotation><folder>test_xmls</folder><filename>host-a004_cam0_1233620278951064006.jpeg</filename><path>./imageshost-a004_cam0_1233620278951064006.jpeg</path><source><database>Unknown</database></source><size><width>1224</width><height>1024</height><depth>3</depth></size><segmented>0</segmented><object><name>car</name><pose>Unspecified</pose><truncated>0</truncated><difficult>0</difficult><bndbox><xmin>384.5546978</xmin><ymin>546.3802327</ymin><xmax>423.7262225</xmax><ymax>567.0568647</ymax></bndbox></object><object><name>other_vehicle</name><pose>Unspecified</pose><truncated>0</truncated><difficult>0</difficult><bndbox><xmin>669.2503168</xmin><ymin>512.6727995</ymin><xmax>728.2346831</xmax><ymax>567.4106484</ymax></bndbox></object><object><name>car</name><pose>Unspecified</pose><truncated>0</truncated><difficult>0</difficult><bndbox><xmin>0</xmin><ymin>542.2444001</ymin><xmax>124.1490676</xmax><ymax>606.792232</ymax></bndbox></object><object><name>car</name><pose>Unspecified</pose><truncated>0</truncated><difficult>0</difficult><bndbox><xmin>446.7898567</xmin><ymin>538.4885747</ymin><xmax>479.7363893</xmax><ymax>562.803575</ymax></bndbox></object><object><name>truck</name><pose>Unspecified</pose><truncated>0</truncated><difficult>0</difficult><bndbox><xmin>0</xmin><ymin>461.8568996</ymin><xmax>52.98203588</xmax><ymax>628.5101475</ymax></bndbox></object><object><name>car</name><pose>Unspecified</pose><truncated>0</truncated><difficult>0</difficult><bndbox><xmin>685.9879252</xmin><ymin>528.8120514</ymin><xmax>737.6627992</xmax><ymax>573.6962578</ymax></bndbox></object><object><name>car</name><pose>Unspecified</pose><truncated>0</truncated><difficult>0</difficult><bndbox><xmin>557.0356169</xmin><ymin>535.1997528</ymin><xmax>588.4857223</xmax><ymax>563.9069429</ymax></bndbox></object><object><name>car</name><pose>Unspecified</pose><truncated>0</truncated><difficult>0</difficult><bndbox><xmin>693.1505761</xmin><ymin>520.2770725</ymin><xmax>765.2581741</xmax><ymax>584.5651209</ymax></bndbox></object><object><name>other_vehicle</name><pose>Unspecified</pose><truncated>0</truncated><difficult>0</difficult><bndbox><xmin>667.3378961</xmin><ymin>520.4590548</ymin><xmax>702.9445679</xmax><ymax>560.468837</ymax></bndbox></object><object><name>car</name><pose>Unspecified</pose><truncated>0</truncated><difficult>0</difficult><bndbox><xmin>721.2180317</xmin><ymin>543.4261117</ymin><xmax>814.4747813</xmax><ymax>607.5618548</ymax></bndbox></object><object><name>car</name><pose>Unspecified</pose><truncated>0</truncated><difficult>0</difficult><bndbox><xmin>263.4669507</xmin><ymin>548.1729511</ymin><xmax>311.484707</xmax><ymax>572.3630376</ymax></bndbox></object></annotation>