<annotation><folder>test_xmls</folder><filename>host-a004_cam0_1233683012251064006.jpeg</filename><path>./imageshost-a004_cam0_1233683012251064006.jpeg</path><source><database>Unknown</database></source><size><width>1224</width><height>1024</height><depth>3</depth></size><segmented>0</segmented><object><name>car</name><pose>Unspecified</pose><truncated>0</truncated><difficult>0</difficult><bndbox><xmin>480.3026729</xmin><ymin>532.2912383</ymin><xmax>515.6654652</xmax><ymax>553.9261533</ymax></bndbox></object><object><name>car</name><pose>Unspecified</pose><truncated>0</truncated><difficult>0</difficult><bndbox><xmin>684.949652</xmin><ymin>527.492201</ymin><xmax>722.718607</xmax><ymax>558.408408</ymax></bndbox></object><object><name>motorcycle</name><pose>Unspecified</pose><truncated>0</truncated><difficult>0</difficult><bndbox><xmin>776.5291722</xmin><ymin>532.4932411</ymin><xmax>907.6322433</xmax><ymax>625.307708</ymax></bndbox></object><object><name>truck</name><pose>Unspecified</pose><truncated>0</truncated><difficult>0</difficult><bndbox><xmin>362.3246105</xmin><ymin>497.3219005</ymin><xmax>465.3358359</xmax><ymax>571.2058735</ymax></bndbox></object><object><name>car</name><pose>Unspecified</pose><truncated>0</truncated><difficult>0</difficult><bndbox><xmin>245.5894587</xmin><ymin>539.3157493</ymin><xmax>299.4256413</xmax><ymax>558.4725501</ymax></bndbox></object><object><name>car</name><pose>Unspecified</pose><truncated>0</truncated><difficult>0</difficult><bndbox><xmin>691.7539643</xmin><ymin>533.4324888</ymin><xmax>726.8045214</xmax><ymax>561.5834652</ymax></bndbox></object><object><name>car</name><pose>Unspecified</pose><truncated>0</truncated><difficult>0</difficult><bndbox><xmin>519.0566353</xmin><ymin>528.6545434</ymin><xmax>582.7418627</xmax><ymax>579.9663719</ymax></bndbox></object><object><name>car</name><pose>Unspecified</pose><truncated>0</truncated><difficult>0</difficult><bndbox><xmin>591.7190542</xmin><ymin>529.9344711</ymin><xmax>613.9641679</xmax><ymax>547.9496578</ymax></bndbox></object></annotation>