<annotation><folder>test_xmls</folder><filename>host-a004_cam0_1233014367051064006.jpeg</filename><path>./imageshost-a004_cam0_1233014367051064006.jpeg</path><source><database>Unknown</database></source><size><width>1224</width><height>1024</height><depth>3</depth></size><segmented>0</segmented><object><name>car</name><pose>Unspecified</pose><truncated>0</truncated><difficult>0</difficult><bndbox><xmin>499.5376457</xmin><ymin>537.4704077</ymin><xmax>538.4311081</xmax><ymax>565.5576106</ymax></bndbox></object><object><name>car</name><pose>Unspecified</pose><truncated>0</truncated><difficult>0</difficult><bndbox><xmin>614.2765547</xmin><ymin>537.9012415</ymin><xmax>643.334659</xmax><ymax>563.0160139</ymax></bndbox></object><object><name>car</name><pose>Unspecified</pose><truncated>0</truncated><difficult>0</difficult><bndbox><xmin>549.5980028</xmin><ymin>537.073521</ymin><xmax>588.0650883</xmax><ymax>569.405282</ymax></bndbox></object><object><name>car</name><pose>Unspecified</pose><truncated>0</truncated><difficult>0</difficult><bndbox><xmin>176.2264119</xmin><ymin>548.8008723</ymin><xmax>243.2036171</xmax><ymax>583.8344857</ymax></bndbox></object><object><name>car</name><pose>Unspecified</pose><truncated>0</truncated><difficult>0</difficult><bndbox><xmin>286.5701028</xmin><ymin>549.6125517</ymin><xmax>329.71349</xmax><ymax>572.3363934</ymax></bndbox></object><object><name>car</name><pose>Unspecified</pose><truncated>0</truncated><difficult>0</difficult><bndbox><xmin>762.4593287</xmin><ymin>537.4435964</ymin><xmax>950.250658</xmax><ymax>648.366023</ymax></bndbox></object><object><name>car</name><pose>Unspecified</pose><truncated>0</truncated><difficult>0</difficult><bndbox><xmin>287.8996198</xmin><ymin>531.9096028</ymin><xmax>427.3604792</xmax><ymax>612.5146365</ymax></bndbox></object><object><name>car</name><pose>Unspecified</pose><truncated>0</truncated><difficult>0</difficult><bndbox><xmin>0</xmin><ymin>556.0947437</ymin><xmax>158.3539988</xmax><ymax>1024.0</ymax></bndbox></object><object><name>car</name><pose>Unspecified</pose><truncated>0</truncated><difficult>0</difficult><bndbox><xmin>589.6083092</xmin><ymin>536.7826024</ymin><xmax>608.203377</xmax><ymax>553.0593141</ymax></bndbox></object><object><name>other_vehicle</name><pose>Unspecified</pose><truncated>0</truncated><difficult>0</difficult><bndbox><xmin>0</xmin><ymin>527.4095164</ymin><xmax>151.3488475</xmax><ymax>609.010558</ymax></bndbox></object><object><name>car</name><pose>Unspecified</pose><truncated>0</truncated><difficult>0</difficult><bndbox><xmin>225.2756798</xmin><ymin>548.8909634</ymin><xmax>279.7047195</xmax><ymax>578.2988147</ymax></bndbox></object><object><name>car</name><pose>Unspecified</pose><truncated>0</truncated><difficult>0</difficult><bndbox><xmin>118.0058018</xmin><ymin>559.5203155</ymin><xmax>189.8685997</xmax><ymax>590.3217903</ymax></bndbox></object><object><name>car</name><pose>Unspecified</pose><truncated>0</truncated><difficult>0</difficult><bndbox><xmin>391.8674687</xmin><ymin>539.3370804</ymin><xmax>426.0012249</xmax><ymax>562.7790877</ymax></bndbox></object></annotation>