<annotation><folder>test_xmls</folder><filename>host-a004_cam0_1233693283751064006.jpeg</filename><path>./imageshost-a004_cam0_1233693283751064006.jpeg</path><source><database>Unknown</database></source><size><width>1224</width><height>1024</height><depth>3</depth></size><segmented>0</segmented><object><name>car</name><pose>Unspecified</pose><truncated>0</truncated><difficult>0</difficult><bndbox><xmin>449.9445983</xmin><ymin>536.6008428</ymin><xmax>547.5426944</xmax><ymax>604.0016407</ymax></bndbox></object><object><name>other_vehicle</name><pose>Unspecified</pose><truncated>0</truncated><difficult>0</difficult><bndbox><xmin>341.4001699</xmin><ymin>529.0588476</ymin><xmax>394.4661157</xmax><ymax>564.2107106</ymax></bndbox></object><object><name>car</name><pose>Unspecified</pose><truncated>0</truncated><difficult>0</difficult><bndbox><xmin>669.3256741</xmin><ymin>535.8426062</ymin><xmax>705.2089083</xmax><ymax>562.9278472</ymax></bndbox></object><object><name>car</name><pose>Unspecified</pose><truncated>0</truncated><difficult>0</difficult><bndbox><xmin>314.7958036</xmin><ymin>540.9094194</ymin><xmax>361.1996503</xmax><ymax>566.0933861</ymax></bndbox></object><object><name>car</name><pose>Unspecified</pose><truncated>0</truncated><difficult>0</difficult><bndbox><xmin>176.7271793</xmin><ymin>525.7621995</ymin><xmax>337.7289818</xmax><ymax>623.0897381</ymax></bndbox></object><object><name>car</name><pose>Unspecified</pose><truncated>0</truncated><difficult>0</difficult><bndbox><xmin>94.88857222</xmin><ymin>552.1310243</ymin><xmax>180.3305198</xmax><ymax>590.3204586</ymax></bndbox></object><object><name>car</name><pose>Unspecified</pose><truncated>0</truncated><difficult>0</difficult><bndbox><xmin>457.768668</xmin><ymin>537.1410795</ymin><xmax>496.4463659</xmax><ymax>562.275754</ymax></bndbox></object><object><name>car</name><pose>Unspecified</pose><truncated>0</truncated><difficult>0</difficult><bndbox><xmin>611.047242</xmin><ymin>535.6941394</ymin><xmax>665.2087899</xmax><ymax>584.2462226</ymax></bndbox></object><object><name>car</name><pose>Unspecified</pose><truncated>0</truncated><difficult>0</difficult><bndbox><xmin>154.3648426</xmin><ymin>542.607521</ymin><xmax>233.4108014</xmax><ymax>581.6464892</ymax></bndbox></object><object><name>car</name><pose>Unspecified</pose><truncated>0</truncated><difficult>0</difficult><bndbox><xmin>590.7038994</xmin><ymin>529.6452734</ymin><xmax>614.637238</xmax><ymax>552.6839409</ymax></bndbox></object><object><name>car</name><pose>Unspecified</pose><truncated>0</truncated><difficult>0</difficult><bndbox><xmin>522.0197405</xmin><ymin>532.3165865</ymin><xmax>557.2068867</xmax><ymax>560.2053889</ymax></bndbox></object><object><name>car</name><pose>Unspecified</pose><truncated>0</truncated><difficult>0</difficult><bndbox><xmin>837.8270637</xmin><ymin>545.9574475</ymin><xmax>1224.0</xmax><ymax>799.5093228</ymax></bndbox></object><object><name>car</name><pose>Unspecified</pose><truncated>0</truncated><difficult>0</difficult><bndbox><xmin>488.2384628</xmin><ymin>535.8303378</ymin><xmax>530.373713</xmax><ymax>565.8426967</ymax></bndbox></object><object><name>car</name><pose>Unspecified</pose><truncated>0</truncated><difficult>0</difficult><bndbox><xmin>697.6257479</xmin><ymin>531.8302784</ymin><xmax>756.8822703</xmax><ymax>578.1366835</ymax></bndbox></object><object><name>car</name><pose>Unspecified</pose><truncated>0</truncated><difficult>0</difficult><bndbox><xmin>565.0396084</xmin><ymin>526.2972022</ymin><xmax>606.618447</xmax><ymax>564.0312288</ymax></bndbox></object><object><name>car</name><pose>Unspecified</pose><truncated>0</truncated><difficult>0</difficult><bndbox><xmin>733.0294337</xmin><ymin>527.9184264</ymin><xmax>841.2754016</xmax><ymax>611.6453375</ymax></bndbox></object><object><name>car</name><pose>Unspecified</pose><truncated>0</truncated><difficult>0</difficult><bndbox><xmin>287.2397742</xmin><ymin>547.760868</ymin><xmax>335.0953726</xmax><ymax>569.4547416</ymax></bndbox></object><object><name>other_vehicle</name><pose>Unspecified</pose><truncated>0</truncated><difficult>0</difficult><bndbox><xmin>0</xmin><ymin>520.4817196</ymin><xmax>119.2564488</xmax><ymax>604.4655671</ymax></bndbox></object><object><name>car</name><pose>Unspecified</pose><truncated>0</truncated><difficult>0</difficult><bndbox><xmin>760.5523241</xmin><ymin>537.3417097</ymin><xmax>896.1035131</xmax><ymax>640.3915815</ymax></bndbox></object><object><name>car</name><pose>Unspecified</pose><truncated>0</truncated><difficult>0</difficult><bndbox><xmin>685.6906774</xmin><ymin>530.9277991</ymin><xmax>733.3657069</xmax><ymax>572.3532386</ymax></bndbox></object></annotation>