<annotation><folder>test_xmls</folder><filename>host-a004_cam0_1233602034251064006.jpeg</filename><path>./imageshost-a004_cam0_1233602034251064006.jpeg</path><source><database>Unknown</database></source><size><width>1224</width><height>1024</height><depth>3</depth></size><segmented>0</segmented><object><name>car</name><pose>Unspecified</pose><truncated>0</truncated><difficult>0</difficult><bndbox><xmin>325.7675768</xmin><ymin>534.9062972</ymin><xmax>432.3818653</xmax><ymax>606.791334</ymax></bndbox></object><object><name>car</name><pose>Unspecified</pose><truncated>0</truncated><difficult>0</difficult><bndbox><xmin>0</xmin><ymin>526.1569298</ymin><xmax>411.8783857</xmax><ymax>771.7693406</ymax></bndbox></object><object><name>car</name><pose>Unspecified</pose><truncated>0</truncated><difficult>0</difficult><bndbox><xmin>520.2359594</xmin><ymin>541.6163532</ymin><xmax>578.3292256</xmax><ymax>585.1859964</ymax></bndbox></object></annotation>