<annotation><folder>test_xmls</folder><filename>host-a004_cam0_1233693214551064006.jpeg</filename><path>./imageshost-a004_cam0_1233693214551064006.jpeg</path><source><database>Unknown</database></source><size><width>1224</width><height>1024</height><depth>3</depth></size><segmented>0</segmented><object><name>car</name><pose>Unspecified</pose><truncated>0</truncated><difficult>0</difficult><bndbox><xmin>633.30141</xmin><ymin>537.7665831</ymin><xmax>671.603416</xmax><ymax>571.3066697</ymax></bndbox></object><object><name>car</name><pose>Unspecified</pose><truncated>0</truncated><difficult>0</difficult><bndbox><xmin>537.2135345</xmin><ymin>540.1390489</ymin><xmax>592.8725233</xmax><ymax>577.9230728</ymax></bndbox></object><object><name>car</name><pose>Unspecified</pose><truncated>0</truncated><difficult>0</difficult><bndbox><xmin>523.3136101</xmin><ymin>538.8982463</ymin><xmax>556.6313885</xmax><ymax>560.8143122</ymax></bndbox></object><object><name>car</name><pose>Unspecified</pose><truncated>0</truncated><difficult>0</difficult><bndbox><xmin>372.8995055</xmin><ymin>527.5455455</ymin><xmax>533.5791341</xmax><ymax>637.2483548</ymax></bndbox></object><object><name>car</name><pose>Unspecified</pose><truncated>0</truncated><difficult>0</difficult><bndbox><xmin>549.6671481</xmin><ymin>537.6912853</ymin><xmax>578.8808082</xmax><ymax>563.2359053</ymax></bndbox></object><object><name>car</name><pose>Unspecified</pose><truncated>0</truncated><difficult>0</difficult><bndbox><xmin>586.2175661</xmin><ymin>532.8183363</ymin><xmax>611.5478625</xmax><ymax>557.6179803</ymax></bndbox></object></annotation>