<annotation><folder>test_xmls</folder><filename>host-a004_cam0_1232905200951064006.jpeg</filename><path>./imageshost-a004_cam0_1232905200951064006.jpeg</path><source><database>Unknown</database></source><size><width>1224</width><height>1024</height><depth>3</depth></size><segmented>0</segmented><object><name>car</name><pose>Unspecified</pose><truncated>0</truncated><difficult>0</difficult><bndbox><xmin>198.7365771</xmin><ymin>538.8150733</ymin><xmax>321.0008158</xmax><ymax>597.0944524</ymax></bndbox></object><object><name>bus</name><pose>Unspecified</pose><truncated>0</truncated><difficult>0</difficult><bndbox><xmin>0</xmin><ymin>441.6322697</ymin><xmax>210.208934</xmax><ymax>614.1603912</ymax></bndbox></object><object><name>car</name><pose>Unspecified</pose><truncated>0</truncated><difficult>0</difficult><bndbox><xmin>665.9722001</xmin><ymin>537.6471498</ymin><xmax>722.5895273</xmax><ymax>583.2626033</ymax></bndbox></object><object><name>car</name><pose>Unspecified</pose><truncated>0</truncated><difficult>0</difficult><bndbox><xmin>386.4102325</xmin><ymin>525.4883074</ymin><xmax>449.8681946</xmax><ymax>565.3953971</ymax></bndbox></object><object><name>car</name><pose>Unspecified</pose><truncated>0</truncated><difficult>0</difficult><bndbox><xmin>449.3085822</xmin><ymin>537.1782293</ymin><xmax>476.1189897</xmax><ymax>553.1645354</ymax></bndbox></object><object><name>car</name><pose>Unspecified</pose><truncated>0</truncated><difficult>0</difficult><bndbox><xmin>538.9611258</xmin><ymin>532.4458273</ymin><xmax>589.3808038</xmax><ymax>573.6362019</ymax></bndbox></object><object><name>car</name><pose>Unspecified</pose><truncated>0</truncated><difficult>0</difficult><bndbox><xmin>0</xmin><ymin>527.8379911</ymin><xmax>18.30055928</xmax><ymax>685.3641805</ymax></bndbox></object><object><name>car</name><pose>Unspecified</pose><truncated>0</truncated><difficult>0</difficult><bndbox><xmin>314.3869263</xmin><ymin>528.5345542</ymin><xmax>404.6884062</xmax><ymax>580.2654094</ymax></bndbox></object><object><name>car</name><pose>Unspecified</pose><truncated>0</truncated><difficult>0</difficult><bndbox><xmin>592.60308</xmin><ymin>530.7133105</ymin><xmax>623.7427401</xmax><ymax>555.3778122</ymax></bndbox></object><object><name>car</name><pose>Unspecified</pose><truncated>0</truncated><difficult>0</difficult><bndbox><xmin>571.1148668</xmin><ymin>527.6125352</ymin><xmax>605.9029799</xmax><ymax>561.7736616</ymax></bndbox></object><object><name>car</name><pose>Unspecified</pose><truncated>0</truncated><difficult>0</difficult><bndbox><xmin>0</xmin><ymin>543.1668386</ymin><xmax>165.0612309</xmax><ymax>610.6940888</ymax></bndbox></object><object><name>car</name><pose>Unspecified</pose><truncated>0</truncated><difficult>0</difficult><bndbox><xmin>38.25563537</xmin><ymin>528.5766086</ymin><xmax>231.6170524</xmax><ymax>621.3564778</ymax></bndbox></object><object><name>car</name><pose>Unspecified</pose><truncated>0</truncated><difficult>0</difficult><bndbox><xmin>627.8133624</xmin><ymin>537.2013182</ymin><xmax>668.9037591</xmax><ymax>569.3182083</ymax></bndbox></object><object><name>other_vehicle</name><pose>Unspecified</pose><truncated>0</truncated><difficult>0</difficult><bndbox><xmin>345.3508887</xmin><ymin>526.5123288</ymin><xmax>397.5470906</xmax><ymax>562.7158829</ymax></bndbox></object><object><name>car</name><pose>Unspecified</pose><truncated>0</truncated><difficult>0</difficult><bndbox><xmin>0</xmin><ymin>489.22391</ymin><xmax>100.5019859</xmax><ymax>1024.0</ymax></bndbox></object><object><name>car</name><pose>Unspecified</pose><truncated>0</truncated><difficult>0</difficult><bndbox><xmin>470.3900826</xmin><ymin>533.7397005</ymin><xmax>508.9591059</xmax><ymax>554.4680954</ymax></bndbox></object><object><name>car</name><pose>Unspecified</pose><truncated>0</truncated><difficult>0</difficult><bndbox><xmin>297.675186</xmin><ymin>536.9987774</ymin><xmax>356.1900537</xmax><ymax>565.7575865</ymax></bndbox></object></annotation>