<annotation><folder>test_xmls</folder><filename>host-a004_cam0_1232833323851064006.jpeg</filename><path>./imageshost-a004_cam0_1232833323851064006.jpeg</path><source><database>Unknown</database></source><size><width>1224</width><height>1024</height><depth>3</depth></size><segmented>0</segmented><object><name>car</name><pose>Unspecified</pose><truncated>0</truncated><difficult>0</difficult><bndbox><xmin>696.9691761</xmin><ymin>537.7332333</ymin><xmax>756.0269017</xmax><ymax>586.3831344</ymax></bndbox></object><object><name>car</name><pose>Unspecified</pose><truncated>0</truncated><difficult>0</difficult><bndbox><xmin>679.3575104</xmin><ymin>542.6302878</ymin><xmax>705.1327308</xmax><ymax>563.6035226</ymax></bndbox></object><object><name>car</name><pose>Unspecified</pose><truncated>0</truncated><difficult>0</difficult><bndbox><xmin>704.6110773</xmin><ymin>520.3330466</ymin><xmax>802.5189597</xmax><ymax>599.5326864</ymax></bndbox></object><object><name>car</name><pose>Unspecified</pose><truncated>0</truncated><difficult>0</difficult><bndbox><xmin>741.4917049</xmin><ymin>545.4599522</ymin><xmax>843.742956</xmax><ymax>618.5146106</ymax></bndbox></object><object><name>car</name><pose>Unspecified</pose><truncated>0</truncated><difficult>0</difficult><bndbox><xmin>353.5570602</xmin><ymin>549.2204772</ymin><xmax>383.9691689</xmax><ymax>567.5160355</ymax></bndbox></object><object><name>car</name><pose>Unspecified</pose><truncated>0</truncated><difficult>0</difficult><bndbox><xmin>270.4324336</xmin><ymin>542.9169289</ymin><xmax>343.6404347</xmax><ymax>581.8360957</ymax></bndbox></object><object><name>car</name><pose>Unspecified</pose><truncated>0</truncated><difficult>0</difficult><bndbox><xmin>49.73309815</xmin><ymin>548.9027506</ymin><xmax>180.721965</xmax><ymax>600.3932724</ymax></bndbox></object><object><name>car</name><pose>Unspecified</pose><truncated>0</truncated><difficult>0</difficult><bndbox><xmin>673.2317849</xmin><ymin>539.9751377</ymin><xmax>699.9898573</xmax><ymax>561.3549105</ymax></bndbox></object><object><name>truck</name><pose>Unspecified</pose><truncated>0</truncated><difficult>0</difficult><bndbox><xmin>308.3434252</xmin><ymin>532.2438761</ymin><xmax>371.0844462</xmax><ymax>571.5561754</ymax></bndbox></object><object><name>car</name><pose>Unspecified</pose><truncated>0</truncated><difficult>0</difficult><bndbox><xmin>416.6396488</xmin><ymin>541.6505029</ymin><xmax>457.9644121</xmax><ymax>575.8270394</ymax></bndbox></object><object><name>car</name><pose>Unspecified</pose><truncated>0</truncated><difficult>0</difficult><bndbox><xmin>0</xmin><ymin>547.9646341</ymin><xmax>100.5693838</xmax><ymax>598.6155835</ymax></bndbox></object></annotation>