<annotation><folder>test_xmls</folder><filename>host-a004_cam0_1233427006251064006.jpeg</filename><path>./imageshost-a004_cam0_1233427006251064006.jpeg</path><source><database>Unknown</database></source><size><width>1224</width><height>1024</height><depth>3</depth></size><segmented>0</segmented><object><name>car</name><pose>Unspecified</pose><truncated>0</truncated><difficult>0</difficult><bndbox><xmin>309.7064401</xmin><ymin>539.2885671</ymin><xmax>390.4843102</xmax><ymax>587.4762626</ymax></bndbox></object><object><name>car</name><pose>Unspecified</pose><truncated>0</truncated><difficult>0</difficult><bndbox><xmin>430.9135722</xmin><ymin>548.5518974</ymin><xmax>463.6576643</xmax><ymax>568.8518072</ymax></bndbox></object><object><name>car</name><pose>Unspecified</pose><truncated>0</truncated><difficult>0</difficult><bndbox><xmin>610.8942402</xmin><ymin>532.5822546</ymin><xmax>656.6759421</xmax><ymax>575.370081</ymax></bndbox></object><object><name>truck</name><pose>Unspecified</pose><truncated>0</truncated><difficult>0</difficult><bndbox><xmin>474.8211814</xmin><ymin>500.9815825</ymin><xmax>573.2276626</xmax><ymax>580.3668504</ymax></bndbox></object><object><name>bus</name><pose>Unspecified</pose><truncated>0</truncated><difficult>0</difficult><bndbox><xmin>288.6693249</xmin><ymin>529.3193393</ymin><xmax>369.1801762</xmax><ymax>579.5472327</ymax></bndbox></object><object><name>car</name><pose>Unspecified</pose><truncated>0</truncated><difficult>0</difficult><bndbox><xmin>0</xmin><ymin>558.7858282</ymin><xmax>80.36769392</xmax><ymax>631.3608148</ymax></bndbox></object><object><name>car</name><pose>Unspecified</pose><truncated>0</truncated><difficult>0</difficult><bndbox><xmin>988.0485068</xmin><ymin>517.6394299</ymin><xmax>1197.365767</xmax><ymax>598.9376366</ymax></bndbox></object><object><name>car</name><pose>Unspecified</pose><truncated>0</truncated><difficult>0</difficult><bndbox><xmin>592.5507574</xmin><ymin>539.5896954</ymin><xmax>615.1231537</xmax><ymax>560.1772799</ymax></bndbox></object><object><name>car</name><pose>Unspecified</pose><truncated>0</truncated><difficult>0</difficult><bndbox><xmin>162.8630851</xmin><ymin>561.7310478</ymin><xmax>233.3093377</xmax><ymax>593.1690673</ymax></bndbox></object><object><name>car</name><pose>Unspecified</pose><truncated>0</truncated><difficult>0</difficult><bndbox><xmin>392.4596984</xmin><ymin>548.4406044</ymin><xmax>431.8270607</xmax><ymax>572.4237375</ymax></bndbox></object><object><name>car</name><pose>Unspecified</pose><truncated>0</truncated><difficult>0</difficult><bndbox><xmin>171.7270553</xmin><ymin>549.2808688</ymin><xmax>367.3645991</xmax><ymax>650.1518446</ymax></bndbox></object><object><name>car</name><pose>Unspecified</pose><truncated>0</truncated><difficult>0</difficult><bndbox><xmin>0</xmin><ymin>574.0858757</ymin><xmax>16.92348784</xmax><ymax>624.8548297</ymax></bndbox></object><object><name>car</name><pose>Unspecified</pose><truncated>0</truncated><difficult>0</difficult><bndbox><xmin>88.67688053</xmin><ymin>555.8786895</ymin><xmax>182.2284385</xmax><ymax>600.9824659</ymax></bndbox></object><object><name>car</name><pose>Unspecified</pose><truncated>0</truncated><difficult>0</difficult><bndbox><xmin>663.2271905</xmin><ymin>538.7086575</ymin><xmax>685.6360152</xmax><ymax>555.4567658</ymax></bndbox></object><object><name>truck</name><pose>Unspecified</pose><truncated>0</truncated><difficult>0</difficult><bndbox><xmin>426.1609556</xmin><ymin>523.018492</ymin><xmax>489.8444462</xmax><ymax>567.2497162</ymax></bndbox></object><object><name>car</name><pose>Unspecified</pose><truncated>0</truncated><difficult>0</difficult><bndbox><xmin>265.6148087</xmin><ymin>550.1730286</ymin><xmax>335.715376</xmax><ymax>583.9542316</ymax></bndbox></object><object><name>car</name><pose>Unspecified</pose><truncated>0</truncated><difficult>0</difficult><bndbox><xmin>0</xmin><ymin>570.892595</ymin><xmax>92.61429834</xmax><ymax>611.7318991</ymax></bndbox></object></annotation>