<annotation><folder>test_xmls</folder><filename>host-a004_cam0_1233955743051064006.jpeg</filename><path>./imageshost-a004_cam0_1233955743051064006.jpeg</path><source><database>Unknown</database></source><size><width>1224</width><height>1024</height><depth>3</depth></size><segmented>0</segmented><object><name>car</name><pose>Unspecified</pose><truncated>0</truncated><difficult>0</difficult><bndbox><xmin>682.6434994</xmin><ymin>532.3695694</ymin><xmax>740.5781402</xmax><ymax>580.7014548</ymax></bndbox></object><object><name>car</name><pose>Unspecified</pose><truncated>0</truncated><difficult>0</difficult><bndbox><xmin>859.598647</xmin><ymin>534.4069473</ymin><xmax>1224.0</xmax><ymax>860.3491427</ymax></bndbox></object><object><name>car</name><pose>Unspecified</pose><truncated>0</truncated><difficult>0</difficult><bndbox><xmin>489.3042053</xmin><ymin>541.4050332</ymin><xmax>533.1470508</xmax><ymax>569.2601271</ymax></bndbox></object><object><name>car</name><pose>Unspecified</pose><truncated>0</truncated><difficult>0</difficult><bndbox><xmin>591.0534097</xmin><ymin>542.6173868</ymin><xmax>615.6525136</xmax><ymax>559.7039003</ymax></bndbox></object><object><name>car</name><pose>Unspecified</pose><truncated>0</truncated><difficult>0</difficult><bndbox><xmin>294.4529999</xmin><ymin>546.1860713</ymin><xmax>424.5210092</xmax><ymax>616.7196623</ymax></bndbox></object><object><name>car</name><pose>Unspecified</pose><truncated>0</truncated><difficult>0</difficult><bndbox><xmin>742.6577255</xmin><ymin>533.8100486</ymin><xmax>864.6138963</xmax><ymax>633.0832775</ymax></bndbox></object><object><name>car</name><pose>Unspecified</pose><truncated>0</truncated><difficult>0</difficult><bndbox><xmin>559.3443396</xmin><ymin>537.7240322</ymin><xmax>584.6549527</xmax><ymax>557.3040779</ymax></bndbox></object><object><name>car</name><pose>Unspecified</pose><truncated>0</truncated><difficult>0</difficult><bndbox><xmin>768.9592262</xmin><ymin>527.4099663</ymin><xmax>1028.836723</xmax><ymax>698.3152112</ymax></bndbox></object><object><name>other_vehicle</name><pose>Unspecified</pose><truncated>0</truncated><difficult>0</difficult><bndbox><xmin>690.0602657</xmin><ymin>462.632544</ymin><xmax>827.5835702</xmax><ymax>613.5837549</ymax></bndbox></object></annotation>