<annotation><folder>test_xmls</folder><filename>host-a004_cam0_1232905132751064006.jpeg</filename><path>./imageshost-a004_cam0_1232905132751064006.jpeg</path><source><database>Unknown</database></source><size><width>1224</width><height>1024</height><depth>3</depth></size><segmented>0</segmented><object><name>car</name><pose>Unspecified</pose><truncated>0</truncated><difficult>0</difficult><bndbox><xmin>133.1149485</xmin><ymin>544.8651115</ymin><xmax>333.9710123</xmax><ymax>638.5719831</ymax></bndbox></object><object><name>car</name><pose>Unspecified</pose><truncated>0</truncated><difficult>0</difficult><bndbox><xmin>488.0711206</xmin><ymin>540.3061108</ymin><xmax>531.7669342</xmax><ymax>568.7217512</ymax></bndbox></object><object><name>emergency_vehicle</name><pose>Unspecified</pose><truncated>0</truncated><difficult>0</difficult><bndbox><xmin>307.1239016</xmin><ymin>526.9307334</ymin><xmax>389.7353236</xmax><ymax>566.957066</ymax></bndbox></object><object><name>car</name><pose>Unspecified</pose><truncated>0</truncated><difficult>0</difficult><bndbox><xmin>593.4196157</xmin><ymin>535.8073427</ymin><xmax>615.7656436</xmax><ymax>555.1352907</ymax></bndbox></object><object><name>car</name><pose>Unspecified</pose><truncated>0</truncated><difficult>0</difficult><bndbox><xmin>631.4158678</xmin><ymin>534.5252326</ymin><xmax>651.1412372</xmax><ymax>553.5673377</ymax></bndbox></object><object><name>car</name><pose>Unspecified</pose><truncated>0</truncated><difficult>0</difficult><bndbox><xmin>507.0791667</xmin><ymin>527.8661406</ymin><xmax>578.317044</xmax><ymax>586.4069266</ymax></bndbox></object><object><name>car</name><pose>Unspecified</pose><truncated>0</truncated><difficult>0</difficult><bndbox><xmin>562.4046126</xmin><ymin>538.3922591</ymin><xmax>600.5944607</xmax><ymax>565.3047664</ymax></bndbox></object></annotation>