<annotation><folder>test_xmls</folder><filename>host-a004_cam0_1232923278851064006.jpeg</filename><path>./imageshost-a004_cam0_1232923278851064006.jpeg</path><source><database>Unknown</database></source><size><width>1224</width><height>1024</height><depth>3</depth></size><segmented>0</segmented><object><name>car</name><pose>Unspecified</pose><truncated>0</truncated><difficult>0</difficult><bndbox><xmin>684.3876018</xmin><ymin>546.0847602</ymin><xmax>710.1843923</xmax><ymax>570.0204141</ymax></bndbox></object><object><name>car</name><pose>Unspecified</pose><truncated>0</truncated><difficult>0</difficult><bndbox><xmin>148.629074</xmin><ymin>545.8376072</ymin><xmax>276.9352743</xmax><ymax>600.0121043</ymax></bndbox></object><object><name>car</name><pose>Unspecified</pose><truncated>0</truncated><difficult>0</difficult><bndbox><xmin>192.3881661</xmin><ymin>540.5951695</ymin><xmax>274.4274208</xmax><ymax>588.7655079</ymax></bndbox></object><object><name>car</name><pose>Unspecified</pose><truncated>0</truncated><difficult>0</difficult><bndbox><xmin>348.2745034</xmin><ymin>547.0790888</ymin><xmax>393.0730753</xmax><ymax>576.2075531</ymax></bndbox></object><object><name>car</name><pose>Unspecified</pose><truncated>0</truncated><difficult>0</difficult><bndbox><xmin>71.87843585</xmin><ymin>558.5075145</ymin><xmax>233.3731982</xmax><ymax>617.0474269</ymax></bndbox></object><object><name>other_vehicle</name><pose>Unspecified</pose><truncated>0</truncated><difficult>0</difficult><bndbox><xmin>88.49488621</xmin><ymin>527.293005</ymin><xmax>229.9404557</xmax><ymax>599.5899988</ymax></bndbox></object><object><name>car</name><pose>Unspecified</pose><truncated>0</truncated><difficult>0</difficult><bndbox><xmin>0</xmin><ymin>559.0764858</ymin><xmax>17.84375377</xmax><ymax>621.2298765</ymax></bndbox></object><object><name>car</name><pose>Unspecified</pose><truncated>0</truncated><difficult>0</difficult><bndbox><xmin>322.5583272</xmin><ymin>549.0065113</ymin><xmax>374.4146977</xmax><ymax>577.7568658</ymax></bndbox></object><object><name>car</name><pose>Unspecified</pose><truncated>0</truncated><difficult>0</difficult><bndbox><xmin>0</xmin><ymin>558.1151107</ymin><xmax>18.15369655</xmax><ymax>673.4482545</ymax></bndbox></object><object><name>car</name><pose>Unspecified</pose><truncated>0</truncated><difficult>0</difficult><bndbox><xmin>252.5562573</xmin><ymin>557.0578641</ymin><xmax>332.8424193</xmax><ymax>592.6535463</ymax></bndbox></object><object><name>car</name><pose>Unspecified</pose><truncated>0</truncated><difficult>0</difficult><bndbox><xmin>615.5789059</xmin><ymin>548.0316542</ymin><xmax>637.6987243</xmax><ymax>564.677418</ymax></bndbox></object><object><name>car</name><pose>Unspecified</pose><truncated>0</truncated><difficult>0</difficult><bndbox><xmin>299.0480504</xmin><ymin>553.531568</ymin><xmax>343.3865626</xmax><ymax>580.9871469</ymax></bndbox></object><object><name>car</name><pose>Unspecified</pose><truncated>0</truncated><difficult>0</difficult><bndbox><xmin>135.3220997</xmin><ymin>540.3003602</ymin><xmax>263.4520806</xmax><ymax>594.7080615</ymax></bndbox></object><object><name>car</name><pose>Unspecified</pose><truncated>0</truncated><difficult>0</difficult><bndbox><xmin>0</xmin><ymin>558.6394259</ymin><xmax>103.3917708</xmax><ymax>610.7120215</ymax></bndbox></object><object><name>car</name><pose>Unspecified</pose><truncated>0</truncated><difficult>0</difficult><bndbox><xmin>30.17869548</xmin><ymin>556.4184231</ymin><xmax>152.6472387</xmax><ymax>607.2657544</ymax></bndbox></object><object><name>bicycle</name><pose>Unspecified</pose><truncated>0</truncated><difficult>0</difficult><bndbox><xmin>810.9620316</xmin><ymin>545.3141296</ymin><xmax>842.4486274</xmax><ymax>568.484904</ymax></bndbox></object><object><name>car</name><pose>Unspecified</pose><truncated>0</truncated><difficult>0</difficult><bndbox><xmin>376.4178124</xmin><ymin>552.4126765</ymin><xmax>411.4360211</xmax><ymax>573.5064212</ymax></bndbox></object></annotation>