<annotation><folder>test_xmls</folder><filename>host-a004_cam0_1232833315451064006.jpeg</filename><path>./imageshost-a004_cam0_1232833315451064006.jpeg</path><source><database>Unknown</database></source><size><width>1224</width><height>1024</height><depth>3</depth></size><segmented>0</segmented><object><name>car</name><pose>Unspecified</pose><truncated>0</truncated><difficult>0</difficult><bndbox><xmin>0</xmin><ymin>550.4466702</ymin><xmax>13.52199006</xmax><ymax>630.5630203</ymax></bndbox></object><object><name>car</name><pose>Unspecified</pose><truncated>0</truncated><difficult>0</difficult><bndbox><xmin>182.8733134</xmin><ymin>546.9644969</ymin><xmax>274.409972</xmax><ymax>587.2652796</ymax></bndbox></object><object><name>car</name><pose>Unspecified</pose><truncated>0</truncated><difficult>0</difficult><bndbox><xmin>170.2421074</xmin><ymin>548.1936144</ymin><xmax>238.7803948</xmax><ymax>575.6080948</ymax></bndbox></object><object><name>car</name><pose>Unspecified</pose><truncated>0</truncated><difficult>0</difficult><bndbox><xmin>749.2037978</xmin><ymin>531.8640657</ymin><xmax>811.0345777</xmax><ymax>585.7220966</ymax></bndbox></object><object><name>car</name><pose>Unspecified</pose><truncated>0</truncated><difficult>0</difficult><bndbox><xmin>261.771178</xmin><ymin>546.1321622</ymin><xmax>354.9907987</xmax><ymax>587.2541247</ymax></bndbox></object><object><name>car</name><pose>Unspecified</pose><truncated>0</truncated><difficult>0</difficult><bndbox><xmin>89.06785112</xmin><ymin>552.0120481</ymin><xmax>197.8790782</xmax><ymax>594.4016301</ymax></bndbox></object><object><name>car</name><pose>Unspecified</pose><truncated>0</truncated><difficult>0</difficult><bndbox><xmin>519.8919131</xmin><ymin>536.7874321</ymin><xmax>554.186799</xmax><ymax>557.8693179</ymax></bndbox></object><object><name>car</name><pose>Unspecified</pose><truncated>0</truncated><difficult>0</difficult><bndbox><xmin>549.5021254</xmin><ymin>537.4009573</ymin><xmax>576.7694347</xmax><ymax>554.9218044</ymax></bndbox></object><object><name>car</name><pose>Unspecified</pose><truncated>0</truncated><difficult>0</difficult><bndbox><xmin>458.9467526</xmin><ymin>542.3906909</ymin><xmax>489.7932141</xmax><ymax>560.1577554</ymax></bndbox></object><object><name>car</name><pose>Unspecified</pose><truncated>0</truncated><difficult>0</difficult><bndbox><xmin>483.6432695</xmin><ymin>542.079736</ymin><xmax>518.0292967</xmax><ymax>558.6523997</ymax></bndbox></object><object><name>car</name><pose>Unspecified</pose><truncated>0</truncated><difficult>0</difficult><bndbox><xmin>170.6985326</xmin><ymin>547.4691151</ymin><xmax>267.7315387</xmax><ymax>589.3762719</ymax></bndbox></object><object><name>car</name><pose>Unspecified</pose><truncated>0</truncated><difficult>0</difficult><bndbox><xmin>0</xmin><ymin>532.9205064</ymin><xmax>49.11388523</xmax><ymax>556.8646203</ymax></bndbox></object><object><name>pedestrian</name><pose>Unspecified</pose><truncated>0</truncated><difficult>0</difficult><bndbox><xmin>866.7741016</xmin><ymin>533.3139721</ymin><xmax>898.6470713</xmax><ymax>600.681153</ymax></bndbox></object><object><name>car</name><pose>Unspecified</pose><truncated>0</truncated><difficult>0</difficult><bndbox><xmin>330.6103075</xmin><ymin>545.3115831</ymin><xmax>383.0072284</xmax><ymax>573.8396082</ymax></bndbox></object><object><name>car</name><pose>Unspecified</pose><truncated>0</truncated><difficult>0</difficult><bndbox><xmin>741.6162723</xmin><ymin>527.6891578</ymin><xmax>770.3201121</xmax><ymax>554.4686476</ymax></bndbox></object><object><name>car</name><pose>Unspecified</pose><truncated>0</truncated><difficult>0</difficult><bndbox><xmin>374.7951766</xmin><ymin>543.4148998</ymin><xmax>435.910295</xmax><ymax>574.2715833</ymax></bndbox></object><object><name>car</name><pose>Unspecified</pose><truncated>0</truncated><difficult>0</difficult><bndbox><xmin>743.3290322</xmin><ymin>537.2787808</ymin><xmax>790.9912938</xmax><ymax>573.8100326</ymax></bndbox></object><object><name>car</name><pose>Unspecified</pose><truncated>0</truncated><difficult>0</difficult><bndbox><xmin>115.7249912</xmin><ymin>543.3752985</ymin><xmax>192.6374292</xmax><ymax>579.7560397</ymax></bndbox></object></annotation>