<annotation><folder>test_xmls</folder><filename>host-a004_cam0_1233535973151064006.jpeg</filename><path>./imageshost-a004_cam0_1233535973151064006.jpeg</path><source><database>Unknown</database></source><size><width>1224</width><height>1024</height><depth>3</depth></size><segmented>0</segmented><object><name>car</name><pose>Unspecified</pose><truncated>0</truncated><difficult>0</difficult><bndbox><xmin>401.4208788</xmin><ymin>538.1385484</ymin><xmax>458.8479421</xmax><ymax>579.6147359</ymax></bndbox></object><object><name>car</name><pose>Unspecified</pose><truncated>0</truncated><difficult>0</difficult><bndbox><xmin>578.6977399</xmin><ymin>542.4292063</ymin><xmax>626.2964217</xmax><ymax>575.865501</ymax></bndbox></object><object><name>car</name><pose>Unspecified</pose><truncated>0</truncated><difficult>0</difficult><bndbox><xmin>480.5019437</xmin><ymin>543.1080258</ymin><xmax>538.9625901</xmax><ymax>585.8312273</ymax></bndbox></object><object><name>car</name><pose>Unspecified</pose><truncated>0</truncated><difficult>0</difficult><bndbox><xmin>466.2133334</xmin><ymin>542.0351444</ymin><xmax>500.0656196</xmax><ymax>567.941134</ymax></bndbox></object><object><name>car</name><pose>Unspecified</pose><truncated>0</truncated><difficult>0</difficult><bndbox><xmin>634.9059651</xmin><ymin>538.7126195</ymin><xmax>686.0805261</xmax><ymax>558.5199915</ymax></bndbox></object><object><name>car</name><pose>Unspecified</pose><truncated>0</truncated><difficult>0</difficult><bndbox><xmin>847.3781856</xmin><ymin>541.6397469</ymin><xmax>1131.428044</xmax><ymax>627.4453076</ymax></bndbox></object><object><name>car</name><pose>Unspecified</pose><truncated>0</truncated><difficult>0</difficult><bndbox><xmin>564.6460574</xmin><ymin>539.5089831</ymin><xmax>586.332038</xmax><ymax>557.8250108</ymax></bndbox></object><object><name>car</name><pose>Unspecified</pose><truncated>0</truncated><difficult>0</difficult><bndbox><xmin>375.7962226</xmin><ymin>540.489069</ymin><xmax>410.0722401</xmax><ymax>562.4010005</ymax></bndbox></object><object><name>pedestrian</name><pose>Unspecified</pose><truncated>0</truncated><difficult>0</difficult><bndbox><xmin>678.6437518</xmin><ymin>539.4518342</ymin><xmax>692.2944795</xmax><ymax>566.9762771</ymax></bndbox></object><object><name>car</name><pose>Unspecified</pose><truncated>0</truncated><difficult>0</difficult><bndbox><xmin>302.0957699</xmin><ymin>542.5733663</ymin><xmax>356.5467095</xmax><ymax>569.2857176</ymax></bndbox></object><object><name>bus</name><pose>Unspecified</pose><truncated>0</truncated><difficult>0</difficult><bndbox><xmin>85.89735022</xmin><ymin>511.7794498</ymin><xmax>282.07845</xmax><ymax>581.0361924</ymax></bndbox></object><object><name>car</name><pose>Unspecified</pose><truncated>0</truncated><difficult>0</difficult><bndbox><xmin>276.5019864</xmin><ymin>538.1781096</ymin><xmax>327.5480956</xmax><ymax>566.3440837</ymax></bndbox></object><object><name>car</name><pose>Unspecified</pose><truncated>0</truncated><difficult>0</difficult><bndbox><xmin>132.7068692</xmin><ymin>535.8617725</ymin><xmax>234.9957619</xmax><ymax>585.4320802</ymax></bndbox></object><object><name>pedestrian</name><pose>Unspecified</pose><truncated>0</truncated><difficult>0</difficult><bndbox><xmin>666.9332482</xmin><ymin>539.4572055</ymin><xmax>679.6701558</xmax><ymax>567.2549696</ymax></bndbox></object><object><name>car</name><pose>Unspecified</pose><truncated>0</truncated><difficult>0</difficult><bndbox><xmin>501.6578058</xmin><ymin>535.4212115</ymin><xmax>542.1343584</xmax><ymax>575.3504868</ymax></bndbox></object><object><name>car</name><pose>Unspecified</pose><truncated>0</truncated><difficult>0</difficult><bndbox><xmin>142.9705416</xmin><ymin>545.590343</ymin><xmax>337.8083678</xmax><ymax>642.010485</ymax></bndbox></object></annotation>