<annotation><folder>test_xmls</folder><filename>host-a004_cam0_1232817657451064006.jpeg</filename><path>./imageshost-a004_cam0_1232817657451064006.jpeg</path><source><database>Unknown</database></source><size><width>1224</width><height>1024</height><depth>3</depth></size><segmented>0</segmented><object><name>car</name><pose>Unspecified</pose><truncated>0</truncated><difficult>0</difficult><bndbox><xmin>0</xmin><ymin>549.5979975</ymin><xmax>23.399987</xmax><ymax>604.2820807</ymax></bndbox></object><object><name>other_vehicle</name><pose>Unspecified</pose><truncated>0</truncated><difficult>0</difficult><bndbox><xmin>675.2924785</xmin><ymin>500.2476014</ymin><xmax>738.9192282</xmax><ymax>568.1416628</ymax></bndbox></object><object><name>other_vehicle</name><pose>Unspecified</pose><truncated>0</truncated><difficult>0</difficult><bndbox><xmin>749.1474719</xmin><ymin>252.592789</ymin><xmax>1224.0</xmax><ymax>935.768717</ymax></bndbox></object><object><name>car</name><pose>Unspecified</pose><truncated>0</truncated><difficult>0</difficult><bndbox><xmin>302.6408552</xmin><ymin>539.4699248</ymin><xmax>503.9367304</xmax><ymax>654.5674617</ymax></bndbox></object><object><name>car</name><pose>Unspecified</pose><truncated>0</truncated><difficult>0</difficult><bndbox><xmin>690.8493184</xmin><ymin>538.7841885</ymin><xmax>738.9838774</xmax><ymax>573.9042356</ymax></bndbox></object><object><name>car</name><pose>Unspecified</pose><truncated>0</truncated><difficult>0</difficult><bndbox><xmin>547.9953987</xmin><ymin>535.6688359</ymin><xmax>576.7292768</xmax><ymax>557.6505586</ymax></bndbox></object><object><name>car</name><pose>Unspecified</pose><truncated>0</truncated><difficult>0</difficult><bndbox><xmin>216.2739323</xmin><ymin>545.4319734</ymin><xmax>279.6374587</xmax><ymax>574.2171033</ymax></bndbox></object><object><name>car</name><pose>Unspecified</pose><truncated>0</truncated><difficult>0</difficult><bndbox><xmin>725.6195634</xmin><ymin>514.4454833</ymin><xmax>894.3196683</xmax><ymax>638.9142416</ymax></bndbox></object><object><name>car</name><pose>Unspecified</pose><truncated>0</truncated><difficult>0</difficult><bndbox><xmin>531.1919149</xmin><ymin>539.6574707</ymin><xmax>588.8313825</xmax><ymax>581.9782389</ymax></bndbox></object><object><name>car</name><pose>Unspecified</pose><truncated>0</truncated><difficult>0</difficult><bndbox><xmin>255.590874</xmin><ymin>539.969515</ymin><xmax>315.1379036</xmax><ymax>570.3815486</ymax></bndbox></object><object><name>car</name><pose>Unspecified</pose><truncated>0</truncated><difficult>0</difficult><bndbox><xmin>92.76020476</xmin><ymin>542.388971</ymin><xmax>194.0046296</xmax><ymax>585.7397567</ymax></bndbox></object><object><name>car</name><pose>Unspecified</pose><truncated>0</truncated><difficult>0</difficult><bndbox><xmin>0</xmin><ymin>552.1791076</ymin><xmax>116.8228039</xmax><ymax>591.4672922</ymax></bndbox></object><object><name>other_vehicle</name><pose>Unspecified</pose><truncated>0</truncated><difficult>0</difficult><bndbox><xmin>698.78176</xmin><ymin>483.5871561</ymin><xmax>830.8874949</xmax><ymax>604.2517732</ymax></bndbox></object><object><name>car</name><pose>Unspecified</pose><truncated>0</truncated><difficult>0</difficult><bndbox><xmin>338.2038767</xmin><ymin>540.1084498</ymin><xmax>378.5948962</xmax><ymax>563.2416506</ymax></bndbox></object><object><name>car</name><pose>Unspecified</pose><truncated>0</truncated><difficult>0</difficult><bndbox><xmin>170.538871</xmin><ymin>539.178937</ymin><xmax>244.5654399</xmax><ymax>576.8049074</ymax></bndbox></object></annotation>