<annotation><folder>test_xmls</folder><filename>host-a004_cam0_1233014854651064006.jpeg</filename><path>./imageshost-a004_cam0_1233014854651064006.jpeg</path><source><database>Unknown</database></source><size><width>1224</width><height>1024</height><depth>3</depth></size><segmented>0</segmented><object><name>car</name><pose>Unspecified</pose><truncated>0</truncated><difficult>0</difficult><bndbox><xmin>168.2993367</xmin><ymin>526.6438532</ymin><xmax>280.2337992</xmax><ymax>584.7188754</ymax></bndbox></object><object><name>car</name><pose>Unspecified</pose><truncated>0</truncated><difficult>0</difficult><bndbox><xmin>658.2107064</xmin><ymin>533.1313234</ymin><xmax>728.8141057</xmax><ymax>567.4077853</ymax></bndbox></object><object><name>car</name><pose>Unspecified</pose><truncated>0</truncated><difficult>0</difficult><bndbox><xmin>314.1162121</xmin><ymin>528.702306</ymin><xmax>406.6657462</xmax><ymax>584.5251824</ymax></bndbox></object><object><name>car</name><pose>Unspecified</pose><truncated>0</truncated><difficult>0</difficult><bndbox><xmin>744.8405186</xmin><ymin>523.4532383</ymin><xmax>843.0770457</xmax><ymax>561.042992</ymax></bndbox></object><object><name>car</name><pose>Unspecified</pose><truncated>0</truncated><difficult>0</difficult><bndbox><xmin>422.5869652</xmin><ymin>536.4666823</ymin><xmax>486.6048072</xmax><ymax>584.9438417</ymax></bndbox></object><object><name>car</name><pose>Unspecified</pose><truncated>0</truncated><difficult>0</difficult><bndbox><xmin>466.7519947</xmin><ymin>529.3989289</ymin><xmax>520.2539335</xmax><ymax>571.9871426</ymax></bndbox></object><object><name>car</name><pose>Unspecified</pose><truncated>0</truncated><difficult>0</difficult><bndbox><xmin>844.3261157</xmin><ymin>532.3792593</ymin><xmax>930.4574367</xmax><ymax>561.183386</ymax></bndbox></object><object><name>car</name><pose>Unspecified</pose><truncated>0</truncated><difficult>0</difficult><bndbox><xmin>1216.567222</xmin><ymin>481.4458459</ymin><xmax>1224.0</xmax><ymax>710.8042123</ymax></bndbox></object><object><name>car</name><pose>Unspecified</pose><truncated>0</truncated><difficult>0</difficult><bndbox><xmin>509.2827154</xmin><ymin>534.077197</ymin><xmax>568.3549069</xmax><ymax>580.9069671</ymax></bndbox></object><object><name>car</name><pose>Unspecified</pose><truncated>0</truncated><difficult>0</difficult><bndbox><xmin>569.9702186</xmin><ymin>534.7973674</ymin><xmax>600.543599</xmax><ymax>554.7276152</ymax></bndbox></object><object><name>car</name><pose>Unspecified</pose><truncated>0</truncated><difficult>0</difficult><bndbox><xmin>593.1448597</xmin><ymin>532.5207833</ymin><xmax>629.96736</xmax><ymax>562.2721402</ymax></bndbox></object><object><name>car</name><pose>Unspecified</pose><truncated>0</truncated><difficult>0</difficult><bndbox><xmin>235.7897737</xmin><ymin>542.7100302</ymin><xmax>291.155779</xmax><ymax>570.7617917</ymax></bndbox></object><object><name>car</name><pose>Unspecified</pose><truncated>0</truncated><difficult>0</difficult><bndbox><xmin>567.4634556</xmin><ymin>527.0965205</ymin><xmax>603.5290133</xmax><ymax>552.0325465</ymax></bndbox></object><object><name>car</name><pose>Unspecified</pose><truncated>0</truncated><difficult>0</difficult><bndbox><xmin>387.5193915</xmin><ymin>534.1973636</ymin><xmax>419.6410928</xmax><ymax>556.9216414</ymax></bndbox></object><object><name>car</name><pose>Unspecified</pose><truncated>0</truncated><difficult>0</difficult><bndbox><xmin>11.38875546</xmin><ymin>538.8953377</ymin><xmax>145.8620905</xmax><ymax>595.212375</ymax></bndbox></object></annotation>