<annotation><folder>test_xmls</folder><filename>host-a004_cam0_1233516151851064006.jpeg</filename><path>./imageshost-a004_cam0_1233516151851064006.jpeg</path><source><database>Unknown</database></source><size><width>1224</width><height>1024</height><depth>3</depth></size><segmented>0</segmented><object><name>car</name><pose>Unspecified</pose><truncated>0</truncated><difficult>0</difficult><bndbox><xmin>0</xmin><ymin>543.0650161</ymin><xmax>145.1508805</xmax><ymax>606.1491096</ymax></bndbox></object><object><name>other_vehicle</name><pose>Unspecified</pose><truncated>0</truncated><difficult>0</difficult><bndbox><xmin>655.4216476</xmin><ymin>520.8071616</ymin><xmax>693.8637826</xmax><ymax>555.1833296</ymax></bndbox></object><object><name>car</name><pose>Unspecified</pose><truncated>0</truncated><difficult>0</difficult><bndbox><xmin>3.486657261</xmin><ymin>519.6674329</ymin><xmax>284.4291374</xmax><ymax>669.5440974</ymax></bndbox></object><object><name>car</name><pose>Unspecified</pose><truncated>0</truncated><difficult>0</difficult><bndbox><xmin>449.4618377</xmin><ymin>537.1905653</ymin><xmax>482.1458482</xmax><ymax>558.8478379</ymax></bndbox></object><object><name>car</name><pose>Unspecified</pose><truncated>0</truncated><difficult>0</difficult><bndbox><xmin>624.9764386</xmin><ymin>537.6907802</ymin><xmax>650.6464419</xmax><ymax>560.1649751</ymax></bndbox></object><object><name>car</name><pose>Unspecified</pose><truncated>0</truncated><difficult>0</difficult><bndbox><xmin>679.7174392</xmin><ymin>532.9272342</ymin><xmax>737.0815917</xmax><ymax>574.7503479</ymax></bndbox></object><object><name>car</name><pose>Unspecified</pose><truncated>0</truncated><difficult>0</difficult><bndbox><xmin>195.0631627</xmin><ymin>547.6888781</ymin><xmax>290.7682392</xmax><ymax>588.5286729</ymax></bndbox></object><object><name>car</name><pose>Unspecified</pose><truncated>0</truncated><difficult>0</difficult><bndbox><xmin>564.8214218</xmin><ymin>537.6039791</ymin><xmax>599.9865992</xmax><ymax>564.6442612</ymax></bndbox></object><object><name>car</name><pose>Unspecified</pose><truncated>0</truncated><difficult>0</difficult><bndbox><xmin>674.8188442</xmin><ymin>533.5491643</ymin><xmax>725.587072</xmax><ymax>570.0851188</ymax></bndbox></object><object><name>car</name><pose>Unspecified</pose><truncated>0</truncated><difficult>0</difficult><bndbox><xmin>666.1831992</xmin><ymin>527.1886378</ymin><xmax>705.1489936</xmax><ymax>563.4965379</ymax></bndbox></object><object><name>car</name><pose>Unspecified</pose><truncated>0</truncated><difficult>0</difficult><bndbox><xmin>687.1885909</xmin><ymin>535.2397166</ymin><xmax>741.1358434</xmax><ymax>581.916095</ymax></bndbox></object><object><name>car</name><pose>Unspecified</pose><truncated>0</truncated><difficult>0</difficult><bndbox><xmin>0</xmin><ymin>547.746357</ymin><xmax>63.98036396</xmax><ymax>611.7825106</ymax></bndbox></object><object><name>car</name><pose>Unspecified</pose><truncated>0</truncated><difficult>0</difficult><bndbox><xmin>265.0403934</xmin><ymin>542.3444311</ymin><xmax>332.573434</xmax><ymax>577.6540569</ymax></bndbox></object></annotation>