<annotation><folder>test_xmls</folder><filename>host-a004_cam0_1233620283951064006.jpeg</filename><path>./imageshost-a004_cam0_1233620283951064006.jpeg</path><source><database>Unknown</database></source><size><width>1224</width><height>1024</height><depth>3</depth></size><segmented>0</segmented><object><name>other_vehicle</name><pose>Unspecified</pose><truncated>0</truncated><difficult>0</difficult><bndbox><xmin>887.3397595</xmin><ymin>0</ymin><xmax>1224.0</xmax><ymax>1024.0</ymax></bndbox></object><object><name>other_vehicle</name><pose>Unspecified</pose><truncated>0</truncated><difficult>0</difficult><bndbox><xmin>671.5590011</xmin><ymin>509.3841261</ymin><xmax>726.1211613</xmax><ymax>562.9447658</ymax></bndbox></object><object><name>car</name><pose>Unspecified</pose><truncated>0</truncated><difficult>0</difficult><bndbox><xmin>698.4412726</xmin><ymin>540.9584091</ymin><xmax>762.4188725</xmax><ymax>583.7187903</ymax></bndbox></object><object><name>car</name><pose>Unspecified</pose><truncated>0</truncated><difficult>0</difficult><bndbox><xmin>727.9995003</xmin><ymin>535.1580258</ymin><xmax>854.5330662</xmax><ymax>608.5428214</ymax></bndbox></object><object><name>car</name><pose>Unspecified</pose><truncated>0</truncated><difficult>0</difficult><bndbox><xmin>263.2502478</xmin><ymin>524.7677855</ymin><xmax>417.669948</xmax><ymax>615.2798485</ymax></bndbox></object><object><name>other_vehicle</name><pose>Unspecified</pose><truncated>0</truncated><difficult>0</difficult><bndbox><xmin>680.472854</xmin><ymin>507.5751891</ymin><xmax>754.8525153</xmax><ymax>572.558434</ymax></bndbox></object><object><name>car</name><pose>Unspecified</pose><truncated>0</truncated><difficult>0</difficult><bndbox><xmin>755.0053418</xmin><ymin>521.6257154</ymin><xmax>958.0989781</xmax><ymax>649.8383706</ymax></bndbox></object></annotation>