<annotation><folder>test_xmls</folder><filename>host-a004_cam0_1233961198851064006.jpeg</filename><path>./imageshost-a004_cam0_1233961198851064006.jpeg</path><source><database>Unknown</database></source><size><width>1224</width><height>1024</height><depth>3</depth></size><segmented>0</segmented><object><name>other_vehicle</name><pose>Unspecified</pose><truncated>0</truncated><difficult>0</difficult><bndbox><xmin>663.1841703</xmin><ymin>501.7480161</ymin><xmax>724.9764699</xmax><ymax>567.3512587</ymax></bndbox></object><object><name>car</name><pose>Unspecified</pose><truncated>0</truncated><difficult>0</difficult><bndbox><xmin>617.4029129</xmin><ymin>534.2924041</ymin><xmax>645.1113352</xmax><ymax>557.8102433</ymax></bndbox></object><object><name>car</name><pose>Unspecified</pose><truncated>0</truncated><difficult>0</difficult><bndbox><xmin>485.9627088</xmin><ymin>535.6447074</ymin><xmax>533.816827</xmax><ymax>567.9133298</ymax></bndbox></object><object><name>other_vehicle</name><pose>Unspecified</pose><truncated>0</truncated><difficult>0</difficult><bndbox><xmin>654.0981127</xmin><ymin>517.8223084</ymin><xmax>682.7790295</xmax><ymax>551.4620769</ymax></bndbox></object><object><name>car</name><pose>Unspecified</pose><truncated>0</truncated><difficult>0</difficult><bndbox><xmin>234.6824389</xmin><ymin>536.6684136</ymin><xmax>308.354385</xmax><ymax>572.4364308</ymax></bndbox></object><object><name>car</name><pose>Unspecified</pose><truncated>0</truncated><difficult>0</difficult><bndbox><xmin>0</xmin><ymin>538.2041674</ymin><xmax>215.3484175</xmax><ymax>1024.0</ymax></bndbox></object><object><name>car</name><pose>Unspecified</pose><truncated>0</truncated><difficult>0</difficult><bndbox><xmin>527.1810679</xmin><ymin>532.017505</ymin><xmax>583.1296976</xmax><ymax>574.33702</ymax></bndbox></object><object><name>pedestrian</name><pose>Unspecified</pose><truncated>0</truncated><difficult>0</difficult><bndbox><xmin>0</xmin><ymin>557.7238538</ymin><xmax>11.43064678</xmax><ymax>588.1651225</ymax></bndbox></object><object><name>car</name><pose>Unspecified</pose><truncated>0</truncated><difficult>0</difficult><bndbox><xmin>332.0222703</xmin><ymin>539.5270139</ymin><xmax>371.3541081</xmax><ymax>561.8858596</ymax></bndbox></object><object><name>other_vehicle</name><pose>Unspecified</pose><truncated>0</truncated><difficult>0</difficult><bndbox><xmin>658.2015566</xmin><ymin>506.4100796</ymin><xmax>701.822839</xmax><ymax>560.5206843</ymax></bndbox></object></annotation>