<annotation><folder>test_xmls</folder><filename>host-a004_cam0_1233014344251064006.jpeg</filename><path>./imageshost-a004_cam0_1233014344251064006.jpeg</path><source><database>Unknown</database></source><size><width>1224</width><height>1024</height><depth>3</depth></size><segmented>0</segmented><object><name>car</name><pose>Unspecified</pose><truncated>0</truncated><difficult>0</difficult><bndbox><xmin>433.6613128</xmin><ymin>543.4632645</ymin><xmax>496.6813207</xmax><ymax>583.01385</ymax></bndbox></object><object><name>car</name><pose>Unspecified</pose><truncated>0</truncated><difficult>0</difficult><bndbox><xmin>588.0391522</xmin><ymin>536.7692695</ymin><xmax>611.7742521</xmax><ymax>558.15592</ymax></bndbox></object><object><name>car</name><pose>Unspecified</pose><truncated>0</truncated><difficult>0</difficult><bndbox><xmin>0</xmin><ymin>530.3743669</ymin><xmax>378.5846113</xmax><ymax>777.586018</ymax></bndbox></object><object><name>car</name><pose>Unspecified</pose><truncated>0</truncated><difficult>0</difficult><bndbox><xmin>635.8048831</xmin><ymin>538.8963233</ymin><xmax>664.9314831</xmax><ymax>563.6439813</ymax></bndbox></object></annotation>