<annotation><folder>test_xmls</folder><filename>host-a004_cam0_1232842387251064006.jpeg</filename><path>./imageshost-a004_cam0_1232842387251064006.jpeg</path><source><database>Unknown</database></source><size><width>1224</width><height>1024</height><depth>3</depth></size><segmented>0</segmented><object><name>car</name><pose>Unspecified</pose><truncated>0</truncated><difficult>0</difficult><bndbox><xmin>620.1297453</xmin><ymin>531.9586053</ymin><xmax>663.9601049</xmax><ymax>573.3653043</ymax></bndbox></object><object><name>car</name><pose>Unspecified</pose><truncated>0</truncated><difficult>0</difficult><bndbox><xmin>376.194951</xmin><ymin>540.9683104</ymin><xmax>421.3289905</xmax><ymax>567.6314435</ymax></bndbox></object><object><name>car</name><pose>Unspecified</pose><truncated>0</truncated><difficult>0</difficult><bndbox><xmin>126.8426448</xmin><ymin>536.1214471</ymin><xmax>214.2123992</xmax><ymax>583.5728508</ymax></bndbox></object><object><name>car</name><pose>Unspecified</pose><truncated>0</truncated><difficult>0</difficult><bndbox><xmin>571.7272837</xmin><ymin>534.4106611</ymin><xmax>600.5469897</xmax><ymax>559.8984078</ymax></bndbox></object><object><name>car</name><pose>Unspecified</pose><truncated>0</truncated><difficult>0</difficult><bndbox><xmin>268.0408232</xmin><ymin>535.055505</ymin><xmax>349.9726843</xmax><ymax>585.1195583</ymax></bndbox></object><object><name>bus</name><pose>Unspecified</pose><truncated>0</truncated><difficult>0</difficult><bndbox><xmin>0</xmin><ymin>508.0548121</ymin><xmax>43.2358451</xmax><ymax>624.8508443</ymax></bndbox></object><object><name>car</name><pose>Unspecified</pose><truncated>0</truncated><difficult>0</difficult><bndbox><xmin>0</xmin><ymin>524.9064598</ymin><xmax>132.7265488</xmax><ymax>628.1113303</ymax></bndbox></object><object><name>car</name><pose>Unspecified</pose><truncated>0</truncated><difficult>0</difficult><bndbox><xmin>248.7039724</xmin><ymin>543.6117245</ymin><xmax>307.1012753</xmax><ymax>572.7892123</ymax></bndbox></object><object><name>car</name><pose>Unspecified</pose><truncated>0</truncated><difficult>0</difficult><bndbox><xmin>989.3976656</xmin><ymin>527.3654399</ymin><xmax>1188.660296</xmax><ymax>584.9842896</ymax></bndbox></object><object><name>car</name><pose>Unspecified</pose><truncated>0</truncated><difficult>0</difficult><bndbox><xmin>317.2040652</xmin><ymin>530.6250925</ymin><xmax>390.5705287</xmax><ymax>575.9345651</ymax></bndbox></object><object><name>car</name><pose>Unspecified</pose><truncated>0</truncated><difficult>0</difficult><bndbox><xmin>167.768154</xmin><ymin>539.1799102</ymin><xmax>273.3412098</xmax><ymax>592.9418466</ymax></bndbox></object><object><name>car</name><pose>Unspecified</pose><truncated>0</truncated><difficult>0</difficult><bndbox><xmin>430.4459001</xmin><ymin>500.5285694</ymin><xmax>558.3633029</xmax><ymax>615.6315808</ymax></bndbox></object><object><name>car</name><pose>Unspecified</pose><truncated>0</truncated><difficult>0</difficult><bndbox><xmin>546.7916304</xmin><ymin>536.5024021</ymin><xmax>586.2224281</xmax><ymax>567.4279628</ymax></bndbox></object><object><name>car</name><pose>Unspecified</pose><truncated>0</truncated><difficult>0</difficult><bndbox><xmin>67.64493619</xmin><ymin>539.4330953</ymin><xmax>203.3134554</xmax><ymax>603.5984703</ymax></bndbox></object><object><name>other_vehicle</name><pose>Unspecified</pose><truncated>0</truncated><difficult>0</difficult><bndbox><xmin>17.05258352</xmin><ymin>513.4063178</ymin><xmax>155.5352328</xmax><ymax>591.8540522</ymax></bndbox></object></annotation>