<annotation><folder>test_xmls</folder><filename>host-a004_cam0_1233014358251064006.jpeg</filename><path>./imageshost-a004_cam0_1233014358251064006.jpeg</path><source><database>Unknown</database></source><size><width>1224</width><height>1024</height><depth>3</depth></size><segmented>0</segmented><object><name>car</name><pose>Unspecified</pose><truncated>0</truncated><difficult>0</difficult><bndbox><xmin>0</xmin><ymin>542.1233579</ymin><xmax>114.1369668</xmax><ymax>794.2462541</ymax></bndbox></object><object><name>car</name><pose>Unspecified</pose><truncated>0</truncated><difficult>0</difficult><bndbox><xmin>430.9462539</xmin><ymin>546.3091431</ymin><xmax>468.784248</xmax><ymax>570.3665656</ymax></bndbox></object><object><name>car</name><pose>Unspecified</pose><truncated>0</truncated><difficult>0</difficult><bndbox><xmin>565.5430066</xmin><ymin>537.5903557</ymin><xmax>607.9899073</xmax><ymax>572.1244765</ymax></bndbox></object><object><name>car</name><pose>Unspecified</pose><truncated>0</truncated><difficult>0</difficult><bndbox><xmin>328.9940693</xmin><ymin>547.6629808</ymin><xmax>396.8204952</xmax><ymax>586.2584604</ymax></bndbox></object><object><name>car</name><pose>Unspecified</pose><truncated>0</truncated><difficult>0</difficult><bndbox><xmin>714.8266913</xmin><ymin>529.8446502</ymin><xmax>793.5542736</xmax><ymax>595.6752314</ymax></bndbox></object><object><name>car</name><pose>Unspecified</pose><truncated>0</truncated><difficult>0</difficult><bndbox><xmin>523.4940435</xmin><ymin>539.6932564</ymin><xmax>561.7422746</xmax><ymax>566.0984154</ymax></bndbox></object><object><name>car</name><pose>Unspecified</pose><truncated>0</truncated><difficult>0</difficult><bndbox><xmin>0</xmin><ymin>546.2596177</ymin><xmax>99.26231944</xmax><ymax>668.2950264</ymax></bndbox></object><object><name>car</name><pose>Unspecified</pose><truncated>0</truncated><difficult>0</difficult><bndbox><xmin>61.28416149</xmin><ymin>561.8863113</ymin><xmax>159.2568108</xmax><ymax>601.8427361</ymax></bndbox></object><object><name>other_vehicle</name><pose>Unspecified</pose><truncated>0</truncated><difficult>0</difficult><bndbox><xmin>267.3329393</xmin><ymin>529.3698351</ymin><xmax>351.8057293</xmax><ymax>579.1976471</ymax></bndbox></object><object><name>car</name><pose>Unspecified</pose><truncated>0</truncated><difficult>0</difficult><bndbox><xmin>593.3064935</xmin><ymin>536.6822885</ymin><xmax>622.2770088</xmax><ymax>560.3849056</ymax></bndbox></object><object><name>car</name><pose>Unspecified</pose><truncated>0</truncated><difficult>0</difficult><bndbox><xmin>404.9692717</xmin><ymin>547.4155086</ymin><xmax>446.9158184</xmax><ymax>574.3475652</ymax></bndbox></object><object><name>car</name><pose>Unspecified</pose><truncated>0</truncated><difficult>0</difficult><bndbox><xmin>687.845506</xmin><ymin>533.345027</ymin><xmax>717.6885209</xmax><ymax>560.0445211</ymax></bndbox></object><object><name>other_vehicle</name><pose>Unspecified</pose><truncated>0</truncated><difficult>0</difficult><bndbox><xmin>0</xmin><ymin>523.3744657</ymin><xmax>56.50582792</xmax><ymax>624.7354852</ymax></bndbox></object><object><name>car</name><pose>Unspecified</pose><truncated>0</truncated><difficult>0</difficult><bndbox><xmin>695.6146141</xmin><ymin>534.4094342</ymin><xmax>726.4118536</xmax><ymax>563.5757703</ymax></bndbox></object><object><name>car</name><pose>Unspecified</pose><truncated>0</truncated><difficult>0</difficult><bndbox><xmin>0</xmin><ymin>525.4933319</ymin><xmax>442.9848601</xmax><ymax>797.378973</ymax></bndbox></object><object><name>car</name><pose>Unspecified</pose><truncated>0</truncated><difficult>0</difficult><bndbox><xmin>379.5604529</xmin><ymin>546.8025651</ymin><xmax>431.2861477</xmax><ymax>578.7736541</ymax></bndbox></object><object><name>car</name><pose>Unspecified</pose><truncated>0</truncated><difficult>0</difficult><bndbox><xmin>640.2281627</xmin><ymin>537.7178746</ymin><xmax>671.0443323</xmax><ymax>564.111181</ymax></bndbox></object></annotation>