<annotation><folder>test_xmls</folder><filename>host-a004_cam0_1232838154651064006.jpeg</filename><path>./imageshost-a004_cam0_1232838154651064006.jpeg</path><source><database>Unknown</database></source><size><width>1224</width><height>1024</height><depth>3</depth></size><segmented>0</segmented><object><name>car</name><pose>Unspecified</pose><truncated>0</truncated><difficult>0</difficult><bndbox><xmin>528.3200872</xmin><ymin>535.1759431</ymin><xmax>560.8831203</xmax><ymax>560.7689247</ymax></bndbox></object><object><name>bus</name><pose>Unspecified</pose><truncated>0</truncated><difficult>0</difficult><bndbox><xmin>623.4020479</xmin><ymin>505.136914</ymin><xmax>681.1009942</xmax><ymax>568.5343225</ymax></bndbox></object><object><name>car</name><pose>Unspecified</pose><truncated>0</truncated><difficult>0</difficult><bndbox><xmin>591.6363957</xmin><ymin>532.0356895</ymin><xmax>617.1047189</xmax><ymax>555.1929432</ymax></bndbox></object><object><name>car</name><pose>Unspecified</pose><truncated>0</truncated><difficult>0</difficult><bndbox><xmin>328.2993656</xmin><ymin>538.9200578</ymin><xmax>446.1907727</xmax><ymax>609.1036931</ymax></bndbox></object><object><name>car</name><pose>Unspecified</pose><truncated>0</truncated><difficult>0</difficult><bndbox><xmin>561.6295271</xmin><ymin>536.498446</ymin><xmax>598.7681461</xmax><ymax>564.094834</ymax></bndbox></object></annotation>