<annotation><folder>test_xmls</folder><filename>host-a004_cam0_1233421996651064006.jpeg</filename><path>./imageshost-a004_cam0_1233421996651064006.jpeg</path><source><database>Unknown</database></source><size><width>1224</width><height>1024</height><depth>3</depth></size><segmented>0</segmented><object><name>car</name><pose>Unspecified</pose><truncated>0</truncated><difficult>0</difficult><bndbox><xmin>1216.457895</xmin><ymin>517.8416086</ymin><xmax>1224.0</xmax><ymax>568.1803079</ymax></bndbox></object><object><name>car</name><pose>Unspecified</pose><truncated>0</truncated><difficult>0</difficult><bndbox><xmin>622.9148474</xmin><ymin>544.5267232</ymin><xmax>655.2521836</xmax><ymax>572.484734</ymax></bndbox></object><object><name>car</name><pose>Unspecified</pose><truncated>0</truncated><difficult>0</difficult><bndbox><xmin>535.4392821</xmin><ymin>549.190489</ymin><xmax>588.9608415</xmax><ymax>584.8063384</ymax></bndbox></object><object><name>car</name><pose>Unspecified</pose><truncated>0</truncated><difficult>0</difficult><bndbox><xmin>103.1258321</xmin><ymin>557.9892441</ymin><xmax>235.3909661</xmax><ymax>609.2447467</ymax></bndbox></object><object><name>car</name><pose>Unspecified</pose><truncated>0</truncated><difficult>0</difficult><bndbox><xmin>245.7869475</xmin><ymin>552.4374928</ymin><xmax>334.5598602</xmax><ymax>589.5214149</ymax></bndbox></object><object><name>car</name><pose>Unspecified</pose><truncated>0</truncated><difficult>0</difficult><bndbox><xmin>466.5703377</xmin><ymin>546.6760973</ymin><xmax>523.0173707</xmax><ymax>581.8762753</ymax></bndbox></object><object><name>car</name><pose>Unspecified</pose><truncated>0</truncated><difficult>0</difficult><bndbox><xmin>311.7882377</xmin><ymin>545.9991958</ymin><xmax>385.5447822</xmax><ymax>582.7055123</ymax></bndbox></object><object><name>car</name><pose>Unspecified</pose><truncated>0</truncated><difficult>0</difficult><bndbox><xmin>919.9219001</xmin><ymin>525.7677154</ymin><xmax>1034.302347</xmax><ymax>577.3928801</ymax></bndbox></object><object><name>car</name><pose>Unspecified</pose><truncated>0</truncated><difficult>0</difficult><bndbox><xmin>0</xmin><ymin>548.8995543</ymin><xmax>158.1002908</xmax><ymax>611.2980053</ymax></bndbox></object><object><name>car</name><pose>Unspecified</pose><truncated>0</truncated><difficult>0</difficult><bndbox><xmin>327.3761808</xmin><ymin>524.5635086</ymin><xmax>522.4399648</xmax><ymax>666.9773264</ymax></bndbox></object><object><name>car</name><pose>Unspecified</pose><truncated>0</truncated><difficult>0</difficult><bndbox><xmin>0</xmin><ymin>555.6219818</ymin><xmax>110.0328111</xmax><ymax>608.678069</ymax></bndbox></object><object><name>car</name><pose>Unspecified</pose><truncated>0</truncated><difficult>0</difficult><bndbox><xmin>574.058979</xmin><ymin>548.773235</ymin><xmax>605.2817699</xmax><ymax>571.2383175</ymax></bndbox></object><object><name>other_vehicle</name><pose>Unspecified</pose><truncated>0</truncated><difficult>0</difficult><bndbox><xmin>200.7360187</xmin><ymin>529.8528353</ymin><xmax>301.7514502</xmax><ymax>582.9785476</ymax></bndbox></object></annotation>