<annotation><folder>test_xmls</folder><filename>host-a004_cam0_1232923280851064006.jpeg</filename><path>./imageshost-a004_cam0_1232923280851064006.jpeg</path><source><database>Unknown</database></source><size><width>1224</width><height>1024</height><depth>3</depth></size><segmented>0</segmented><object><name>car</name><pose>Unspecified</pose><truncated>0</truncated><difficult>0</difficult><bndbox><xmin>0</xmin><ymin>567.0865465</ymin><xmax>12.3787501</xmax><ymax>646.229825</ymax></bndbox></object><object><name>bicycle</name><pose>Unspecified</pose><truncated>0</truncated><difficult>0</difficult><bndbox><xmin>869.0924419</xmin><ymin>544.9604688</ymin><xmax>901.7320166</xmax><ymax>579.6107069</ymax></bndbox></object><object><name>car</name><pose>Unspecified</pose><truncated>0</truncated><difficult>0</difficult><bndbox><xmin>388.3073321</xmin><ymin>550.0806524</ymin><xmax>424.133462</xmax><ymax>571.8232225</ymax></bndbox></object><object><name>bicycle</name><pose>Unspecified</pose><truncated>0</truncated><difficult>0</difficult><bndbox><xmin>900.3440738</xmin><ymin>540.0798558</ymin><xmax>959.6236218</xmax><ymax>580.7461136</ymax></bndbox></object><object><name>bicycle</name><pose>Unspecified</pose><truncated>0</truncated><difficult>0</difficult><bndbox><xmin>915.1020881</xmin><ymin>537.2207161</ymin><xmax>976.5935765</xmax><ymax>582.6495051</ymax></bndbox></object><object><name>bicycle</name><pose>Unspecified</pose><truncated>0</truncated><difficult>0</difficult><bndbox><xmin>908.6845767</xmin><ymin>540.745649</ymin><xmax>968.9956876</xmax><ymax>582.0965276</ymax></bndbox></object><object><name>bicycle</name><pose>Unspecified</pose><truncated>0</truncated><difficult>0</difficult><bndbox><xmin>853.6186223</xmin><ymin>561.6629795</ymin><xmax>915.7438563</xmax><ymax>604.9328704</ymax></bndbox></object><object><name>car</name><pose>Unspecified</pose><truncated>0</truncated><difficult>0</difficult><bndbox><xmin>238.1241405</xmin><ymin>552.018991</ymin><xmax>292.7472072</xmax><ymax>581.1256324</ymax></bndbox></object><object><name>car</name><pose>Unspecified</pose><truncated>0</truncated><difficult>0</difficult><bndbox><xmin>575.0856396</xmin><ymin>544.3971981</ymin><xmax>596.7279866</xmax><ymax>560.6155397</ymax></bndbox></object><object><name>bicycle</name><pose>Unspecified</pose><truncated>0</truncated><difficult>0</difficult><bndbox><xmin>923.2804341</xmin><ymin>535.6048494</ymin><xmax>985.7766096</xmax><ymax>578.3332719</ymax></bndbox></object><object><name>car</name><pose>Unspecified</pose><truncated>0</truncated><difficult>0</difficult><bndbox><xmin>185.6189346</xmin><ymin>545.4022081</ymin><xmax>259.2990339</xmax><ymax>586.6907754</ymax></bndbox></object><object><name>bicycle</name><pose>Unspecified</pose><truncated>0</truncated><difficult>0</difficult><bndbox><xmin>875.2362281</xmin><ymin>544.7393113</ymin><xmax>921.9878611</xmax><ymax>580.3439986</ymax></bndbox></object><object><name>bicycle</name><pose>Unspecified</pose><truncated>0</truncated><difficult>0</difficult><bndbox><xmin>867.741421</xmin><ymin>561.9562862</ymin><xmax>932.1447282</xmax><ymax>606.7687263</ymax></bndbox></object><object><name>bicycle</name><pose>Unspecified</pose><truncated>0</truncated><difficult>0</difficult><bndbox><xmin>857.0178771</xmin><ymin>545.2506019</ymin><xmax>889.4508437</xmax><ymax>579.2956638</ymax></bndbox></object><object><name>car</name><pose>Unspecified</pose><truncated>0</truncated><difficult>0</difficult><bndbox><xmin>657.0039691</xmin><ymin>540.1647437</ymin><xmax>694.5005689</xmax><ymax>574.2272505</ymax></bndbox></object><object><name>bicycle</name><pose>Unspecified</pose><truncated>0</truncated><difficult>0</difficult><bndbox><xmin>860.711403</xmin><ymin>561.8048523</ymin><xmax>923.964137</xmax><ymax>605.8379591</ymax></bndbox></object><object><name>car</name><pose>Unspecified</pose><truncated>0</truncated><difficult>0</difficult><bndbox><xmin>648.0389678</xmin><ymin>539.9518655</ymin><xmax>680.1218611</xmax><ymax>567.5774742</ymax></bndbox></object><object><name>car</name><pose>Unspecified</pose><truncated>0</truncated><difficult>0</difficult><bndbox><xmin>75.09465896</xmin><ymin>555.9855982</ymin><xmax>159.7530242</xmax><ymax>598.5477943</ymax></bndbox></object><object><name>bicycle</name><pose>Unspecified</pose><truncated>0</truncated><difficult>0</difficult><bndbox><xmin>801.5596683</xmin><ymin>556.9860641</ymin><xmax>828.0634737</xmax><ymax>584.088615</ymax></bndbox></object><object><name>bicycle</name><pose>Unspecified</pose><truncated>0</truncated><difficult>0</difficult><bndbox><xmin>893.2276439</xmin><ymin>541.7507478</ymin><xmax>951.4178156</xmax><ymax>581.7142686</ymax></bndbox></object><object><name>bicycle</name><pose>Unspecified</pose><truncated>0</truncated><difficult>0</difficult><bndbox><xmin>881.6808828</xmin><ymin>544.2966225</ymin><xmax>932.3572854</xmax><ymax>580.6260662</ymax></bndbox></object><object><name>car</name><pose>Unspecified</pose><truncated>0</truncated><difficult>0</difficult><bndbox><xmin>305.8234612</xmin><ymin>538.9618351</ymin><xmax>359.8605755</xmax><ymax>574.0892122</ymax></bndbox></object><object><name>car</name><pose>Unspecified</pose><truncated>0</truncated><difficult>0</difficult><bndbox><xmin>132.9690299</xmin><ymin>548.7121555</ymin><xmax>222.3250831</xmax><ymax>590.9520166</ymax></bndbox></object><object><name>car</name><pose>Unspecified</pose><truncated>0</truncated><difficult>0</difficult><bndbox><xmin>0</xmin><ymin>552.4956405</ymin><xmax>54.78865381</xmax><ymax>620.0338752</ymax></bndbox></object></annotation>