<annotation><folder>test_xmls</folder><filename>host-a004_cam0_1235944818151064006.jpeg</filename><path>./imageshost-a004_cam0_1235944818151064006.jpeg</path><source><database>Unknown</database></source><size><width>1224</width><height>1024</height><depth>3</depth></size><segmented>0</segmented><object><name>car</name><pose>Unspecified</pose><truncated>0</truncated><difficult>0</difficult><bndbox><xmin>858.5462171</xmin><ymin>530.7311483</ymin><xmax>970.2700754</xmax><ymax>565.0242777</ymax></bndbox></object><object><name>car</name><pose>Unspecified</pose><truncated>0</truncated><difficult>0</difficult><bndbox><xmin>1054.881676</xmin><ymin>522.835811</ymin><xmax>1165.455266</xmax><ymax>561.5345986</ymax></bndbox></object><object><name>car</name><pose>Unspecified</pose><truncated>0</truncated><difficult>0</difficult><bndbox><xmin>1127.813552</xmin><ymin>524.7530506</ymin><xmax>1224.0</xmax><ymax>557.8046702</ymax></bndbox></object><object><name>car</name><pose>Unspecified</pose><truncated>0</truncated><difficult>0</difficult><bndbox><xmin>3.603617482</xmin><ymin>526.8968489</ymin><xmax>144.1001965</xmax><ymax>574.4220267</ymax></bndbox></object><object><name>car</name><pose>Unspecified</pose><truncated>0</truncated><difficult>0</difficult><bndbox><xmin>1139.766607</xmin><ymin>522.9517517</ymin><xmax>1224.0</xmax><ymax>558.1230517</ymax></bndbox></object><object><name>truck</name><pose>Unspecified</pose><truncated>0</truncated><difficult>0</difficult><bndbox><xmin>0</xmin><ymin>490.7840143</ymin><xmax>192.6278952</xmax><ymax>575.3553532</ymax></bndbox></object><object><name>car</name><pose>Unspecified</pose><truncated>0</truncated><difficult>0</difficult><bndbox><xmin>906.2902662</xmin><ymin>524.5402393</ymin><xmax>1019.355481</xmax><ymax>561.8849189</ymax></bndbox></object><object><name>car</name><pose>Unspecified</pose><truncated>0</truncated><difficult>0</difficult><bndbox><xmin>560.5414944</xmin><ymin>536.5093931</ymin><xmax>701.7637355</xmax><ymax>645.2897283</ymax></bndbox></object><object><name>car</name><pose>Unspecified</pose><truncated>0</truncated><difficult>0</difficult><bndbox><xmin>1012.591573</xmin><ymin>522.8351317</ymin><xmax>1127.189352</xmax><ymax>559.770357</ymax></bndbox></object><object><name>car</name><pose>Unspecified</pose><truncated>0</truncated><difficult>0</difficult><bndbox><xmin>502.6801899</xmin><ymin>535.9972994</ymin><xmax>750.9955045</xmax><ymax>740.624705</ymax></bndbox></object><object><name>car</name><pose>Unspecified</pose><truncated>0</truncated><difficult>0</difficult><bndbox><xmin>306.4838821</xmin><ymin>521.9088977</ymin><xmax>420.1950279</xmax><ymax>570.0834814</ymax></bndbox></object><object><name>car</name><pose>Unspecified</pose><truncated>0</truncated><difficult>0</difficult><bndbox><xmin>759.5591062</xmin><ymin>520.585173</ymin><xmax>884.2056261</xmax><ymax>568.5929929</ymax></bndbox></object><object><name>car</name><pose>Unspecified</pose><truncated>0</truncated><difficult>0</difficult><bndbox><xmin>434.527334</xmin><ymin>541.4059521</ymin><xmax>508.2021187</xmax><ymax>569.7401583</ymax></bndbox></object><object><name>bicycle</name><pose>Unspecified</pose><truncated>0</truncated><difficult>0</difficult><bndbox><xmin>1120.676333</xmin><ymin>525.7989561</ymin><xmax>1217.383974</xmax><ymax>597.4290292</ymax></bndbox></object><object><name>car</name><pose>Unspecified</pose><truncated>0</truncated><difficult>0</difficult><bndbox><xmin>17.57536452</xmin><ymin>520.5988909</ymin><xmax>192.9757341</xmax><ymax>577.502599</ymax></bndbox></object></annotation>