<annotation><folder>test_xmls</folder><filename>host-a004_cam0_1233422548851064006.jpeg</filename><path>./imageshost-a004_cam0_1233422548851064006.jpeg</path><source><database>Unknown</database></source><size><width>1224</width><height>1024</height><depth>3</depth></size><segmented>0</segmented><object><name>car</name><pose>Unspecified</pose><truncated>0</truncated><difficult>0</difficult><bndbox><xmin>460.4331191</xmin><ymin>533.3442026</ymin><xmax>488.9435029</xmax><ymax>554.6521434</ymax></bndbox></object><object><name>car</name><pose>Unspecified</pose><truncated>0</truncated><difficult>0</difficult><bndbox><xmin>9.879494324</xmin><ymin>539.3664072</ymin><xmax>134.2338945</xmax><ymax>594.2128833</ymax></bndbox></object><object><name>car</name><pose>Unspecified</pose><truncated>0</truncated><difficult>0</difficult><bndbox><xmin>248.5949981</xmin><ymin>537.9628335</ymin><xmax>306.6053116</xmax><ymax>567.0575913</ymax></bndbox></object><object><name>car</name><pose>Unspecified</pose><truncated>0</truncated><difficult>0</difficult><bndbox><xmin>684.1557529</xmin><ymin>524.4358376</ymin><xmax>778.8105114</xmax><ymax>599.4390073</ymax></bndbox></object><object><name>car</name><pose>Unspecified</pose><truncated>0</truncated><difficult>0</difficult><bndbox><xmin>391.3183756</xmin><ymin>529.5966563</ymin><xmax>440.8485485</xmax><ymax>563.1794747</ymax></bndbox></object><object><name>car</name><pose>Unspecified</pose><truncated>0</truncated><difficult>0</difficult><bndbox><xmin>586.8415084</xmin><ymin>534.3224134</ymin><xmax>629.2457697</xmax><ymax>573.6775003</ymax></bndbox></object><object><name>car</name><pose>Unspecified</pose><truncated>0</truncated><difficult>0</difficult><bndbox><xmin>107.2996186</xmin><ymin>536.8981855</ymin><xmax>191.0412323</xmax><ymax>575.807235</ymax></bndbox></object><object><name>car</name><pose>Unspecified</pose><truncated>0</truncated><difficult>0</difficult><bndbox><xmin>475.927202</xmin><ymin>535.0263151</ymin><xmax>516.595456</xmax><ymax>561.0159601</ymax></bndbox></object><object><name>bicycle</name><pose>Unspecified</pose><truncated>0</truncated><difficult>0</difficult><bndbox><xmin>635.5109701</xmin><ymin>535.2137048</ymin><xmax>652.2927522</xmax><ymax>554.7067203</ymax></bndbox></object><object><name>car</name><pose>Unspecified</pose><truncated>0</truncated><difficult>0</difficult><bndbox><xmin>1199.375208</xmin><ymin>497.7894759</ymin><xmax>1224.0</xmax><ymax>661.7699607</ymax></bndbox></object><object><name>car</name><pose>Unspecified</pose><truncated>0</truncated><difficult>0</difficult><bndbox><xmin>0</xmin><ymin>543.1998429</ymin><xmax>101.9385837</xmax><ymax>607.1517766</ymax></bndbox></object><object><name>car</name><pose>Unspecified</pose><truncated>0</truncated><difficult>0</difficult><bndbox><xmin>257.7358384</xmin><ymin>539.0748646</ymin><xmax>390.1838466</xmax><ymax>607.5140452</ymax></bndbox></object><object><name>car</name><pose>Unspecified</pose><truncated>0</truncated><difficult>0</difficult><bndbox><xmin>233.8244534</xmin><ymin>539.2136506</ymin><xmax>285.7035088</xmax><ymax>565.0975628</ymax></bndbox></object><object><name>car</name><pose>Unspecified</pose><truncated>0</truncated><difficult>0</difficult><bndbox><xmin>275.3780167</xmin><ymin>533.4892542</ymin><xmax>338.4589063</xmax><ymax>570.0174203</ymax></bndbox></object><object><name>bus</name><pose>Unspecified</pose><truncated>0</truncated><difficult>0</difficult><bndbox><xmin>315.459007</xmin><ymin>519.0921491</ymin><xmax>405.4642292</xmax><ymax>557.3615894</ymax></bndbox></object></annotation>