<annotation><folder>test_xmls</folder><filename>host-a004_cam0_1233961186451064006.jpeg</filename><path>./imageshost-a004_cam0_1233961186451064006.jpeg</path><source><database>Unknown</database></source><size><width>1224</width><height>1024</height><depth>3</depth></size><segmented>0</segmented><object><name>car</name><pose>Unspecified</pose><truncated>0</truncated><difficult>0</difficult><bndbox><xmin>748.7611582</xmin><ymin>544.9547382</ymin><xmax>897.5353863</xmax><ymax>640.2589029</ymax></bndbox></object><object><name>car</name><pose>Unspecified</pose><truncated>0</truncated><difficult>0</difficult><bndbox><xmin>679.1423911</xmin><ymin>534.203699</ymin><xmax>717.5449779</xmax><ymax>567.4451709</ymax></bndbox></object><object><name>truck</name><pose>Unspecified</pose><truncated>0</truncated><difficult>0</difficult><bndbox><xmin>526.8705676</xmin><ymin>474.5073061</ymin><xmax>605.6793727</xmax><ymax>574.3416377</ymax></bndbox></object><object><name>car</name><pose>Unspecified</pose><truncated>0</truncated><difficult>0</difficult><bndbox><xmin>796.8515839</xmin><ymin>519.2254931</ymin><xmax>1075.663859</xmax><ymax>710.383724</ymax></bndbox></object><object><name>other_vehicle</name><pose>Unspecified</pose><truncated>0</truncated><difficult>0</difficult><bndbox><xmin>712.2061451</xmin><ymin>458.675634</ymin><xmax>864.4131287</xmax><ymax>612.5481903</ymax></bndbox></object><object><name>car</name><pose>Unspecified</pose><truncated>0</truncated><difficult>0</difficult><bndbox><xmin>699.7463594</xmin><ymin>531.5388118</ymin><xmax>764.4037167</xmax><ymax>585.0679899</ymax></bndbox></object><object><name>car</name><pose>Unspecified</pose><truncated>0</truncated><difficult>0</difficult><bndbox><xmin>87.61671332</xmin><ymin>536.742826</ymin><xmax>327.5420629</xmax><ymax>653.4059919</ymax></bndbox></object><object><name>other_vehicle</name><pose>Unspecified</pose><truncated>0</truncated><difficult>0</difficult><bndbox><xmin>674.2663537</xmin><ymin>516.4013908</ymin><xmax>722.2153105</xmax><ymax>564.7090199</ymax></bndbox></object><object><name>other_vehicle</name><pose>Unspecified</pose><truncated>0</truncated><difficult>0</difficult><bndbox><xmin>660.8031535</xmin><ymin>520.4761193</ymin><xmax>689.7008805</xmax><ymax>554.8943171</ymax></bndbox></object><object><name>car</name><pose>Unspecified</pose><truncated>0</truncated><difficult>0</difficult><bndbox><xmin>940.8158453</xmin><ymin>538.2836044</ymin><xmax>1224.0</xmax><ymax>1009.038691</ymax></bndbox></object></annotation>