<annotation><folder>test_xmls</folder><filename>host-a004_cam0_1233618017751064006.jpeg</filename><path>./imageshost-a004_cam0_1233618017751064006.jpeg</path><source><database>Unknown</database></source><size><width>1224</width><height>1024</height><depth>3</depth></size><segmented>0</segmented><object><name>car</name><pose>Unspecified</pose><truncated>0</truncated><difficult>0</difficult><bndbox><xmin>572.5110614</xmin><ymin>533.7896631</ymin><xmax>641.6173431</xmax><ymax>609.2259198</ymax></bndbox></object><object><name>car</name><pose>Unspecified</pose><truncated>0</truncated><difficult>0</difficult><bndbox><xmin>416.5548824</xmin><ymin>552.4414481</ymin><xmax>466.5425144</xmax><ymax>579.6499472</ymax></bndbox></object><object><name>car</name><pose>Unspecified</pose><truncated>0</truncated><difficult>0</difficult><bndbox><xmin>481.3199535</xmin><ymin>542.9415322</ymin><xmax>551.7358428</xmax><ymax>601.6871536</ymax></bndbox></object><object><name>car</name><pose>Unspecified</pose><truncated>0</truncated><difficult>0</difficult><bndbox><xmin>686.6561953</xmin><ymin>551.730299</ymin><xmax>770.1047413</xmax><ymax>613.5375896</ymax></bndbox></object><object><name>car</name><pose>Unspecified</pose><truncated>0</truncated><difficult>0</difficult><bndbox><xmin>0</xmin><ymin>534.5633275</ymin><xmax>82.54998924</xmax><ymax>689.0158467</ymax></bndbox></object><object><name>car</name><pose>Unspecified</pose><truncated>0</truncated><difficult>0</difficult><bndbox><xmin>0</xmin><ymin>557.0099315</ymin><xmax>94.68734313</xmax><ymax>615.5201309</ymax></bndbox></object><object><name>car</name><pose>Unspecified</pose><truncated>0</truncated><difficult>0</difficult><bndbox><xmin>546.9231595</xmin><ymin>551.3984645</ymin><xmax>576.7891692</xmax><ymax>574.8353509</ymax></bndbox></object><object><name>car</name><pose>Unspecified</pose><truncated>0</truncated><difficult>0</difficult><bndbox><xmin>911.8519827</xmin><ymin>507.7659366</ymin><xmax>1224.0</xmax><ymax>1024.0</ymax></bndbox></object><object><name>car</name><pose>Unspecified</pose><truncated>0</truncated><difficult>0</difficult><bndbox><xmin>663.3239156</xmin><ymin>553.8989911</ymin><xmax>718.1756821</xmax><ymax>592.8171497</ymax></bndbox></object><object><name>car</name><pose>Unspecified</pose><truncated>0</truncated><difficult>0</difficult><bndbox><xmin>226.112922</xmin><ymin>552.1675127</ymin><xmax>336.3516423</xmax><ymax>609.05215</ymax></bndbox></object><object><name>car</name><pose>Unspecified</pose><truncated>0</truncated><difficult>0</difficult><bndbox><xmin>356.5560687</xmin><ymin>553.7085937</ymin><xmax>422.2240163</xmax><ymax>589.2042012</ymax></bndbox></object><object><name>car</name><pose>Unspecified</pose><truncated>0</truncated><difficult>0</difficult><bndbox><xmin>450.8752356</xmin><ymin>552.1516883</ymin><xmax>488.2269255</xmax><ymax>575.0453399</ymax></bndbox></object><object><name>car</name><pose>Unspecified</pose><truncated>0</truncated><difficult>0</difficult><bndbox><xmin>232.36336</xmin><ymin>556.9290486</ymin><xmax>447.1264873</xmax><ymax>675.7412313</ymax></bndbox></object><object><name>car</name><pose>Unspecified</pose><truncated>0</truncated><difficult>0</difficult><bndbox><xmin>786.0774085</xmin><ymin>559.9527234</ymin><xmax>1134.845246</xmax><ymax>759.3654354</ymax></bndbox></object><object><name>car</name><pose>Unspecified</pose><truncated>0</truncated><difficult>0</difficult><bndbox><xmin>127.8153315</xmin><ymin>568.4243013</ymin><xmax>197.7302542</xmax><ymax>600.0222287</ymax></bndbox></object><object><name>car</name><pose>Unspecified</pose><truncated>0</truncated><difficult>0</difficult><bndbox><xmin>319.1669418</xmin><ymin>554.6365068</ymin><xmax>365.0686768</xmax><ymax>583.3376449</ymax></bndbox></object><object><name>car</name><pose>Unspecified</pose><truncated>0</truncated><difficult>0</difficult><bndbox><xmin>679.8768239</xmin><ymin>554.7736973</ymin><xmax>745.71891</xmax><ymax>603.2803559</ymax></bndbox></object></annotation>