<annotation><folder>test_xmls</folder><filename>host-a004_cam0_1233620274751064006.jpeg</filename><path>./imageshost-a004_cam0_1233620274751064006.jpeg</path><source><database>Unknown</database></source><size><width>1224</width><height>1024</height><depth>3</depth></size><segmented>0</segmented><object><name>car</name><pose>Unspecified</pose><truncated>0</truncated><difficult>0</difficult><bndbox><xmin>384.8437372</xmin><ymin>544.7342978</ymin><xmax>423.8501958</xmax><ymax>563.3803885</ymax></bndbox></object><object><name>car</name><pose>Unspecified</pose><truncated>0</truncated><difficult>0</difficult><bndbox><xmin>577.8055672</xmin><ymin>534.0747919</ymin><xmax>625.7744912</xmax><ymax>579.3474386</ymax></bndbox></object><object><name>car</name><pose>Unspecified</pose><truncated>0</truncated><difficult>0</difficult><bndbox><xmin>238.649085</xmin><ymin>544.4481239</ymin><xmax>312.0387021</xmax><ymax>574.7376664</ymax></bndbox></object><object><name>car</name><pose>Unspecified</pose><truncated>0</truncated><difficult>0</difficult><bndbox><xmin>44.10804958</xmin><ymin>550.4467591</ymin><xmax>167.0373285</xmax><ymax>594.1588045</ymax></bndbox></object><object><name>car</name><pose>Unspecified</pose><truncated>0</truncated><difficult>0</difficult><bndbox><xmin>662.432455</xmin><ymin>539.5940976</ymin><xmax>687.0117663</xmax><ymax>558.5222457</ymax></bndbox></object><object><name>car</name><pose>Unspecified</pose><truncated>0</truncated><difficult>0</difficult><bndbox><xmin>415.8119372</xmin><ymin>538.8028815</ymin><xmax>455.5404642</xmax><ymax>562.4413329</ymax></bndbox></object><object><name>car</name><pose>Unspecified</pose><truncated>0</truncated><difficult>0</difficult><bndbox><xmin>309.5433371</xmin><ymin>543.3734388</ymin><xmax>376.2315761</xmax><ymax>572.9202634</ymax></bndbox></object><object><name>car</name><pose>Unspecified</pose><truncated>0</truncated><difficult>0</difficult><bndbox><xmin>103.4230722</xmin><ymin>541.6915838</ymin><xmax>197.8627125</xmax><ymax>584.4198242</ymax></bndbox></object><object><name>car</name><pose>Unspecified</pose><truncated>0</truncated><difficult>0</difficult><bndbox><xmin>657.9050811</xmin><ymin>530.8228465</ymin><xmax>683.305401</xmax><ymax>555.3962291</ymax></bndbox></object></annotation>