<annotation><folder>test_xmls</folder><filename>host-a004_cam0_1233617937151064006.jpeg</filename><path>./imageshost-a004_cam0_1233617937151064006.jpeg</path><source><database>Unknown</database></source><size><width>1224</width><height>1024</height><depth>3</depth></size><segmented>0</segmented><object><name>car</name><pose>Unspecified</pose><truncated>0</truncated><difficult>0</difficult><bndbox><xmin>228.307632</xmin><ymin>535.7089428</ymin><xmax>386.0353529</xmax><ymax>629.0093094</ymax></bndbox></object><object><name>pedestrian</name><pose>Unspecified</pose><truncated>0</truncated><difficult>0</difficult><bndbox><xmin>1005.649771</xmin><ymin>531.8477586</ymin><xmax>1041.47162</xmax><ymax>576.261486</ymax></bndbox></object><object><name>car</name><pose>Unspecified</pose><truncated>0</truncated><difficult>0</difficult><bndbox><xmin>582.7834799</xmin><ymin>540.997244</ymin><xmax>609.3964528</xmax><ymax>562.4219096</ymax></bndbox></object><object><name>car</name><pose>Unspecified</pose><truncated>0</truncated><difficult>0</difficult><bndbox><xmin>828.7352628</xmin><ymin>534.7325361</ymin><xmax>887.594222</xmax><ymax>556.4832859</ymax></bndbox></object><object><name>car</name><pose>Unspecified</pose><truncated>0</truncated><difficult>0</difficult><bndbox><xmin>473.2598444</xmin><ymin>531.0517881</ymin><xmax>562.3303276</xmax><ymax>606.1209891</ymax></bndbox></object><object><name>car</name><pose>Unspecified</pose><truncated>0</truncated><difficult>0</difficult><bndbox><xmin>552.5800789</xmin><ymin>535.1782709</ymin><xmax>595.5133911</xmax><ymax>570.7620896</ymax></bndbox></object><object><name>car</name><pose>Unspecified</pose><truncated>0</truncated><difficult>0</difficult><bndbox><xmin>634.3639658</xmin><ymin>538.0589683</ymin><xmax>653.8048088</xmax><ymax>554.5829539</ymax></bndbox></object></annotation>