<annotation><folder>test_xmls</folder><filename>host-a004_cam0_1233618020151064006.jpeg</filename><path>./imageshost-a004_cam0_1233618020151064006.jpeg</path><source><database>Unknown</database></source><size><width>1224</width><height>1024</height><depth>3</depth></size><segmented>0</segmented><object><name>car</name><pose>Unspecified</pose><truncated>0</truncated><difficult>0</difficult><bndbox><xmin>704.8252472</xmin><ymin>548.3947367</ymin><xmax>800.0634003</xmax><ymax>613.1608607</ymax></bndbox></object><object><name>car</name><pose>Unspecified</pose><truncated>0</truncated><difficult>0</difficult><bndbox><xmin>204.1173405</xmin><ymin>555.1747342</ymin><xmax>274.8652649</xmax><ymax>591.9641747</ymax></bndbox></object><object><name>car</name><pose>Unspecified</pose><truncated>0</truncated><difficult>0</difficult><bndbox><xmin>535.0330289</xmin><ymin>539.3460974</ymin><xmax>587.6169232</xmax><ymax>584.9025443</ymax></bndbox></object><object><name>car</name><pose>Unspecified</pose><truncated>0</truncated><difficult>0</difficult><bndbox><xmin>655.6124375</xmin><ymin>545.6329223</ymin><xmax>690.0958623</xmax><ymax>562.9299705</ymax></bndbox></object><object><name>car</name><pose>Unspecified</pose><truncated>0</truncated><difficult>0</difficult><bndbox><xmin>444.3895333</xmin><ymin>547.5335817</ymin><xmax>489.3565182</xmax><ymax>574.4691772</ymax></bndbox></object><object><name>car</name><pose>Unspecified</pose><truncated>0</truncated><difficult>0</difficult><bndbox><xmin>769.3016122</xmin><ymin>544.5572281</ymin><xmax>1002.957131</xmax><ymax>695.9195814</ymax></bndbox></object><object><name>car</name><pose>Unspecified</pose><truncated>0</truncated><difficult>0</difficult><bndbox><xmin>405.5316799</xmin><ymin>549.1307462</ymin><xmax>461.9919719</xmax><ymax>581.4590959</ymax></bndbox></object><object><name>car</name><pose>Unspecified</pose><truncated>0</truncated><difficult>0</difficult><bndbox><xmin>474.0885066</xmin><ymin>546.4678971</ymin><xmax>510.8294539</xmax><ymax>569.3744123</ymax></bndbox></object><object><name>car</name><pose>Unspecified</pose><truncated>0</truncated><difficult>0</difficult><bndbox><xmin>740.0292497</xmin><ymin>549.9822418</ymin><xmax>879.638157</xmax><ymax>644.4174798</ymax></bndbox></object><object><name>car</name><pose>Unspecified</pose><truncated>0</truncated><difficult>0</difficult><bndbox><xmin>579.721171</xmin><ymin>545.5069674</ymin><xmax>605.4505516</xmax><ymax>566.116004</ymax></bndbox></object><object><name>car</name><pose>Unspecified</pose><truncated>0</truncated><difficult>0</difficult><bndbox><xmin>519.3649902</xmin><ymin>546.7068621</ymin><xmax>544.7485581</xmax><ymax>563.3842043</ymax></bndbox></object><object><name>car</name><pose>Unspecified</pose><truncated>0</truncated><difficult>0</difficult><bndbox><xmin>611.1857901</xmin><ymin>531.2627765</ymin><xmax>665.7354795</xmax><ymax>590.5873984</ymax></bndbox></object><object><name>car</name><pose>Unspecified</pose><truncated>0</truncated><difficult>0</difficult><bndbox><xmin>0</xmin><ymin>534.5578964</ymin><xmax>117.6951424</xmax><ymax>687.8465852</ymax></bndbox></object><object><name>car</name><pose>Unspecified</pose><truncated>0</truncated><difficult>0</difficult><bndbox><xmin>590.5749879</xmin><ymin>542.1618236</ymin><xmax>613.0828942</xmax><ymax>562.033285</ymax></bndbox></object><object><name>car</name><pose>Unspecified</pose><truncated>0</truncated><difficult>0</difficult><bndbox><xmin>221.9213448</xmin><ymin>551.0039305</ymin><xmax>343.4028939</xmax><ymax>614.0016862</ymax></bndbox></object><object><name>car</name><pose>Unspecified</pose><truncated>0</truncated><difficult>0</difficult><bndbox><xmin>0</xmin><ymin>571.7972445</ymin><xmax>129.1362975</xmax><ymax>1024.0</ymax></bndbox></object><object><name>car</name><pose>Unspecified</pose><truncated>0</truncated><difficult>0</difficult><bndbox><xmin>343.0307532</xmin><ymin>550.6596142</ymin><xmax>420.1530135</xmax><ymax>591.8406874</ymax></bndbox></object><object><name>car</name><pose>Unspecified</pose><truncated>0</truncated><difficult>0</difficult><bndbox><xmin>413.4612601</xmin><ymin>552.5435166</ymin><xmax>523.3625671</xmax><ymax>620.7534411</ymax></bndbox></object></annotation>