<annotation><folder>test_xmls</folder><filename>host-a004_cam0_1233685326351064006.jpeg</filename><path>./imageshost-a004_cam0_1233685326351064006.jpeg</path><source><database>Unknown</database></source><size><width>1224</width><height>1024</height><depth>3</depth></size><segmented>0</segmented><object><name>bus</name><pose>Unspecified</pose><truncated>0</truncated><difficult>0</difficult><bndbox><xmin>645.9153691</xmin><ymin>468.8405869</ymin><xmax>728.156161</xmax><ymax>570.3507326</ymax></bndbox></object><object><name>car</name><pose>Unspecified</pose><truncated>0</truncated><difficult>0</difficult><bndbox><xmin>775.043541</xmin><ymin>526.6922162</ymin><xmax>958.0936722</xmax><ymax>584.7621841</ymax></bndbox></object><object><name>car</name><pose>Unspecified</pose><truncated>0</truncated><difficult>0</difficult><bndbox><xmin>523.7660138</xmin><ymin>530.2503999</ymin><xmax>560.4091979</xmax><ymax>557.8010191</ymax></bndbox></object><object><name>car</name><pose>Unspecified</pose><truncated>0</truncated><difficult>0</difficult><bndbox><xmin>467.7028131</xmin><ymin>528.9968397</ymin><xmax>506.1777765</xmax><ymax>554.1001549</ymax></bndbox></object><object><name>car</name><pose>Unspecified</pose><truncated>0</truncated><difficult>0</difficult><bndbox><xmin>0</xmin><ymin>455.6774966</ymin><xmax>341.7811698</xmax><ymax>672.9105679</ymax></bndbox></object><object><name>car</name><pose>Unspecified</pose><truncated>0</truncated><difficult>0</difficult><bndbox><xmin>323.0175494</xmin><ymin>534.3084484</ymin><xmax>402.9557335</xmax><ymax>574.2565068</ymax></bndbox></object></annotation>