<annotation><folder>test_xmls</folder><filename>host-a004_cam0_1233618017951064006.jpeg</filename><path>./imageshost-a004_cam0_1233618017951064006.jpeg</path><source><database>Unknown</database></source><size><width>1224</width><height>1024</height><depth>3</depth></size><segmented>0</segmented><object><name>car</name><pose>Unspecified</pose><truncated>0</truncated><difficult>0</difficult><bndbox><xmin>0</xmin><ymin>556.7002782</ymin><xmax>86.85724041</xmax><ymax>616.317886</ymax></bndbox></object><object><name>car</name><pose>Unspecified</pose><truncated>0</truncated><difficult>0</difficult><bndbox><xmin>549.1017152</xmin><ymin>550.9110539</ymin><xmax>578.3930624</xmax><ymax>573.9238607</ymax></bndbox></object><object><name>car</name><pose>Unspecified</pose><truncated>0</truncated><difficult>0</difficult><bndbox><xmin>450.9076058</xmin><ymin>551.6988894</ymin><xmax>488.4730506</xmax><ymax>574.6836967</ymax></bndbox></object><object><name>car</name><pose>Unspecified</pose><truncated>0</truncated><difficult>0</difficult><bndbox><xmin>265.9521709</xmin><ymin>555.2567084</ymin><xmax>458.2643412</xmax><ymax>663.2151646</ymax></bndbox></object><object><name>car</name><pose>Unspecified</pose><truncated>0</truncated><difficult>0</difficult><bndbox><xmin>486.8150766</xmin><ymin>542.4074272</ymin><xmax>554.5521719</xmax><ymax>599.1823151</ymax></bndbox></object><object><name>car</name><pose>Unspecified</pose><truncated>0</truncated><difficult>0</difficult><bndbox><xmin>561.4860208</xmin><ymin>547.0047187</ymin><xmax>586.6753727</xmax><ymax>568.7237494</ymax></bndbox></object><object><name>car</name><pose>Unspecified</pose><truncated>0</truncated><difficult>0</difficult><bndbox><xmin>681.9113579</xmin><ymin>554.0445826</ymin><xmax>749.6342228</xmax><ymax>603.7009837</ymax></bndbox></object><object><name>car</name><pose>Unspecified</pose><truncated>0</truncated><difficult>0</difficult><bndbox><xmin>689.1214406</xmin><ymin>550.8096391</ymin><xmax>775.5227054</xmax><ymax>614.4227077</ymax></bndbox></object><object><name>car</name><pose>Unspecified</pose><truncated>0</truncated><difficult>0</difficult><bndbox><xmin>358.734708</xmin><ymin>553.1414777</ymin><xmax>424.1956573</xmax><ymax>588.3979946</ymax></bndbox></object><object><name>car</name><pose>Unspecified</pose><truncated>0</truncated><difficult>0</difficult><bndbox><xmin>0</xmin><ymin>533.0747377</ymin><xmax>95.96310372</xmax><ymax>682.5860113</ymax></bndbox></object><object><name>car</name><pose>Unspecified</pose><truncated>0</truncated><difficult>0</difficult><bndbox><xmin>575.411322</xmin><ymin>533.446025</ymin><xmax>642.1561203</xmax><ymax>606.2906628</ymax></bndbox></object><object><name>car</name><pose>Unspecified</pose><truncated>0</truncated><difficult>0</difficult><bndbox><xmin>234.1800655</xmin><ymin>551.5527115</ymin><xmax>341.6482978</xmax><ymax>607.3582246</ymax></bndbox></object><object><name>car</name><pose>Unspecified</pose><truncated>0</truncated><difficult>0</difficult><bndbox><xmin>664.8555673</xmin><ymin>553.2478348</ymin><xmax>720.9420344</xmax><ymax>592.9152073</ymax></bndbox></object><object><name>car</name><pose>Unspecified</pose><truncated>0</truncated><difficult>0</difficult><bndbox><xmin>475.0919184</xmin><ymin>550.8350648</ymin><xmax>506.2681908</xmax><ymax>570.5856977</ymax></bndbox></object><object><name>car</name><pose>Unspecified</pose><truncated>0</truncated><difficult>0</difficult><bndbox><xmin>417.4394998</xmin><ymin>552.0011038</ymin><xmax>467.0282599</xmax><ymax>579.232429</ymax></bndbox></object><object><name>car</name><pose>Unspecified</pose><truncated>0</truncated><difficult>0</difficult><bndbox><xmin>946.9278759</xmin><ymin>469.0311841</ymin><xmax>1224.0</xmax><ymax>1024.0</ymax></bndbox></object><object><name>car</name><pose>Unspecified</pose><truncated>0</truncated><difficult>0</difficult><bndbox><xmin>121.5550131</xmin><ymin>568.2904713</ymin><xmax>192.970305</xmax><ymax>600.3595791</ymax></bndbox></object><object><name>car</name><pose>Unspecified</pose><truncated>0</truncated><difficult>0</difficult><bndbox><xmin>797.4471505</xmin><ymin>558.4657576</ymin><xmax>1191.330251</xmax><ymax>778.8963961</ymax></bndbox></object></annotation>