<annotation><folder>test_xmls</folder><filename>host-a004_cam0_1233422563651064006.jpeg</filename><path>./imageshost-a004_cam0_1233422563651064006.jpeg</path><source><database>Unknown</database></source><size><width>1224</width><height>1024</height><depth>3</depth></size><segmented>0</segmented><object><name>bicycle</name><pose>Unspecified</pose><truncated>0</truncated><difficult>0</difficult><bndbox><xmin>1024.035565</xmin><ymin>564.2479759</ymin><xmax>1222.904108</xmax><ymax>716.843996</ymax></bndbox></object><object><name>car</name><pose>Unspecified</pose><truncated>0</truncated><difficult>0</difficult><bndbox><xmin>623.2059603</xmin><ymin>532.745834</ymin><xmax>662.4305032</xmax><ymax>570.2591414</ymax></bndbox></object><object><name>car</name><pose>Unspecified</pose><truncated>0</truncated><difficult>0</difficult><bndbox><xmin>689.9419413</xmin><ymin>540.918092</ymin><xmax>716.4314551</xmax><ymax>563.5393431</ymax></bndbox></object><object><name>pedestrian</name><pose>Unspecified</pose><truncated>0</truncated><difficult>0</difficult><bndbox><xmin>535.8039247</xmin><ymin>536.6423467</ymin><xmax>548.0909184</xmax><ymax>558.4926257</ymax></bndbox></object><object><name>car</name><pose>Unspecified</pose><truncated>0</truncated><difficult>0</difficult><bndbox><xmin>594.9114648</xmin><ymin>532.8940883</ymin><xmax>648.516938</xmax><ymax>580.0773113</ymax></bndbox></object></annotation>