<annotation><folder>test_xmls</folder><filename>host-a004_cam0_1232905204351064006.jpeg</filename><path>./imageshost-a004_cam0_1232905204351064006.jpeg</path><source><database>Unknown</database></source><size><width>1224</width><height>1024</height><depth>3</depth></size><segmented>0</segmented><object><name>car</name><pose>Unspecified</pose><truncated>0</truncated><difficult>0</difficult><bndbox><xmin>454.2841992</xmin><ymin>538.3060396</ymin><xmax>481.897961</xmax><ymax>556.0021523</ymax></bndbox></object><object><name>car</name><pose>Unspecified</pose><truncated>0</truncated><difficult>0</difficult><bndbox><xmin>470.9559607</xmin><ymin>532.2313725</ymin><xmax>557.5028532</xmax><ymax>592.029664</ymax></bndbox></object><object><name>car</name><pose>Unspecified</pose><truncated>0</truncated><difficult>0</difficult><bndbox><xmin>823.3872782</xmin><ymin>538.0173182</ymin><xmax>1030.143482</xmax><ymax>621.3485078</ymax></bndbox></object><object><name>other_vehicle</name><pose>Unspecified</pose><truncated>0</truncated><difficult>0</difficult><bndbox><xmin>161.3421811</xmin><ymin>527.0812429</ymin><xmax>260.4061686</xmax><ymax>584.6329353</ymax></bndbox></object><object><name>car</name><pose>Unspecified</pose><truncated>0</truncated><difficult>0</difficult><bndbox><xmin>541.0975653</xmin><ymin>531.6013788</ymin><xmax>574.3340877</xmax><ymax>558.8426636</ymax></bndbox></object><object><name>car</name><pose>Unspecified</pose><truncated>0</truncated><difficult>0</difficult><bndbox><xmin>345.177009</xmin><ymin>538.8629567</ymin><xmax>385.1729954</xmax><ymax>565.8362532</ymax></bndbox></object><object><name>car</name><pose>Unspecified</pose><truncated>0</truncated><difficult>0</difficult><bndbox><xmin>607.5817071</xmin><ymin>533.2141177</ymin><xmax>638.3024021</xmax><ymax>557.4828976</ymax></bndbox></object><object><name>car</name><pose>Unspecified</pose><truncated>0</truncated><difficult>0</difficult><bndbox><xmin>85.4211309</xmin><ymin>537.9130769</ymin><xmax>220.6954836</xmax><ymax>596.5920208</ymax></bndbox></object><object><name>truck</name><pose>Unspecified</pose><truncated>0</truncated><difficult>0</difficult><bndbox><xmin>742.0519045</xmin><ymin>513.8631763</ymin><xmax>836.5851355</xmax><ymax>553.9709048</ymax></bndbox></object><object><name>car</name><pose>Unspecified</pose><truncated>0</truncated><difficult>0</difficult><bndbox><xmin>247.8360268</xmin><ymin>538.9350507</ymin><xmax>401.8618173</xmax><ymax>610.1619046</ymax></bndbox></object><object><name>other_vehicle</name><pose>Unspecified</pose><truncated>0</truncated><difficult>0</difficult><bndbox><xmin>272.245106</xmin><ymin>522.9100251</ymin><xmax>347.6457831</xmax><ymax>573.9276219</ymax></bndbox></object><object><name>car</name><pose>Unspecified</pose><truncated>0</truncated><difficult>0</difficult><bndbox><xmin>551.3003321</xmin><ymin>533.3806717</ymin><xmax>590.4053633</xmax><ymax>565.6770194</ymax></bndbox></object><object><name>car</name><pose>Unspecified</pose><truncated>0</truncated><difficult>0</difficult><bndbox><xmin>0</xmin><ymin>510.5331485</ymin><xmax>123.1303121</xmax><ymax>637.4589453</ymax></bndbox></object><object><name>car</name><pose>Unspecified</pose><truncated>0</truncated><difficult>0</difficult><bndbox><xmin>165.0492091</xmin><ymin>538.3939902</ymin><xmax>308.6387548</xmax><ymax>593.9541441</ymax></bndbox></object><object><name>car</name><pose>Unspecified</pose><truncated>0</truncated><difficult>0</difficult><bndbox><xmin>363.2950285</xmin><ymin>540.1674759</ymin><xmax>423.003492</xmax><ymax>567.8478773</ymax></bndbox></object><object><name>car</name><pose>Unspecified</pose><truncated>0</truncated><difficult>0</difficult><bndbox><xmin>618.1474069</xmin><ymin>538.8632084</ymin><xmax>657.8242697</xmax><ymax>569.7911404</ymax></bndbox></object></annotation>