<annotation><folder>test_xmls</folder><filename>host-a004_cam0_1233693264951064006.jpeg</filename><path>./imageshost-a004_cam0_1233693264951064006.jpeg</path><source><database>Unknown</database></source><size><width>1224</width><height>1024</height><depth>3</depth></size><segmented>0</segmented><object><name>car</name><pose>Unspecified</pose><truncated>0</truncated><difficult>0</difficult><bndbox><xmin>592.7343798</xmin><ymin>531.0345558</ymin><xmax>612.5155849</xmax><ymax>550.4993516</ymax></bndbox></object><object><name>car</name><pose>Unspecified</pose><truncated>0</truncated><difficult>0</difficult><bndbox><xmin>613.0442385</xmin><ymin>535.4840798</ymin><xmax>636.1613291</xmax><ymax>554.6773758</ymax></bndbox></object><object><name>car</name><pose>Unspecified</pose><truncated>0</truncated><difficult>0</difficult><bndbox><xmin>0</xmin><ymin>547.3637802</ymin><xmax>97.63177692</xmax><ymax>593.7799274</ymax></bndbox></object><object><name>car</name><pose>Unspecified</pose><truncated>0</truncated><difficult>0</difficult><bndbox><xmin>708.4343192</xmin><ymin>530.328859</ymin><xmax>802.2476191</xmax><ymax>603.0593314</ymax></bndbox></object><object><name>car</name><pose>Unspecified</pose><truncated>0</truncated><difficult>0</difficult><bndbox><xmin>658.1850094</xmin><ymin>531.2787606</ymin><xmax>702.4233142</xmax><ymax>562.3373374</ymax></bndbox></object><object><name>car</name><pose>Unspecified</pose><truncated>0</truncated><difficult>0</difficult><bndbox><xmin>62.87827633</xmin><ymin>546.8300042</ymin><xmax>167.0871153</xmax><ymax>587.8230044</ymax></bndbox></object><object><name>car</name><pose>Unspecified</pose><truncated>0</truncated><difficult>0</difficult><bndbox><xmin>686.1734726</xmin><ymin>529.6341845</ymin><xmax>742.951951</xmax><ymax>577.2889327</ymax></bndbox></object><object><name>car</name><pose>Unspecified</pose><truncated>0</truncated><difficult>0</difficult><bndbox><xmin>795.0436269</xmin><ymin>516.8954213</ymin><xmax>1137.87627</xmax><ymax>753.7531562</ymax></bndbox></object><object><name>other_vehicle</name><pose>Unspecified</pose><truncated>0</truncated><difficult>0</difficult><bndbox><xmin>223.8868441</xmin><ymin>527.0098248</ymin><xmax>303.0626008</xmax><ymax>574.2232701</ymax></bndbox></object><object><name>car</name><pose>Unspecified</pose><truncated>0</truncated><difficult>0</difficult><bndbox><xmin>698.1296542</xmin><ymin>538.2358568</ymin><xmax>763.570009</xmax><ymax>588.9027859</ymax></bndbox></object><object><name>car</name><pose>Unspecified</pose><truncated>0</truncated><difficult>0</difficult><bndbox><xmin>149.0841438</xmin><ymin>550.6856533</ymin><xmax>227.8205633</xmax><ymax>581.4030625</ymax></bndbox></object><object><name>car</name><pose>Unspecified</pose><truncated>0</truncated><difficult>0</difficult><bndbox><xmin>679.5061822</xmin><ymin>526.7789474</ymin><xmax>729.4645445</xmax><ymax>570.9692636</ymax></bndbox></object><object><name>car</name><pose>Unspecified</pose><truncated>0</truncated><difficult>0</difficult><bndbox><xmin>740.1043843</xmin><ymin>539.9911455</ymin><xmax>872.2424519</xmax><ymax>635.862184</ymax></bndbox></object></annotation>