<annotation><folder>test_xmls</folder><filename>host-a004_cam0_1233011756851064006.jpeg</filename><path>./imageshost-a004_cam0_1233011756851064006.jpeg</path><source><database>Unknown</database></source><size><width>1224</width><height>1024</height><depth>3</depth></size><segmented>0</segmented><object><name>car</name><pose>Unspecified</pose><truncated>0</truncated><difficult>0</difficult><bndbox><xmin>201.4291895</xmin><ymin>544.9795096</ymin><xmax>492.3506193</xmax><ymax>729.7985316</ymax></bndbox></object><object><name>car</name><pose>Unspecified</pose><truncated>0</truncated><difficult>0</difficult><bndbox><xmin>596.360079</xmin><ymin>544.324953</ymin><xmax>617.4175633</xmax><ymax>560.9847324</ymax></bndbox></object><object><name>car</name><pose>Unspecified</pose><truncated>0</truncated><difficult>0</difficult><bndbox><xmin>884.424429</xmin><ymin>540.1203463</ymin><xmax>943.8937932</xmax><ymax>578.6072038</ymax></bndbox></object><object><name>car</name><pose>Unspecified</pose><truncated>0</truncated><difficult>0</difficult><bndbox><xmin>558.5350223</xmin><ymin>540.0025876</ymin><xmax>599.0447814</xmax><ymax>575.4434485</ymax></bndbox></object><object><name>pedestrian</name><pose>Unspecified</pose><truncated>0</truncated><difficult>0</difficult><bndbox><xmin>1202.604235</xmin><ymin>530.9302862</ymin><xmax>1224.0</xmax><ymax>582.1749259</ymax></bndbox></object><object><name>car</name><pose>Unspecified</pose><truncated>0</truncated><difficult>0</difficult><bndbox><xmin>863.3701574</xmin><ymin>531.3378604</ymin><xmax>917.1120189</xmax><ymax>574.6013288</ymax></bndbox></object><object><name>car</name><pose>Unspecified</pose><truncated>0</truncated><difficult>0</difficult><bndbox><xmin>1135.178944</xmin><ymin>527.828245</ymin><xmax>1218.506934</xmax><ymax>574.766998</ymax></bndbox></object><object><name>car</name><pose>Unspecified</pose><truncated>0</truncated><difficult>0</difficult><bndbox><xmin>142.9702939</xmin><ymin>543.9219331</ymin><xmax>275.8962799</xmax><ymax>604.6173533</ymax></bndbox></object></annotation>