<annotation><folder>test_xmls</folder><filename>host-a004_cam0_1233685329551064006.jpeg</filename><path>./imageshost-a004_cam0_1233685329551064006.jpeg</path><source><database>Unknown</database></source><size><width>1224</width><height>1024</height><depth>3</depth></size><segmented>0</segmented><object><name>car</name><pose>Unspecified</pose><truncated>0</truncated><difficult>0</difficult><bndbox><xmin>485.9260002</xmin><ymin>535.6245744</ymin><xmax>512.8073887</xmax><ymax>556.3097034</ymax></bndbox></object><object><name>bus</name><pose>Unspecified</pose><truncated>0</truncated><difficult>0</difficult><bndbox><xmin>656.4818063</xmin><ymin>459.7275718</ymin><xmax>744.9496239</xmax><ymax>573.351636</ymax></bndbox></object><object><name>car</name><pose>Unspecified</pose><truncated>0</truncated><difficult>0</difficult><bndbox><xmin>344.2268738</xmin><ymin>546.345009</ymin><xmax>384.0770592</xmax><ymax>566.5307802</ymax></bndbox></object><object><name>car</name><pose>Unspecified</pose><truncated>0</truncated><difficult>0</difficult><bndbox><xmin>368.4296466</xmin><ymin>534.8292158</ymin><xmax>413.1714496</xmax><ymax>567.9263124</ymax></bndbox></object><object><name>car</name><pose>Unspecified</pose><truncated>0</truncated><difficult>0</difficult><bndbox><xmin>370.6784244</xmin><ymin>514.952647</ymin><xmax>452.3906931</xmax><ymax>580.1513652</ymax></bndbox></object><object><name>car</name><pose>Unspecified</pose><truncated>0</truncated><difficult>0</difficult><bndbox><xmin>185.6379989</xmin><ymin>535.0824678</ymin><xmax>292.7653906</xmax><ymax>593.4604077</ymax></bndbox></object><object><name>car</name><pose>Unspecified</pose><truncated>0</truncated><difficult>0</difficult><bndbox><xmin>0</xmin><ymin>489.7588437</ymin><xmax>296.5219052</xmax><ymax>896.3866678</ymax></bndbox></object><object><name>car</name><pose>Unspecified</pose><truncated>0</truncated><difficult>0</difficult><bndbox><xmin>907.787261</xmin><ymin>510.1551246</ymin><xmax>973.16396</xmax><ymax>533.4574305</ymax></bndbox></object></annotation>