<annotation><folder>test_xmls</folder><filename>host-a004_cam0_1232825408451064006.jpeg</filename><path>./imageshost-a004_cam0_1232825408451064006.jpeg</path><source><database>Unknown</database></source><size><width>1224</width><height>1024</height><depth>3</depth></size><segmented>0</segmented><object><name>car</name><pose>Unspecified</pose><truncated>0</truncated><difficult>0</difficult><bndbox><xmin>0</xmin><ymin>545.2489136</ymin><xmax>68.3943803</xmax><ymax>595.1812442</ymax></bndbox></object><object><name>car</name><pose>Unspecified</pose><truncated>0</truncated><difficult>0</difficult><bndbox><xmin>692.9211604</xmin><ymin>548.0404298</ymin><xmax>784.5588432</xmax><ymax>601.8923398</ymax></bndbox></object><object><name>car</name><pose>Unspecified</pose><truncated>0</truncated><difficult>0</difficult><bndbox><xmin>761.3654824</xmin><ymin>510.7141782</ymin><xmax>1008.830699</xmax><ymax>693.4969092</ymax></bndbox></object><object><name>other_vehicle</name><pose>Unspecified</pose><truncated>0</truncated><difficult>0</difficult><bndbox><xmin>638.3776915</xmin><ymin>527.6429869</ymin><xmax>673.5739518</xmax><ymax>559.7342343</ymax></bndbox></object><object><name>car</name><pose>Unspecified</pose><truncated>0</truncated><difficult>0</difficult><bndbox><xmin>665.2041516</xmin><ymin>544.7141471</ymin><xmax>710.1226984</xmax><ymax>579.1976307</ymax></bndbox></object><object><name>car</name><pose>Unspecified</pose><truncated>0</truncated><difficult>0</difficult><bndbox><xmin>683.0258507</xmin><ymin>543.7866688</ymin><xmax>752.5196109</xmax><ymax>590.7144561</ymax></bndbox></object><object><name>car</name><pose>Unspecified</pose><truncated>0</truncated><difficult>0</difficult><bndbox><xmin>646.2387006</xmin><ymin>542.9532259</ymin><xmax>670.8138423</xmax><ymax>559.6621184</ymax></bndbox></object><object><name>car</name><pose>Unspecified</pose><truncated>0</truncated><difficult>0</difficult><bndbox><xmin>453.056983</xmin><ymin>536.512553</ymin><xmax>506.7395268</xmax><ymax>575.7770924</ymax></bndbox></object><object><name>car</name><pose>Unspecified</pose><truncated>0</truncated><difficult>0</difficult><bndbox><xmin>670.58395</xmin><ymin>530.6843738</ymin><xmax>734.9107782</xmax><ymax>583.3304897</ymax></bndbox></object><object><name>car</name><pose>Unspecified</pose><truncated>0</truncated><difficult>0</difficult><bndbox><xmin>0</xmin><ymin>547.198975</ymin><xmax>298.3223845</xmax><ymax>1024.0</ymax></bndbox></object><object><name>car</name><pose>Unspecified</pose><truncated>0</truncated><difficult>0</difficult><bndbox><xmin>515.9520442</xmin><ymin>540.0590439</ymin><xmax>547.7056397</xmax><ymax>564.0281522</ymax></bndbox></object><object><name>car</name><pose>Unspecified</pose><truncated>0</truncated><difficult>0</difficult><bndbox><xmin>587.097135</xmin><ymin>539.3489185</ymin><xmax>608.1209319</xmax><ymax>555.9631257</ymax></bndbox></object><object><name>car</name><pose>Unspecified</pose><truncated>0</truncated><difficult>0</difficult><bndbox><xmin>711.8205091</xmin><ymin>537.7194003</ymin><xmax>832.5648909</xmax><ymax>626.455469</ymax></bndbox></object><object><name>other_vehicle</name><pose>Unspecified</pose><truncated>0</truncated><difficult>0</difficult><bndbox><xmin>657.5476421</xmin><ymin>519.2750362</ymin><xmax>714.8712606</xmax><ymax>572.6400621</ymax></bndbox></object></annotation>