<annotation><folder>test_xmls</folder><filename>host-a004_cam0_1233693263551064006.jpeg</filename><path>./imageshost-a004_cam0_1233693263551064006.jpeg</path><source><database>Unknown</database></source><size><width>1224</width><height>1024</height><depth>3</depth></size><segmented>0</segmented><object><name>other_vehicle</name><pose>Unspecified</pose><truncated>0</truncated><difficult>0</difficult><bndbox><xmin>0</xmin><ymin>511.6254276</ymin><xmax>81.57290383</xmax><ymax>608.3480986</ymax></bndbox></object><object><name>car</name><pose>Unspecified</pose><truncated>0</truncated><difficult>0</difficult><bndbox><xmin>670.8705624</xmin><ymin>532.1999246</ymin><xmax>707.4335348</xmax><ymax>563.9079279</ymax></bndbox></object><object><name>car</name><pose>Unspecified</pose><truncated>0</truncated><difficult>0</difficult><bndbox><xmin>652.4591937</xmin><ymin>533.1947137</ymin><xmax>686.3912238</xmax><ymax>556.3791218</ymax></bndbox></object><object><name>car</name><pose>Unspecified</pose><truncated>0</truncated><difficult>0</difficult><bndbox><xmin>702.4837293</xmin><ymin>529.6021424</ymin><xmax>783.2025422</xmax><ymax>598.2388289</ymax></bndbox></object><object><name>car</name><pose>Unspecified</pose><truncated>0</truncated><difficult>0</difficult><bndbox><xmin>611.2071916</xmin><ymin>536.3063533</ymin><xmax>634.2203962</xmax><ymax>554.872114</ymax></bndbox></object><object><name>car</name><pose>Unspecified</pose><truncated>0</truncated><difficult>0</difficult><bndbox><xmin>735.5063212</xmin><ymin>523.778285</ymin><xmax>862.129967</xmax><ymax>627.0012026</ymax></bndbox></object><object><name>car</name><pose>Unspecified</pose><truncated>0</truncated><difficult>0</difficult><bndbox><xmin>777.2704384</xmin><ymin>539.5108584</ymin><xmax>981.2565593</xmax><ymax>680.0372567</ymax></bndbox></object><object><name>other_vehicle</name><pose>Unspecified</pose><truncated>0</truncated><difficult>0</difficult><bndbox><xmin>314.4722238</xmin><ymin>530.1588909</ymin><xmax>370.6399642</xmax><ymax>567.0023589</ymax></bndbox></object><object><name>car</name><pose>Unspecified</pose><truncated>0</truncated><difficult>0</difficult><bndbox><xmin>692.6274571</xmin><ymin>538.1485817</ymin><xmax>747.5408038</xmax><ymax>582.5354747</ymax></bndbox></object><object><name>car</name><pose>Unspecified</pose><truncated>0</truncated><difficult>0</difficult><bndbox><xmin>667.4201138</xmin><ymin>530.12088</ymin><xmax>701.2174401</xmax><ymax>560.9126771</ymax></bndbox></object><object><name>car</name><pose>Unspecified</pose><truncated>0</truncated><difficult>0</difficult><bndbox><xmin>680.8208043</xmin><ymin>532.882989</ymin><xmax>730.362881</xmax><ymax>573.8339267</ymax></bndbox></object><object><name>car</name><pose>Unspecified</pose><truncated>0</truncated><difficult>0</difficult><bndbox><xmin>589.5466222</xmin><ymin>532.5084741</ymin><xmax>609.9097284</xmax><ymax>552.635199</ymax></bndbox></object></annotation>