<annotation><folder>test_xmls</folder><filename>host-a004_cam0_1233443015751064006.jpeg</filename><path>./imageshost-a004_cam0_1233443015751064006.jpeg</path><source><database>Unknown</database></source><size><width>1224</width><height>1024</height><depth>3</depth></size><segmented>0</segmented><object><name>car</name><pose>Unspecified</pose><truncated>0</truncated><difficult>0</difficult><bndbox><xmin>0</xmin><ymin>631.7580251</ymin><xmax>60.49307529</xmax><ymax>675.522766</ymax></bndbox></object><object><name>car</name><pose>Unspecified</pose><truncated>0</truncated><difficult>0</difficult><bndbox><xmin>625.509545</xmin><ymin>536.4562553</ymin><xmax>650.598646</xmax><ymax>561.7127431</ymax></bndbox></object><object><name>car</name><pose>Unspecified</pose><truncated>0</truncated><difficult>0</difficult><bndbox><xmin>689.9520537</xmin><ymin>534.3944469</ymin><xmax>740.1503212</xmax><ymax>575.1020287</ymax></bndbox></object><object><name>car</name><pose>Unspecified</pose><truncated>0</truncated><difficult>0</difficult><bndbox><xmin>682.0813574</xmin><ymin>541.3278025</ymin><xmax>713.6581158</xmax><ymax>567.8090048</ymax></bndbox></object><object><name>car</name><pose>Unspecified</pose><truncated>0</truncated><difficult>0</difficult><bndbox><xmin>98.77947884</xmin><ymin>545.630999</ymin><xmax>157.5405854</xmax><ymax>564.6344721</ymax></bndbox></object><object><name>car</name><pose>Unspecified</pose><truncated>0</truncated><difficult>0</difficult><bndbox><xmin>805.5129252</xmin><ymin>540.689821</ymin><xmax>898.535277</xmax><ymax>601.4229946</ymax></bndbox></object><object><name>car</name><pose>Unspecified</pose><truncated>0</truncated><difficult>0</difficult><bndbox><xmin>729.9707616</xmin><ymin>526.7472468</ymin><xmax>813.7494075</xmax><ymax>583.3999981</ymax></bndbox></object><object><name>car</name><pose>Unspecified</pose><truncated>0</truncated><difficult>0</difficult><bndbox><xmin>64.89431873</xmin><ymin>546.2285187</ymin><xmax>127.4990515</xmax><ymax>567.9884489</ymax></bndbox></object><object><name>car</name><pose>Unspecified</pose><truncated>0</truncated><difficult>0</difficult><bndbox><xmin>661.4490828</xmin><ymin>535.7052664</ymin><xmax>689.083244</xmax><ymax>558.0757546</ymax></bndbox></object></annotation>