<annotation><folder>test_xmls</folder><filename>host-a004_cam0_1233685318751064006.jpeg</filename><path>./imageshost-a004_cam0_1233685318751064006.jpeg</path><source><database>Unknown</database></source><size><width>1224</width><height>1024</height><depth>3</depth></size><segmented>0</segmented><object><name>car</name><pose>Unspecified</pose><truncated>0</truncated><difficult>0</difficult><bndbox><xmin>209.462576</xmin><ymin>542.9610976</ymin><xmax>272.5002173</xmax><ymax>574.6911222</ymax></bndbox></object><object><name>pedestrian</name><pose>Unspecified</pose><truncated>0</truncated><difficult>0</difficult><bndbox><xmin>967.3933055</xmin><ymin>494.7402386</ymin><xmax>1024.021507</xmax><ymax>595.5057928</ymax></bndbox></object><object><name>car</name><pose>Unspecified</pose><truncated>0</truncated><difficult>0</difficult><bndbox><xmin>357.5805598</xmin><ymin>537.063789</ymin><xmax>418.1584032</xmax><ymax>572.8011383</ymax></bndbox></object><object><name>car</name><pose>Unspecified</pose><truncated>0</truncated><difficult>0</difficult><bndbox><xmin>274.7509371</xmin><ymin>540.2446114</ymin><xmax>350.7422993</xmax><ymax>577.0836776</ymax></bndbox></object><object><name>bus</name><pose>Unspecified</pose><truncated>0</truncated><difficult>0</difficult><bndbox><xmin>592.8332095</xmin><ymin>478.2262929</ymin><xmax>663.0518885</xmax><ymax>568.9741201</ymax></bndbox></object><object><name>car</name><pose>Unspecified</pose><truncated>0</truncated><difficult>0</difficult><bndbox><xmin>462.1379484</xmin><ymin>532.2197057</ymin><xmax>489.7829735</xmax><ymax>553.0206879</ymax></bndbox></object><object><name>car</name><pose>Unspecified</pose><truncated>0</truncated><difficult>0</difficult><bndbox><xmin>156.1918906</xmin><ymin>550.9765816</ymin><xmax>234.894152</xmax><ymax>586.5515635</ymax></bndbox></object><object><name>car</name><pose>Unspecified</pose><truncated>0</truncated><difficult>0</difficult><bndbox><xmin>428.7163616</xmin><ymin>536.3426663</ymin><xmax>458.5250953</xmax><ymax>553.792895</ymax></bndbox></object><object><name>truck</name><pose>Unspecified</pose><truncated>0</truncated><difficult>0</difficult><bndbox><xmin>345.8987218</xmin><ymin>525.5176121</ymin><xmax>420.5646598</xmax><ymax>564.1145665</ymax></bndbox></object><object><name>car</name><pose>Unspecified</pose><truncated>0</truncated><difficult>0</difficult><bndbox><xmin>43.61401208</xmin><ymin>542.0765883</ymin><xmax>306.8786008</xmax><ymax>677.2788307</ymax></bndbox></object><object><name>pedestrian</name><pose>Unspecified</pose><truncated>0</truncated><difficult>0</difficult><bndbox><xmin>697.0294683</xmin><ymin>521.7052802</ymin><xmax>712.8718626</xmax><ymax>549.1768022</ymax></bndbox></object><object><name>car</name><pose>Unspecified</pose><truncated>0</truncated><difficult>0</difficult><bndbox><xmin>1082.329563</xmin><ymin>483.9104237</ymin><xmax>1224.0</xmax><ymax>543.9877528</ymax></bndbox></object><object><name>car</name><pose>Unspecified</pose><truncated>0</truncated><difficult>0</difficult><bndbox><xmin>857.2519716</xmin><ymin>494.527796</ymin><xmax>1056.898959</xmax><ymax>569.2269295</ymax></bndbox></object></annotation>