<annotation><folder>test_xmls</folder><filename>host-a004_cam0_1235944797751064006.jpeg</filename><path>./imageshost-a004_cam0_1235944797751064006.jpeg</path><source><database>Unknown</database></source><size><width>1224</width><height>1024</height><depth>3</depth></size><segmented>0</segmented><object><name>car</name><pose>Unspecified</pose><truncated>0</truncated><difficult>0</difficult><bndbox><xmin>601.9048245</xmin><ymin>538.7747954</ymin><xmax>635.5067776</xmax><ymax>567.1840984</ymax></bndbox></object></annotation>