<annotation><folder>test_xmls</folder><filename>host-a004_cam0_1233443013151064006.jpeg</filename><path>./imageshost-a004_cam0_1233443013151064006.jpeg</path><source><database>Unknown</database></source><size><width>1224</width><height>1024</height><depth>3</depth></size><segmented>0</segmented><object><name>car</name><pose>Unspecified</pose><truncated>0</truncated><difficult>0</difficult><bndbox><xmin>706.3595858</xmin><ymin>546.3095292</ymin><xmax>745.8667354</xmax><ymax>577.6549489</ymax></bndbox></object><object><name>car</name><pose>Unspecified</pose><truncated>0</truncated><difficult>0</difficult><bndbox><xmin>662.7053364</xmin><ymin>541.2366616</ymin><xmax>690.0293199</xmax><ymax>564.4599893</ymax></bndbox></object><object><name>car</name><pose>Unspecified</pose><truncated>0</truncated><difficult>0</difficult><bndbox><xmin>683.1178136</xmin><ymin>537.6103202</ymin><xmax>722.2855263</xmax><ymax>566.6880116</ymax></bndbox></object><object><name>car</name><pose>Unspecified</pose><truncated>0</truncated><difficult>0</difficult><bndbox><xmin>0</xmin><ymin>599.635477</ymin><xmax>55.6030528</xmax><ymax>645.8419089</ymax></bndbox></object><object><name>car</name><pose>Unspecified</pose><truncated>0</truncated><difficult>0</difficult><bndbox><xmin>227.7383655</xmin><ymin>597.0189856</ymin><xmax>289.2185983</xmax><ymax>637.064817</ymax></bndbox></object></annotation>