<annotation><folder>test_xmls</folder><filename>host-a004_cam0_1232905139551064006.jpeg</filename><path>./imageshost-a004_cam0_1232905139551064006.jpeg</path><source><database>Unknown</database></source><size><width>1224</width><height>1024</height><depth>3</depth></size><segmented>0</segmented><object><name>car</name><pose>Unspecified</pose><truncated>0</truncated><difficult>0</difficult><bndbox><xmin>1078.987524</xmin><ymin>541.7973873</ymin><xmax>1224.0</xmax><ymax>650.2106217</ymax></bndbox></object><object><name>car</name><pose>Unspecified</pose><truncated>0</truncated><difficult>0</difficult><bndbox><xmin>631.147372</xmin><ymin>538.090495</ymin><xmax>650.881962</xmax><ymax>556.0811429</ymax></bndbox></object><object><name>bicycle</name><pose>Unspecified</pose><truncated>0</truncated><difficult>0</difficult><bndbox><xmin>714.8568292</xmin><ymin>536.0615614</ymin><xmax>763.3289527</xmax><ymax>570.3084758</ymax></bndbox></object><object><name>car</name><pose>Unspecified</pose><truncated>0</truncated><difficult>0</difficult><bndbox><xmin>802.4163109</xmin><ymin>536.4209937</ymin><xmax>894.4706102</xmax><ymax>567.6874784</ymax></bndbox></object><object><name>car</name><pose>Unspecified</pose><truncated>0</truncated><difficult>0</difficult><bndbox><xmin>433.0405189</xmin><ymin>540.045908</ymin><xmax>476.6257421</xmax><ymax>570.4874406</ymax></bndbox></object><object><name>car</name><pose>Unspecified</pose><truncated>0</truncated><difficult>0</difficult><bndbox><xmin>48.832458</xmin><ymin>561.3605329</ymin><xmax>191.1113191</xmax><ymax>623.2902079</ymax></bndbox></object><object><name>car</name><pose>Unspecified</pose><truncated>0</truncated><difficult>0</difficult><bndbox><xmin>475.7502398</xmin><ymin>544.110348</ymin><xmax>521.8068092</xmax><ymax>574.0509823</ymax></bndbox></object><object><name>car</name><pose>Unspecified</pose><truncated>0</truncated><difficult>0</difficult><bndbox><xmin>230.7100128</xmin><ymin>557.0390899</ymin><xmax>288.6686375</xmax><ymax>584.453738</ymax></bndbox></object><object><name>car</name><pose>Unspecified</pose><truncated>0</truncated><difficult>0</difficult><bndbox><xmin>161.9961368</xmin><ymin>555.3427282</ymin><xmax>249.9656021</xmax><ymax>597.272665</ymax></bndbox></object><object><name>car</name><pose>Unspecified</pose><truncated>0</truncated><difficult>0</difficult><bndbox><xmin>540.5986937</xmin><ymin>533.8255702</ymin><xmax>591.3193944</xmax><ymax>576.8034377</ymax></bndbox></object><object><name>car</name><pose>Unspecified</pose><truncated>0</truncated><difficult>0</difficult><bndbox><xmin>275.0165209</xmin><ymin>549.6504104</ymin><xmax>407.1325961</xmax><ymax>619.9187345</ymax></bndbox></object><object><name>car</name><pose>Unspecified</pose><truncated>0</truncated><difficult>0</difficult><bndbox><xmin>980.5337334</xmin><ymin>545.4233753</ymin><xmax>1146.737854</xmax><ymax>617.9968197</ymax></bndbox></object><object><name>car</name><pose>Unspecified</pose><truncated>0</truncated><difficult>0</difficult><bndbox><xmin>576.7171254</xmin><ymin>540.954987</ymin><xmax>604.5780748</xmax><ymax>561.3820702</ymax></bndbox></object><object><name>car</name><pose>Unspecified</pose><truncated>0</truncated><difficult>0</difficult><bndbox><xmin>1124.753076</xmin><ymin>524.0775185</ymin><xmax>1224.0</xmax><ymax>563.4607256</ymax></bndbox></object><object><name>car</name><pose>Unspecified</pose><truncated>0</truncated><difficult>0</difficult><bndbox><xmin>897.5096012</xmin><ymin>533.3726961</ymin><xmax>1025.810448</xmax><ymax>599.2702887</ymax></bndbox></object></annotation>