<annotation><folder>test_xmls</folder><filename>host-a004_cam0_1233080761351064006.jpeg</filename><path>./imageshost-a004_cam0_1233080761351064006.jpeg</path><source><database>Unknown</database></source><size><width>1224</width><height>1024</height><depth>3</depth></size><segmented>0</segmented><object><name>truck</name><pose>Unspecified</pose><truncated>0</truncated><difficult>0</difficult><bndbox><xmin>549.1064344</xmin><ymin>519.8620687</ymin><xmax>582.2594831</xmax><ymax>559.5416592</ymax></bndbox></object><object><name>car</name><pose>Unspecified</pose><truncated>0</truncated><difficult>0</difficult><bndbox><xmin>802.0836667</xmin><ymin>509.5680396</ymin><xmax>1146.692145</xmax><ymax>733.3711198</ymax></bndbox></object><object><name>car</name><pose>Unspecified</pose><truncated>0</truncated><difficult>0</difficult><bndbox><xmin>395.8178566</xmin><ymin>544.741826</ymin><xmax>476.5128659</xmax><ymax>593.4921683</ymax></bndbox></object><object><name>car</name><pose>Unspecified</pose><truncated>0</truncated><difficult>0</difficult><bndbox><xmin>34.63067264</xmin><ymin>531.3798745</ymin><xmax>311.3341167</xmax><ymax>664.692806</ymax></bndbox></object><object><name>car</name><pose>Unspecified</pose><truncated>0</truncated><difficult>0</difficult><bndbox><xmin>704.4536705</xmin><ymin>540.7936941</ymin><xmax>772.2448081</xmax><ymax>596.8517857</ymax></bndbox></object><object><name>car</name><pose>Unspecified</pose><truncated>0</truncated><difficult>0</difficult><bndbox><xmin>530.8654935</xmin><ymin>528.208671</ymin><xmax>590.4098906</xmax><ymax>578.8810539</ymax></bndbox></object><object><name>other_vehicle</name><pose>Unspecified</pose><truncated>0</truncated><difficult>0</difficult><bndbox><xmin>186.1470742</xmin><ymin>528.3854638</ymin><xmax>285.3842123</xmax><ymax>576.0535355</ymax></bndbox></object><object><name>car</name><pose>Unspecified</pose><truncated>0</truncated><difficult>0</difficult><bndbox><xmin>663.7815208</xmin><ymin>532.9829775</ymin><xmax>695.9854506</xmax><ymax>560.6472592</ymax></bndbox></object><object><name>car</name><pose>Unspecified</pose><truncated>0</truncated><difficult>0</difficult><bndbox><xmin>678.0542235</xmin><ymin>533.2115373</ymin><xmax>726.8769258</xmax><ymax>575.1675373</ymax></bndbox></object><object><name>other_vehicle</name><pose>Unspecified</pose><truncated>0</truncated><difficult>0</difficult><bndbox><xmin>361.9012331</xmin><ymin>534.6108545</ymin><xmax>414.308572</xmax><ymax>566.7463168</ymax></bndbox></object><object><name>car</name><pose>Unspecified</pose><truncated>0</truncated><difficult>0</difficult><bndbox><xmin>756.9828318</xmin><ymin>546.4118859</ymin><xmax>916.8255158</xmax><ymax>649.6374647</ymax></bndbox></object><object><name>car</name><pose>Unspecified</pose><truncated>0</truncated><difficult>0</difficult><bndbox><xmin>949.8063445</xmin><ymin>488.7026291</ymin><xmax>1224.0</xmax><ymax>1024.0</ymax></bndbox></object><object><name>other_vehicle</name><pose>Unspecified</pose><truncated>0</truncated><difficult>0</difficult><bndbox><xmin>588.6189587</xmin><ymin>523.94336</ymin><xmax>612.7813817</xmax><ymax>555.3056208</ymax></bndbox></object><object><name>car</name><pose>Unspecified</pose><truncated>0</truncated><difficult>0</difficult><bndbox><xmin>512.6952024</xmin><ymin>540.1636406</ymin><xmax>546.5227813</xmax><ymax>563.7319175</ymax></bndbox></object><object><name>other_vehicle</name><pose>Unspecified</pose><truncated>0</truncated><difficult>0</difficult><bndbox><xmin>309.7061259</xmin><ymin>537.7631204</ymin><xmax>358.0308199</xmax><ymax>570.925394</ymax></bndbox></object><object><name>car</name><pose>Unspecified</pose><truncated>0</truncated><difficult>0</difficult><bndbox><xmin>432.0812304</xmin><ymin>543.090401</ymin><xmax>544.8455556</xmax><ymax>613.9892231</ymax></bndbox></object></annotation>