<annotation><folder>test_xmls</folder><filename>host-a004_cam0_1233014349851064006.jpeg</filename><path>./imageshost-a004_cam0_1233014349851064006.jpeg</path><source><database>Unknown</database></source><size><width>1224</width><height>1024</height><depth>3</depth></size><segmented>0</segmented><object><name>other_vehicle</name><pose>Unspecified</pose><truncated>0</truncated><difficult>0</difficult><bndbox><xmin>502.0502855</xmin><ymin>528.5428068</ymin><xmax>532.0862799</xmax><ymax>554.1470194</ymax></bndbox></object><object><name>car</name><pose>Unspecified</pose><truncated>0</truncated><difficult>0</difficult><bndbox><xmin>469.2262883</xmin><ymin>533.5093542</ymin><xmax>549.7454181</xmax><ymax>594.3787819</ymax></bndbox></object><object><name>car</name><pose>Unspecified</pose><truncated>0</truncated><difficult>0</difficult><bndbox><xmin>0</xmin><ymin>540.598839</ymin><xmax>374.7794257</xmax><ymax>792.2755743</ymax></bndbox></object><object><name>car</name><pose>Unspecified</pose><truncated>0</truncated><difficult>0</difficult><bndbox><xmin>633.1566533</xmin><ymin>537.2098316</ymin><xmax>661.4724361</xmax><ymax>561.4261177</ymax></bndbox></object><object><name>car</name><pose>Unspecified</pose><truncated>0</truncated><difficult>0</difficult><bndbox><xmin>246.8908548</xmin><ymin>541.6327059</ymin><xmax>391.3716388</xmax><ymax>615.4715277</ymax></bndbox></object><object><name>car</name><pose>Unspecified</pose><truncated>0</truncated><difficult>0</difficult><bndbox><xmin>529.0501233</xmin><ymin>537.4897454</ymin><xmax>559.4509874</xmax><ymax>559.0724633</ymax></bndbox></object></annotation>