<annotation><folder>test_xmls</folder><filename>host-a004_cam0_1233535966951064006.jpeg</filename><path>./imageshost-a004_cam0_1233535966951064006.jpeg</path><source><database>Unknown</database></source><size><width>1224</width><height>1024</height><depth>3</depth></size><segmented>0</segmented><object><name>truck</name><pose>Unspecified</pose><truncated>0</truncated><difficult>0</difficult><bndbox><xmin>185.1113105</xmin><ymin>493.03441</ymin><xmax>363.208257</xmax><ymax>608.9998555</ymax></bndbox></object><object><name>car</name><pose>Unspecified</pose><truncated>0</truncated><difficult>0</difficult><bndbox><xmin>396.1258653</xmin><ymin>545.3939281</ymin><xmax>428.9491465</xmax><ymax>572.828545</ymax></bndbox></object><object><name>car</name><pose>Unspecified</pose><truncated>0</truncated><difficult>0</difficult><bndbox><xmin>591.2703779</xmin><ymin>539.844468</ymin><xmax>630.2276627</xmax><ymax>570.4996024</ymax></bndbox></object><object><name>car</name><pose>Unspecified</pose><truncated>0</truncated><difficult>0</difficult><bndbox><xmin>793.0552397</xmin><ymin>533.2055469</ymin><xmax>902.5903501</xmax><ymax>570.9205091</ymax></bndbox></object><object><name>car</name><pose>Unspecified</pose><truncated>0</truncated><difficult>0</difficult><bndbox><xmin>545.1971235</xmin><ymin>543.3395999</ymin><xmax>570.3224741</xmax><ymax>561.0641622</ymax></bndbox></object><object><name>car</name><pose>Unspecified</pose><truncated>0</truncated><difficult>0</difficult><bndbox><xmin>1190.310025</xmin><ymin>517.963581</ymin><xmax>1224.0</xmax><ymax>606.614936</ymax></bndbox></object><object><name>car</name><pose>Unspecified</pose><truncated>0</truncated><difficult>0</difficult><bndbox><xmin>506.2134808</xmin><ymin>547.6259458</ymin><xmax>563.9067833</xmax><ymax>591.7774728</ymax></bndbox></object><object><name>car</name><pose>Unspecified</pose><truncated>0</truncated><difficult>0</difficult><bndbox><xmin>244.6626459</xmin><ymin>550.304075</ymin><xmax>398.2686482</xmax><ymax>630.1588454</ymax></bndbox></object><object><name>car</name><pose>Unspecified</pose><truncated>0</truncated><difficult>0</difficult><bndbox><xmin>884.9775989</xmin><ymin>564.2574188</ymin><xmax>1224.0</xmax><ymax>1024.0</ymax></bndbox></object><object><name>car</name><pose>Unspecified</pose><truncated>0</truncated><difficult>0</difficult><bndbox><xmin>0</xmin><ymin>549.982324</ymin><xmax>31.46363137</xmax><ymax>637.7202273</ymax></bndbox></object><object><name>truck</name><pose>Unspecified</pose><truncated>0</truncated><difficult>0</difficult><bndbox><xmin>690.3966098</xmin><ymin>471.8256023</ymin><xmax>844.0802513</xmax><ymax>617.6634548</ymax></bndbox></object><object><name>car</name><pose>Unspecified</pose><truncated>0</truncated><difficult>0</difficult><bndbox><xmin>596.2076513</xmin><ymin>546.3184697</ymin><xmax>657.4741104</xmax><ymax>597.3157895</ymax></bndbox></object><object><name>car</name><pose>Unspecified</pose><truncated>0</truncated><difficult>0</difficult><bndbox><xmin>445.3483383</xmin><ymin>543.2016205</ymin><xmax>497.3398981</xmax><ymax>583.9872592</ymax></bndbox></object><object><name>car</name><pose>Unspecified</pose><truncated>0</truncated><difficult>0</difficult><bndbox><xmin>361.1341647</xmin><ymin>548.696244</ymin><xmax>396.7528452</xmax><ymax>569.2186916</ymax></bndbox></object><object><name>bicycle</name><pose>Unspecified</pose><truncated>0</truncated><difficult>0</difficult><bndbox><xmin>941.935479</xmin><ymin>546.7470593</ymin><xmax>1006.31089</xmax><ymax>594.04074</ymax></bndbox></object><object><name>car</name><pose>Unspecified</pose><truncated>0</truncated><difficult>0</difficult><bndbox><xmin>879.4171678</xmin><ymin>542.2586776</ymin><xmax>961.3164054</xmax><ymax>568.8131153</ymax></bndbox></object><object><name>car</name><pose>Unspecified</pose><truncated>0</truncated><difficult>0</difficult><bndbox><xmin>0</xmin><ymin>559.6504836</ymin><xmax>80.39143568</xmax><ymax>605.5102306</ymax></bndbox></object><object><name>car</name><pose>Unspecified</pose><truncated>0</truncated><difficult>0</difficult><bndbox><xmin>490.1328568</xmin><ymin>547.3461849</ymin><xmax>519.9076317</xmax><ymax>573.358167</ymax></bndbox></object></annotation>