<annotation><folder>test_xmls</folder><filename>host-a004_cam0_1235944817151064006.jpeg</filename><path>./imageshost-a004_cam0_1235944817151064006.jpeg</path><source><database>Unknown</database></source><size><width>1224</width><height>1024</height><depth>3</depth></size><segmented>0</segmented><object><name>car</name><pose>Unspecified</pose><truncated>0</truncated><difficult>0</difficult><bndbox><xmin>860.951579</xmin><ymin>518.3385714</ymin><xmax>988.1080403</xmax><ymax>565.691342</ymax></bndbox></object><object><name>car</name><pose>Unspecified</pose><truncated>0</truncated><difficult>0</difficult><bndbox><xmin>1176.934006</xmin><ymin>509.6281312</ymin><xmax>1224.0</xmax><ymax>577.0604042</ymax></bndbox></object><object><name>car</name><pose>Unspecified</pose><truncated>0</truncated><difficult>0</difficult><bndbox><xmin>501.3941268</xmin><ymin>534.7202533</ymin><xmax>749.8572197</xmax><ymax>739.4850347</ymax></bndbox></object><object><name>car</name><pose>Unspecified</pose><truncated>0</truncated><difficult>0</difficult><bndbox><xmin>906.0825124</xmin><ymin>524.3693904</ymin><xmax>1019.148056</xmax><ymax>561.717642</ymax></bndbox></object><object><name>truck</name><pose>Unspecified</pose><truncated>0</truncated><difficult>0</difficult><bndbox><xmin>0</xmin><ymin>492.340856</ymin><xmax>115.1995258</xmax><ymax>576.7376517</ymax></bndbox></object><object><name>car</name><pose>Unspecified</pose><truncated>0</truncated><difficult>0</difficult><bndbox><xmin>1012.399527</xmin><ymin>522.6730558</ymin><xmax>1126.996581</xmax><ymax>559.6112019</ymax></bndbox></object><object><name>car</name><pose>Unspecified</pose><truncated>0</truncated><difficult>0</difficult><bndbox><xmin>1125.174951</xmin><ymin>521.157635</ymin><xmax>1224.0</xmax><ymax>560.073861</ymax></bndbox></object><object><name>car</name><pose>Unspecified</pose><truncated>0</truncated><difficult>0</difficult><bndbox><xmin>454.617654</xmin><ymin>541.783542</ymin><xmax>519.7361375</xmax><ymax>569.2657305</ymax></bndbox></object><object><name>bicycle</name><pose>Unspecified</pose><truncated>0</truncated><difficult>0</difficult><bndbox><xmin>1120.397691</xmin><ymin>525.3487401</ymin><xmax>1217.105704</xmax><ymax>596.9820092</ymax></bndbox></object><object><name>car</name><pose>Unspecified</pose><truncated>0</truncated><difficult>0</difficult><bndbox><xmin>559.8537668</xmin><ymin>535.8652895</ymin><xmax>701.1220801</xmax><ymax>644.6822876</ymax></bndbox></object><object><name>car</name><pose>Unspecified</pose><truncated>0</truncated><difficult>0</difficult><bndbox><xmin>203.7697898</xmin><ymin>522.9282597</ymin><xmax>330.3762699</xmax><ymax>572.2449236</ymax></bndbox></object><object><name>car</name><pose>Unspecified</pose><truncated>0</truncated><difficult>0</difficult><bndbox><xmin>3.221909162</xmin><ymin>526.7332909</ymin><xmax>143.7567622</xmax><ymax>574.2662515</ymax></bndbox></object><object><name>car</name><pose>Unspecified</pose><truncated>0</truncated><difficult>0</difficult><bndbox><xmin>17.16158933</xmin><ymin>520.4017949</ymin><xmax>192.6138032</xmax><ymax>577.3155549</ymax></bndbox></object></annotation>