<annotation><folder>test_xmls</folder><filename>host-a004_cam0_1232905131951064006.jpeg</filename><path>./imageshost-a004_cam0_1232905131951064006.jpeg</path><source><database>Unknown</database></source><size><width>1224</width><height>1024</height><depth>3</depth></size><segmented>0</segmented><object><name>car</name><pose>Unspecified</pose><truncated>0</truncated><difficult>0</difficult><bndbox><xmin>559.360467</xmin><ymin>539.2130908</ymin><xmax>599.1422653</xmax><ymax>567.3539548</ymax></bndbox></object><object><name>car</name><pose>Unspecified</pose><truncated>0</truncated><difficult>0</difficult><bndbox><xmin>474.3796266</xmin><ymin>541.6380808</ymin><xmax>523.2706408</xmax><ymax>573.2243883</ymax></bndbox></object><object><name>car</name><pose>Unspecified</pose><truncated>0</truncated><difficult>0</difficult><bndbox><xmin>631.2285182</xmin><ymin>534.039371</ymin><xmax>651.2688062</xmax><ymax>553.3707203</ymax></bndbox></object><object><name>emergency_vehicle</name><pose>Unspecified</pose><truncated>0</truncated><difficult>0</difficult><bndbox><xmin>404.0706557</xmin><ymin>531.5755424</ymin><xmax>456.755548</xmax><ymax>560.5586843</ymax></bndbox></object><object><name>car</name><pose>Unspecified</pose><truncated>0</truncated><difficult>0</difficult><bndbox><xmin>500.1912266</xmin><ymin>528.6854524</ymin><xmax>575.9306378</xmax><ymax>590.8746454</ymax></bndbox></object><object><name>car</name><pose>Unspecified</pose><truncated>0</truncated><difficult>0</difficult><bndbox><xmin>0</xmin><ymin>553.1410262</ymin><xmax>262.7600654</xmax><ymax>683.3015588</ymax></bndbox></object><object><name>car</name><pose>Unspecified</pose><truncated>0</truncated><difficult>0</difficult><bndbox><xmin>590.7038941</xmin><ymin>535.7598773</ymin><xmax>613.8892616</xmax><ymax>555.8170448</ymax></bndbox></object></annotation>