<annotation><folder>test_xmls</folder><filename>host-a004_cam0_1233693276951064006.jpeg</filename><path>./imageshost-a004_cam0_1233693276951064006.jpeg</path><source><database>Unknown</database></source><size><width>1224</width><height>1024</height><depth>3</depth></size><segmented>0</segmented><object><name>car</name><pose>Unspecified</pose><truncated>0</truncated><difficult>0</difficult><bndbox><xmin>675.2156656</xmin><ymin>534.154852</ymin><xmax>713.531937</xmax><ymax>568.8024503</ymax></bndbox></object><object><name>car</name><pose>Unspecified</pose><truncated>0</truncated><difficult>0</difficult><bndbox><xmin>395.5919459</xmin><ymin>543.1931958</ymin><xmax>526.8625462</xmax><ymax>632.6691079</ymax></bndbox></object><object><name>other_vehicle</name><pose>Unspecified</pose><truncated>0</truncated><difficult>0</difficult><bndbox><xmin>93.78737879</xmin><ymin>536.1717643</ymin><xmax>208.6908885</xmax><ymax>590.3276289</ymax></bndbox></object><object><name>car</name><pose>Unspecified</pose><truncated>0</truncated><difficult>0</difficult><bndbox><xmin>622.3572533</xmin><ymin>536.4418506</ymin><xmax>640.0967669</xmax><ymax>551.2950509</ymax></bndbox></object><object><name>car</name><pose>Unspecified</pose><truncated>0</truncated><difficult>0</difficult><bndbox><xmin>719.6225775</xmin><ymin>541.3838002</ymin><xmax>823.9727885</xmax><ymax>613.1852819</ymax></bndbox></object><object><name>car</name><pose>Unspecified</pose><truncated>0</truncated><difficult>0</difficult><bndbox><xmin>679.9679814</xmin><ymin>540.207071</ymin><xmax>724.4667975</xmax><ymax>573.6699828</ymax></bndbox></object><object><name>other_vehicle</name><pose>Unspecified</pose><truncated>0</truncated><difficult>0</difficult><bndbox><xmin>327.2373703</xmin><ymin>530.3805556</ymin><xmax>384.9592508</xmax><ymax>567.2892981</ymax></bndbox></object><object><name>car</name><pose>Unspecified</pose><truncated>0</truncated><difficult>0</difficult><bndbox><xmin>659.7659033</xmin><ymin>537.7292367</ymin><xmax>684.0851821</xmax><ymax>557.9179801</ymax></bndbox></object><object><name>car</name><pose>Unspecified</pose><truncated>0</truncated><difficult>0</difficult><bndbox><xmin>572.5480505</xmin><ymin>529.0634029</ymin><xmax>607.6577779</xmax><ymax>563.4771571</ymax></bndbox></object><object><name>car</name><pose>Unspecified</pose><truncated>0</truncated><difficult>0</difficult><bndbox><xmin>328.9007069</xmin><ymin>541.9584225</ymin><xmax>437.1507676</xmax><ymax>605.9207306</ymax></bndbox></object><object><name>car</name><pose>Unspecified</pose><truncated>0</truncated><difficult>0</difficult><bndbox><xmin>706.6065444</xmin><ymin>540.2054847</ymin><xmax>779.5647664</xmax><ymax>593.6541513</ymax></bndbox></object><object><name>car</name><pose>Unspecified</pose><truncated>0</truncated><difficult>0</difficult><bndbox><xmin>597.9084538</xmin><ymin>539.0058301</ymin><xmax>666.3264261</xmax><ymax>600.4280064</ymax></bndbox></object><object><name>car</name><pose>Unspecified</pose><truncated>0</truncated><difficult>0</difficult><bndbox><xmin>502.5423909</xmin><ymin>539.9850628</ymin><xmax>538.4426249</xmax><ymax>566.3001626</ymax></bndbox></object></annotation>