<annotation><folder>test_xmls</folder><filename>host-a004_cam0_1233535969951064006.jpeg</filename><path>./imageshost-a004_cam0_1233535969951064006.jpeg</path><source><database>Unknown</database></source><size><width>1224</width><height>1024</height><depth>3</depth></size><segmented>0</segmented><object><name>car</name><pose>Unspecified</pose><truncated>0</truncated><difficult>0</difficult><bndbox><xmin>102.5719046</xmin><ymin>538.7515481</ymin><xmax>218.304487</xmax><ymax>599.9104546</ymax></bndbox></object><object><name>pedestrian</name><pose>Unspecified</pose><truncated>0</truncated><difficult>0</difficult><bndbox><xmin>721.9693818</xmin><ymin>521.8327258</ymin><xmax>748.3991676</xmax><ymax>571.7836327</ymax></bndbox></object><object><name>car</name><pose>Unspecified</pose><truncated>0</truncated><difficult>0</difficult><bndbox><xmin>992.0267548</xmin><ymin>512.363647</ymin><xmax>1224.0</xmax><ymax>602.3629142</ymax></bndbox></object><object><name>car</name><pose>Unspecified</pose><truncated>0</truncated><difficult>0</difficult><bndbox><xmin>435.9397167</xmin><ymin>538.8136116</ymin><xmax>483.9198534</xmax><ymax>578.2988847</ymax></bndbox></object><object><name>car</name><pose>Unspecified</pose><truncated>0</truncated><difficult>0</difficult><bndbox><xmin>399.4394326</xmin><ymin>538.7890373</ymin><xmax>429.8583603</xmax><ymax>565.201129</ymax></bndbox></object><object><name>car</name><pose>Unspecified</pose><truncated>0</truncated><difficult>0</difficult><bndbox><xmin>136.6122585</xmin><ymin>540.1173914</ymin><xmax>325.3735176</xmax><ymax>633.1811852</ymax></bndbox></object><object><name>car</name><pose>Unspecified</pose><truncated>0</truncated><difficult>0</difficult><bndbox><xmin>559.0791059</xmin><ymin>536.848235</ymin><xmax>622.7708139</xmax><ymax>581.9073902</ymax></bndbox></object><object><name>car</name><pose>Unspecified</pose><truncated>0</truncated><difficult>0</difficult><bndbox><xmin>351.4136324</xmin><ymin>533.8295702</ymin><xmax>403.8306436</xmax><ymax>576.4233835</ymax></bndbox></object><object><name>car</name><pose>Unspecified</pose><truncated>0</truncated><difficult>0</difficult><bndbox><xmin>1141.603771</xmin><ymin>533.2856582</ymin><xmax>1224.0</xmax><ymax>590.9512879</ymax></bndbox></object><object><name>car</name><pose>Unspecified</pose><truncated>0</truncated><difficult>0</difficult><bndbox><xmin>762.8087078</xmin><ymin>535.2868718</ymin><xmax>949.1115283</xmax><ymax>600.1223858</ymax></bndbox></object><object><name>car</name><pose>Unspecified</pose><truncated>0</truncated><difficult>0</difficult><bndbox><xmin>299.2495446</xmin><ymin>540.489204</ymin><xmax>326.74409</xmax><ymax>557.7546843</ymax></bndbox></object><object><name>car</name><pose>Unspecified</pose><truncated>0</truncated><difficult>0</difficult><bndbox><xmin>471.1654028</xmin><ymin>529.521617</ymin><xmax>518.9080722</xmax><ymax>565.2393329</ymax></bndbox></object><object><name>car</name><pose>Unspecified</pose><truncated>0</truncated><difficult>0</difficult><bndbox><xmin>16.78122065</xmin><ymin>538.2524225</ymin><xmax>130.3322871</xmax><ymax>588.0111609</ymax></bndbox></object><object><name>car</name><pose>Unspecified</pose><truncated>0</truncated><difficult>0</difficult><bndbox><xmin>0</xmin><ymin>534.837273</ymin><xmax>76.81825402</xmax><ymax>618.0253379</ymax></bndbox></object><object><name>car</name><pose>Unspecified</pose><truncated>0</truncated><difficult>0</difficult><bndbox><xmin>641.4387334</xmin><ymin>530.7829877</ymin><xmax>733.4499349</xmax><ymax>561.4566445</ymax></bndbox></object></annotation>