<annotation><folder>test_xmls</folder><filename>host-a004_cam0_1233693268951064006.jpeg</filename><path>./imageshost-a004_cam0_1233693268951064006.jpeg</path><source><database>Unknown</database></source><size><width>1224</width><height>1024</height><depth>3</depth></size><segmented>0</segmented><object><name>car</name><pose>Unspecified</pose><truncated>0</truncated><difficult>0</difficult><bndbox><xmin>309.2481917</xmin><ymin>488.0011678</ymin><xmax>569.3035672</xmax><ymax>670.4587258</ymax></bndbox></object><object><name>car</name><pose>Unspecified</pose><truncated>0</truncated><difficult>0</difficult><bndbox><xmin>725.3170185</xmin><ymin>518.4701633</ymin><xmax>802.3838701</xmax><ymax>583.0688174</ymax></bndbox></object><object><name>car</name><pose>Unspecified</pose><truncated>0</truncated><difficult>0</difficult><bndbox><xmin>694.2371387</xmin><ymin>524.9523</ymin><xmax>725.8784585</xmax><ymax>553.9858364</ymax></bndbox></object><object><name>car</name><pose>Unspecified</pose><truncated>0</truncated><difficult>0</difficult><bndbox><xmin>844.478555</xmin><ymin>513.9375663</ymin><xmax>1140.239852</xmax><ymax>736.7524009</ymax></bndbox></object><object><name>car</name><pose>Unspecified</pose><truncated>0</truncated><difficult>0</difficult><bndbox><xmin>717.5036888</xmin><ymin>523.6297558</ymin><xmax>772.7166383</xmax><ymax>570.6596126</ymax></bndbox></object><object><name>car</name><pose>Unspecified</pose><truncated>0</truncated><difficult>0</difficult><bndbox><xmin>703.5486782</xmin><ymin>524.9685186</ymin><xmax>743.3571542</xmax><ymax>562.8504677</ymax></bndbox></object><object><name>car</name><pose>Unspecified</pose><truncated>0</truncated><difficult>0</difficult><bndbox><xmin>674.8074522</xmin><ymin>528.3701229</ymin><xmax>859.9932142</xmax><ymax>592.3898268</ymax></bndbox></object><object><name>car</name><pose>Unspecified</pose><truncated>0</truncated><difficult>0</difficult><bndbox><xmin>653.2396451</xmin><ymin>529.8451117</ymin><xmax>675.2385006</xmax><ymax>548.3479572</ymax></bndbox></object></annotation>