<annotation><folder>test_xmls</folder><filename>host-a004_cam0_1233014866451064006.jpeg</filename><path>./imageshost-a004_cam0_1233014866451064006.jpeg</path><source><database>Unknown</database></source><size><width>1224</width><height>1024</height><depth>3</depth></size><segmented>0</segmented><object><name>car</name><pose>Unspecified</pose><truncated>0</truncated><difficult>0</difficult><bndbox><xmin>840.7721651</xmin><ymin>534.4429066</ymin><xmax>1008.006192</xmax><ymax>597.9612218</ymax></bndbox></object><object><name>car</name><pose>Unspecified</pose><truncated>0</truncated><difficult>0</difficult><bndbox><xmin>584.8524361</xmin><ymin>533.9310194</ymin><xmax>608.3918503</xmax><ymax>551.4076043</ymax></bndbox></object><object><name>pedestrian</name><pose>Unspecified</pose><truncated>0</truncated><difficult>0</difficult><bndbox><xmin>889.6143353</xmin><ymin>532.9331346</ymin><xmax>918.2334538</xmax><ymax>581.7762608</ymax></bndbox></object><object><name>car</name><pose>Unspecified</pose><truncated>0</truncated><difficult>0</difficult><bndbox><xmin>321.7933424</xmin><ymin>528.1095405</ymin><xmax>419.4673788</xmax><ymax>591.8116749</ymax></bndbox></object><object><name>car</name><pose>Unspecified</pose><truncated>0</truncated><difficult>0</difficult><bndbox><xmin>455.0711501</xmin><ymin>521.8430368</ymin><xmax>550.9762743</xmax><ymax>581.1704462</ymax></bndbox></object><object><name>car</name><pose>Unspecified</pose><truncated>0</truncated><difficult>0</difficult><bndbox><xmin>591.8380511</xmin><ymin>524.0648721</ymin><xmax>651.9882911</xmax><ymax>581.8178463</ymax></bndbox></object><object><name>car</name><pose>Unspecified</pose><truncated>0</truncated><difficult>0</difficult><bndbox><xmin>0</xmin><ymin>516.6268011</ymin><xmax>326.9560552</xmax><ymax>971.5873624</ymax></bndbox></object><object><name>pedestrian</name><pose>Unspecified</pose><truncated>0</truncated><difficult>0</difficult><bndbox><xmin>829.518814</xmin><ymin>533.0079332</ymin><xmax>856.8196773</xmax><ymax>580.3222786</ymax></bndbox></object><object><name>bus</name><pose>Unspecified</pose><truncated>0</truncated><difficult>0</difficult><bndbox><xmin>0</xmin><ymin>443.8044912</ymin><xmax>171.6558139</xmax><ymax>631.5841233</ymax></bndbox></object><object><name>pedestrian</name><pose>Unspecified</pose><truncated>0</truncated><difficult>0</difficult><bndbox><xmin>763.786825</xmin><ymin>532.3669527</ymin><xmax>784.7306694</xmax><ymax>578.6159495</ymax></bndbox></object><object><name>pedestrian</name><pose>Unspecified</pose><truncated>0</truncated><difficult>0</difficult><bndbox><xmin>778.4048041</xmin><ymin>523.9414086</ymin><xmax>802.5012399</xmax><ymax>568.5950496</ymax></bndbox></object><object><name>car</name><pose>Unspecified</pose><truncated>0</truncated><difficult>0</difficult><bndbox><xmin>280.9277883</xmin><ymin>534.1296972</ymin><xmax>335.1544648</xmax><ymax>551.3998092</ymax></bndbox></object><object><name>car</name><pose>Unspecified</pose><truncated>0</truncated><difficult>0</difficult><bndbox><xmin>393.1284829</xmin><ymin>527.5352115</ymin><xmax>438.1550851</xmax><ymax>555.3360905</ymax></bndbox></object><object><name>car</name><pose>Unspecified</pose><truncated>0</truncated><difficult>0</difficult><bndbox><xmin>223.5656075</xmin><ymin>536.3002358</ymin><xmax>281.0190691</xmax><ymax>562.2949259</ymax></bndbox></object><object><name>car</name><pose>Unspecified</pose><truncated>0</truncated><difficult>0</difficult><bndbox><xmin>535.4855777</xmin><ymin>526.275311</ymin><xmax>579.1105663</xmax><ymax>563.7091394</ymax></bndbox></object><object><name>car</name><pose>Unspecified</pose><truncated>0</truncated><difficult>0</difficult><bndbox><xmin>1022.844527</xmin><ymin>478.1916686</ymin><xmax>1224.0</xmax><ymax>605.311784</ymax></bndbox></object><object><name>car</name><pose>Unspecified</pose><truncated>0</truncated><difficult>0</difficult><bndbox><xmin>646.6063827</xmin><ymin>527.0504798</ymin><xmax>677.4732456</xmax><ymax>554.7330524</ymax></bndbox></object><object><name>pedestrian</name><pose>Unspecified</pose><truncated>0</truncated><difficult>0</difficult><bndbox><xmin>783.6532695</xmin><ymin>525.5166867</ymin><xmax>805.4166041</xmax><ymax>567.252523</ymax></bndbox></object><object><name>car</name><pose>Unspecified</pose><truncated>0</truncated><difficult>0</difficult><bndbox><xmin>129.4025312</xmin><ymin>532.05757</ymin><xmax>238.6642955</xmax><ymax>579.4344863</ymax></bndbox></object></annotation>