<annotation><folder>test_xmls</folder><filename>host-a004_cam0_1233683018451064006.jpeg</filename><path>./imageshost-a004_cam0_1233683018451064006.jpeg</path><source><database>Unknown</database></source><size><width>1224</width><height>1024</height><depth>3</depth></size><segmented>0</segmented><object><name>car</name><pose>Unspecified</pose><truncated>0</truncated><difficult>0</difficult><bndbox><xmin>0</xmin><ymin>533.0772469</ymin><xmax>193.8702088</xmax><ymax>633.0767114</ymax></bndbox></object><object><name>car</name><pose>Unspecified</pose><truncated>0</truncated><difficult>0</difficult><bndbox><xmin>569.677147</xmin><ymin>533.4276256</ymin><xmax>607.6784094</xmax><ymax>565.5723127</ymax></bndbox></object><object><name>car</name><pose>Unspecified</pose><truncated>0</truncated><difficult>0</difficult><bndbox><xmin>724.5684479</xmin><ymin>536.2098607</ymin><xmax>754.5718837</xmax><ymax>561.3861962</ymax></bndbox></object></annotation>