<annotation><folder>test_xmls</folder><filename>host-a004_cam0_1233618016151064006.jpeg</filename><path>./imageshost-a004_cam0_1233618016151064006.jpeg</path><source><database>Unknown</database></source><size><width>1224</width><height>1024</height><depth>3</depth></size><segmented>0</segmented><object><name>car</name><pose>Unspecified</pose><truncated>0</truncated><difficult>0</difficult><bndbox><xmin>441.6379142</xmin><ymin>525.2665567</ymin><xmax>557.7861683</xmax><ymax>616.1251677</ymax></bndbox></object><object><name>car</name><pose>Unspecified</pose><truncated>0</truncated><difficult>0</difficult><bndbox><xmin>0</xmin><ymin>550.424226</ymin><xmax>52.93711939</xmax><ymax>613.7610195</ymax></bndbox></object><object><name>car</name><pose>Unspecified</pose><truncated>0</truncated><difficult>0</difficult><bndbox><xmin>0</xmin><ymin>561.4434082</ymin><xmax>98.63825563</xmax><ymax>1024.0</ymax></bndbox></object><object><name>car</name><pose>Unspecified</pose><truncated>0</truncated><difficult>0</difficult><bndbox><xmin>718.5374592</xmin><ymin>538.5312424</ymin><xmax>794.0565702</xmax><ymax>594.5901783</ymax></bndbox></object><object><name>car</name><pose>Unspecified</pose><truncated>0</truncated><difficult>0</difficult><bndbox><xmin>568.5076</xmin><ymin>539.0659928</ymin><xmax>604.7942203</xmax><ymax>567.6738038</ymax></bndbox></object><object><name>car</name><pose>Unspecified</pose><truncated>0</truncated><difficult>0</difficult><bndbox><xmin>432.233124</xmin><ymin>539.763608</ymin><xmax>486.6828064</xmax><ymax>569.3427801</ymax></bndbox></object><object><name>car</name><pose>Unspecified</pose><truncated>0</truncated><difficult>0</difficult><bndbox><xmin>61.25695531</xmin><ymin>543.7981148</ymin><xmax>171.3293791</xmax><ymax>597.0486346</ymax></bndbox></object><object><name>car</name><pose>Unspecified</pose><truncated>0</truncated><difficult>0</difficult><bndbox><xmin>343.6660893</xmin><ymin>541.3474399</ymin><xmax>425.0202106</xmax><ymax>584.0144608</ymax></bndbox></object><object><name>car</name><pose>Unspecified</pose><truncated>0</truncated><difficult>0</difficult><bndbox><xmin>160.474567</xmin><ymin>540.486509</ymin><xmax>312.446955</xmax><ymax>612.5431281</ymax></bndbox></object><object><name>car</name><pose>Unspecified</pose><truncated>0</truncated><difficult>0</difficult><bndbox><xmin>712.8223737</xmin><ymin>541.4545291</ymin><xmax>773.5555672</xmax><ymax>586.2128682</ymax></bndbox></object><object><name>car</name><pose>Unspecified</pose><truncated>0</truncated><difficult>0</difficult><bndbox><xmin>536.3914756</xmin><ymin>537.8509229</ymin><xmax>571.3117454</xmax><ymax>564.0040845</ymax></bndbox></object><object><name>car</name><pose>Unspecified</pose><truncated>0</truncated><difficult>0</difficult><bndbox><xmin>588.4632402</xmin><ymin>510.8225227</ymin><xmax>693.2727553</xmax><ymax>624.9744658</ymax></bndbox></object><object><name>car</name><pose>Unspecified</pose><truncated>0</truncated><difficult>0</difficult><bndbox><xmin>875.7077298</xmin><ymin>515.1788571</ymin><xmax>1224.0</xmax><ymax>883.0757757</ymax></bndbox></object><object><name>car</name><pose>Unspecified</pose><truncated>0</truncated><difficult>0</difficult><bndbox><xmin>697.6010827</xmin><ymin>540.7225</ymin><xmax>749.0461072</xmax><ymax>577.15666</ymax></bndbox></object><object><name>car</name><pose>Unspecified</pose><truncated>0</truncated><difficult>0</difficult><bndbox><xmin>796.6949885</xmin><ymin>544.8381868</ymin><xmax>1050.516251</xmax><ymax>693.2976404</ymax></bndbox></object></annotation>