<annotation><folder>test_xmls</folder><filename>host-a004_cam0_1233516167851064006.jpeg</filename><path>./imageshost-a004_cam0_1233516167851064006.jpeg</path><source><database>Unknown</database></source><size><width>1224</width><height>1024</height><depth>3</depth></size><segmented>0</segmented><object><name>car</name><pose>Unspecified</pose><truncated>0</truncated><difficult>0</difficult><bndbox><xmin>977.248499</xmin><ymin>514.8158911</ymin><xmax>1127.273397</xmax><ymax>562.4985955</ymax></bndbox></object><object><name>car</name><pose>Unspecified</pose><truncated>0</truncated><difficult>0</difficult><bndbox><xmin>704.7661207</xmin><ymin>533.7809792</ymin><xmax>785.2151929</xmax><ymax>592.6497172</ymax></bndbox></object><object><name>car</name><pose>Unspecified</pose><truncated>0</truncated><difficult>0</difficult><bndbox><xmin>579.7456089</xmin><ymin>538.0945631</ymin><xmax>613.6653749</xmax><ymax>562.9970417</ymax></bndbox></object><object><name>other_vehicle</name><pose>Unspecified</pose><truncated>0</truncated><difficult>0</difficult><bndbox><xmin>661.0199796</xmin><ymin>517.2137503</ymin><xmax>697.2386264</xmax><ymax>556.6865564</ymax></bndbox></object><object><name>car</name><pose>Unspecified</pose><truncated>0</truncated><difficult>0</difficult><bndbox><xmin>0</xmin><ymin>525.9185498</ymin><xmax>238.1763928</xmax><ymax>718.3633102</ymax></bndbox></object><object><name>car</name><pose>Unspecified</pose><truncated>0</truncated><difficult>0</difficult><bndbox><xmin>460.3902563</xmin><ymin>531.0177493</ymin><xmax>521.7799895</xmax><ymax>576.9016914</ymax></bndbox></object><object><name>car</name><pose>Unspecified</pose><truncated>0</truncated><difficult>0</difficult><bndbox><xmin>941.9444404</xmin><ymin>520.5336376</ymin><xmax>1069.77126</xmax><ymax>562.0264234</ymax></bndbox></object><object><name>car</name><pose>Unspecified</pose><truncated>0</truncated><difficult>0</difficult><bndbox><xmin>691.5354132</xmin><ymin>538.6277</ymin><xmax>740.0603858</xmax><ymax>578.9770196</ymax></bndbox></object><object><name>other_vehicle</name><pose>Unspecified</pose><truncated>0</truncated><difficult>0</difficult><bndbox><xmin>750.4560202</xmin><ymin>464.1442483</ymin><xmax>963.2437372</xmax><ymax>643.726008</ymax></bndbox></object><object><name>car</name><pose>Unspecified</pose><truncated>0</truncated><difficult>0</difficult><bndbox><xmin>809.8207283</xmin><ymin>516.9874842</ymin><xmax>1077.120451</xmax><ymax>705.5304348</ymax></bndbox></object><object><name>other_vehicle</name><pose>Unspecified</pose><truncated>0</truncated><difficult>0</difficult><bndbox><xmin>668.2689351</xmin><ymin>512.6284979</ymin><xmax>717.0782135</xmax><ymax>562.0732259</ymax></bndbox></object><object><name>car</name><pose>Unspecified</pose><truncated>0</truncated><difficult>0</difficult><bndbox><xmin>527.4959671</xmin><ymin>531.7891426</ymin><xmax>595.6937757</xmax><ymax>586.8847339</ymax></bndbox></object><object><name>car</name><pose>Unspecified</pose><truncated>0</truncated><difficult>0</difficult><bndbox><xmin>898.4386162</xmin><ymin>522.3660438</ymin><xmax>1018.028768</xmax><ymax>560.3125696</ymax></bndbox></object><object><name>car</name><pose>Unspecified</pose><truncated>0</truncated><difficult>0</difficult><bndbox><xmin>1085.372581</xmin><ymin>523.8676547</ymin><xmax>1224.0</xmax><ymax>573.5798155</ymax></bndbox></object><object><name>car</name><pose>Unspecified</pose><truncated>0</truncated><difficult>0</difficult><bndbox><xmin>680.733964</xmin><ymin>532.8098815</ymin><xmax>731.5750835</xmax><ymax>570.4810323</ymax></bndbox></object><object><name>car</name><pose>Unspecified</pose><truncated>0</truncated><difficult>0</difficult><bndbox><xmin>516.4840481</xmin><ymin>532.8675009</ymin><xmax>552.8499198</xmax><ymax>561.8933514</ymax></bndbox></object></annotation>