<annotation><folder>test_xmls</folder><filename>host-a004_cam0_1233963867451064006.jpeg</filename><path>./imageshost-a004_cam0_1233963867451064006.jpeg</path><source><database>Unknown</database></source><size><width>1224</width><height>1024</height><depth>3</depth></size><segmented>0</segmented><object><name>car</name><pose>Unspecified</pose><truncated>0</truncated><difficult>0</difficult><bndbox><xmin>726.7139493</xmin><ymin>537.0799979</ymin><xmax>839.550839</xmax><ymax>623.7374067</ymax></bndbox></object><object><name>car</name><pose>Unspecified</pose><truncated>0</truncated><difficult>0</difficult><bndbox><xmin>512.6267934</xmin><ymin>521.3190518</ymin><xmax>585.5564105</xmax><ymax>583.8833229</ymax></bndbox></object><object><name>other_vehicle</name><pose>Unspecified</pose><truncated>0</truncated><difficult>0</difficult><bndbox><xmin>735.3505101</xmin><ymin>340.1054711</ymin><xmax>1224.0</xmax><ymax>751.153089</ymax></bndbox></object><object><name>car</name><pose>Unspecified</pose><truncated>0</truncated><difficult>0</difficult><bndbox><xmin>675.359606</xmin><ymin>536.2099271</ymin><xmax>700.4594679</xmax><ymax>559.4043472</ymax></bndbox></object><object><name>other_vehicle</name><pose>Unspecified</pose><truncated>0</truncated><difficult>0</difficult><bndbox><xmin>665.4293446</xmin><ymin>516.8808565</ymin><xmax>696.9730587</xmax><ymax>552.8824372</ymax></bndbox></object><object><name>car</name><pose>Unspecified</pose><truncated>0</truncated><difficult>0</difficult><bndbox><xmin>428.8318422</xmin><ymin>533.9857319</ymin><xmax>460.2476381</xmax><ymax>554.4319355</ymax></bndbox></object><object><name>car</name><pose>Unspecified</pose><truncated>0</truncated><difficult>0</difficult><bndbox><xmin>353.0203767</xmin><ymin>538.7846594</ymin><xmax>447.8119651</xmax><ymax>599.8532732</ymax></bndbox></object></annotation>