<annotation><folder>test_xmls</folder><filename>host-a004_cam0_1233947114551064006.jpeg</filename><path>./imageshost-a004_cam0_1233947114551064006.jpeg</path><source><database>Unknown</database></source><size><width>1224</width><height>1024</height><depth>3</depth></size><segmented>0</segmented><object><name>car</name><pose>Unspecified</pose><truncated>0</truncated><difficult>0</difficult><bndbox><xmin>836.8442041</xmin><ymin>539.668388</ymin><xmax>1224.0</xmax><ymax>807.7860556</ymax></bndbox></object><object><name>car</name><pose>Unspecified</pose><truncated>0</truncated><difficult>0</difficult><bndbox><xmin>739.4338293</xmin><ymin>527.900196</ymin><xmax>854.5416064</xmax><ymax>618.4418311</ymax></bndbox></object><object><name>car</name><pose>Unspecified</pose><truncated>0</truncated><difficult>0</difficult><bndbox><xmin>709.0686486</xmin><ymin>524.9262241</ymin><xmax>803.8429114</xmax><ymax>599.0778779</ymax></bndbox></object><object><name>car</name><pose>Unspecified</pose><truncated>0</truncated><difficult>0</difficult><bndbox><xmin>241.9252483</xmin><ymin>543.4977006</ymin><xmax>305.0439268</xmax><ymax>571.0326647</ymax></bndbox></object><object><name>car</name><pose>Unspecified</pose><truncated>0</truncated><difficult>0</difficult><bndbox><xmin>198.9362345</xmin><ymin>545.3624802</ymin><xmax>273.228015</xmax><ymax>574.8613766</ymax></bndbox></object><object><name>car</name><pose>Unspecified</pose><truncated>0</truncated><difficult>0</difficult><bndbox><xmin>573.9922498</xmin><ymin>538.0379292</ymin><xmax>605.1176578</xmax><ymax>562.8805473</ymax></bndbox></object><object><name>car</name><pose>Unspecified</pose><truncated>0</truncated><difficult>0</difficult><bndbox><xmin>762.3274645</xmin><ymin>525.5748836</ymin><xmax>937.7999229</xmax><ymax>661.865059</ymax></bndbox></object><object><name>car</name><pose>Unspecified</pose><truncated>0</truncated><difficult>0</difficult><bndbox><xmin>519.5789798</xmin><ymin>538.4840239</ymin><xmax>552.9741003</xmax><ymax>564.7250365</ymax></bndbox></object><object><name>car</name><pose>Unspecified</pose><truncated>0</truncated><difficult>0</difficult><bndbox><xmin>689.4875785</xmin><ymin>542.4599176</ymin><xmax>743.2871475</xmax><ymax>577.8038238</ymax></bndbox></object><object><name>car</name><pose>Unspecified</pose><truncated>0</truncated><difficult>0</difficult><bndbox><xmin>699.7372429</xmin><ymin>539.2127208</ymin><xmax>754.0341852</xmax><ymax>584.4404547</ymax></bndbox></object><object><name>car</name><pose>Unspecified</pose><truncated>0</truncated><difficult>0</difficult><bndbox><xmin>290.232527</xmin><ymin>545.8608055</ymin><xmax>337.8729391</xmax><ymax>566.24847</ymax></bndbox></object><object><name>car</name><pose>Unspecified</pose><truncated>0</truncated><difficult>0</difficult><bndbox><xmin>0</xmin><ymin>546.3555616</ymin><xmax>246.5755061</xmax><ymax>732.7792817</ymax></bndbox></object><object><name>bus</name><pose>Unspecified</pose><truncated>0</truncated><difficult>0</difficult><bndbox><xmin>671.8115066</xmin><ymin>504.6852959</ymin><xmax>738.6829346</xmax><ymax>573.9164048</ymax></bndbox></object><object><name>other_vehicle</name><pose>Unspecified</pose><truncated>0</truncated><difficult>0</difficult><bndbox><xmin>663.0747944</xmin><ymin>517.9250369</ymin><xmax>709.158063</xmax><ymax>562.7855179</ymax></bndbox></object></annotation>