<annotation><folder>test_xmls</folder><filename>host-a004_cam0_1233693272351064006.jpeg</filename><path>./imageshost-a004_cam0_1233693272351064006.jpeg</path><source><database>Unknown</database></source><size><width>1224</width><height>1024</height><depth>3</depth></size><segmented>0</segmented><object><name>car</name><pose>Unspecified</pose><truncated>0</truncated><difficult>0</difficult><bndbox><xmin>865.156811</xmin><ymin>484.6575827</ymin><xmax>1224.0</xmax><ymax>824.0099165</ymax></bndbox></object><object><name>car</name><pose>Unspecified</pose><truncated>0</truncated><difficult>0</difficult><bndbox><xmin>672.7442837</xmin><ymin>540.9672653</ymin><xmax>703.0767959</xmax><ymax>564.2878354</ymax></bndbox></object><object><name>car</name><pose>Unspecified</pose><truncated>0</truncated><difficult>0</difficult><bndbox><xmin>708.3039039</xmin><ymin>541.6129573</ymin><xmax>765.7546193</xmax><ymax>584.9769885</ymax></bndbox></object><object><name>car</name><pose>Unspecified</pose><truncated>0</truncated><difficult>0</difficult><bndbox><xmin>781.392403</xmin><ymin>524.889907</ymin><xmax>972.0609727</xmax><ymax>657.9358881</ymax></bndbox></object><object><name>car</name><pose>Unspecified</pose><truncated>0</truncated><difficult>0</difficult><bndbox><xmin>691.5579492</xmin><ymin>533.8127271</ymin><xmax>744.4794237</xmax><ymax>579.7908006</ymax></bndbox></object><object><name>car</name><pose>Unspecified</pose><truncated>0</truncated><difficult>0</difficult><bndbox><xmin>366.9286979</xmin><ymin>543.8037737</ymin><xmax>458.6240858</xmax><ymax>600.7953823</ymax></bndbox></object><object><name>other_vehicle</name><pose>Unspecified</pose><truncated>0</truncated><difficult>0</difficult><bndbox><xmin>269.034657</xmin><ymin>531.4793545</ymin><xmax>340.9614134</xmax><ymax>578.1387832</ymax></bndbox></object><object><name>car</name><pose>Unspecified</pose><truncated>0</truncated><difficult>0</difficult><bndbox><xmin>743.6528296</xmin><ymin>543.5464739</ymin><xmax>853.0528298</xmax><ymax>621.9161987</ymax></bndbox></object><object><name>car</name><pose>Unspecified</pose><truncated>0</truncated><difficult>0</difficult><bndbox><xmin>623.5771811</xmin><ymin>541.7295618</ymin><xmax>724.3370395</xmax><ymax>627.5019999</ymax></bndbox></object><object><name>car</name><pose>Unspecified</pose><truncated>0</truncated><difficult>0</difficult><bndbox><xmin>626.0459624</xmin><ymin>539.96853</ymin><xmax>644.2928951</xmax><ymax>555.2723488</ymax></bndbox></object><object><name>car</name><pose>Unspecified</pose><truncated>0</truncated><difficult>0</difficult><bndbox><xmin>719.3743274</xmin><ymin>532.3926076</ymin><xmax>804.6278489</xmax><ymax>605.515834</ymax></bndbox></object><object><name>car</name><pose>Unspecified</pose><truncated>0</truncated><difficult>0</difficult><bndbox><xmin>549.7030049</xmin><ymin>527.7791612</ymin><xmax>609.5103182</xmax><ymax>579.6401125</ymax></bndbox></object></annotation>