<annotation><folder>test_xmls</folder><filename>host-a004_cam0_1233693271151064006.jpeg</filename><path>./imageshost-a004_cam0_1233693271151064006.jpeg</path><source><database>Unknown</database></source><size><width>1224</width><height>1024</height><depth>3</depth></size><segmented>0</segmented><object><name>car</name><pose>Unspecified</pose><truncated>0</truncated><difficult>0</difficult><bndbox><xmin>673.1778046</xmin><ymin>536.1267043</ymin><xmax>699.6747048</xmax><ymax>556.7383903</ymax></bndbox></object><object><name>car</name><pose>Unspecified</pose><truncated>0</truncated><difficult>0</difficult><bndbox><xmin>705.8259294</xmin><ymin>530.361177</ymin><xmax>767.2272186</xmax><ymax>585.433188</ymax></bndbox></object><object><name>car</name><pose>Unspecified</pose><truncated>0</truncated><difficult>0</difficult><bndbox><xmin>665.6007666</xmin><ymin>536.3595004</ymin><xmax>684.6763792</xmax><ymax>551.424076</ymax></bndbox></object><object><name>car</name><pose>Unspecified</pose><truncated>0</truncated><difficult>0</difficult><bndbox><xmin>523.2731302</xmin><ymin>519.5946086</ymin><xmax>602.3928068</xmax><ymax>588.3105663</ymax></bndbox></object><object><name>car</name><pose>Unspecified</pose><truncated>0</truncated><difficult>0</difficult><bndbox><xmin>632.1727726</xmin><ymin>535.2432112</ymin><xmax>652.2842725</xmax><ymax>551.3843148</ymax></bndbox></object><object><name>car</name><pose>Unspecified</pose><truncated>0</truncated><difficult>0</difficult><bndbox><xmin>720.52552</xmin><ymin>538.825921</ymin><xmax>792.7792259</xmax><ymax>593.9998356</ymax></bndbox></object><object><name>car</name><pose>Unspecified</pose><truncated>0</truncated><difficult>0</difficult><bndbox><xmin>628.6347037</xmin><ymin>539.0282361</ymin><xmax>744.7738835</xmax><ymax>628.9834248</ymax></bndbox></object><object><name>other_vehicle</name><pose>Unspecified</pose><truncated>0</truncated><difficult>0</difficult><bndbox><xmin>312.3535222</xmin><ymin>526.4519894</ymin><xmax>373.6949938</xmax><ymax>568.015432</ymax></bndbox></object><object><name>car</name><pose>Unspecified</pose><truncated>0</truncated><difficult>0</difficult><bndbox><xmin>769.7719128</xmin><ymin>515.8766323</ymin><xmax>957.6838703</xmax><ymax>652.6185844</ymax></bndbox></object><object><name>car</name><pose>Unspecified</pose><truncated>0</truncated><difficult>0</difficult><bndbox><xmin>739.477523</xmin><ymin>527.764784</ymin><xmax>844.7928807</xmax><ymax>608.8706834</ymax></bndbox></object><object><name>car</name><pose>Unspecified</pose><truncated>0</truncated><difficult>0</difficult><bndbox><xmin>147.3847837</xmin><ymin>542.0997539</ymin><xmax>348.9817236</xmax><ymax>646.9593548</ymax></bndbox></object><object><name>car</name><pose>Unspecified</pose><truncated>0</truncated><difficult>0</difficult><bndbox><xmin>687.3246441</xmin><ymin>530.5087688</ymin><xmax>730.2494254</xmax><ymax>568.5919417</ymax></bndbox></object></annotation>