<annotation><folder>test_xmls</folder><filename>host-a004_cam0_1233422562851064006.jpeg</filename><path>./imageshost-a004_cam0_1233422562851064006.jpeg</path><source><database>Unknown</database></source><size><width>1224</width><height>1024</height><depth>3</depth></size><segmented>0</segmented><object><name>bicycle</name><pose>Unspecified</pose><truncated>0</truncated><difficult>0</difficult><bndbox><xmin>847.9696317</xmin><ymin>550.55827</ymin><xmax>929.6135158</xmax><ymax>628.568309</ymax></bndbox></object><object><name>pedestrian</name><pose>Unspecified</pose><truncated>0</truncated><difficult>0</difficult><bndbox><xmin>524.4340844</xmin><ymin>534.955701</ymin><xmax>535.8809468</xmax><ymax>555.3757416</ymax></bndbox></object><object><name>car</name><pose>Unspecified</pose><truncated>0</truncated><difficult>0</difficult><bndbox><xmin>608.0664689</xmin><ymin>531.4429943</ymin><xmax>643.3538</xmax><ymax>565.2153203</ymax></bndbox></object><object><name>car</name><pose>Unspecified</pose><truncated>0</truncated><difficult>0</difficult><bndbox><xmin>667.8266361</xmin><ymin>538.7884999</ymin><xmax>692.0240496</xmax><ymax>559.160699</ymax></bndbox></object><object><name>car</name><pose>Unspecified</pose><truncated>0</truncated><difficult>0</difficult><bndbox><xmin>583.3415634</xmin><ymin>531.9399028</ymin><xmax>629.4765607</xmax><ymax>572.5162009</ymax></bndbox></object></annotation>