<annotation><folder>test_xmls</folder><filename>host-a004_cam0_1232815256851064006.jpeg</filename><path>./imageshost-a004_cam0_1232815256851064006.jpeg</path><source><database>Unknown</database></source><size><width>1224</width><height>1024</height><depth>3</depth></size><segmented>0</segmented><object><name>car</name><pose>Unspecified</pose><truncated>0</truncated><difficult>0</difficult><bndbox><xmin>650.4009555</xmin><ymin>535.1456391</ymin><xmax>668.0431597</xmax><ymax>552.1500163</ymax></bndbox></object><object><name>car</name><pose>Unspecified</pose><truncated>0</truncated><difficult>0</difficult><bndbox><xmin>69.19089689</xmin><ymin>546.5116535</ymin><xmax>284.5979341</xmax><ymax>657.6681644</ymax></bndbox></object><object><name>car</name><pose>Unspecified</pose><truncated>0</truncated><difficult>0</difficult><bndbox><xmin>819.5631018</xmin><ymin>535.276257</ymin><xmax>1086.248013</xmax><ymax>724.3835737</ymax></bndbox></object><object><name>car</name><pose>Unspecified</pose><truncated>0</truncated><difficult>0</difficult><bndbox><xmin>677.9937111</xmin><ymin>534.138661</ymin><xmax>718.7582621</xmax><ymax>573.1128692</ymax></bndbox></object><object><name>car</name><pose>Unspecified</pose><truncated>0</truncated><difficult>0</difficult><bndbox><xmin>174.4961123</xmin><ymin>522.1471964</ymin><xmax>273.0860538</xmax><ymax>559.3438839</ymax></bndbox></object><object><name>truck</name><pose>Unspecified</pose><truncated>0</truncated><difficult>0</difficult><bndbox><xmin>350.8576437</xmin><ymin>447.4847189</ymin><xmax>510.3463526</xmax><ymax>590.2053259</ymax></bndbox></object></annotation>