<annotation><folder>test_xmls</folder><filename>host-a004_cam0_1233442992951064006.jpeg</filename><path>./imageshost-a004_cam0_1233442992951064006.jpeg</path><source><database>Unknown</database></source><size><width>1224</width><height>1024</height><depth>3</depth></size><segmented>0</segmented><object><name>car</name><pose>Unspecified</pose><truncated>0</truncated><difficult>0</difficult><bndbox><xmin>206.9749868</xmin><ymin>549.8368706</ymin><xmax>283.5361734</xmax><ymax>586.5213917</ymax></bndbox></object><object><name>car</name><pose>Unspecified</pose><truncated>0</truncated><difficult>0</difficult><bndbox><xmin>776.6665035</xmin><ymin>526.307193</ymin><xmax>924.9418572</xmax><ymax>576.2679144</ymax></bndbox></object><object><name>car</name><pose>Unspecified</pose><truncated>0</truncated><difficult>0</difficult><bndbox><xmin>1151.212938</xmin><ymin>473.8360469</ymin><xmax>1224.0</xmax><ymax>544.3656711</ymax></bndbox></object><object><name>car</name><pose>Unspecified</pose><truncated>0</truncated><difficult>0</difficult><bndbox><xmin>302.0344032</xmin><ymin>516.5657023</ymin><xmax>511.329851</xmax><ymax>667.0221461</ymax></bndbox></object><object><name>car</name><pose>Unspecified</pose><truncated>0</truncated><difficult>0</difficult><bndbox><xmin>474.8166091</xmin><ymin>532.9882737</ymin><xmax>529.1017382</xmax><ymax>571.9614824</ymax></bndbox></object><object><name>car</name><pose>Unspecified</pose><truncated>0</truncated><difficult>0</difficult><bndbox><xmin>582.7029237</xmin><ymin>539.2038621</ymin><xmax>633.7803551</xmax><ymax>579.9523487</ymax></bndbox></object><object><name>car</name><pose>Unspecified</pose><truncated>0</truncated><difficult>0</difficult><bndbox><xmin>887.4333369</xmin><ymin>512.6674242</ymin><xmax>1058.229344</xmax><ymax>572.2034135</ymax></bndbox></object><object><name>car</name><pose>Unspecified</pose><truncated>0</truncated><difficult>0</difficult><bndbox><xmin>967.3867459</xmin><ymin>499.9072612</ymin><xmax>1123.556497</xmax><ymax>562.7127708</ymax></bndbox></object><object><name>truck</name><pose>Unspecified</pose><truncated>0</truncated><difficult>0</difficult><bndbox><xmin>0</xmin><ymin>507.7930875</ymin><xmax>50.37117299</xmax><ymax>627.7353848</ymax></bndbox></object><object><name>car</name><pose>Unspecified</pose><truncated>0</truncated><difficult>0</difficult><bndbox><xmin>250.3557562</xmin><ymin>546.05508</ymin><xmax>332.7883652</xmax><ymax>584.3174901</ymax></bndbox></object><object><name>car</name><pose>Unspecified</pose><truncated>0</truncated><difficult>0</difficult><bndbox><xmin>107.7999068</xmin><ymin>548.2288144</ymin><xmax>213.2503769</xmax><ymax>595.0792478</ymax></bndbox></object></annotation>