<annotation><folder>test_xmls</folder><filename>host-a004_cam0_1235947101951064006.jpeg</filename><path>./imageshost-a004_cam0_1235947101951064006.jpeg</path><source><database>Unknown</database></source><size><width>1224</width><height>1024</height><depth>3</depth></size><segmented>0</segmented><object><name>car</name><pose>Unspecified</pose><truncated>0</truncated><difficult>0</difficult><bndbox><xmin>579.3886069</xmin><ymin>532.3949727</ymin><xmax>686.369423</xmax><ymax>634.2924963</ymax></bndbox></object><object><name>car</name><pose>Unspecified</pose><truncated>0</truncated><difficult>0</difficult><bndbox><xmin>942.5238454</xmin><ymin>523.6351385</ymin><xmax>1037.102411</xmax><ymax>574.7708992</ymax></bndbox></object><object><name>car</name><pose>Unspecified</pose><truncated>0</truncated><difficult>0</difficult><bndbox><xmin>451.076231</xmin><ymin>524.9534399</ymin><xmax>543.6868111</xmax><ymax>599.5478839</ymax></bndbox></object><object><name>car</name><pose>Unspecified</pose><truncated>0</truncated><difficult>0</difficult><bndbox><xmin>432.6092359</xmin><ymin>527.8453916</ymin><xmax>490.7180168</xmax><ymax>572.4348445</ymax></bndbox></object><object><name>car</name><pose>Unspecified</pose><truncated>0</truncated><difficult>0</difficult><bndbox><xmin>524.5799053</xmin><ymin>535.9070676</ymin><xmax>580.8982748</xmax><ymax>577.6141612</ymax></bndbox></object><object><name>car</name><pose>Unspecified</pose><truncated>0</truncated><difficult>0</difficult><bndbox><xmin>1112.879162</xmin><ymin>521.343363</ymin><xmax>1224.0</xmax><ymax>568.1052516</ymax></bndbox></object><object><name>car</name><pose>Unspecified</pose><truncated>0</truncated><difficult>0</difficult><bndbox><xmin>533.7411589</xmin><ymin>527.1899535</ymin><xmax>579.8707052</xmax><ymax>559.9772244</ymax></bndbox></object><object><name>car</name><pose>Unspecified</pose><truncated>0</truncated><difficult>0</difficult><bndbox><xmin>737.2340812</xmin><ymin>522.5266195</ymin><xmax>873.644207</xmax><ymax>624.8122957</ymax></bndbox></object><object><name>car</name><pose>Unspecified</pose><truncated>0</truncated><difficult>0</difficult><bndbox><xmin>561.9844336</xmin><ymin>533.2644208</ymin><xmax>596.3029276</xmax><ymax>563.9457895</ymax></bndbox></object><object><name>car</name><pose>Unspecified</pose><truncated>0</truncated><difficult>0</difficult><bndbox><xmin>1189.068832</xmin><ymin>514.8378159</ymin><xmax>1224.0</xmax><ymax>565.7472947</ymax></bndbox></object><object><name>car</name><pose>Unspecified</pose><truncated>0</truncated><difficult>0</difficult><bndbox><xmin>87.48901931</xmin><ymin>539.0467599</ymin><xmax>157.1473415</xmax><ymax>563.460242</ymax></bndbox></object><object><name>car</name><pose>Unspecified</pose><truncated>0</truncated><difficult>0</difficult><bndbox><xmin>899.2835729</xmin><ymin>549.7856399</ymin><xmax>1224.0</xmax><ymax>993.6730048</ymax></bndbox></object><object><name>car</name><pose>Unspecified</pose><truncated>0</truncated><difficult>0</difficult><bndbox><xmin>793.0968085</xmin><ymin>543.7258057</ymin><xmax>1053.056618</xmax><ymax>692.5043826</ymax></bndbox></object><object><name>car</name><pose>Unspecified</pose><truncated>0</truncated><difficult>0</difficult><bndbox><xmin>310.2291012</xmin><ymin>533.8188886</ymin><xmax>435.3908416</xmax><ymax>600.2713285</ymax></bndbox></object><object><name>car</name><pose>Unspecified</pose><truncated>0</truncated><difficult>0</difficult><bndbox><xmin>985.598186</xmin><ymin>514.3011647</ymin><xmax>1132.284108</xmax><ymax>572.7632918</ymax></bndbox></object><object><name>car</name><pose>Unspecified</pose><truncated>0</truncated><difficult>0</difficult><bndbox><xmin>1041.825406</xmin><ymin>522.0669502</ymin><xmax>1158.059335</xmax><ymax>571.1602737</ymax></bndbox></object><object><name>car</name><pose>Unspecified</pose><truncated>0</truncated><difficult>0</difficult><bndbox><xmin>890.3567575</xmin><ymin>529.0796487</ymin><xmax>983.6449959</xmax><ymax>576.8118748</ymax></bndbox></object><object><name>car</name><pose>Unspecified</pose><truncated>0</truncated><difficult>0</difficult><bndbox><xmin>583.04018</xmin><ymin>528.0809454</ymin><xmax>614.2381807</xmax><ymax>552.1949343</ymax></bndbox></object><object><name>car</name><pose>Unspecified</pose><truncated>0</truncated><difficult>0</difficult><bndbox><xmin>126.4673845</xmin><ymin>539.1018672</ymin><xmax>204.1422332</xmax><ymax>563.5225043</ymax></bndbox></object><object><name>car</name><pose>Unspecified</pose><truncated>0</truncated><difficult>0</difficult><bndbox><xmin>1103.046709</xmin><ymin>513.6421125</ymin><xmax>1224.0</xmax><ymax>570.1413189</ymax></bndbox></object><object><name>car</name><pose>Unspecified</pose><truncated>0</truncated><difficult>0</difficult><bndbox><xmin>53.39317439</xmin><ymin>518.7917171</ymin><xmax>423.5264761</xmax><ymax>741.6613364</ymax></bndbox></object></annotation>