<annotation><folder>test_xmls</folder><filename>host-a004_cam0_1233014843251064006.jpeg</filename><path>./imageshost-a004_cam0_1233014843251064006.jpeg</path><source><database>Unknown</database></source><size><width>1224</width><height>1024</height><depth>3</depth></size><segmented>0</segmented><object><name>car</name><pose>Unspecified</pose><truncated>0</truncated><difficult>0</difficult><bndbox><xmin>669.7927627</xmin><ymin>532.1489085</ymin><xmax>705.2629636</xmax><ymax>560.8787139</ymax></bndbox></object><object><name>car</name><pose>Unspecified</pose><truncated>0</truncated><difficult>0</difficult><bndbox><xmin>445.8819825</xmin><ymin>530.2381297</ymin><xmax>502.9744844</xmax><ymax>569.9929908</ymax></bndbox></object><object><name>car</name><pose>Unspecified</pose><truncated>0</truncated><difficult>0</difficult><bndbox><xmin>294.8196131</xmin><ymin>531.7864769</ymin><xmax>336.9570911</xmax><ymax>552.8307974</ymax></bndbox></object><object><name>bicycle</name><pose>Unspecified</pose><truncated>0</truncated><difficult>0</difficult><bndbox><xmin>1179.283398</xmin><ymin>493.1568057</ymin><xmax>1224.0</xmax><ymax>681.5734008</ymax></bndbox></object><object><name>car</name><pose>Unspecified</pose><truncated>0</truncated><difficult>0</difficult><bndbox><xmin>162.0127034</xmin><ymin>535.1372217</ymin><xmax>230.17856</xmax><ymax>562.1878055</ymax></bndbox></object><object><name>car</name><pose>Unspecified</pose><truncated>0</truncated><difficult>0</difficult><bndbox><xmin>493.2647513</xmin><ymin>531.7988071</ymin><xmax>561.5333279</xmax><ymax>584.7482454</ymax></bndbox></object><object><name>car</name><pose>Unspecified</pose><truncated>0</truncated><difficult>0</difficult><bndbox><xmin>552.7918316</xmin><ymin>531.2201895</ymin><xmax>579.0496149</xmax><ymax>551.9179927</ymax></bndbox></object></annotation>