<annotation><folder>test_xmls</folder><filename>host-a004_cam0_1233615992951064006.jpeg</filename><path>./imageshost-a004_cam0_1233615992951064006.jpeg</path><source><database>Unknown</database></source><size><width>1224</width><height>1024</height><depth>3</depth></size><segmented>0</segmented><object><name>bicycle</name><pose>Unspecified</pose><truncated>0</truncated><difficult>0</difficult><bndbox><xmin>721.355693</xmin><ymin>549.755897</ymin><xmax>750.4510813</xmax><ymax>567.7358714</ymax></bndbox></object><object><name>car</name><pose>Unspecified</pose><truncated>0</truncated><difficult>0</difficult><bndbox><xmin>471.6449241</xmin><ymin>540.2251084</ymin><xmax>521.0422504</xmax><ymax>583.1994705</ymax></bndbox></object><object><name>pedestrian</name><pose>Unspecified</pose><truncated>0</truncated><difficult>0</difficult><bndbox><xmin>1020.050046</xmin><ymin>545.9199537</ymin><xmax>1041.242675</xmax><ymax>582.0942112</ymax></bndbox></object><object><name>car</name><pose>Unspecified</pose><truncated>0</truncated><difficult>0</difficult><bndbox><xmin>352.9280599</xmin><ymin>554.4325379</ymin><xmax>395.7664848</xmax><ymax>578.1178134</ymax></bndbox></object><object><name>car</name><pose>Unspecified</pose><truncated>0</truncated><difficult>0</difficult><bndbox><xmin>567.7596492</xmin><ymin>546.399351</ymin><xmax>664.9677001</xmax><ymax>634.1821875</ymax></bndbox></object><object><name>car</name><pose>Unspecified</pose><truncated>0</truncated><difficult>0</difficult><bndbox><xmin>946.7281389</xmin><ymin>540.496422</ymin><xmax>1049.476356</xmax><ymax>573.3638428</ymax></bndbox></object><object><name>car</name><pose>Unspecified</pose><truncated>0</truncated><difficult>0</difficult><bndbox><xmin>0</xmin><ymin>534.9157516</ymin><xmax>4.843598428</xmax><ymax>635.8853083</ymax></bndbox></object><object><name>car</name><pose>Unspecified</pose><truncated>0</truncated><difficult>0</difficult><bndbox><xmin>0</xmin><ymin>485.6467707</ymin><xmax>152.0301609</xmax><ymax>1024.0</ymax></bndbox></object><object><name>car</name><pose>Unspecified</pose><truncated>0</truncated><difficult>0</difficult><bndbox><xmin>0</xmin><ymin>560.8489157</ymin><xmax>27.66228677</xmax><ymax>661.0988795</ymax></bndbox></object><object><name>car</name><pose>Unspecified</pose><truncated>0</truncated><difficult>0</difficult><bndbox><xmin>455.3584795</xmin><ymin>549.0000117</ymin><xmax>487.8994628</xmax><ymax>570.4470766</ymax></bndbox></object><object><name>car</name><pose>Unspecified</pose><truncated>0</truncated><difficult>0</difficult><bndbox><xmin>883.2411217</xmin><ymin>539.6790157</ymin><xmax>982.1479131</xmax><ymax>573.0191141</ymax></bndbox></object><object><name>car</name><pose>Unspecified</pose><truncated>0</truncated><difficult>0</difficult><bndbox><xmin>229.1519772</xmin><ymin>557.3564033</ymin><xmax>301.7429388</xmax><ymax>593.4686987</ymax></bndbox></object><object><name>car</name><pose>Unspecified</pose><truncated>0</truncated><difficult>0</difficult><bndbox><xmin>249.8826772</xmin><ymin>538.7227215</ymin><xmax>319.3128234</xmax><ymax>582.2194064</ymax></bndbox></object><object><name>car</name><pose>Unspecified</pose><truncated>0</truncated><difficult>0</difficult><bndbox><xmin>1047.063121</xmin><ymin>530.9867988</ymin><xmax>1158.33537</xmax><ymax>568.9628875</ymax></bndbox></object><object><name>car</name><pose>Unspecified</pose><truncated>0</truncated><difficult>0</difficult><bndbox><xmin>382.6493849</xmin><ymin>550.3192487</ymin><xmax>511.3993562</xmax><ymax>638.4976687</ymax></bndbox></object><object><name>car</name><pose>Unspecified</pose><truncated>0</truncated><difficult>0</difficult><bndbox><xmin>745.5718927</xmin><ymin>541.4730039</ymin><xmax>841.9117361</xmax><ymax>576.7812396</ymax></bndbox></object><object><name>car</name><pose>Unspecified</pose><truncated>0</truncated><difficult>0</difficult><bndbox><xmin>558.3992769</xmin><ymin>546.9263264</ymin><xmax>588.2036677</xmax><ymax>575.7759048</ymax></bndbox></object><object><name>car</name><pose>Unspecified</pose><truncated>0</truncated><difficult>0</difficult><bndbox><xmin>196.0962655</xmin><ymin>552.392428</ymin><xmax>289.3985025</xmax><ymax>600.4150097</ymax></bndbox></object><object><name>car</name><pose>Unspecified</pose><truncated>0</truncated><difficult>0</difficult><bndbox><xmin>428.4159975</xmin><ymin>547.974117</ymin><xmax>467.7986777</xmax><ymax>574.6991011</ymax></bndbox></object><object><name>pedestrian</name><pose>Unspecified</pose><truncated>0</truncated><difficult>0</difficult><bndbox><xmin>743.5332939</xmin><ymin>546.5725648</ymin><xmax>757.8443289</xmax><ymax>577.3017807</ymax></bndbox></object><object><name>car</name><pose>Unspecified</pose><truncated>0</truncated><difficult>0</difficult><bndbox><xmin>809.4035005</xmin><ymin>541.2202391</ymin><xmax>919.0488318</xmax><ymax>578.0483363</ymax></bndbox></object><object><name>car</name><pose>Unspecified</pose><truncated>0</truncated><difficult>0</difficult><bndbox><xmin>866.4860766</xmin><ymin>561.3668745</ymin><xmax>1224.0</xmax><ymax>1024.0</ymax></bndbox></object><object><name>car</name><pose>Unspecified</pose><truncated>0</truncated><difficult>0</difficult><bndbox><xmin>368.3332662</xmin><ymin>554.8881732</ymin><xmax>416.1856094</xmax><ymax>581.5421972</ymax></bndbox></object><object><name>car</name><pose>Unspecified</pose><truncated>0</truncated><difficult>0</difficult><bndbox><xmin>0</xmin><ymin>565.0526348</ymin><xmax>61.25593363</xmax><ymax>614.2228913</ymax></bndbox></object><object><name>car</name><pose>Unspecified</pose><truncated>0</truncated><difficult>0</difficult><bndbox><xmin>319.6382007</xmin><ymin>556.4334754</ymin><xmax>358.1532844</xmax><ymax>574.9737566</ymax></bndbox></object><object><name>car</name><pose>Unspecified</pose><truncated>0</truncated><difficult>0</difficult><bndbox><xmin>520.9976885</xmin><ymin>551.7837149</ymin><xmax>571.163439</xmax><ymax>590.4104189</ymax></bndbox></object></annotation>