<annotation><folder>test_xmls</folder><filename>host-a004_cam0_1233685226351064006.jpeg</filename><path>./imageshost-a004_cam0_1233685226351064006.jpeg</path><source><database>Unknown</database></source><size><width>1224</width><height>1024</height><depth>3</depth></size><segmented>0</segmented><object><name>car</name><pose>Unspecified</pose><truncated>0</truncated><difficult>0</difficult><bndbox><xmin>375.8198107</xmin><ymin>540.3589583</ymin><xmax>442.1543401</xmax><ymax>577.7609078</ymax></bndbox></object><object><name>car</name><pose>Unspecified</pose><truncated>0</truncated><difficult>0</difficult><bndbox><xmin>449.5374053</xmin><ymin>540.3792403</ymin><xmax>494.7421057</xmax><ymax>567.1290388</ymax></bndbox></object><object><name>bus</name><pose>Unspecified</pose><truncated>0</truncated><difficult>0</difficult><bndbox><xmin>599.504719</xmin><ymin>462.5604214</ymin><xmax>711.4493826</xmax><ymax>601.9404194</ymax></bndbox></object><object><name>car</name><pose>Unspecified</pose><truncated>0</truncated><difficult>0</difficult><bndbox><xmin>57.43356816</xmin><ymin>566.7756402</ymin><xmax>157.3595026</xmax><ymax>604.4850299</ymax></bndbox></object><object><name>car</name><pose>Unspecified</pose><truncated>0</truncated><difficult>0</difficult><bndbox><xmin>297.3742121</xmin><ymin>544.2706097</ymin><xmax>384.3120645</xmax><ymax>590.8374109</ymax></bndbox></object><object><name>car</name><pose>Unspecified</pose><truncated>0</truncated><difficult>0</difficult><bndbox><xmin>516.1443664</xmin><ymin>540.9743592</ymin><xmax>580.9703019</xmax><ymax>590.4219778</ymax></bndbox></object><object><name>car</name><pose>Unspecified</pose><truncated>0</truncated><difficult>0</difficult><bndbox><xmin>201.0934266</xmin><ymin>554.7044103</ymin><xmax>275.1642802</xmax><ymax>588.0019896</ymax></bndbox></object><object><name>car</name><pose>Unspecified</pose><truncated>0</truncated><difficult>0</difficult><bndbox><xmin>409.8100626</xmin><ymin>543.9370146</ymin><xmax>453.7112605</xmax><ymax>570.720256</ymax></bndbox></object><object><name>car</name><pose>Unspecified</pose><truncated>0</truncated><difficult>0</difficult><bndbox><xmin>568.9665366</xmin><ymin>540.5257233</ymin><xmax>604.5602979</xmax><ymax>566.9837211</ymax></bndbox></object><object><name>car</name><pose>Unspecified</pose><truncated>0</truncated><difficult>0</difficult><bndbox><xmin>141.6919863</xmin><ymin>561.9066388</ymin><xmax>222.2956897</xmax><ymax>593.4384136</ymax></bndbox></object><object><name>car</name><pose>Unspecified</pose><truncated>0</truncated><difficult>0</difficult><bndbox><xmin>257.3711341</xmin><ymin>552.9830477</ymin><xmax>315.1236466</xmax><ymax>584.1415608</ymax></bndbox></object><object><name>bus</name><pose>Unspecified</pose><truncated>0</truncated><difficult>0</difficult><bndbox><xmin>293.1628779</xmin><ymin>528.2005166</ymin><xmax>371.1439285</xmax><ymax>580.5632065</ymax></bndbox></object><object><name>bicycle</name><pose>Unspecified</pose><truncated>0</truncated><difficult>0</difficult><bndbox><xmin>766.1428992</xmin><ymin>528.2485632</ymin><xmax>821.7754032</xmax><ymax>590.3128128</ymax></bndbox></object><object><name>car</name><pose>Unspecified</pose><truncated>0</truncated><difficult>0</difficult><bndbox><xmin>0</xmin><ymin>558.1954546</ymin><xmax>101.487196</xmax><ymax>616.077788</ymax></bndbox></object></annotation>