<annotation><folder>test_xmls</folder><filename>host-a004_cam0_1232842177251064006.jpeg</filename><path>./imageshost-a004_cam0_1232842177251064006.jpeg</path><source><database>Unknown</database></source><size><width>1224</width><height>1024</height><depth>3</depth></size><segmented>0</segmented><object><name>car</name><pose>Unspecified</pose><truncated>0</truncated><difficult>0</difficult><bndbox><xmin>290.507337</xmin><ymin>553.1704238</ymin><xmax>347.2828986</xmax><ymax>578.8364538</ymax></bndbox></object><object><name>car</name><pose>Unspecified</pose><truncated>0</truncated><difficult>0</difficult><bndbox><xmin>356.4199049</xmin><ymin>547.1357201</ymin><xmax>513.4083071</xmax><ymax>648.591454</ymax></bndbox></object><object><name>car</name><pose>Unspecified</pose><truncated>0</truncated><difficult>0</difficult><bndbox><xmin>194.8294723</xmin><ymin>554.2903489</ymin><xmax>269.3747069</xmax><ymax>588.2504191</ymax></bndbox></object><object><name>car</name><pose>Unspecified</pose><truncated>0</truncated><difficult>0</difficult><bndbox><xmin>0</xmin><ymin>557.9052374</ymin><xmax>80.41644853</xmax><ymax>638.8392616</ymax></bndbox></object><object><name>car</name><pose>Unspecified</pose><truncated>0</truncated><difficult>0</difficult><bndbox><xmin>503.4987289</xmin><ymin>543.4756892</ymin><xmax>544.5733356</xmax><ymax>571.324547</ymax></bndbox></object><object><name>car</name><pose>Unspecified</pose><truncated>0</truncated><difficult>0</difficult><bndbox><xmin>674.2324046</xmin><ymin>542.6155406</ymin><xmax>693.48048</xmax><ymax>561.0186731</ymax></bndbox></object><object><name>car</name><pose>Unspecified</pose><truncated>0</truncated><difficult>0</difficult><bndbox><xmin>62.56423842</xmin><ymin>551.9922708</ymin><xmax>187.6034146</xmax><ymax>602.6403162</ymax></bndbox></object><object><name>car</name><pose>Unspecified</pose><truncated>0</truncated><difficult>0</difficult><bndbox><xmin>374.5882688</xmin><ymin>547.8783408</ymin><xmax>425.7436068</xmax><ymax>576.6929973</ymax></bndbox></object><object><name>car</name><pose>Unspecified</pose><truncated>0</truncated><difficult>0</difficult><bndbox><xmin>688.4744884</xmin><ymin>538.962322</ymin><xmax>734.1827571</xmax><ymax>576.6158809</ymax></bndbox></object><object><name>car</name><pose>Unspecified</pose><truncated>0</truncated><difficult>0</difficult><bndbox><xmin>157.8834093</xmin><ymin>554.6362581</ymin><xmax>242.569588</xmax><ymax>582.1339421</ymax></bndbox></object><object><name>car</name><pose>Unspecified</pose><truncated>0</truncated><difficult>0</difficult><bndbox><xmin>58.75162973</xmin><ymin>558.6301268</ymin><xmax>123.124717</xmax><ymax>580.4902925</ymax></bndbox></object><object><name>car</name><pose>Unspecified</pose><truncated>0</truncated><difficult>0</difficult><bndbox><xmin>774.8653178</xmin><ymin>546.9140895</ymin><xmax>990.0704074</xmax><ymax>698.4579231</ymax></bndbox></object><object><name>car</name><pose>Unspecified</pose><truncated>0</truncated><difficult>0</difficult><bndbox><xmin>631.7836827</xmin><ymin>543.209286</ymin><xmax>675.2922638</xmax><ymax>584.4068978</ymax></bndbox></object><object><name>car</name><pose>Unspecified</pose><truncated>0</truncated><difficult>0</difficult><bndbox><xmin>334.7082676</xmin><ymin>550.957645</ymin><xmax>379.1607998</xmax><ymax>572.096773</ymax></bndbox></object></annotation>