<annotation><folder>test_xmls</folder><filename>host-a004_cam0_1232825405851064006.jpeg</filename><path>./imageshost-a004_cam0_1232825405851064006.jpeg</path><source><database>Unknown</database></source><size><width>1224</width><height>1024</height><depth>3</depth></size><segmented>0</segmented><object><name>car</name><pose>Unspecified</pose><truncated>0</truncated><difficult>0</difficult><bndbox><xmin>0</xmin><ymin>545.4909529</ymin><xmax>48.20525833</xmax><ymax>592.0414014</ymax></bndbox></object><object><name>car</name><pose>Unspecified</pose><truncated>0</truncated><difficult>0</difficult><bndbox><xmin>187.5761748</xmin><ymin>545.9248002</ymin><xmax>251.1108993</xmax><ymax>573.4785872</ymax></bndbox></object><object><name>car</name><pose>Unspecified</pose><truncated>0</truncated><difficult>0</difficult><bndbox><xmin>122.9156535</xmin><ymin>546.0478129</ymin><xmax>204.0375328</xmax><ymax>578.0875976</ymax></bndbox></object><object><name>car</name><pose>Unspecified</pose><truncated>0</truncated><difficult>0</difficult><bndbox><xmin>38.16438922</xmin><ymin>547.3680651</ymin><xmax>135.3726735</xmax><ymax>586.8710219</ymax></bndbox></object><object><name>car</name><pose>Unspecified</pose><truncated>0</truncated><difficult>0</difficult><bndbox><xmin>230.3904204</xmin><ymin>544.9161213</ymin><xmax>282.7274257</xmax><ymax>570.9195864</ymax></bndbox></object><object><name>car</name><pose>Unspecified</pose><truncated>0</truncated><difficult>0</difficult><bndbox><xmin>334.5889912</xmin><ymin>539.6474513</ymin><xmax>375.3479548</xmax><ymax>560.5622007</ymax></bndbox></object><object><name>car</name><pose>Unspecified</pose><truncated>0</truncated><difficult>0</difficult><bndbox><xmin>662.9687496</xmin><ymin>529.0479589</ymin><xmax>696.2325289</xmax><ymax>557.4616009</ymax></bndbox></object><object><name>car</name><pose>Unspecified</pose><truncated>0</truncated><difficult>0</difficult><bndbox><xmin>406.1896422</xmin><ymin>531.7733431</ymin><xmax>483.7830295</xmax><ymax>585.2305416</ymax></bndbox></object><object><name>car</name><pose>Unspecified</pose><truncated>0</truncated><difficult>0</difficult><bndbox><xmin>497.5310013</xmin><ymin>535.35085</ymin><xmax>538.2205568</xmax><ymax>565.2571468</ymax></bndbox></object><object><name>car</name><pose>Unspecified</pose><truncated>0</truncated><difficult>0</difficult><bndbox><xmin>708.7975193</xmin><ymin>525.9179958</ymin><xmax>815.1617001</xmax><ymax>604.7114702</ymax></bndbox></object><object><name>other_vehicle</name><pose>Unspecified</pose><truncated>0</truncated><difficult>0</difficult><bndbox><xmin>657.013909</xmin><ymin>521.8168492</ymin><xmax>691.0859568</xmax><ymax>554.1548194</ymax></bndbox></object><object><name>other_vehicle</name><pose>Unspecified</pose><truncated>0</truncated><difficult>0</difficult><bndbox><xmin>675.5028777</xmin><ymin>476.2640685</ymin><xmax>782.1402533</xmax><ymax>584.2301374</ymax></bndbox></object><object><name>car</name><pose>Unspecified</pose><truncated>0</truncated><difficult>0</difficult><bndbox><xmin>751.9204387</xmin><ymin>535.8381976</ymin><xmax>892.4839371</xmax><ymax>641.0863964</ymax></bndbox></object><object><name>car</name><pose>Unspecified</pose><truncated>0</truncated><difficult>0</difficult><bndbox><xmin>593.7413321</xmin><ymin>534.8395273</ymin><xmax>617.7947952</xmax><ymax>553.3564726</ymax></bndbox></object></annotation>