<annotation><folder>test_xmls</folder><filename>host-a004_cam0_1233685339351064006.jpeg</filename><path>./imageshost-a004_cam0_1233685339351064006.jpeg</path><source><database>Unknown</database></source><size><width>1224</width><height>1024</height><depth>3</depth></size><segmented>0</segmented><object><name>car</name><pose>Unspecified</pose><truncated>0</truncated><difficult>0</difficult><bndbox><xmin>0</xmin><ymin>578.3840834</ymin><xmax>95.64732584</xmax><ymax>645.6200255</ymax></bndbox></object><object><name>car</name><pose>Unspecified</pose><truncated>0</truncated><difficult>0</difficult><bndbox><xmin>0</xmin><ymin>567.9105758</ymin><xmax>79.02660856</xmax><ymax>616.6274874</ymax></bndbox></object></annotation>