<annotation><folder>test_xmls</folder><filename>host-a004_cam0_1235947089751064006.jpeg</filename><path>./imageshost-a004_cam0_1235947089751064006.jpeg</path><source><database>Unknown</database></source><size><width>1224</width><height>1024</height><depth>3</depth></size><segmented>0</segmented><object><name>car</name><pose>Unspecified</pose><truncated>0</truncated><difficult>0</difficult><bndbox><xmin>171.7692928</xmin><ymin>531.6841842</ymin><xmax>249.6348468</xmax><ymax>568.8990643</ymax></bndbox></object><object><name>car</name><pose>Unspecified</pose><truncated>0</truncated><difficult>0</difficult><bndbox><xmin>1195.629369</xmin><ymin>540.6865787</ymin><xmax>1224.0</xmax><ymax>775.1329109</ymax></bndbox></object><object><name>car</name><pose>Unspecified</pose><truncated>0</truncated><difficult>0</difficult><bndbox><xmin>518.37079</xmin><ymin>537.9380543</ymin><xmax>553.3127686</xmax><ymax>565.4924224</ymax></bndbox></object><object><name>car</name><pose>Unspecified</pose><truncated>0</truncated><difficult>0</difficult><bndbox><xmin>459.4772358</xmin><ymin>541.9160968</ymin><xmax>519.3338287</xmax><ymax>579.474112</ymax></bndbox></object><object><name>car</name><pose>Unspecified</pose><truncated>0</truncated><difficult>0</difficult><bndbox><xmin>713.6273625</xmin><ymin>536.7972055</ymin><xmax>792.6752381</xmax><ymax>565.0223163</ymax></bndbox></object><object><name>bicycle</name><pose>Unspecified</pose><truncated>0</truncated><difficult>0</difficult><bndbox><xmin>0</xmin><ymin>551.3570896</ymin><xmax>5.374929952</xmax><ymax>575.2335471</ymax></bndbox></object><object><name>car</name><pose>Unspecified</pose><truncated>0</truncated><difficult>0</difficult><bndbox><xmin>246.4007325</xmin><ymin>533.6805273</ymin><xmax>310.0773099</xmax><ymax>564.6416602</ymax></bndbox></object><object><name>car</name><pose>Unspecified</pose><truncated>0</truncated><difficult>0</difficult><bndbox><xmin>0</xmin><ymin>531.5083694</ymin><xmax>381.7005424</xmax><ymax>867.5029662</ymax></bndbox></object><object><name>car</name><pose>Unspecified</pose><truncated>0</truncated><difficult>0</difficult><bndbox><xmin>664.8522923</xmin><ymin>541.5721671</ymin><xmax>692.7483854</xmax><ymax>564.1003851</ymax></bndbox></object><object><name>car</name><pose>Unspecified</pose><truncated>0</truncated><difficult>0</difficult><bndbox><xmin>548.4090798</xmin><ymin>535.6649006</ymin><xmax>571.6333466</xmax><ymax>554.8273889</ymax></bndbox></object><object><name>car</name><pose>Unspecified</pose><truncated>0</truncated><difficult>0</difficult><bndbox><xmin>655.2246153</xmin><ymin>525.0117154</ymin><xmax>684.7048462</xmax><ymax>559.877141</ymax></bndbox></object><object><name>car</name><pose>Unspecified</pose><truncated>0</truncated><difficult>0</difficult><bndbox><xmin>587.6332522</xmin><ymin>540.5571967</ymin><xmax>608.941913</xmax><ymax>560.425962</ymax></bndbox></object><object><name>car</name><pose>Unspecified</pose><truncated>0</truncated><difficult>0</difficult><bndbox><xmin>618.1876379</xmin><ymin>544.7900294</ymin><xmax>650.4015608</xmax><ymax>575.4813572</ymax></bndbox></object></annotation>