<annotation><folder>test_xmls</folder><filename>host-a004_cam0_1233618010551064006.jpeg</filename><path>./imageshost-a004_cam0_1233618010551064006.jpeg</path><source><database>Unknown</database></source><size><width>1224</width><height>1024</height><depth>3</depth></size><segmented>0</segmented><object><name>car</name><pose>Unspecified</pose><truncated>0</truncated><difficult>0</difficult><bndbox><xmin>787.8907207</xmin><ymin>544.1216096</ymin><xmax>1019.192596</xmax><ymax>681.3098654</ymax></bndbox></object><object><name>car</name><pose>Unspecified</pose><truncated>0</truncated><difficult>0</difficult><bndbox><xmin>526.8377901</xmin><ymin>477.1845974</ymin><xmax>745.8500082</xmax><ymax>715.7229889</ymax></bndbox></object><object><name>car</name><pose>Unspecified</pose><truncated>0</truncated><difficult>0</difficult><bndbox><xmin>857.1434407</xmin><ymin>519.5306419</ymin><xmax>1224.0</xmax><ymax>831.2853784</ymax></bndbox></object><object><name>car</name><pose>Unspecified</pose><truncated>0</truncated><difficult>0</difficult><bndbox><xmin>267.4999854</xmin><ymin>542.8766977</ymin><xmax>378.1449459</xmax><ymax>596.2512827</ymax></bndbox></object><object><name>car</name><pose>Unspecified</pose><truncated>0</truncated><difficult>0</difficult><bndbox><xmin>0</xmin><ymin>549.6641964</ymin><xmax>62.96455638</xmax><ymax>611.5891152</ymax></bndbox></object><object><name>car</name><pose>Unspecified</pose><truncated>0</truncated><difficult>0</difficult><bndbox><xmin>370.7786842</xmin><ymin>540.8356581</ymin><xmax>443.8289218</xmax><ymax>579.7596104</ymax></bndbox></object><object><name>car</name><pose>Unspecified</pose><truncated>0</truncated><difficult>0</difficult><bndbox><xmin>70.04218237</xmin><ymin>543.0950042</ymin><xmax>177.1975981</xmax><ymax>595.4076251</ymax></bndbox></object><object><name>car</name><pose>Unspecified</pose><truncated>0</truncated><difficult>0</difficult><bndbox><xmin>20.66131791</xmin><ymin>534.7163311</ymin><xmax>329.9531095</xmax><ymax>712.8088565</ymax></bndbox></object><object><name>car</name><pose>Unspecified</pose><truncated>0</truncated><difficult>0</difficult><bndbox><xmin>451.0912507</xmin><ymin>541.2453155</ymin><xmax>549.3017032</xmax><ymax>609.8156355</ymax></bndbox></object><object><name>car</name><pose>Unspecified</pose><truncated>0</truncated><difficult>0</difficult><bndbox><xmin>715.3037143</xmin><ymin>537.830131</ymin><xmax>788.2997612</xmax><ymax>592.2337651</ymax></bndbox></object><object><name>car</name><pose>Unspecified</pose><truncated>0</truncated><difficult>0</difficult><bndbox><xmin>389.9622686</xmin><ymin>530.8492072</ymin><xmax>481.8554998</xmax><ymax>596.9381393</ymax></bndbox></object><object><name>car</name><pose>Unspecified</pose><truncated>0</truncated><difficult>0</difficult><bndbox><xmin>502.5805393</xmin><ymin>533.3239185</ymin><xmax>573.0097114</xmax><ymax>591.7260515</ymax></bndbox></object><object><name>car</name><pose>Unspecified</pose><truncated>0</truncated><difficult>0</difficult><bndbox><xmin>0</xmin><ymin>544.2585459</ymin><xmax>140.646951</xmax><ymax>667.8335704</ymax></bndbox></object></annotation>