<annotation><folder>test_xmls</folder><filename>host-a004_cam0_1233947120551064006.jpeg</filename><path>./imageshost-a004_cam0_1233947120551064006.jpeg</path><source><database>Unknown</database></source><size><width>1224</width><height>1024</height><depth>3</depth></size><segmented>0</segmented><object><name>car</name><pose>Unspecified</pose><truncated>0</truncated><difficult>0</difficult><bndbox><xmin>716.8355845</xmin><ymin>543.9723549</ymin><xmax>812.3643898</xmax><ymax>607.0369855</ymax></bndbox></object><object><name>car</name><pose>Unspecified</pose><truncated>0</truncated><difficult>0</difficult><bndbox><xmin>584.7216974</xmin><ymin>539.428374</ymin><xmax>609.5373499</xmax><ymax>559.8445197</ymax></bndbox></object><object><name>car</name><pose>Unspecified</pose><truncated>0</truncated><difficult>0</difficult><bndbox><xmin>318.424</xmin><ymin>545.1047012</ymin><xmax>442.2022846</xmax><ymax>613.614435</ymax></bndbox></object><object><name>car</name><pose>Unspecified</pose><truncated>0</truncated><difficult>0</difficult><bndbox><xmin>671.3583989</xmin><ymin>527.5554464</ymin><xmax>706.0833193</xmax><ymax>564.4953106</ymax></bndbox></object><object><name>car</name><pose>Unspecified</pose><truncated>0</truncated><difficult>0</difficult><bndbox><xmin>0</xmin><ymin>542.9865495</ymin><xmax>334.9422266</xmax><ymax>898.1574378</ymax></bndbox></object><object><name>car</name><pose>Unspecified</pose><truncated>0</truncated><difficult>0</difficult><bndbox><xmin>535.7418945</xmin><ymin>538.6071122</ymin><xmax>560.8577087</xmax><ymax>559.5764577</ymax></bndbox></object><object><name>car</name><pose>Unspecified</pose><truncated>0</truncated><difficult>0</difficult><bndbox><xmin>683.1699173</xmin><ymin>532.0618975</ymin><xmax>732.5227472</xmax><ymax>574.7240641</ymax></bndbox></object><object><name>other_vehicle</name><pose>Unspecified</pose><truncated>0</truncated><difficult>0</difficult><bndbox><xmin>656.890016</xmin><ymin>520.6621067</ymin><xmax>695.6452513</xmax><ymax>560.8493847</ymax></bndbox></object><object><name>car</name><pose>Unspecified</pose><truncated>0</truncated><difficult>0</difficult><bndbox><xmin>677.5586909</xmin><ymin>532.5723621</ymin><xmax>716.4233942</xmax><ymax>568.2952265</ymax></bndbox></object><object><name>car</name><pose>Unspecified</pose><truncated>0</truncated><difficult>0</difficult><bndbox><xmin>1214.039548</xmin><ymin>257.3374657</ymin><xmax>1224.0</xmax><ymax>1024.0</ymax></bndbox></object><object><name>car</name><pose>Unspecified</pose><truncated>0</truncated><difficult>0</difficult><bndbox><xmin>844.3397534</xmin><ymin>523.6227334</ymin><xmax>1224.0</xmax><ymax>837.6329034</ymax></bndbox></object><object><name>car</name><pose>Unspecified</pose><truncated>0</truncated><difficult>0</difficult><bndbox><xmin>689.8758736</xmin><ymin>533.6849058</ymin><xmax>744.5307332</xmax><ymax>580.7146398</ymax></bndbox></object><object><name>car</name><pose>Unspecified</pose><truncated>0</truncated><difficult>0</difficult><bndbox><xmin>702.5861352</xmin><ymin>524.4552313</ymin><xmax>783.3786587</xmax><ymax>594.1153529</ymax></bndbox></object><object><name>car</name><pose>Unspecified</pose><truncated>0</truncated><difficult>0</difficult><bndbox><xmin>747.9344168</xmin><ymin>462.1408638</ymin><xmax>978.4288853</xmax><ymax>668.9895666</ymax></bndbox></object></annotation>