<annotation><folder>test_xmls</folder><filename>host-a004_cam0_1233516155251064006.jpeg</filename><path>./imageshost-a004_cam0_1233516155251064006.jpeg</path><source><database>Unknown</database></source><size><width>1224</width><height>1024</height><depth>3</depth></size><segmented>0</segmented><object><name>other_vehicle</name><pose>Unspecified</pose><truncated>0</truncated><difficult>0</difficult><bndbox><xmin>668.0564382</xmin><ymin>510.1217152</ymin><xmax>716.8584394</xmax><ymax>565.0152475</ymax></bndbox></object><object><name>car</name><pose>Unspecified</pose><truncated>0</truncated><difficult>0</difficult><bndbox><xmin>713.5434859</xmin><ymin>506.5370423</ymin><xmax>845.8558871</xmax><ymax>617.1369702</ymax></bndbox></object><object><name>car</name><pose>Unspecified</pose><truncated>0</truncated><difficult>0</difficult><bndbox><xmin>628.9768382</xmin><ymin>536.0925677</ymin><xmax>648.5347401</xmax><ymax>553.1781361</ymax></bndbox></object><object><name>car</name><pose>Unspecified</pose><truncated>0</truncated><difficult>0</difficult><bndbox><xmin>749.5304074</xmin><ymin>545.5513052</ymin><xmax>934.8858232</xmax><ymax>652.8857781</ymax></bndbox></object><object><name>car</name><pose>Unspecified</pose><truncated>0</truncated><difficult>0</difficult><bndbox><xmin>0</xmin><ymin>547.6630805</ymin><xmax>81.24862216</xmax><ymax>596.5130509</ymax></bndbox></object><object><name>car</name><pose>Unspecified</pose><truncated>0</truncated><difficult>0</difficult><bndbox><xmin>967.8710153</xmin><ymin>0</ymin><xmax>1224.0</xmax><ymax>1024.0</ymax></bndbox></object><object><name>car</name><pose>Unspecified</pose><truncated>0</truncated><difficult>0</difficult><bndbox><xmin>801.6947345</xmin><ymin>514.4228972</ymin><xmax>1224.0</xmax><ymax>761.6919306</ymax></bndbox></object><object><name>car</name><pose>Unspecified</pose><truncated>0</truncated><difficult>0</difficult><bndbox><xmin>160.6132581</xmin><ymin>548.1447757</ymin><xmax>244.5913455</xmax><ymax>580.9421084</ymax></bndbox></object><object><name>car</name><pose>Unspecified</pose><truncated>0</truncated><difficult>0</difficult><bndbox><xmin>697.9712042</xmin><ymin>522.6199621</ymin><xmax>786.3052573</xmax><ymax>590.7437687</ymax></bndbox></object><object><name>car</name><pose>Unspecified</pose><truncated>0</truncated><difficult>0</difficult><bndbox><xmin>427.2744786</xmin><ymin>531.5022955</ymin><xmax>466.371191</xmax><ymax>561.9065631</ymax></bndbox></object><object><name>car</name><pose>Unspecified</pose><truncated>0</truncated><difficult>0</difficult><bndbox><xmin>44.05554767</xmin><ymin>535.2514839</ymin><xmax>200.2183929</xmax><ymax>603.6925458</ymax></bndbox></object><object><name>car</name><pose>Unspecified</pose><truncated>0</truncated><difficult>0</difficult><bndbox><xmin>0</xmin><ymin>548.6759154</ymin><xmax>426.301381</xmax><ymax>800.5055313</ymax></bndbox></object><object><name>other_vehicle</name><pose>Unspecified</pose><truncated>0</truncated><difficult>0</difficult><bndbox><xmin>670.1211319</xmin><ymin>503.7118737</ymin><xmax>750.6037119</xmax><ymax>572.3680673</ymax></bndbox></object><object><name>car</name><pose>Unspecified</pose><truncated>0</truncated><difficult>0</difficult><bndbox><xmin>239.3028965</xmin><ymin>527.9432799</ymin><xmax>335.4294654</xmax><ymax>580.8747384</ymax></bndbox></object><object><name>car</name><pose>Unspecified</pose><truncated>0</truncated><difficult>0</difficult><bndbox><xmin>592.9108671</xmin><ymin>535.1633179</ymin><xmax>615.2434513</xmax><ymax>552.5782801</ymax></bndbox></object><object><name>car</name><pose>Unspecified</pose><truncated>0</truncated><difficult>0</difficult><bndbox><xmin>298.5952667</xmin><ymin>527.3069292</ymin><xmax>419.3069412</xmax><ymax>606.6515382</ymax></bndbox></object><object><name>other_vehicle</name><pose>Unspecified</pose><truncated>0</truncated><difficult>0</difficult><bndbox><xmin>658.1169406</xmin><ymin>517.7230382</ymin><xmax>694.42262</xmax><ymax>555.8105826</ymax></bndbox></object><object><name>car</name><pose>Unspecified</pose><truncated>0</truncated><difficult>0</difficult><bndbox><xmin>31.35035768</xmin><ymin>549.7677433</ymin><xmax>149.0923818</xmax><ymax>593.7628713</ymax></bndbox></object></annotation>