<annotation><folder>test_xmls</folder><filename>host-a004_cam0_1232842167651064006.jpeg</filename><path>./imageshost-a004_cam0_1232842167651064006.jpeg</path><source><database>Unknown</database></source><size><width>1224</width><height>1024</height><depth>3</depth></size><segmented>0</segmented><object><name>car</name><pose>Unspecified</pose><truncated>0</truncated><difficult>0</difficult><bndbox><xmin>234.43456</xmin><ymin>540.9824091</ymin><xmax>337.8122613</xmax><ymax>588.2605196</ymax></bndbox></object><object><name>car</name><pose>Unspecified</pose><truncated>0</truncated><difficult>0</difficult><bndbox><xmin>0</xmin><ymin>550.9232115</ymin><xmax>58.0734094</xmax><ymax>796.23185</ymax></bndbox></object><object><name>car</name><pose>Unspecified</pose><truncated>0</truncated><difficult>0</difficult><bndbox><xmin>456.2208356</xmin><ymin>543.6558441</ymin><xmax>497.4647036</xmax><ymax>566.832615</ymax></bndbox></object><object><name>car</name><pose>Unspecified</pose><truncated>0</truncated><difficult>0</difficult><bndbox><xmin>408.9015089</xmin><ymin>542.1880091</ymin><xmax>453.7049883</xmax><ymax>565.7160939</ymax></bndbox></object><object><name>car</name><pose>Unspecified</pose><truncated>0</truncated><difficult>0</difficult><bndbox><xmin>436.6230279</xmin><ymin>539.9673248</ymin><xmax>650.1369699</xmax><ymax>744.7698505</ymax></bndbox></object><object><name>car</name><pose>Unspecified</pose><truncated>0</truncated><difficult>0</difficult><bndbox><xmin>108.4201451</xmin><ymin>550.8574601</ymin><xmax>228.2718194</xmax><ymax>599.9875473</ymax></bndbox></object><object><name>car</name><pose>Unspecified</pose><truncated>0</truncated><difficult>0</difficult><bndbox><xmin>706.1252546</xmin><ymin>535.4700074</ymin><xmax>733.6222699</xmax><ymax>558.6846502</ymax></bndbox></object><object><name>car</name><pose>Unspecified</pose><truncated>0</truncated><difficult>0</difficult><bndbox><xmin>359.7019574</xmin><ymin>543.7200203</ymin><xmax>421.6787578</xmax><ymax>575.2581076</ymax></bndbox></object><object><name>car</name><pose>Unspecified</pose><truncated>0</truncated><difficult>0</difficult><bndbox><xmin>0</xmin><ymin>553.2396078</ymin><xmax>335.8431386</xmax><ymax>814.0846538</ymax></bndbox></object><object><name>car</name><pose>Unspecified</pose><truncated>0</truncated><difficult>0</difficult><bndbox><xmin>176.860233</xmin><ymin>545.391621</ymin><xmax>247.867526</xmax><ymax>579.849919</ymax></bndbox></object><object><name>car</name><pose>Unspecified</pose><truncated>0</truncated><difficult>0</difficult><bndbox><xmin>313.6050322</xmin><ymin>540.3598175</ymin><xmax>374.684127</xmax><ymax>576.3333219</ymax></bndbox></object><object><name>car</name><pose>Unspecified</pose><truncated>0</truncated><difficult>0</difficult><bndbox><xmin>844.7451088</xmin><ymin>519.0093981</ymin><xmax>1016.294368</xmax><ymax>592.6996987</ymax></bndbox></object><object><name>car</name><pose>Unspecified</pose><truncated>0</truncated><difficult>0</difficult><bndbox><xmin>524.138751</xmin><ymin>539.4516881</ymin><xmax>551.7791409</xmax><ymax>555.1207168</ymax></bndbox></object><object><name>car</name><pose>Unspecified</pose><truncated>0</truncated><difficult>0</difficult><bndbox><xmin>499.3201198</xmin><ymin>541.6276443</ymin><xmax>527.8304256</xmax><ymax>558.5031267</ymax></bndbox></object></annotation>