<annotation><folder>test_xmls</folder><filename>host-a004_cam0_1233080750551064006.jpeg</filename><path>./imageshost-a004_cam0_1233080750551064006.jpeg</path><source><database>Unknown</database></source><size><width>1224</width><height>1024</height><depth>3</depth></size><segmented>0</segmented><object><name>other_vehicle</name><pose>Unspecified</pose><truncated>0</truncated><difficult>0</difficult><bndbox><xmin>322.5989532</xmin><ymin>530.4859306</ymin><xmax>382.9783021</xmax><ymax>566.1396396</ymax></bndbox></object><object><name>other_vehicle</name><pose>Unspecified</pose><truncated>0</truncated><difficult>0</difficult><bndbox><xmin>0</xmin><ymin>528.9542387</ymin><xmax>127.8009076</xmax><ymax>602.3323924</ymax></bndbox></object><object><name>car</name><pose>Unspecified</pose><truncated>0</truncated><difficult>0</difficult><bndbox><xmin>575.3171467</xmin><ymin>533.2819881</ymin><xmax>604.9532022</xmax><ymax>560.1565243</ymax></bndbox></object><object><name>car</name><pose>Unspecified</pose><truncated>0</truncated><difficult>0</difficult><bndbox><xmin>68.6904903</xmin><ymin>522.7545569</ymin><xmax>309.3101988</xmax><ymax>648.6591717</ymax></bndbox></object><object><name>other_vehicle</name><pose>Unspecified</pose><truncated>0</truncated><difficult>0</difficult><bndbox><xmin>216.8096591</xmin><ymin>526.3206422</ymin><xmax>326.1703239</xmax><ymax>580.3721374</ymax></bndbox></object><object><name>car</name><pose>Unspecified</pose><truncated>0</truncated><difficult>0</difficult><bndbox><xmin>547.6734666</xmin><ymin>540.2552041</ymin><xmax>589.8530226</xmax><ymax>568.7622196</ymax></bndbox></object><object><name>car</name><pose>Unspecified</pose><truncated>0</truncated><difficult>0</difficult><bndbox><xmin>425.8507235</xmin><ymin>535.442255</ymin><xmax>497.2076366</xmax><ymax>580.8254529</ymax></bndbox></object><object><name>car</name><pose>Unspecified</pose><truncated>0</truncated><difficult>0</difficult><bndbox><xmin>509.419303</xmin><ymin>543.4604671</ymin><xmax>542.5847039</xmax><ymax>567.4107334</ymax></bndbox></object><object><name>car</name><pose>Unspecified</pose><truncated>0</truncated><difficult>0</difficult><bndbox><xmin>687.182869</xmin><ymin>540.1215372</ymin><xmax>737.9908878</xmax><ymax>587.4079367</ymax></bndbox></object><object><name>car</name><pose>Unspecified</pose><truncated>0</truncated><difficult>0</difficult><bndbox><xmin>661.6471457</xmin><ymin>534.3501523</ymin><xmax>702.5947129</xmax><ymax>569.0134442</ymax></bndbox></object><object><name>car</name><pose>Unspecified</pose><truncated>0</truncated><difficult>0</difficult><bndbox><xmin>675.4549692</xmin><ymin>533.299367</ymin><xmax>723.4307554</xmax><ymax>574.2404619</ymax></bndbox></object><object><name>car</name><pose>Unspecified</pose><truncated>0</truncated><difficult>0</difficult><bndbox><xmin>685.8121939</xmin><ymin>539.6745524</ymin><xmax>734.0272383</xmax><ymax>579.8253523</ymax></bndbox></object><object><name>car</name><pose>Unspecified</pose><truncated>0</truncated><difficult>0</difficult><bndbox><xmin>719.8156209</xmin><ymin>519.3507787</ymin><xmax>874.4211589</xmax><ymax>629.5402739</ymax></bndbox></object></annotation>