<annotation><folder>test_xmls</folder><filename>host-a004_cam0_1233516151251064006.jpeg</filename><path>./imageshost-a004_cam0_1233516151251064006.jpeg</path><source><database>Unknown</database></source><size><width>1224</width><height>1024</height><depth>3</depth></size><segmented>0</segmented><object><name>car</name><pose>Unspecified</pose><truncated>0</truncated><difficult>0</difficult><bndbox><xmin>550.8952008</xmin><ymin>535.3314306</ymin><xmax>589.7171697</xmax><ymax>565.3726731</ymax></bndbox></object><object><name>car</name><pose>Unspecified</pose><truncated>0</truncated><difficult>0</difficult><bndbox><xmin>0</xmin><ymin>518.1447076</ymin><xmax>224.2553352</xmax><ymax>700.9864923</ymax></bndbox></object><object><name>car</name><pose>Unspecified</pose><truncated>0</truncated><difficult>0</difficult><bndbox><xmin>657.1930359</xmin><ymin>525.371318</ymin><xmax>692.2548662</xmax><ymax>558.2714163</ymax></bndbox></object><object><name>car</name><pose>Unspecified</pose><truncated>0</truncated><difficult>0</difficult><bndbox><xmin>116.9465139</xmin><ymin>540.8714073</ymin><xmax>224.099103</xmax><ymax>591.9647033</ymax></bndbox></object><object><name>car</name><pose>Unspecified</pose><truncated>0</truncated><difficult>0</difficult><bndbox><xmin>147.3853422</xmin><ymin>535.3756187</ymin><xmax>273.6041916</xmax><ymax>593.4080325</ymax></bndbox></object><object><name>bicycle</name><pose>Unspecified</pose><truncated>0</truncated><difficult>0</difficult><bndbox><xmin>983.3702002</xmin><ymin>511.9156846</ymin><xmax>1029.877584</xmax><ymax>563.8105081</ymax></bndbox></object><object><name>car</name><pose>Unspecified</pose><truncated>0</truncated><difficult>0</difficult><bndbox><xmin>464.0232755</xmin><ymin>534.8268544</ymin><xmax>492.815864</xmax><ymax>554.2651992</ymax></bndbox></object><object><name>car</name><pose>Unspecified</pose><truncated>0</truncated><difficult>0</difficult><bndbox><xmin>393.4029249</xmin><ymin>541.2100413</ymin><xmax>430.1639969</xmax><ymax>559.9204288</ymax></bndbox></object><object><name>car</name><pose>Unspecified</pose><truncated>0</truncated><difficult>0</difficult><bndbox><xmin>258.8812565</xmin><ymin>544.8731369</ymin><xmax>334.0264425</xmax><ymax>579.4326263</ymax></bndbox></object><object><name>car</name><pose>Unspecified</pose><truncated>0</truncated><difficult>0</difficult><bndbox><xmin>619.2984023</xmin><ymin>535.2878822</ymin><xmax>646.6438702</xmax><ymax>559.3196398</ymax></bndbox></object><object><name>car</name><pose>Unspecified</pose><truncated>0</truncated><difficult>0</difficult><bndbox><xmin>668.1402019</xmin><ymin>530.8720146</ymin><xmax>717.0954431</xmax><ymax>567.1486459</ymax></bndbox></object><object><name>car</name><pose>Unspecified</pose><truncated>0</truncated><difficult>0</difficult><bndbox><xmin>673.1611138</xmin><ymin>532.8464107</ymin><xmax>718.9340805</xmax><ymax>572.718045</ymax></bndbox></object><object><name>car</name><pose>Unspecified</pose><truncated>0</truncated><difficult>0</difficult><bndbox><xmin>320.8959908</xmin><ymin>539.8241907</ymin><xmax>373.1505507</xmax><ymax>569.4602745</ymax></bndbox></object><object><name>pedestrian</name><pose>Unspecified</pose><truncated>0</truncated><difficult>0</difficult><bndbox><xmin>998.2064288</xmin><ymin>521.8081409</ymin><xmax>1060.036131</xmax><ymax>630.8515096</ymax></bndbox></object><object><name>car</name><pose>Unspecified</pose><truncated>0</truncated><difficult>0</difficult><bndbox><xmin>0</xmin><ymin>539.7618136</ymin><xmax>129.3220102</xmax><ymax>620.2014184</ymax></bndbox></object><object><name>other_vehicle</name><pose>Unspecified</pose><truncated>0</truncated><difficult>0</difficult><bndbox><xmin>647.8069139</xmin><ymin>519.1358532</ymin><xmax>683.3582485</xmax><ymax>551.0758473</ymax></bndbox></object></annotation>