<annotation><folder>test_xmls</folder><filename>host-a004_cam0_1233014354851064006.jpeg</filename><path>./imageshost-a004_cam0_1233014354851064006.jpeg</path><source><database>Unknown</database></source><size><width>1224</width><height>1024</height><depth>3</depth></size><segmented>0</segmented><object><name>car</name><pose>Unspecified</pose><truncated>0</truncated><difficult>0</difficult><bndbox><xmin>668.1024459</xmin><ymin>536.7356911</ymin><xmax>693.5171478</xmax><ymax>560.1809124</ymax></bndbox></object><object><name>car</name><pose>Unspecified</pose><truncated>0</truncated><difficult>0</difficult><bndbox><xmin>452.938513</xmin><ymin>542.7325574</ymin><xmax>511.125814</xmax><ymax>579.3093608</ymax></bndbox></object><object><name>car</name><pose>Unspecified</pose><truncated>0</truncated><difficult>0</difficult><bndbox><xmin>631.44021</xmin><ymin>539.7795862</ymin><xmax>661.0038233</xmax><ymax>565.132233</ymax></bndbox></object><object><name>car</name><pose>Unspecified</pose><truncated>0</truncated><difficult>0</difficult><bndbox><xmin>116.3432102</xmin><ymin>553.018075</ymin><xmax>209.8927732</xmax><ymax>597.0680443</ymax></bndbox></object><object><name>other_vehicle</name><pose>Unspecified</pose><truncated>0</truncated><difficult>0</difficult><bndbox><xmin>318.8200854</xmin><ymin>535.7721533</ymin><xmax>379.0230957</xmax><ymax>575.874933</ymax></bndbox></object><object><name>other_vehicle</name><pose>Unspecified</pose><truncated>0</truncated><difficult>0</difficult><bndbox><xmin>115.4387041</xmin><ymin>512.4834703</ymin><xmax>298.6267752</xmax><ymax>614.5578286</ymax></bndbox></object><object><name>car</name><pose>Unspecified</pose><truncated>0</truncated><difficult>0</difficult><bndbox><xmin>307.276786</xmin><ymin>546.9694069</ymin><xmax>388.0380856</xmax><ymax>589.6317755</ymax></bndbox></object><object><name>car</name><pose>Unspecified</pose><truncated>0</truncated><difficult>0</difficult><bndbox><xmin>0</xmin><ymin>567.76967</ymin><xmax>41.3440119</xmax><ymax>615.9751785</ymax></bndbox></object><object><name>car</name><pose>Unspecified</pose><truncated>0</truncated><difficult>0</difficult><bndbox><xmin>43.24332967</xmin><ymin>559.4563272</ymin><xmax>143.24891</xmax><ymax>601.3492259</ymax></bndbox></object><object><name>car</name><pose>Unspecified</pose><truncated>0</truncated><difficult>0</difficult><bndbox><xmin>417.495078</xmin><ymin>538.6749745</ymin><xmax>469.1725285</xmax><ymax>572.5849335</ymax></bndbox></object><object><name>car</name><pose>Unspecified</pose><truncated>0</truncated><difficult>0</difficult><bndbox><xmin>562.9775865</xmin><ymin>538.0962798</ymin><xmax>601.1219358</xmax><ymax>570.6802263</ymax></bndbox></object><object><name>bus</name><pose>Unspecified</pose><truncated>0</truncated><difficult>0</difficult><bndbox><xmin>233.5208807</xmin><ymin>527.4283414</ymin><xmax>335.9754514</xmax><ymax>584.5965899</ymax></bndbox></object><object><name>car</name><pose>Unspecified</pose><truncated>0</truncated><difficult>0</difficult><bndbox><xmin>502.7592901</xmin><ymin>540.2094106</ymin><xmax>576.2047246</xmax><ymax>597.1161537</ymax></bndbox></object><object><name>car</name><pose>Unspecified</pose><truncated>0</truncated><difficult>0</difficult><bndbox><xmin>363.1540798</xmin><ymin>539.35111</ymin><xmax>431.0852184</xmax><ymax>580.6229674</ymax></bndbox></object></annotation>