<annotation><folder>test_xmls</folder><filename>host-a004_cam0_1233685335751064006.jpeg</filename><path>./imageshost-a004_cam0_1233685335751064006.jpeg</path><source><database>Unknown</database></source><size><width>1224</width><height>1024</height><depth>3</depth></size><segmented>0</segmented><object><name>car</name><pose>Unspecified</pose><truncated>0</truncated><difficult>0</difficult><bndbox><xmin>823.3343745</xmin><ymin>529.7690902</ymin><xmax>915.8380103</xmax><ymax>558.5524587</ymax></bndbox></object><object><name>bus</name><pose>Unspecified</pose><truncated>0</truncated><difficult>0</difficult><bndbox><xmin>707.5474694</xmin><ymin>477.8112998</ymin><xmax>814.6480512</xmax><ymax>571.7492112</ymax></bndbox></object><object><name>car</name><pose>Unspecified</pose><truncated>0</truncated><difficult>0</difficult><bndbox><xmin>433.8892424</xmin><ymin>542.1854897</ymin><xmax>471.1764822</xmax><ymax>569.3678743</ymax></bndbox></object><object><name>car</name><pose>Unspecified</pose><truncated>0</truncated><difficult>0</difficult><bndbox><xmin>413.938455</xmin><ymin>538.3201765</ymin><xmax>450.4324057</xmax><ymax>568.4248923</ymax></bndbox></object><object><name>car</name><pose>Unspecified</pose><truncated>0</truncated><difficult>0</difficult><bndbox><xmin>367.3777921</xmin><ymin>548.3682066</ymin><xmax>400.2564698</xmax><ymax>568.9018848</ymax></bndbox></object></annotation>