<annotation><folder>test_xmls</folder><filename>host-a004_cam0_1233535966351064006.jpeg</filename><path>./imageshost-a004_cam0_1233535966351064006.jpeg</path><source><database>Unknown</database></source><size><width>1224</width><height>1024</height><depth>3</depth></size><segmented>0</segmented><object><name>bicycle</name><pose>Unspecified</pose><truncated>0</truncated><difficult>0</difficult><bndbox><xmin>894.514713</xmin><ymin>545.5603663</ymin><xmax>949.8915404</xmax><ymax>584.9928181</ymax></bndbox></object><object><name>car</name><pose>Unspecified</pose><truncated>0</truncated><difficult>0</difficult><bndbox><xmin>495.8397081</xmin><ymin>540.215208</ymin><xmax>517.7969886</xmax><ymax>560.4818782</ymax></bndbox></object><object><name>car</name><pose>Unspecified</pose><truncated>0</truncated><difficult>0</difficult><bndbox><xmin>502.3533702</xmin><ymin>547.0268177</ymin><xmax>566.8622788</xmax><ymax>594.6407751</ymax></bndbox></object><object><name>car</name><pose>Unspecified</pose><truncated>0</truncated><difficult>0</difficult><bndbox><xmin>590.0580782</xmin><ymin>546.0396525</ymin><xmax>656.716817</xmax><ymax>601.7106171</ymax></bndbox></object><object><name>car</name><pose>Unspecified</pose><truncated>0</truncated><difficult>0</difficult><bndbox><xmin>116.6414841</xmin><ymin>554.4794171</ymin><xmax>202.7069972</xmax><ymax>588.4918058</ymax></bndbox></object><object><name>car</name><pose>Unspecified</pose><truncated>0</truncated><difficult>0</difficult><bndbox><xmin>390.9271294</xmin><ymin>547.3434988</ymin><xmax>418.0134817</xmax><ymax>564.8287882</ymax></bndbox></object><object><name>truck</name><pose>Unspecified</pose><truncated>0</truncated><difficult>0</difficult><bndbox><xmin>259.5602783</xmin><ymin>499.8807673</ymin><xmax>399.8934105</xmax><ymax>597.2345735</ymax></bndbox></object><object><name>car</name><pose>Unspecified</pose><truncated>0</truncated><difficult>0</difficult><bndbox><xmin>416.561729</xmin><ymin>543.916178</ymin><xmax>446.7180144</xmax><ymax>569.2077171</ymax></bndbox></object><object><name>truck</name><pose>Unspecified</pose><truncated>0</truncated><difficult>0</difficult><bndbox><xmin>685.3923161</xmin><ymin>484.376998</ymin><xmax>807.8971255</xmax><ymax>603.1606139</ymax></bndbox></object><object><name>car</name><pose>Unspecified</pose><truncated>0</truncated><difficult>0</difficult><bndbox><xmin>450.4883552</xmin><ymin>542.5678908</ymin><xmax>503.0559637</xmax><ymax>584.2908679</ymax></bndbox></object><object><name>car</name><pose>Unspecified</pose><truncated>0</truncated><difficult>0</difficult><bndbox><xmin>542.8785842</xmin><ymin>543.8287841</ymin><xmax>575.2715071</xmax><ymax>568.5636689</ymax></bndbox></object><object><name>car</name><pose>Unspecified</pose><truncated>0</truncated><difficult>0</difficult><bndbox><xmin>800.5674131</xmin><ymin>556.7417079</ymin><xmax>1128.498885</xmax><ymax>753.3185192</ymax></bndbox></object><object><name>car</name><pose>Unspecified</pose><truncated>0</truncated><difficult>0</difficult><bndbox><xmin>234.7718119</xmin><ymin>550.271762</ymin><xmax>394.9819133</xmax><ymax>633.2548311</ymax></bndbox></object><object><name>car</name><pose>Unspecified</pose><truncated>0</truncated><difficult>0</difficult><bndbox><xmin>0</xmin><ymin>556.5464322</ymin><xmax>27.27214021</xmax><ymax>622.496711</ymax></bndbox></object><object><name>car</name><pose>Unspecified</pose><truncated>0</truncated><difficult>0</difficult><bndbox><xmin>497.7713987</xmin><ymin>546.1934774</ymin><xmax>529.1449469</xmax><ymax>572.8625291</ymax></bndbox></object><object><name>car</name><pose>Unspecified</pose><truncated>0</truncated><difficult>0</difficult><bndbox><xmin>782.6152031</xmin><ymin>533.0839371</ymin><xmax>883.3276844</xmax><ymax>567.6807093</ymax></bndbox></object><object><name>car</name><pose>Unspecified</pose><truncated>0</truncated><difficult>0</difficult><bndbox><xmin>995.1839807</xmin><ymin>524.991904</ymin><xmax>1200.489283</xmax><ymax>597.153008</ymax></bndbox></object><object><name>car</name><pose>Unspecified</pose><truncated>0</truncated><difficult>0</difficult><bndbox><xmin>161.0464011</xmin><ymin>546.137988</ymin><xmax>264.7462173</xmax><ymax>593.7830442</ymax></bndbox></object><object><name>car</name><pose>Unspecified</pose><truncated>0</truncated><difficult>0</difficult><bndbox><xmin>558.1489514</xmin><ymin>541.9628276</ymin><xmax>583.727313</xmax><ymax>559.9195718</ymax></bndbox></object><object><name>car</name><pose>Unspecified</pose><truncated>0</truncated><difficult>0</difficult><bndbox><xmin>604.5829656</xmin><ymin>538.9791661</ymin><xmax>639.3361981</xmax><ymax>569.4560131</ymax></bndbox></object></annotation>