<annotation><folder>test_xmls</folder><filename>host-a004_cam0_1233617951951064006.jpeg</filename><path>./imageshost-a004_cam0_1233617951951064006.jpeg</path><source><database>Unknown</database></source><size><width>1224</width><height>1024</height><depth>3</depth></size><segmented>0</segmented><object><name>other_vehicle</name><pose>Unspecified</pose><truncated>0</truncated><difficult>0</difficult><bndbox><xmin>267.2667339</xmin><ymin>529.6090295</ymin><xmax>343.0572664</xmax><ymax>577.7376828</ymax></bndbox></object><object><name>car</name><pose>Unspecified</pose><truncated>0</truncated><difficult>0</difficult><bndbox><xmin>437.8778395</xmin><ymin>544.0538804</ymin><xmax>473.5308797</xmax><ymax>566.1637579</ymax></bndbox></object><object><name>car</name><pose>Unspecified</pose><truncated>0</truncated><difficult>0</difficult><bndbox><xmin>129.7620659</xmin><ymin>537.8029259</ymin><xmax>278.2495609</xmax><ymax>606.9719644</ymax></bndbox></object><object><name>car</name><pose>Unspecified</pose><truncated>0</truncated><difficult>0</difficult><bndbox><xmin>560.9995259</xmin><ymin>534.3432609</ymin><xmax>591.8678907</xmax><ymax>562.4733636</ymax></bndbox></object><object><name>car</name><pose>Unspecified</pose><truncated>0</truncated><difficult>0</difficult><bndbox><xmin>620.5814826</xmin><ymin>535.6470063</ymin><xmax>642.0318285</xmax><ymax>554.7669685</ymax></bndbox></object><object><name>car</name><pose>Unspecified</pose><truncated>0</truncated><difficult>0</difficult><bndbox><xmin>0</xmin><ymin>554.6057156</ymin><xmax>17.64586278</xmax><ymax>616.6183178</ymax></bndbox></object><object><name>car</name><pose>Unspecified</pose><truncated>0</truncated><difficult>0</difficult><bndbox><xmin>0</xmin><ymin>540.3539992</ymin><xmax>252.4044195</xmax><ymax>750.2143245</ymax></bndbox></object><object><name>car</name><pose>Unspecified</pose><truncated>0</truncated><difficult>0</difficult><bndbox><xmin>225.8761175</xmin><ymin>542.057957</ymin><xmax>318.5207539</xmax><ymax>587.3684771</ymax></bndbox></object><object><name>car</name><pose>Unspecified</pose><truncated>0</truncated><difficult>0</difficult><bndbox><xmin>250.9069241</xmin><ymin>546.5054316</ymin><xmax>345.1995324</xmax><ymax>590.7485896</ymax></bndbox></object><object><name>car</name><pose>Unspecified</pose><truncated>0</truncated><difficult>0</difficult><bndbox><xmin>317.9135955</xmin><ymin>537.0605817</ymin><xmax>400.2680629</xmax><ymax>581.2963857</ymax></bndbox></object><object><name>car</name><pose>Unspecified</pose><truncated>0</truncated><difficult>0</difficult><bndbox><xmin>0</xmin><ymin>551.3110486</ymin><xmax>129.5981233</xmax><ymax>637.2274208</ymax></bndbox></object><object><name>car</name><pose>Unspecified</pose><truncated>0</truncated><difficult>0</difficult><bndbox><xmin>528.5318629</xmin><ymin>536.50791</ymin><xmax>556.3261112</xmax><ymax>559.3384696</ymax></bndbox></object><object><name>bus</name><pose>Unspecified</pose><truncated>0</truncated><difficult>0</difficult><bndbox><xmin>83.77956722</xmin><ymin>518.8596</ymin><xmax>232.6638542</xmax><ymax>594.3042662</ymax></bndbox></object><object><name>car</name><pose>Unspecified</pose><truncated>0</truncated><difficult>0</difficult><bndbox><xmin>340.8515844</xmin><ymin>538.5914185</ymin><xmax>444.5660904</xmax><ymax>600.6192293</ymax></bndbox></object><object><name>car</name><pose>Unspecified</pose><truncated>0</truncated><difficult>0</difficult><bndbox><xmin>412.5174746</xmin><ymin>544.4387246</ymin><xmax>456.4193608</xmax><ymax>570.3486057</ymax></bndbox></object></annotation>