<annotation><folder>test_xmls</folder><filename>host-a004_cam0_1233947117551064006.jpeg</filename><path>./imageshost-a004_cam0_1233947117551064006.jpeg</path><source><database>Unknown</database></source><size><width>1224</width><height>1024</height><depth>3</depth></size><segmented>0</segmented><object><name>car</name><pose>Unspecified</pose><truncated>0</truncated><difficult>0</difficult><bndbox><xmin>245.022931</xmin><ymin>537.4469089</ymin><xmax>320.3554266</xmax><ymax>574.6188378</ymax></bndbox></object><object><name>other_vehicle</name><pose>Unspecified</pose><truncated>0</truncated><difficult>0</difficult><bndbox><xmin>693.0630541</xmin><ymin>480.2317484</ymin><xmax>839.3357009</xmax><ymax>610.2847833</ymax></bndbox></object><object><name>car</name><pose>Unspecified</pose><truncated>0</truncated><difficult>0</difficult><bndbox><xmin>680.957843</xmin><ymin>535.8787531</ymin><xmax>724.417074</xmax><ymax>571.9443201</ymax></bndbox></object><object><name>car</name><pose>Unspecified</pose><truncated>0</truncated><difficult>0</difficult><bndbox><xmin>528.8453454</xmin><ymin>538.4363112</ymin><xmax>558.3765493</xmax><ymax>561.9815125</ymax></bndbox></object><object><name>car</name><pose>Unspecified</pose><truncated>0</truncated><difficult>0</difficult><bndbox><xmin>200.369563</xmin><ymin>547.2822664</ymin><xmax>393.9155729</xmax><ymax>645.0212821</ymax></bndbox></object><object><name>car</name><pose>Unspecified</pose><truncated>0</truncated><difficult>0</difficult><bndbox><xmin>0</xmin><ymin>551.8345697</ymin><xmax>88.38804903</xmax><ymax>585.7844109</ymax></bndbox></object><object><name>car</name><pose>Unspecified</pose><truncated>0</truncated><difficult>0</difficult><bndbox><xmin>674.3923505</xmin><ymin>520.2363934</ymin><xmax>717.3166395</xmax><ymax>568.561071</ymax></bndbox></object><object><name>bus</name><pose>Unspecified</pose><truncated>0</truncated><difficult>0</difficult><bndbox><xmin>810.9564087</xmin><ymin>0</ymin><xmax>1224.0</xmax><ymax>1024.0</ymax></bndbox></object><object><name>car</name><pose>Unspecified</pose><truncated>0</truncated><difficult>0</difficult><bndbox><xmin>579.822718</xmin><ymin>538.5006201</ymin><xmax>608.7387198</xmax><ymax>561.2410655</ymax></bndbox></object><object><name>other_vehicle</name><pose>Unspecified</pose><truncated>0</truncated><difficult>0</difficult><bndbox><xmin>727.9876095</xmin><ymin>445.5047326</ymin><xmax>942.2507084</xmax><ymax>644.4029189</ymax></bndbox></object></annotation>