<annotation><folder>test_xmls</folder><filename>host-a004_cam0_1233011760451064006.jpeg</filename><path>./imageshost-a004_cam0_1233011760451064006.jpeg</path><source><database>Unknown</database></source><size><width>1224</width><height>1024</height><depth>3</depth></size><segmented>0</segmented><object><name>car</name><pose>Unspecified</pose><truncated>0</truncated><difficult>0</difficult><bndbox><xmin>251.6862327</xmin><ymin>556.1246894</ymin><xmax>303.3832589</xmax><ymax>586.9515447</ymax></bndbox></object><object><name>car</name><pose>Unspecified</pose><truncated>0</truncated><difficult>0</difficult><bndbox><xmin>1017.205271</xmin><ymin>538.9052292</ymin><xmax>1120.364575</xmax><ymax>568.9834132</ymax></bndbox></object><object><name>car</name><pose>Unspecified</pose><truncated>0</truncated><difficult>0</difficult><bndbox><xmin>248.0981361</xmin><ymin>560.1166547</ymin><xmax>308.7929646</xmax><ymax>590.5356704</ymax></bndbox></object><object><name>car</name><pose>Unspecified</pose><truncated>0</truncated><difficult>0</difficult><bndbox><xmin>462.7321451</xmin><ymin>554.4058805</ymin><xmax>493.0212597</xmax><ymax>579.5198454</ymax></bndbox></object><object><name>other_vehicle</name><pose>Unspecified</pose><truncated>0</truncated><difficult>0</difficult><bndbox><xmin>0</xmin><ymin>565.0296599</ymin><xmax>54.88899534</xmax><ymax>596.2297334</ymax></bndbox></object><object><name>car</name><pose>Unspecified</pose><truncated>0</truncated><difficult>0</difficult><bndbox><xmin>328.8300327</xmin><ymin>558.3537543</ymin><xmax>418.2043596</xmax><ymax>615.3339482</ymax></bndbox></object></annotation>