<annotation><folder>test_xmls</folder><filename>host-a004_cam0_1233422542251064006.jpeg</filename><path>./imageshost-a004_cam0_1233422542251064006.jpeg</path><source><database>Unknown</database></source><size><width>1224</width><height>1024</height><depth>3</depth></size><segmented>0</segmented><object><name>car</name><pose>Unspecified</pose><truncated>0</truncated><difficult>0</difficult><bndbox><xmin>774.5536747</xmin><ymin>535.103458</ymin><xmax>847.4811336</xmax><ymax>559.1570699</ymax></bndbox></object><object><name>car</name><pose>Unspecified</pose><truncated>0</truncated><difficult>0</difficult><bndbox><xmin>1111.422766</xmin><ymin>452.8538583</ymin><xmax>1224.0</xmax><ymax>672.0724432</ymax></bndbox></object><object><name>car</name><pose>Unspecified</pose><truncated>0</truncated><difficult>0</difficult><bndbox><xmin>339.1886855</xmin><ymin>537.4848435</ymin><xmax>412.9379484</xmax><ymax>579.2201475</ymax></bndbox></object><object><name>car</name><pose>Unspecified</pose><truncated>0</truncated><difficult>0</difficult><bndbox><xmin>443.9083307</xmin><ymin>530.3394294</ymin><xmax>560.9552577</xmax><ymax>619.2349005</ymax></bndbox></object><object><name>car</name><pose>Unspecified</pose><truncated>0</truncated><difficult>0</difficult><bndbox><xmin>692.9650137</xmin><ymin>526.4198093</ymin><xmax>773.4848426</xmax><ymax>592.9376078</ymax></bndbox></object><object><name>car</name><pose>Unspecified</pose><truncated>0</truncated><difficult>0</difficult><bndbox><xmin>768.6906263</xmin><ymin>546.1777714</ymin><xmax>947.1471966</xmax><ymax>660.1396767</ymax></bndbox></object><object><name>car</name><pose>Unspecified</pose><truncated>0</truncated><difficult>0</difficult><bndbox><xmin>404.1887799</xmin><ymin>541.0956685</ymin><xmax>488.624924</xmax><ymax>589.9632059</ymax></bndbox></object></annotation>