<annotation><folder>test_xmls</folder><filename>host-a004_cam0_1232838143251064006.jpeg</filename><path>./imageshost-a004_cam0_1232838143251064006.jpeg</path><source><database>Unknown</database></source><size><width>1224</width><height>1024</height><depth>3</depth></size><segmented>0</segmented><object><name>car</name><pose>Unspecified</pose><truncated>0</truncated><difficult>0</difficult><bndbox><xmin>451.4150438</xmin><ymin>532.5832849</ymin><xmax>484.2285616</xmax><ymax>557.189869</ymax></bndbox></object><object><name>bus</name><pose>Unspecified</pose><truncated>0</truncated><difficult>0</difficult><bndbox><xmin>583.9250477</xmin><ymin>496.0955077</ymin><xmax>644.162201</xmax><ymax>562.3792759</ymax></bndbox></object><object><name>bus</name><pose>Unspecified</pose><truncated>0</truncated><difficult>0</difficult><bndbox><xmin>639.0491794</xmin><ymin>502.2450154</ymin><xmax>690.099905</xmax><ymax>556.0965008</ymax></bndbox></object><object><name>car</name><pose>Unspecified</pose><truncated>0</truncated><difficult>0</difficult><bndbox><xmin>466.7317416</xmin><ymin>533.0513794</ymin><xmax>498.268701</xmax><ymax>553.6576866</ymax></bndbox></object><object><name>other_vehicle</name><pose>Unspecified</pose><truncated>0</truncated><difficult>0</difficult><bndbox><xmin>692.8228183</xmin><ymin>419.0388328</ymin><xmax>951.1496661</xmax><ymax>658.6010252</ymax></bndbox></object><object><name>car</name><pose>Unspecified</pose><truncated>0</truncated><difficult>0</difficult><bndbox><xmin>548.2538745</xmin><ymin>536.1813313</ymin><xmax>576.8781164</xmax><ymax>557.3490654</ymax></bndbox></object><object><name>car</name><pose>Unspecified</pose><truncated>0</truncated><difficult>0</difficult><bndbox><xmin>574.2085243</xmin><ymin>534.2880961</ymin><xmax>597.9432526</xmax><ymax>551.3421282</ymax></bndbox></object><object><name>car</name><pose>Unspecified</pose><truncated>0</truncated><difficult>0</difficult><bndbox><xmin>475.8464987</xmin><ymin>528.1008023</ymin><xmax>507.3610517</xmax><ymax>551.7586659</ymax></bndbox></object><object><name>car</name><pose>Unspecified</pose><truncated>0</truncated><difficult>0</difficult><bndbox><xmin>416.5613698</xmin><ymin>534.7442053</ymin><xmax>479.0415148</xmax><ymax>572.829846</ymax></bndbox></object><object><name>car</name><pose>Unspecified</pose><truncated>0</truncated><difficult>0</difficult><bndbox><xmin>666.9075181</xmin><ymin>534.6687149</ymin><xmax>713.6853789</xmax><ymax>570.9022587</ymax></bndbox></object><object><name>other_vehicle</name><pose>Unspecified</pose><truncated>0</truncated><difficult>0</difficult><bndbox><xmin>655.1265216</xmin><ymin>501.5791545</ymin><xmax>710.9317223</xmax><ymax>563.5324658</ymax></bndbox></object><object><name>car</name><pose>Unspecified</pose><truncated>0</truncated><difficult>0</difficult><bndbox><xmin>307.6258378</xmin><ymin>532.612776</ymin><xmax>486.3135378</xmax><ymax>639.9129608</ymax></bndbox></object><object><name>car</name><pose>Unspecified</pose><truncated>0</truncated><difficult>0</difficult><bndbox><xmin>509.2441029</xmin><ymin>526.2824816</ymin><xmax>559.2595567</xmax><ymax>568.1727501</ymax></bndbox></object></annotation>