<annotation><folder>test_xmls</folder><filename>host-a004_cam0_1233080755951064006.jpeg</filename><path>./imageshost-a004_cam0_1233080755951064006.jpeg</path><source><database>Unknown</database></source><size><width>1224</width><height>1024</height><depth>3</depth></size><segmented>0</segmented><object><name>car</name><pose>Unspecified</pose><truncated>0</truncated><difficult>0</difficult><bndbox><xmin>38.33054244</xmin><ymin>558.236092</ymin><xmax>134.7951469</xmax><ymax>592.1732353</ymax></bndbox></object><object><name>car</name><pose>Unspecified</pose><truncated>0</truncated><difficult>0</difficult><bndbox><xmin>89.34609568</xmin><ymin>521.0688514</ymin><xmax>323.3668743</xmax><ymax>641.7883018</ymax></bndbox></object><object><name>car</name><pose>Unspecified</pose><truncated>0</truncated><difficult>0</difficult><bndbox><xmin>378.8390203</xmin><ymin>530.0121259</ymin><xmax>469.2746492</xmax><ymax>585.9158458</ymax></bndbox></object><object><name>car</name><pose>Unspecified</pose><truncated>0</truncated><difficult>0</difficult><bndbox><xmin>824.3965612</xmin><ymin>547.25892</ymin><xmax>1224.0</xmax><ymax>771.1855307</ymax></bndbox></object><object><name>car</name><pose>Unspecified</pose><truncated>0</truncated><difficult>0</difficult><bndbox><xmin>1061.58827</xmin><ymin>545.0780405</ymin><xmax>1224.0</xmax><ymax>1024.0</ymax></bndbox></object><object><name>car</name><pose>Unspecified</pose><truncated>0</truncated><difficult>0</difficult><bndbox><xmin>750.6813758</xmin><ymin>527.3397964</ymin><xmax>926.128038</xmax><ymax>653.2212888</ymax></bndbox></object><object><name>car</name><pose>Unspecified</pose><truncated>0</truncated><difficult>0</difficult><bndbox><xmin>491.2154862</xmin><ymin>538.7697009</ymin><xmax>533.7964404</xmax><ymax>567.2251281</ymax></bndbox></object><object><name>other_vehicle</name><pose>Unspecified</pose><truncated>0</truncated><difficult>0</difficult><bndbox><xmin>185.2624928</xmin><ymin>528.2333869</ymin><xmax>270.1503171</xmax><ymax>560.580646</ymax></bndbox></object><object><name>other_vehicle</name><pose>Unspecified</pose><truncated>0</truncated><difficult>0</difficult><bndbox><xmin>375.0538193</xmin><ymin>528.8795551</ymin><xmax>409.3356146</xmax><ymax>551.0819723</ymax></bndbox></object><object><name>car</name><pose>Unspecified</pose><truncated>0</truncated><difficult>0</difficult><bndbox><xmin>0</xmin><ymin>561.9165899</ymin><xmax>14.68492235</xmax><ymax>608.9176845</ymax></bndbox></object><object><name>car</name><pose>Unspecified</pose><truncated>0</truncated><difficult>0</difficult><bndbox><xmin>687.0244213</xmin><ymin>533.6129154</ymin><xmax>744.7721799</xmax><ymax>578.8612935</ymax></bndbox></object><object><name>car</name><pose>Unspecified</pose><truncated>0</truncated><difficult>0</difficult><bndbox><xmin>569.7786724</xmin><ymin>527.4145226</ymin><xmax>604.5663031</xmax><ymax>559.3849406</ymax></bndbox></object><object><name>car</name><pose>Unspecified</pose><truncated>0</truncated><difficult>0</difficult><bndbox><xmin>693.7647147</xmin><ymin>531.9121438</ymin><xmax>773.9249861</xmax><ymax>591.414199</ymax></bndbox></object><object><name>car</name><pose>Unspecified</pose><truncated>0</truncated><difficult>0</difficult><bndbox><xmin>661.4542149</xmin><ymin>533.2078614</ymin><xmax>685.4437206</xmax><ymax>554.5067139</ymax></bndbox></object><object><name>car</name><pose>Unspecified</pose><truncated>0</truncated><difficult>0</difficult><bndbox><xmin>711.0623189</xmin><ymin>524.1005704</ymin><xmax>822.4514715</xmax><ymax>607.6875293</ymax></bndbox></object><object><name>car</name><pose>Unspecified</pose><truncated>0</truncated><difficult>0</difficult><bndbox><xmin>532.5461134</xmin><ymin>535.9210867</ymin><xmax>584.0072936</xmax><ymax>570.5466742</ymax></bndbox></object></annotation>