<annotation><folder>test_xmls</folder><filename>host-a004_cam0_1233443007551064006.jpeg</filename><path>./imageshost-a004_cam0_1233443007551064006.jpeg</path><source><database>Unknown</database></source><size><width>1224</width><height>1024</height><depth>3</depth></size><segmented>0</segmented><object><name>car</name><pose>Unspecified</pose><truncated>0</truncated><difficult>0</difficult><bndbox><xmin>405.4827739</xmin><ymin>547.7083425</ymin><xmax>448.4103083</xmax><ymax>578.3669533</ymax></bndbox></object><object><name>car</name><pose>Unspecified</pose><truncated>0</truncated><difficult>0</difficult><bndbox><xmin>463.2431765</xmin><ymin>543.8405306</ymin><xmax>491.3880447</xmax><ymax>566.866914</ymax></bndbox></object><object><name>car</name><pose>Unspecified</pose><truncated>0</truncated><difficult>0</difficult><bndbox><xmin>0</xmin><ymin>537.6209393</ymin><xmax>145.3759703</xmax><ymax>687.3883331</ymax></bndbox></object><object><name>car</name><pose>Unspecified</pose><truncated>0</truncated><difficult>0</difficult><bndbox><xmin>289.8345403</xmin><ymin>543.3696396</ymin><xmax>379.4542684</xmax><ymax>596.4038359</ymax></bndbox></object><object><name>car</name><pose>Unspecified</pose><truncated>0</truncated><difficult>0</difficult><bndbox><xmin>671.9701629</xmin><ymin>528.9973012</ymin><xmax>699.6280693</xmax><ymax>551.4014981</ymax></bndbox></object></annotation>