<annotation><folder>test_xmls</folder><filename>host-a004_cam0_1233602022651064006.jpeg</filename><path>./imageshost-a004_cam0_1233602022651064006.jpeg</path><source><database>Unknown</database></source><size><width>1224</width><height>1024</height><depth>3</depth></size><segmented>0</segmented><object><name>car</name><pose>Unspecified</pose><truncated>0</truncated><difficult>0</difficult><bndbox><xmin>0</xmin><ymin>539.5275135</ymin><xmax>99.74081061</xmax><ymax>1024.0</ymax></bndbox></object><object><name>car</name><pose>Unspecified</pose><truncated>0</truncated><difficult>0</difficult><bndbox><xmin>302.6167246</xmin><ymin>541.7414267</ymin><xmax>499.2474585</xmax><ymax>668.356684</ymax></bndbox></object><object><name>car</name><pose>Unspecified</pose><truncated>0</truncated><difficult>0</difficult><bndbox><xmin>0</xmin><ymin>527.5267621</ymin><xmax>219.104501</xmax><ymax>705.0704542</ymax></bndbox></object><object><name>car</name><pose>Unspecified</pose><truncated>0</truncated><difficult>0</difficult><bndbox><xmin>812.940771</xmin><ymin>540.5976161</ymin><xmax>1113.153</xmax><ymax>725.3764404</ymax></bndbox></object><object><name>car</name><pose>Unspecified</pose><truncated>0</truncated><difficult>0</difficult><bndbox><xmin>753.8839038</xmin><ymin>539.2303231</ymin><xmax>926.6814602</xmax><ymax>648.3681444</ymax></bndbox></object><object><name>car</name><pose>Unspecified</pose><truncated>0</truncated><difficult>0</difficult><bndbox><xmin>182.4737956</xmin><ymin>543.825526</ymin><xmax>274.2213824</xmax><ymax>585.9168145</ymax></bndbox></object><object><name>car</name><pose>Unspecified</pose><truncated>0</truncated><difficult>0</difficult><bndbox><xmin>246.9458032</xmin><ymin>542.8090041</ymin><xmax>318.2429921</xmax><ymax>578.3732643</ymax></bndbox></object></annotation>