<annotation><folder>test_xmls</folder><filename>host-a004_cam0_1232842175651064006.jpeg</filename><path>./imageshost-a004_cam0_1232842175651064006.jpeg</path><source><database>Unknown</database></source><size><width>1224</width><height>1024</height><depth>3</depth></size><segmented>0</segmented><object><name>car</name><pose>Unspecified</pose><truncated>0</truncated><difficult>0</difficult><bndbox><xmin>612.56782</xmin><ymin>544.1203931</ymin><xmax>662.5893409</xmax><ymax>591.7013171</ymax></bndbox></object><object><name>car</name><pose>Unspecified</pose><truncated>0</truncated><difficult>0</difficult><bndbox><xmin>203.7664263</xmin><ymin>554.1300889</ymin><xmax>280.5569094</xmax><ymax>589.4665422</ymax></bndbox></object><object><name>car</name><pose>Unspecified</pose><truncated>0</truncated><difficult>0</difficult><bndbox><xmin>467.1753656</xmin><ymin>545.4442894</ymin><xmax>517.2332593</xmax><ymax>578.0830938</ymax></bndbox></object><object><name>car</name><pose>Unspecified</pose><truncated>0</truncated><difficult>0</difficult><bndbox><xmin>401.8828326</xmin><ymin>550.8420267</ymin><xmax>436.1795229</xmax><ymax>568.0541417</ymax></bndbox></object><object><name>car</name><pose>Unspecified</pose><truncated>0</truncated><difficult>0</difficult><bndbox><xmin>452.5613616</xmin><ymin>547.0149657</ymin><xmax>482.8797253</xmax><ymax>566.4461501</ymax></bndbox></object><object><name>car</name><pose>Unspecified</pose><truncated>0</truncated><difficult>0</difficult><bndbox><xmin>46.19149252</xmin><ymin>560.6744725</ymin><xmax>120.4791006</xmax><ymax>584.4808115</ymax></bndbox></object><object><name>car</name><pose>Unspecified</pose><truncated>0</truncated><difficult>0</difficult><bndbox><xmin>666.1733787</xmin><ymin>540.256131</ymin><xmax>699.0480436</xmax><ymax>568.2233301</ymax></bndbox></object><object><name>car</name><pose>Unspecified</pose><truncated>0</truncated><difficult>0</difficult><bndbox><xmin>240.6716731</xmin><ymin>551.7424453</ymin><xmax>471.3094108</xmax><ymax>695.8299168</ymax></bndbox></object><object><name>car</name><pose>Unspecified</pose><truncated>0</truncated><difficult>0</difficult><bndbox><xmin>31.70724394</xmin><ymin>558.371713</ymin><xmax>132.6066161</xmax><ymax>602.3814003</ymax></bndbox></object><object><name>car</name><pose>Unspecified</pose><truncated>0</truncated><difficult>0</difficult><bndbox><xmin>694.1609743</xmin><ymin>545.2054756</ymin><xmax>761.2431992</xmax><ymax>602.6805379</ymax></bndbox></object><object><name>car</name><pose>Unspecified</pose><truncated>0</truncated><difficult>0</difficult><bndbox><xmin>245.0807076</xmin><ymin>554.2388321</ymin><xmax>309.9442532</xmax><ymax>576.368355</ymax></bndbox></object><object><name>car</name><pose>Unspecified</pose><truncated>0</truncated><difficult>0</difficult><bndbox><xmin>103.5181966</xmin><ymin>555.3511275</ymin><xmax>230.4689281</xmax><ymax>609.2059912</ymax></bndbox></object></annotation>