<annotation><folder>test_xmls</folder><filename>host-a004_cam0_1232923267251064006.jpeg</filename><path>./imageshost-a004_cam0_1232923267251064006.jpeg</path><source><database>Unknown</database></source><size><width>1224</width><height>1024</height><depth>3</depth></size><segmented>0</segmented><object><name>other_vehicle</name><pose>Unspecified</pose><truncated>0</truncated><difficult>0</difficult><bndbox><xmin>258.2014608</xmin><ymin>521.7547704</ymin><xmax>341.1359597</xmax><ymax>571.6766795</ymax></bndbox></object><object><name>car</name><pose>Unspecified</pose><truncated>0</truncated><difficult>0</difficult><bndbox><xmin>1155.104241</xmin><ymin>523.2512491</ymin><xmax>1224.0</xmax><ymax>558.2008908</ymax></bndbox></object><object><name>pedestrian</name><pose>Unspecified</pose><truncated>0</truncated><difficult>0</difficult><bndbox><xmin>998.931068</xmin><ymin>494.6345585</ymin><xmax>1109.759115</xmax><ymax>700.6515248</ymax></bndbox></object><object><name>car</name><pose>Unspecified</pose><truncated>0</truncated><difficult>0</difficult><bndbox><xmin>156.488375</xmin><ymin>540.6496929</ymin><xmax>251.9314997</xmax><ymax>583.21637</ymax></bndbox></object><object><name>car</name><pose>Unspecified</pose><truncated>0</truncated><difficult>0</difficult><bndbox><xmin>66.08648169</xmin><ymin>549.0284864</ymin><xmax>175.1934194</xmax><ymax>592.5659416</ymax></bndbox></object><object><name>car</name><pose>Unspecified</pose><truncated>0</truncated><difficult>0</difficult><bndbox><xmin>676.3539219</xmin><ymin>532.9552754</ymin><xmax>696.2764601</xmax><ymax>552.0853662</ymax></bndbox></object><object><name>car</name><pose>Unspecified</pose><truncated>0</truncated><difficult>0</difficult><bndbox><xmin>638.4439065</xmin><ymin>533.8272229</ymin><xmax>665.3605745</xmax><ymax>554.9662282</ymax></bndbox></object><object><name>car</name><pose>Unspecified</pose><truncated>0</truncated><difficult>0</difficult><bndbox><xmin>1127.154952</xmin><ymin>520.151398</ymin><xmax>1224.0</xmax><ymax>555.2034723</ymax></bndbox></object><object><name>car</name><pose>Unspecified</pose><truncated>0</truncated><difficult>0</difficult><bndbox><xmin>219.0913183</xmin><ymin>541.4013396</ymin><xmax>319.7843111</xmax><ymax>591.0128016</ymax></bndbox></object><object><name>car</name><pose>Unspecified</pose><truncated>0</truncated><difficult>0</difficult><bndbox><xmin>369.5183517</xmin><ymin>542.0477071</ymin><xmax>419.0288708</xmax><ymax>566.7591163</ymax></bndbox></object><object><name>car</name><pose>Unspecified</pose><truncated>0</truncated><difficult>0</difficult><bndbox><xmin>388.6924389</xmin><ymin>536.2445146</ymin><xmax>427.0716392</xmax><ymax>559.1198913</ymax></bndbox></object><object><name>car</name><pose>Unspecified</pose><truncated>0</truncated><difficult>0</difficult><bndbox><xmin>100.7507491</xmin><ymin>544.6581195</ymin><xmax>191.3140776</xmax><ymax>585.9727557</ymax></bndbox></object><object><name>bicycle</name><pose>Unspecified</pose><truncated>0</truncated><difficult>0</difficult><bndbox><xmin>737.6604828</xmin><ymin>541.1640261</ymin><xmax>759.8366001</xmax><ymax>556.5269904</ymax></bndbox></object><object><name>car</name><pose>Unspecified</pose><truncated>0</truncated><difficult>0</difficult><bndbox><xmin>315.2861276</xmin><ymin>542.2349923</ymin><xmax>390.1718436</xmax><ymax>575.1275625</ymax></bndbox></object><object><name>car</name><pose>Unspecified</pose><truncated>0</truncated><difficult>0</difficult><bndbox><xmin>149.5570886</xmin><ymin>545.5597214</ymin><xmax>262.3713813</xmax><ymax>588.9696126</ymax></bndbox></object><object><name>car</name><pose>Unspecified</pose><truncated>0</truncated><difficult>0</difficult><bndbox><xmin>295.7427961</xmin><ymin>530.7079584</ymin><xmax>371.2333091</xmax><ymax>567.7253066</ymax></bndbox></object></annotation>