<annotation><folder>test_xmls</folder><filename>host-a004_cam0_1232905141951064006.jpeg</filename><path>./imageshost-a004_cam0_1232905141951064006.jpeg</path><source><database>Unknown</database></source><size><width>1224</width><height>1024</height><depth>3</depth></size><segmented>0</segmented><object><name>car</name><pose>Unspecified</pose><truncated>0</truncated><difficult>0</difficult><bndbox><xmin>0</xmin><ymin>568.3122107</ymin><xmax>53.4876232</xmax><ymax>617.8087799</ymax></bndbox></object><object><name>car</name><pose>Unspecified</pose><truncated>0</truncated><difficult>0</difficult><bndbox><xmin>565.9529402</xmin><ymin>534.7522484</ymin><xmax>608.5915649</xmax><ymax>571.5214739</ymax></bndbox></object><object><name>car</name><pose>Unspecified</pose><truncated>0</truncated><difficult>0</difficult><bndbox><xmin>520.765139</xmin><ymin>542.2185801</ymin><xmax>556.2179757</xmax><ymax>566.5068836</ymax></bndbox></object><object><name>car</name><pose>Unspecified</pose><truncated>0</truncated><difficult>0</difficult><bndbox><xmin>670.2566401</xmin><ymin>539.1496809</ymin><xmax>692.9317126</xmax><ymax>557.0177247</ymax></bndbox></object><object><name>car</name><pose>Unspecified</pose><truncated>0</truncated><difficult>0</difficult><bndbox><xmin>419.5814512</xmin><ymin>544.1383498</ymin><xmax>494.5594083</xmax><ymax>589.0105281</ymax></bndbox></object><object><name>car</name><pose>Unspecified</pose><truncated>0</truncated><difficult>0</difficult><bndbox><xmin>34.61466113</xmin><ymin>565.4657585</ymin><xmax>130.1613034</xmax><ymax>606.4229522</ymax></bndbox></object><object><name>car</name><pose>Unspecified</pose><truncated>0</truncated><difficult>0</difficult><bndbox><xmin>1105.147113</xmin><ymin>532.5896733</ymin><xmax>1224.0</xmax><ymax>622.6463929</ymax></bndbox></object><object><name>car</name><pose>Unspecified</pose><truncated>0</truncated><difficult>0</difficult><bndbox><xmin>0</xmin><ymin>569.1826419</ymin><xmax>30.03181111</xmax><ymax>644.65934</ymax></bndbox></object><object><name>car</name><pose>Unspecified</pose><truncated>0</truncated><difficult>0</difficult><bndbox><xmin>0</xmin><ymin>534.2701687</ymin><xmax>382.3412053</xmax><ymax>899.8169599</ymax></bndbox></object><object><name>car</name><pose>Unspecified</pose><truncated>0</truncated><difficult>0</difficult><bndbox><xmin>86.08294701</xmin><ymin>560.4051</ymin><xmax>184.4154363</xmax><ymax>601.898962</ymax></bndbox></object><object><name>car</name><pose>Unspecified</pose><truncated>0</truncated><difficult>0</difficult><bndbox><xmin>315.2732969</xmin><ymin>548.5247403</ymin><xmax>394.5552466</xmax><ymax>590.2979995</ymax></bndbox></object><object><name>car</name><pose>Unspecified</pose><truncated>0</truncated><difficult>0</difficult><bndbox><xmin>593.9656835</xmin><ymin>539.5143205</ymin><xmax>618.9251971</xmax><ymax>557.5409676</ymax></bndbox></object><object><name>car</name><pose>Unspecified</pose><truncated>0</truncated><difficult>0</difficult><bndbox><xmin>372.129904</xmin><ymin>543.5706868</ymin><xmax>415.5178214</xmax><ymax>569.6738041</ymax></bndbox></object><object><name>car</name><pose>Unspecified</pose><truncated>0</truncated><difficult>0</difficult><bndbox><xmin>635.3264674</xmin><ymin>537.9932576</ymin><xmax>653.7419828</xmax><ymax>555.68768</ymax></bndbox></object><object><name>other_vehicle</name><pose>Unspecified</pose><truncated>0</truncated><difficult>0</difficult><bndbox><xmin>338.6120901</xmin><ymin>536.844361</ymin><xmax>410.0372444</xmax><ymax>574.4086318</ymax></bndbox></object><object><name>car</name><pose>Unspecified</pose><truncated>0</truncated><difficult>0</difficult><bndbox><xmin>165.9137611</xmin><ymin>552.5305555</ymin><xmax>251.7795724</xmax><ymax>591.195453</ymax></bndbox></object><object><name>car</name><pose>Unspecified</pose><truncated>0</truncated><difficult>0</difficult><bndbox><xmin>212.8028384</xmin><ymin>539.8026951</ymin><xmax>334.3703764</xmax><ymax>605.6930676</ymax></bndbox></object><object><name>bicycle</name><pose>Unspecified</pose><truncated>0</truncated><difficult>0</difficult><bndbox><xmin>871.8592096</xmin><ymin>531.2698275</ymin><xmax>1009.287332</xmax><ymax>628.0714194</ymax></bndbox></object><object><name>bus</name><pose>Unspecified</pose><truncated>0</truncated><difficult>0</difficult><bndbox><xmin>256.5580784</xmin><ymin>529.6243881</ymin><xmax>363.9105501</xmax><ymax>585.5229741</ymax></bndbox></object><object><name>car</name><pose>Unspecified</pose><truncated>0</truncated><difficult>0</difficult><bndbox><xmin>382.8880025</xmin><ymin>545.7757042</ymin><xmax>440.6868081</xmax><ymax>578.0632718</ymax></bndbox></object></annotation>