<annotation><folder>test_xmls</folder><filename>host-a004_cam0_1233617958251064006.jpeg</filename><path>./imageshost-a004_cam0_1233617958251064006.jpeg</path><source><database>Unknown</database></source><size><width>1224</width><height>1024</height><depth>3</depth></size><segmented>0</segmented><object><name>car</name><pose>Unspecified</pose><truncated>0</truncated><difficult>0</difficult><bndbox><xmin>716.9771534</xmin><ymin>537.5881494</ymin><xmax>797.1154231</xmax><ymax>595.833478</ymax></bndbox></object><object><name>car</name><pose>Unspecified</pose><truncated>0</truncated><difficult>0</difficult><bndbox><xmin>0</xmin><ymin>541.8158137</ymin><xmax>20.37685578</xmax><ymax>832.5027076</ymax></bndbox></object><object><name>car</name><pose>Unspecified</pose><truncated>0</truncated><difficult>0</difficult><bndbox><xmin>687.6375439</xmin><ymin>543.0251812</ymin><xmax>743.2737018</xmax><ymax>583.5627976</ymax></bndbox></object><object><name>car</name><pose>Unspecified</pose><truncated>0</truncated><difficult>0</difficult><bndbox><xmin>693.1084148</xmin><ymin>531.1100866</ymin><xmax>740.5760773</xmax><ymax>574.2308553</ymax></bndbox></object><object><name>car</name><pose>Unspecified</pose><truncated>0</truncated><difficult>0</difficult><bndbox><xmin>678.7042144</xmin><ymin>535.4761301</ymin><xmax>724.4182626</xmax><ymax>571.0461508</ymax></bndbox></object><object><name>car</name><pose>Unspecified</pose><truncated>0</truncated><difficult>0</difficult><bndbox><xmin>596.4934133</xmin><ymin>537.8102989</ymin><xmax>617.134242</xmax><ymax>557.7174835</ymax></bndbox></object><object><name>car</name><pose>Unspecified</pose><truncated>0</truncated><difficult>0</difficult><bndbox><xmin>0</xmin><ymin>404.4141311</ymin><xmax>148.7491588</xmax><ymax>1024.0</ymax></bndbox></object><object><name>car</name><pose>Unspecified</pose><truncated>0</truncated><difficult>0</difficult><bndbox><xmin>674.6166071</xmin><ymin>535.1999427</ymin><xmax>708.1392677</xmax><ymax>567.0649763</ymax></bndbox></object><object><name>car</name><pose>Unspecified</pose><truncated>0</truncated><difficult>0</difficult><bndbox><xmin>490.874999</xmin><ymin>539.1328028</ymin><xmax>536.1171103</xmax><ymax>570.9515333</ymax></bndbox></object><object><name>other_vehicle</name><pose>Unspecified</pose><truncated>0</truncated><difficult>0</difficult><bndbox><xmin>231.0612319</xmin><ymin>529.9004242</ymin><xmax>312.3372348</xmax><ymax>567.1145647</ymax></bndbox></object><object><name>other_vehicle</name><pose>Unspecified</pose><truncated>0</truncated><difficult>0</difficult><bndbox><xmin>349.9483215</xmin><ymin>539.1896804</ymin><xmax>398.9229512</xmax><ymax>563.8305674</ymax></bndbox></object><object><name>car</name><pose>Unspecified</pose><truncated>0</truncated><difficult>0</difficult><bndbox><xmin>662.0456771</xmin><ymin>535.0619965</ymin><xmax>691.0256314</xmax><ymax>558.6928109</ymax></bndbox></object><object><name>car</name><pose>Unspecified</pose><truncated>0</truncated><difficult>0</difficult><bndbox><xmin>551.3348612</xmin><ymin>537.6084862</ymin><xmax>593.9973157</xmax><ymax>571.2706522</ymax></bndbox></object><object><name>car</name><pose>Unspecified</pose><truncated>0</truncated><difficult>0</difficult><bndbox><xmin>742.2425818</xmin><ymin>541.7845413</ymin><xmax>883.5821329</xmax><ymax>637.6967872</ymax></bndbox></object></annotation>