<annotation><folder>test_xmls</folder><filename>host-a004_cam0_1233427012051064006.jpeg</filename><path>./imageshost-a004_cam0_1233427012051064006.jpeg</path><source><database>Unknown</database></source><size><width>1224</width><height>1024</height><depth>3</depth></size><segmented>0</segmented><object><name>car</name><pose>Unspecified</pose><truncated>0</truncated><difficult>0</difficult><bndbox><xmin>702.5518739</xmin><ymin>538.9638838</ymin><xmax>761.1099345</xmax><ymax>576.8061381</ymax></bndbox></object><object><name>car</name><pose>Unspecified</pose><truncated>0</truncated><difficult>0</difficult><bndbox><xmin>25.76583983</xmin><ymin>566.2231089</ymin><xmax>127.7207508</xmax><ymax>606.3653526</ymax></bndbox></object><object><name>car</name><pose>Unspecified</pose><truncated>0</truncated><difficult>0</difficult><bndbox><xmin>182.0643207</xmin><ymin>544.2843412</ymin><xmax>372.0216084</xmax><ymax>642.6297657</ymax></bndbox></object><object><name>car</name><pose>Unspecified</pose><truncated>0</truncated><difficult>0</difficult><bndbox><xmin>713.9209623</xmin><ymin>525.3455391</ymin><xmax>780.1375753</xmax><ymax>589.3826883</ymax></bndbox></object><object><name>car</name><pose>Unspecified</pose><truncated>0</truncated><difficult>0</difficult><bndbox><xmin>0</xmin><ymin>572.2945421</ymin><xmax>39.02346737</xmax><ymax>621.0707974</ymax></bndbox></object><object><name>car</name><pose>Unspecified</pose><truncated>0</truncated><difficult>0</difficult><bndbox><xmin>634.1513968</xmin><ymin>533.7410154</ymin><xmax>668.8348463</xmax><ymax>566.7694827</ymax></bndbox></object><object><name>truck</name><pose>Unspecified</pose><truncated>0</truncated><difficult>0</difficult><bndbox><xmin>456.0041907</xmin><ymin>494.0944072</ymin><xmax>579.0274672</xmax><ymax>585.5961166</ymax></bndbox></object><object><name>car</name><pose>Unspecified</pose><truncated>0</truncated><difficult>0</difficult><bndbox><xmin>760.6695179</xmin><ymin>540.8590084</ymin><xmax>937.9737809</xmax><ymax>647.2554199</ymax></bndbox></object><object><name>car</name><pose>Unspecified</pose><truncated>0</truncated><difficult>0</difficult><bndbox><xmin>694.9187964</xmin><ymin>530.4601016</ymin><xmax>741.9767728</xmax><ymax>570.9523571</ymax></bndbox></object><object><name>car</name><pose>Unspecified</pose><truncated>0</truncated><difficult>0</difficult><bndbox><xmin>735.2207375</xmin><ymin>525.9516449</ymin><xmax>852.1484242</xmax><ymax>612.5133724</ymax></bndbox></object><object><name>car</name><pose>Unspecified</pose><truncated>0</truncated><difficult>0</difficult><bndbox><xmin>146.0829535</xmin><ymin>562.4911394</ymin><xmax>222.4716167</xmax><ymax>592.6674489</ymax></bndbox></object><object><name>motorcycle</name><pose>Unspecified</pose><truncated>0</truncated><difficult>0</difficult><bndbox><xmin>121.6885701</xmin><ymin>565.9743324</ymin><xmax>145.3544423</xmax><ymax>596.4908413</ymax></bndbox></object><object><name>car</name><pose>Unspecified</pose><truncated>0</truncated><difficult>0</difficult><bndbox><xmin>252.978384</xmin><ymin>551.2365448</ymin><xmax>307.8269903</xmax><ymax>580.6135371</ymax></bndbox></object></annotation>