<annotation><folder>test_xmls</folder><filename>host-a004_cam0_1233685244351064006.jpeg</filename><path>./imageshost-a004_cam0_1233685244351064006.jpeg</path><source><database>Unknown</database></source><size><width>1224</width><height>1024</height><depth>3</depth></size><segmented>0</segmented><object><name>car</name><pose>Unspecified</pose><truncated>0</truncated><difficult>0</difficult><bndbox><xmin>671.1330166</xmin><ymin>540.3903883</ymin><xmax>715.2060355</xmax><ymax>570.1175071</ymax></bndbox></object><object><name>car</name><pose>Unspecified</pose><truncated>0</truncated><difficult>0</difficult><bndbox><xmin>252.1446399</xmin><ymin>551.4964764</ymin><xmax>301.6010957</xmax><ymax>574.3853237</ymax></bndbox></object><object><name>car</name><pose>Unspecified</pose><truncated>0</truncated><difficult>0</difficult><bndbox><xmin>0</xmin><ymin>554.9450902</ymin><xmax>21.15034716</xmax><ymax>613.1060902</ymax></bndbox></object><object><name>bus</name><pose>Unspecified</pose><truncated>0</truncated><difficult>0</difficult><bndbox><xmin>606.6587503</xmin><ymin>509.0870676</ymin><xmax>645.2027877</xmax><ymax>557.5485956</ymax></bndbox></object><object><name>other_vehicle</name><pose>Unspecified</pose><truncated>0</truncated><difficult>0</difficult><bndbox><xmin>317.2367495</xmin><ymin>524.5331561</ymin><xmax>386.0684493</xmax><ymax>567.9566682</ymax></bndbox></object><object><name>other_vehicle</name><pose>Unspecified</pose><truncated>0</truncated><difficult>0</difficult><bndbox><xmin>0</xmin><ymin>532.4484026</ymin><xmax>114.1493838</xmax><ymax>598.9959194</ymax></bndbox></object><object><name>car</name><pose>Unspecified</pose><truncated>0</truncated><difficult>0</difficult><bndbox><xmin>662.338637</xmin><ymin>532.5456919</ymin><xmax>700.8883971</xmax><ymax>566.3164662</ymax></bndbox></object><object><name>car</name><pose>Unspecified</pose><truncated>0</truncated><difficult>0</difficult><bndbox><xmin>710.4405879</xmin><ymin>525.5143929</ymin><xmax>826.1601106</xmax><ymax>614.136923</ymax></bndbox></object><object><name>car</name><pose>Unspecified</pose><truncated>0</truncated><difficult>0</difficult><bndbox><xmin>281.6748274</xmin><ymin>539.5922487</ymin><xmax>342.3404756</xmax><ymax>570.8823603</ymax></bndbox></object><object><name>car</name><pose>Unspecified</pose><truncated>0</truncated><difficult>0</difficult><bndbox><xmin>113.486581</xmin><ymin>553.9912572</ymin><xmax>197.9913421</xmax><ymax>589.0671457</ymax></bndbox></object><object><name>car</name><pose>Unspecified</pose><truncated>0</truncated><difficult>0</difficult><bndbox><xmin>752.341518</xmin><ymin>543.3208029</ymin><xmax>934.3032934</xmax><ymax>660.9651473</ymax></bndbox></object><object><name>other_vehicle</name><pose>Unspecified</pose><truncated>0</truncated><difficult>0</difficult><bndbox><xmin>165.9489761</xmin><ymin>529.7208663</ymin><xmax>275.024166</xmax><ymax>584.2973244</ymax></bndbox></object></annotation>