<annotation><folder>test_xmls</folder><filename>host-a004_cam0_1233617945151064006.jpeg</filename><path>./imageshost-a004_cam0_1233617945151064006.jpeg</path><source><database>Unknown</database></source><size><width>1224</width><height>1024</height><depth>3</depth></size><segmented>0</segmented><object><name>car</name><pose>Unspecified</pose><truncated>0</truncated><difficult>0</difficult><bndbox><xmin>475.0509652</xmin><ymin>535.63312</ymin><xmax>521.7887031</xmax><ymax>570.6963891</ymax></bndbox></object><object><name>car</name><pose>Unspecified</pose><truncated>0</truncated><difficult>0</difficult><bndbox><xmin>582.1110038</xmin><ymin>537.8530215</ymin><xmax>609.4596487</xmax><ymax>561.8116933</ymax></bndbox></object><object><name>car</name><pose>Unspecified</pose><truncated>0</truncated><difficult>0</difficult><bndbox><xmin>0</xmin><ymin>541.3833812</ymin><xmax>15.0616837</xmax><ymax>855.0943968</ymax></bndbox></object><object><name>car</name><pose>Unspecified</pose><truncated>0</truncated><difficult>0</difficult><bndbox><xmin>543.9235063</xmin><ymin>534.5370564</ymin><xmax>588.0661327</xmax><ymax>573.6155658</ymax></bndbox></object></annotation>