<annotation><folder>test_xmls</folder><filename>host-a004_cam0_1233535978351064006.jpeg</filename><path>./imageshost-a004_cam0_1233535978351064006.jpeg</path><source><database>Unknown</database></source><size><width>1224</width><height>1024</height><depth>3</depth></size><segmented>0</segmented><object><name>bicycle</name><pose>Unspecified</pose><truncated>0</truncated><difficult>0</difficult><bndbox><xmin>955.4482691</xmin><ymin>523.089477</ymin><xmax>1015.83655</xmax><ymax>579.458824</ymax></bndbox></object><object><name>car</name><pose>Unspecified</pose><truncated>0</truncated><difficult>0</difficult><bndbox><xmin>401.1182407</xmin><ymin>531.6139421</ymin><xmax>442.4345938</xmax><ymax>553.8073624</ymax></bndbox></object><object><name>car</name><pose>Unspecified</pose><truncated>0</truncated><difficult>0</difficult><bndbox><xmin>51.42214198</xmin><ymin>541.8144819</ymin><xmax>158.5553599</xmax><ymax>578.8558025</ymax></bndbox></object><object><name>car</name><pose>Unspecified</pose><truncated>0</truncated><difficult>0</difficult><bndbox><xmin>622.9863063</xmin><ymin>529.0029773</ymin><xmax>640.9662483</xmax><ymax>543.8621578</ymax></bndbox></object><object><name>car</name><pose>Unspecified</pose><truncated>0</truncated><difficult>0</difficult><bndbox><xmin>537.7505783</xmin><ymin>529.7173439</ymin><xmax>579.832759</xmax><ymax>563.7822769</ymax></bndbox></object><object><name>car</name><pose>Unspecified</pose><truncated>0</truncated><difficult>0</difficult><bndbox><xmin>606.8668017</xmin><ymin>533.9080705</ymin><xmax>644.3768729</xmax><ymax>563.4733024</ymax></bndbox></object><object><name>car</name><pose>Unspecified</pose><truncated>0</truncated><difficult>0</difficult><bndbox><xmin>791.4902844</xmin><ymin>523.7560571</ymin><xmax>947.3913719</xmax><ymax>582.8464541</ymax></bndbox></object><object><name>car</name><pose>Unspecified</pose><truncated>0</truncated><difficult>0</difficult><bndbox><xmin>272.3797316</xmin><ymin>537.1988717</ymin><xmax>324.0501589</xmax><ymax>559.7772289</ymax></bndbox></object><object><name>car</name><pose>Unspecified</pose><truncated>0</truncated><difficult>0</difficult><bndbox><xmin>314.1251513</xmin><ymin>533.0672932</ymin><xmax>377.2413773</xmax><ymax>562.0761617</ymax></bndbox></object><object><name>pedestrian</name><pose>Unspecified</pose><truncated>0</truncated><difficult>0</difficult><bndbox><xmin>827.5578926</xmin><ymin>522.6648042</ymin><xmax>844.8587302</xmax><ymax>564.6531726</ymax></bndbox></object><object><name>car</name><pose>Unspecified</pose><truncated>0</truncated><difficult>0</difficult><bndbox><xmin>653.2229945</xmin><ymin>533.8685401</ymin><xmax>683.3060645</xmax><ymax>553.9699155</ymax></bndbox></object><object><name>car</name><pose>Unspecified</pose><truncated>0</truncated><difficult>0</difficult><bndbox><xmin>414.8155239</xmin><ymin>527.6101734</ymin><xmax>480.9730856</xmax><ymax>573.796469</ymax></bndbox></object><object><name>pedestrian</name><pose>Unspecified</pose><truncated>0</truncated><difficult>0</difficult><bndbox><xmin>729.0824252</xmin><ymin>526.2407073</ymin><xmax>750.0831269</xmax><ymax>570.2958097</ymax></bndbox></object><object><name>car</name><pose>Unspecified</pose><truncated>0</truncated><difficult>0</difficult><bndbox><xmin>934.9925233</xmin><ymin>523.1811724</ymin><xmax>1101.448413</xmax><ymax>583.4886628</ymax></bndbox></object><object><name>pedestrian</name><pose>Unspecified</pose><truncated>0</truncated><difficult>0</difficult><bndbox><xmin>719.6696562</xmin><ymin>528.792998</ymin><xmax>733.0580096</xmax><ymax>560.4246246</ymax></bndbox></object><object><name>car</name><pose>Unspecified</pose><truncated>0</truncated><difficult>0</difficult><bndbox><xmin>466.2603127</xmin><ymin>523.0676074</ymin><xmax>542.2025599</xmax><ymax>587.4841642</ymax></bndbox></object><object><name>car</name><pose>Unspecified</pose><truncated>0</truncated><difficult>0</difficult><bndbox><xmin>144.4558836</xmin><ymin>531.9395119</ymin><xmax>249.9197388</xmax><ymax>580.9445685</ymax></bndbox></object><object><name>car</name><pose>Unspecified</pose><truncated>0</truncated><difficult>0</difficult><bndbox><xmin>280.6205057</xmin><ymin>540.3259178</ymin><xmax>480.0696142</xmax><ymax>661.9672449</ymax></bndbox></object><object><name>pedestrian</name><pose>Unspecified</pose><truncated>0</truncated><difficult>0</difficult><bndbox><xmin>0</xmin><ymin>540.757911</ymin><xmax>13.84589459</xmax><ymax>582.5476118</ymax></bndbox></object><object><name>car</name><pose>Unspecified</pose><truncated>0</truncated><difficult>0</difficult><bndbox><xmin>1077.575328</xmin><ymin>527.2155514</ymin><xmax>1224.0</xmax><ymax>578.4614776</ymax></bndbox></object><object><name>car</name><pose>Unspecified</pose><truncated>0</truncated><difficult>0</difficult><bndbox><xmin>207.5621543</xmin><ymin>537.240227</ymin><xmax>271.8819417</xmax><ymax>568.7765153</ymax></bndbox></object><object><name>car</name><pose>Unspecified</pose><truncated>0</truncated><difficult>0</difficult><bndbox><xmin>529.7277238</xmin><ymin>528.452621</ymin><xmax>555.9433774</xmax><ymax>549.6271941</ymax></bndbox></object><object><name>car</name><pose>Unspecified</pose><truncated>0</truncated><difficult>0</difficult><bndbox><xmin>0</xmin><ymin>540.0376936</ymin><xmax>202.9455133</xmax><ymax>698.7642934</ymax></bndbox></object><object><name>car</name><pose>Unspecified</pose><truncated>0</truncated><difficult>0</difficult><bndbox><xmin>600.7741256</xmin><ymin>529.0185486</ymin><xmax>622.4371277</xmax><ymax>547.1014549</ymax></bndbox></object><object><name>car</name><pose>Unspecified</pose><truncated>0</truncated><difficult>0</difficult><bndbox><xmin>561.0621656</xmin><ymin>530.4080075</ymin><xmax>591.3961748</xmax><ymax>557.4318351</ymax></bndbox></object></annotation>