<annotation><folder>test_xmls</folder><filename>host-a004_cam0_1233535965951064006.jpeg</filename><path>./imageshost-a004_cam0_1233535965951064006.jpeg</path><source><database>Unknown</database></source><size><width>1224</width><height>1024</height><depth>3</depth></size><segmented>0</segmented><object><name>car</name><pose>Unspecified</pose><truncated>0</truncated><difficult>0</difficult><bndbox><xmin>402.6362109</xmin><ymin>545.8809101</ymin><xmax>425.9791727</xmax><ymax>561.8820225</ymax></bndbox></object><object><name>car</name><pose>Unspecified</pose><truncated>0</truncated><difficult>0</difficult><bndbox><xmin>264.6774879</xmin><ymin>543.6901005</ymin><xmax>336.4901204</xmax><ymax>580.528131</ymax></bndbox></object><object><name>car</name><pose>Unspecified</pose><truncated>0</truncated><difficult>0</difficult><bndbox><xmin>771.1944782</xmin><ymin>550.7644535</ymin><xmax>1002.376881</xmax><ymax>695.7597456</ymax></bndbox></object><object><name>car</name><pose>Unspecified</pose><truncated>0</truncated><difficult>0</difficult><bndbox><xmin>1200.738096</xmin><ymin>437.4481434</ymin><xmax>1224.0</xmax><ymax>720.9033865</ymax></bndbox></object><object><name>truck</name><pose>Unspecified</pose><truncated>0</truncated><difficult>0</difficult><bndbox><xmin>292.0687984</xmin><ymin>501.5421857</ymin><xmax>416.6131787</xmax><ymax>590.5663725</ymax></bndbox></object><object><name>car</name><pose>Unspecified</pose><truncated>0</truncated><difficult>0</difficult><bndbox><xmin>188.80699</xmin><ymin>551.2819969</ymin><xmax>257.3817452</xmax><ymax>580.2641966</ymax></bndbox></object><object><name>car</name><pose>Unspecified</pose><truncated>0</truncated><difficult>0</difficult><bndbox><xmin>426.4494054</xmin><ymin>542.1096251</ymin><xmax>455.4441372</xmax><ymax>566.3273607</ymax></bndbox></object><object><name>car</name><pose>Unspecified</pose><truncated>0</truncated><difficult>0</difficult><bndbox><xmin>610.3172008</xmin><ymin>537.0848339</ymin><xmax>644.3407198</xmax><ymax>567.8495276</ymax></bndbox></object><object><name>bicycle</name><pose>Unspecified</pose><truncated>0</truncated><difficult>0</difficult><bndbox><xmin>871.7441853</xmin><ymin>542.50568</ymin><xmax>922.946801</xmax><ymax>578.416772</ymax></bndbox></object><object><name>car</name><pose>Unspecified</pose><truncated>0</truncated><difficult>0</difficult><bndbox><xmin>583.9901505</xmin><ymin>544.1396161</ymin><xmax>655.57332</xmax><ymax>603.8984474</ymax></bndbox></object><object><name>truck</name><pose>Unspecified</pose><truncated>0</truncated><difficult>0</difficult><bndbox><xmin>681.8562531</xmin><ymin>487.39036</ymin><xmax>790.7743888</xmax><ymax>594.5786371</ymax></bndbox></object><object><name>car</name><pose>Unspecified</pose><truncated>0</truncated><difficult>0</difficult><bndbox><xmin>518.4690604</xmin><ymin>538.8804344</ymin><xmax>541.8803767</xmax><ymax>556.3133009</ymax></bndbox></object><object><name>car</name><pose>Unspecified</pose><truncated>0</truncated><difficult>0</difficult><bndbox><xmin>547.7156432</xmin><ymin>541.9649605</ymin><xmax>580.0664612</xmax><ymax>567.1858005</ymax></bndbox></object><object><name>car</name><pose>Unspecified</pose><truncated>0</truncated><difficult>0</difficult><bndbox><xmin>46.33846888</xmin><ymin>551.1946098</ymin><xmax>172.3103566</xmax><ymax>597.7934451</ymax></bndbox></object><object><name>car</name><pose>Unspecified</pose><truncated>0</truncated><difficult>0</difficult><bndbox><xmin>776.5026061</xmin><ymin>531.1584216</ymin><xmax>872.6630987</xmax><ymax>564.2638173</ymax></bndbox></object><object><name>car</name><pose>Unspecified</pose><truncated>0</truncated><difficult>0</difficult><bndbox><xmin>565.7574556</xmin><ymin>540.2426485</ymin><xmax>592.1473925</xmax><ymax>558.5433784</ymax></bndbox></object><object><name>car</name><pose>Unspecified</pose><truncated>0</truncated><difficult>0</difficult><bndbox><xmin>447.3041857</xmin><ymin>540.1325051</ymin><xmax>503.8694136</xmax><ymax>582.7276345</ymax></bndbox></object><object><name>car</name><pose>Unspecified</pose><truncated>0</truncated><difficult>0</difficult><bndbox><xmin>494.04243</xmin><ymin>545.2563037</ymin><xmax>564.6987855</xmax><ymax>595.9951244</ymax></bndbox></object><object><name>car</name><pose>Unspecified</pose><truncated>0</truncated><difficult>0</difficult><bndbox><xmin>501.5738836</xmin><ymin>544.4013382</ymin><xmax>534.1639877</xmax><ymax>571.4956567</ymax></bndbox></object><object><name>car</name><pose>Unspecified</pose><truncated>0</truncated><difficult>0</difficult><bndbox><xmin>904.7828755</xmin><ymin>525.8942178</ymin><xmax>1087.417697</xmax><ymax>591.713764</ymax></bndbox></object><object><name>car</name><pose>Unspecified</pose><truncated>0</truncated><difficult>0</difficult><bndbox><xmin>221.3206377</xmin><ymin>548.4842297</ymin><xmax>388.9521337</xmax><ymax>634.3973479</ymax></bndbox></object><object><name>car</name><pose>Unspecified</pose><truncated>0</truncated><difficult>0</difficult><bndbox><xmin>0</xmin><ymin>549.824334</ymin><xmax>7.83711791</xmax><ymax>596.2232709</ymax></bndbox></object></annotation>