<annotation><folder>test_xmls</folder><filename>host-a004_cam0_1233014351851064006.jpeg</filename><path>./imageshost-a004_cam0_1233014351851064006.jpeg</path><source><database>Unknown</database></source><size><width>1224</width><height>1024</height><depth>3</depth></size><segmented>0</segmented><object><name>car</name><pose>Unspecified</pose><truncated>0</truncated><difficult>0</difficult><bndbox><xmin>186.2937104</xmin><ymin>552.1668675</ymin><xmax>253.2341859</xmax><ymax>582.1315961</ymax></bndbox></object><object><name>car</name><pose>Unspecified</pose><truncated>0</truncated><difficult>0</difficult><bndbox><xmin>881.3264944</xmin><ymin>528.9033819</ymin><xmax>988.2055883</xmax><ymax>588.7717838</ymax></bndbox></object><object><name>other_vehicle</name><pose>Unspecified</pose><truncated>0</truncated><difficult>0</difficult><bndbox><xmin>439.5355301</xmin><ymin>524.2068697</ymin><xmax>487.1002473</xmax><ymax>561.327208</ymax></bndbox></object><object><name>car</name><pose>Unspecified</pose><truncated>0</truncated><difficult>0</difficult><bndbox><xmin>219.0582448</xmin><ymin>544.7846669</ymin><xmax>292.7372647</xmax><ymax>582.9870986</ymax></bndbox></object><object><name>car</name><pose>Unspecified</pose><truncated>0</truncated><difficult>0</difficult><bndbox><xmin>475.6332672</xmin><ymin>537.3937279</ymin><xmax>505.3722492</xmax><ymax>557.1280714</ymax></bndbox></object><object><name>car</name><pose>Unspecified</pose><truncated>0</truncated><difficult>0</difficult><bndbox><xmin>1085.037108</xmin><ymin>542.5860763</ymin><xmax>1224.0</xmax><ymax>650.4170046</ymax></bndbox></object><object><name>car</name><pose>Unspecified</pose><truncated>0</truncated><difficult>0</difficult><bndbox><xmin>631.7451433</xmin><ymin>532.2767708</ymin><xmax>660.8463693</xmax><ymax>557.2147029</ymax></bndbox></object><object><name>car</name><pose>Unspecified</pose><truncated>0</truncated><difficult>0</difficult><bndbox><xmin>791.5055386</xmin><ymin>530.4457192</ymin><xmax>876.1845327</xmax><ymax>560.5850886</ymax></bndbox></object><object><name>car</name><pose>Unspecified</pose><truncated>0</truncated><difficult>0</difficult><bndbox><xmin>324.833566</xmin><ymin>537.3097908</ymin><xmax>495.5736227</xmax><ymax>653.7743331</ymax></bndbox></object><object><name>car</name><pose>Unspecified</pose><truncated>0</truncated><difficult>0</difficult><bndbox><xmin>510.1462804</xmin><ymin>531.2111342</ymin><xmax>568.8739591</xmax><ymax>577.8279235</ymax></bndbox></object></annotation>