<annotation><folder>test_xmls</folder><filename>host-a004_cam0_1233617956151064006.jpeg</filename><path>./imageshost-a004_cam0_1233617956151064006.jpeg</path><source><database>Unknown</database></source><size><width>1224</width><height>1024</height><depth>3</depth></size><segmented>0</segmented><object><name>car</name><pose>Unspecified</pose><truncated>0</truncated><difficult>0</difficult><bndbox><xmin>134.3645042</xmin><ymin>564.8619073</ymin><xmax>212.8092667</xmax><ymax>598.7017085</ymax></bndbox></object><object><name>car</name><pose>Unspecified</pose><truncated>0</truncated><difficult>0</difficult><bndbox><xmin>572.8231626</xmin><ymin>537.459647</ymin><xmax>593.3538171</xmax><ymax>555.7573686</ymax></bndbox></object><object><name>car</name><pose>Unspecified</pose><truncated>0</truncated><difficult>0</difficult><bndbox><xmin>674.17915</xmin><ymin>540.9242469</ymin><xmax>701.5307869</xmax><ymax>561.9781715</ymax></bndbox></object><object><name>car</name><pose>Unspecified</pose><truncated>0</truncated><difficult>0</difficult><bndbox><xmin>271.0701296</xmin><ymin>552.5427841</ymin><xmax>327.8851688</xmax><ymax>581.7415707</ymax></bndbox></object><object><name>car</name><pose>Unspecified</pose><truncated>0</truncated><difficult>0</difficult><bndbox><xmin>641.2817855</xmin><ymin>535.5523213</ymin><xmax>659.4208612</xmax><ymax>552.3870723</ymax></bndbox></object><object><name>car</name><pose>Unspecified</pose><truncated>0</truncated><difficult>0</difficult><bndbox><xmin>467.7956454</xmin><ymin>538.6942757</ymin><xmax>525.1979638</xmax><ymax>577.3233496</ymax></bndbox></object><object><name>car</name><pose>Unspecified</pose><truncated>0</truncated><difficult>0</difficult><bndbox><xmin>41.70778881</xmin><ymin>552.7785137</ymin><xmax>195.4365908</xmax><ymax>617.5844968</ymax></bndbox></object><object><name>car</name><pose>Unspecified</pose><truncated>0</truncated><difficult>0</difficult><bndbox><xmin>688.5657715</xmin><ymin>539.6133238</ymin><xmax>730.4671708</xmax><ymax>572.4174812</ymax></bndbox></object><object><name>car</name><pose>Unspecified</pose><truncated>0</truncated><difficult>0</difficult><bndbox><xmin>232.801712</xmin><ymin>557.3708895</ymin><xmax>293.9399929</xmax><ymax>586.1737479</ymax></bndbox></object><object><name>car</name><pose>Unspecified</pose><truncated>0</truncated><difficult>0</difficult><bndbox><xmin>510.6180027</xmin><ymin>538.6023643</ymin><xmax>577.2937971</xmax><ymax>588.2340537</ymax></bndbox></object><object><name>car</name><pose>Unspecified</pose><truncated>0</truncated><difficult>0</difficult><bndbox><xmin>186.6311579</xmin><ymin>553.565117</ymin><xmax>262.9661367</xmax><ymax>592.4938119</ymax></bndbox></object><object><name>car</name><pose>Unspecified</pose><truncated>0</truncated><difficult>0</difficult><bndbox><xmin>111.2839352</xmin><ymin>556.7119785</ymin><xmax>205.4711257</xmax><ymax>600.1268849</ymax></bndbox></object><object><name>car</name><pose>Unspecified</pose><truncated>0</truncated><difficult>0</difficult><bndbox><xmin>685.9705481</xmin><ymin>537.9001411</ymin><xmax>719.016277</xmax><ymax>564.5713215</ymax></bndbox></object><object><name>car</name><pose>Unspecified</pose><truncated>0</truncated><difficult>0</difficult><bndbox><xmin>599.2558317</xmin><ymin>537.3287654</ymin><xmax>623.0385721</xmax><ymax>559.1400165</ymax></bndbox></object></annotation>