<annotation><folder>test_xmls</folder><filename>host-a004_cam0_1233014859251064006.jpeg</filename><path>./imageshost-a004_cam0_1233014859251064006.jpeg</path><source><database>Unknown</database></source><size><width>1224</width><height>1024</height><depth>3</depth></size><segmented>0</segmented><object><name>car</name><pose>Unspecified</pose><truncated>0</truncated><difficult>0</difficult><bndbox><xmin>165.6014962</xmin><ymin>533.9890608</ymin><xmax>228.4923651</xmax><ymax>565.5094988</ymax></bndbox></object><object><name>car</name><pose>Unspecified</pose><truncated>0</truncated><difficult>0</difficult><bndbox><xmin>587.7224492</xmin><ymin>502.9416857</ymin><xmax>670.4610286</xmax><ymax>570.7776013</ymax></bndbox></object><object><name>bus</name><pose>Unspecified</pose><truncated>0</truncated><difficult>0</difficult><bndbox><xmin>74.79927535</xmin><ymin>520.4676918</ymin><xmax>207.7761755</xmax><ymax>565.8925534</ymax></bndbox></object><object><name>car</name><pose>Unspecified</pose><truncated>0</truncated><difficult>0</difficult><bndbox><xmin>449.7948404</xmin><ymin>525.6178283</ymin><xmax>493.4216829</xmax><ymax>564.3271001</ymax></bndbox></object><object><name>car</name><pose>Unspecified</pose><truncated>0</truncated><difficult>0</difficult><bndbox><xmin>128.5216348</xmin><ymin>537.9987606</ymin><xmax>192.5618467</xmax><ymax>568.1323524</ymax></bndbox></object><object><name>car</name><pose>Unspecified</pose><truncated>0</truncated><difficult>0</difficult><bndbox><xmin>193.170663</xmin><ymin>525.4809826</ymin><xmax>423.0168804</xmax><ymax>667.4515811</ymax></bndbox></object><object><name>car</name><pose>Unspecified</pose><truncated>0</truncated><difficult>0</difficult><bndbox><xmin>554.5663943</xmin><ymin>522.751181</ymin><xmax>592.1828364</xmax><ymax>548.4580714</ymax></bndbox></object><object><name>car</name><pose>Unspecified</pose><truncated>0</truncated><difficult>0</difficult><bndbox><xmin>428.7961562</xmin><ymin>527.7311515</ymin><xmax>458.3126265</xmax><ymax>550.3164046</ymax></bndbox></object><object><name>car</name><pose>Unspecified</pose><truncated>0</truncated><difficult>0</difficult><bndbox><xmin>478.876965</xmin><ymin>526.835343</ymin><xmax>504.8353182</xmax><ymax>546.789106</ymax></bndbox></object><object><name>car</name><pose>Unspecified</pose><truncated>0</truncated><difficult>0</difficult><bndbox><xmin>362.1144239</xmin><ymin>523.1061512</ymin><xmax>428.5073642</xmax><ymax>571.7664636</ymax></bndbox></object><object><name>car</name><pose>Unspecified</pose><truncated>0</truncated><difficult>0</difficult><bndbox><xmin>519.4742992</xmin><ymin>520.0427369</ymin><xmax>568.4677581</xmax><ymax>567.0522725</ymax></bndbox></object></annotation>