<annotation><folder>test_xmls</folder><filename>host-a004_cam0_1232815257251064006.jpeg</filename><path>./imageshost-a004_cam0_1232815257251064006.jpeg</path><source><database>Unknown</database></source><size><width>1224</width><height>1024</height><depth>3</depth></size><segmented>0</segmented><object><name>car</name><pose>Unspecified</pose><truncated>0</truncated><difficult>0</difficult><bndbox><xmin>651.1287455</xmin><ymin>535.162186</ymin><xmax>669.860721</xmax><ymax>553.2156167</ymax></bndbox></object><object><name>truck</name><pose>Unspecified</pose><truncated>0</truncated><difficult>0</difficult><bndbox><xmin>345.6691711</xmin><ymin>446.2409939</ymin><xmax>506.7771724</xmax><ymax>588.8368702</ymax></bndbox></object><object><name>car</name><pose>Unspecified</pose><truncated>0</truncated><difficult>0</difficult><bndbox><xmin>949.6918532</xmin><ymin>525.6880479</ymin><xmax>1224.0</xmax><ymax>1024.0</ymax></bndbox></object><object><name>car</name><pose>Unspecified</pose><truncated>0</truncated><difficult>0</difficult><bndbox><xmin>65.43364143</xmin><ymin>546.1820285</ymin><xmax>279.257996</xmax><ymax>656.62397</ymax></bndbox></object><object><name>car</name><pose>Unspecified</pose><truncated>0</truncated><difficult>0</difficult><bndbox><xmin>23.63594742</xmin><ymin>516.9603457</ymin><xmax>173.5061871</xmax><ymax>566.3387377</ymax></bndbox></object><object><name>car</name><pose>Unspecified</pose><truncated>0</truncated><difficult>0</difficult><bndbox><xmin>683.0992015</xmin><ymin>533.5122307</ymin><xmax>730.8561257</xmax><ymax>578.499483</ymax></bndbox></object></annotation>