<annotation><folder>test_xmls</folder><filename>host-a004_cam0_1233442998751064006.jpeg</filename><path>./imageshost-a004_cam0_1233442998751064006.jpeg</path><source><database>Unknown</database></source><size><width>1224</width><height>1024</height><depth>3</depth></size><segmented>0</segmented><object><name>car</name><pose>Unspecified</pose><truncated>0</truncated><difficult>0</difficult><bndbox><xmin>334.9416044</xmin><ymin>540.5067188</ymin><xmax>506.053805</xmax><ymax>658.1553998</ymax></bndbox></object><object><name>car</name><pose>Unspecified</pose><truncated>0</truncated><difficult>0</difficult><bndbox><xmin>511.369101</xmin><ymin>540.3727856</ymin><xmax>537.1768741</xmax><ymax>558.8608136</ymax></bndbox></object><object><name>car</name><pose>Unspecified</pose><truncated>0</truncated><difficult>0</difficult><bndbox><xmin>630.4226618</xmin><ymin>540.8556741</ymin><xmax>667.017164</xmax><ymax>569.1384444</ymax></bndbox></object><object><name>car</name><pose>Unspecified</pose><truncated>0</truncated><difficult>0</difficult><bndbox><xmin>469.9818429</xmin><ymin>541.1997501</ymin><xmax>505.3494125</xmax><ymax>563.9855568</ymax></bndbox></object><object><name>car</name><pose>Unspecified</pose><truncated>0</truncated><difficult>0</difficult><bndbox><xmin>6.622161265</xmin><ymin>546.6156003</ymin><xmax>192.4233708</xmax><ymax>626.831745</ymax></bndbox></object><object><name>car</name><pose>Unspecified</pose><truncated>0</truncated><difficult>0</difficult><bndbox><xmin>237.5594754</xmin><ymin>543.6004415</ymin><xmax>340.1394446</xmax><ymax>595.600637</ymax></bndbox></object><object><name>car</name><pose>Unspecified</pose><truncated>0</truncated><difficult>0</difficult><bndbox><xmin>527.3843039</xmin><ymin>534.5578951</ymin><xmax>588.9813325</xmax><ymax>585.321947</ymax></bndbox></object><object><name>car</name><pose>Unspecified</pose><truncated>0</truncated><difficult>0</difficult><bndbox><xmin>0</xmin><ymin>569.6113327</ymin><xmax>87.19143534</xmax><ymax>623.3735253</ymax></bndbox></object><object><name>car</name><pose>Unspecified</pose><truncated>0</truncated><difficult>0</difficult><bndbox><xmin>773.3562057</xmin><ymin>528.9312266</ymin><xmax>798.6893036</xmax><ymax>554.3956118</ymax></bndbox></object><object><name>car</name><pose>Unspecified</pose><truncated>0</truncated><difficult>0</difficult><bndbox><xmin>348.5579311</xmin><ymin>543.8835253</ymin><xmax>415.0971395</xmax><ymax>580.7330052</ymax></bndbox></object><object><name>car</name><pose>Unspecified</pose><truncated>0</truncated><difficult>0</difficult><bndbox><xmin>402.4065729</xmin><ymin>546.6514379</ymin><xmax>454.7009779</xmax><ymax>573.8455808</ymax></bndbox></object></annotation>