<annotation><folder>test_xmls</folder><filename>host-a004_cam0_1233618019551064006.jpeg</filename><path>./imageshost-a004_cam0_1233618019551064006.jpeg</path><source><database>Unknown</database></source><size><width>1224</width><height>1024</height><depth>3</depth></size><segmented>0</segmented><object><name>car</name><pose>Unspecified</pose><truncated>0</truncated><difficult>0</difficult><bndbox><xmin>693.8610765</xmin><ymin>550.4830197</ymin><xmax>732.1927433</xmax><ymax>565.9896512</ymax></bndbox></object><object><name>car</name><pose>Unspecified</pose><truncated>0</truncated><difficult>0</difficult><bndbox><xmin>579.5465261</xmin><ymin>549.7361554</ymin><xmax>606.2846813</xmax><ymax>570.5714725</ymax></bndbox></object><object><name>car</name><pose>Unspecified</pose><truncated>0</truncated><difficult>0</difficult><bndbox><xmin>725.1109961</xmin><ymin>555.5232262</ymin><xmax>828.1850537</xmax><ymax>627.7917601</ymax></bndbox></object><object><name>car</name><pose>Unspecified</pose><truncated>0</truncated><difficult>0</difficult><bndbox><xmin>485.0254286</xmin><ymin>549.8900206</ymin><xmax>519.17548</xmax><ymax>571.2888207</ymax></bndbox></object><object><name>car</name><pose>Unspecified</pose><truncated>0</truncated><difficult>0</difficult><bndbox><xmin>402.1976732</xmin><ymin>556.3054537</ymin><xmax>520.0512471</xmax><ymax>628.9682513</ymax></bndbox></object><object><name>car</name><pose>Unspecified</pose><truncated>0</truncated><difficult>0</difficult><bndbox><xmin>590.9404447</xmin><ymin>546.172741</ymin><xmax>613.7114831</xmax><ymax>566.1500126</ymax></bndbox></object><object><name>car</name><pose>Unspecified</pose><truncated>0</truncated><difficult>0</difficult><bndbox><xmin>524.3144457</xmin><ymin>550.3334641</ymin><xmax>548.8016579</xmax><ymax>566.3703331</ymax></bndbox></object><object><name>car</name><pose>Unspecified</pose><truncated>0</truncated><difficult>0</difficult><bndbox><xmin>698.5814412</xmin><ymin>553.7971376</ymin><xmax>775.6165691</xmax><ymax>606.9849234</ymax></bndbox></object><object><name>car</name><pose>Unspecified</pose><truncated>0</truncated><difficult>0</difficult><bndbox><xmin>458.1071032</xmin><ymin>550.7766429</ymin><xmax>499.5589388</xmax><ymax>575.794414</ymax></bndbox></object><object><name>car</name><pose>Unspecified</pose><truncated>0</truncated><difficult>0</difficult><bndbox><xmin>501.6007709</xmin><ymin>550.6007547</ymin><xmax>529.1959827</xmax><ymax>568.7400561</ymax></bndbox></object><object><name>car</name><pose>Unspecified</pose><truncated>0</truncated><difficult>0</difficult><bndbox><xmin>0</xmin><ymin>535.0395356</ymin><xmax>149.7395438</xmax><ymax>673.6470303</ymax></bndbox></object><object><name>car</name><pose>Unspecified</pose><truncated>0</truncated><difficult>0</difficult><bndbox><xmin>610.1738727</xmin><ymin>536.0762161</ymin><xmax>665.9304444</xmax><ymax>596.8138054</ymax></bndbox></object><object><name>car</name><pose>Unspecified</pose><truncated>0</truncated><difficult>0</difficult><bndbox><xmin>367.5433629</xmin><ymin>553.1089598</ymin><xmax>437.6590678</xmax><ymax>590.5909199</ymax></bndbox></object><object><name>car</name><pose>Unspecified</pose><truncated>0</truncated><difficult>0</difficult><bndbox><xmin>424.2605659</xmin><ymin>551.8730397</ymin><xmax>475.6939216</xmax><ymax>581.5055144</ymax></bndbox></object><object><name>car</name><pose>Unspecified</pose><truncated>0</truncated><difficult>0</difficult><bndbox><xmin>742.3227383</xmin><ymin>551.817864</ymin><xmax>891.890759</xmax><ymax>654.9375321</ymax></bndbox></object><object><name>car</name><pose>Unspecified</pose><truncated>0</truncated><difficult>0</difficult><bndbox><xmin>532.2830888</xmin><ymin>543.4888035</ymin><xmax>586.8632379</xmax><ymax>590.4820009</ymax></bndbox></object><object><name>car</name><pose>Unspecified</pose><truncated>0</truncated><difficult>0</difficult><bndbox><xmin>0</xmin><ymin>558.9662934</ymin><xmax>129.6012991</xmax><ymax>628.4763903</ymax></bndbox></object><object><name>car</name><pose>Unspecified</pose><truncated>0</truncated><difficult>0</difficult><bndbox><xmin>259.1920852</xmin><ymin>552.7114265</ymin><xmax>365.8882477</xmax><ymax>609.2075067</ymax></bndbox></object></annotation>