<annotation><folder>test_xmls</folder><filename>host-a004_cam0_1234051619851064006.jpeg</filename><path>./imageshost-a004_cam0_1234051619851064006.jpeg</path><source><database>Unknown</database></source><size><width>1224</width><height>1024</height><depth>3</depth></size><segmented>0</segmented><object><name>car</name><pose>Unspecified</pose><truncated>0</truncated><difficult>0</difficult><bndbox><xmin>1022.702876</xmin><ymin>572.9722993</ymin><xmax>1224.0</xmax><ymax>1024.0</ymax></bndbox></object><object><name>car</name><pose>Unspecified</pose><truncated>0</truncated><difficult>0</difficult><bndbox><xmin>701.1990986</xmin><ymin>538.1394543</ymin><xmax>761.0352188</xmax><ymax>581.1593592</ymax></bndbox></object><object><name>car</name><pose>Unspecified</pose><truncated>0</truncated><difficult>0</difficult><bndbox><xmin>648.1025831</xmin><ymin>532.4646141</ymin><xmax>667.4980303</xmax><ymax>549.1153388</ymax></bndbox></object><object><name>car</name><pose>Unspecified</pose><truncated>0</truncated><difficult>0</difficult><bndbox><xmin>731.8868512</xmin><ymin>539.4939591</ymin><xmax>819.7377058</xmax><ymax>608.2428261</ymax></bndbox></object><object><name>other_vehicle</name><pose>Unspecified</pose><truncated>0</truncated><difficult>0</difficult><bndbox><xmin>680.3310685</xmin><ymin>497.8049268</ymin><xmax>744.5496211</xmax><ymax>564.4341756</ymax></bndbox></object><object><name>car</name><pose>Unspecified</pose><truncated>0</truncated><difficult>0</difficult><bndbox><xmin>755.8463865</xmin><ymin>540.8548569</ymin><xmax>906.9637589</xmax><ymax>642.7317995</ymax></bndbox></object><object><name>car</name><pose>Unspecified</pose><truncated>0</truncated><difficult>0</difficult><bndbox><xmin>0</xmin><ymin>529.3140355</ymin><xmax>64.00567797</xmax><ymax>648.2908209</ymax></bndbox></object><object><name>car</name><pose>Unspecified</pose><truncated>0</truncated><difficult>0</difficult><bndbox><xmin>815.6758112</xmin><ymin>553.9374798</ymin><xmax>1110.803877</xmax><ymax>732.6175049</ymax></bndbox></object><object><name>other_vehicle</name><pose>Unspecified</pose><truncated>0</truncated><difficult>0</difficult><bndbox><xmin>685.3788663</xmin><ymin>502.847755</ymin><xmax>760.8441008</xmax><ymax>572.5625948</ymax></bndbox></object></annotation>