<annotation><folder>test_xmls</folder><filename>host-a004_cam0_1233014346051064006.jpeg</filename><path>./imageshost-a004_cam0_1233014346051064006.jpeg</path><source><database>Unknown</database></source><size><width>1224</width><height>1024</height><depth>3</depth></size><segmented>0</segmented><object><name>car</name><pose>Unspecified</pose><truncated>0</truncated><difficult>0</difficult><bndbox><xmin>268.5832219</xmin><ymin>528.9928212</ymin><xmax>471.4529055</xmax><ymax>660.8763496</ymax></bndbox></object><object><name>car</name><pose>Unspecified</pose><truncated>0</truncated><difficult>0</difficult><bndbox><xmin>598.4013532</xmin><ymin>533.251032</ymin><xmax>618.2544317</xmax><ymax>551.3246356</ymax></bndbox></object><object><name>car</name><pose>Unspecified</pose><truncated>0</truncated><difficult>0</difficult><bndbox><xmin>634.4992246</xmin><ymin>534.7827871</ymin><xmax>662.875611</xmax><ymax>559.0327369</ymax></bndbox></object><object><name>car</name><pose>Unspecified</pose><truncated>0</truncated><difficult>0</difficult><bndbox><xmin>474.107121</xmin><ymin>536.619873</ymin><xmax>521.4235505</xmax><ymax>567.4281625</ymax></bndbox></object></annotation>