<annotation><folder>test_xmls</folder><filename>host-a004_cam0_1232923273651064006.jpeg</filename><path>./imageshost-a004_cam0_1232923273651064006.jpeg</path><source><database>Unknown</database></source><size><width>1224</width><height>1024</height><depth>3</depth></size><segmented>0</segmented><object><name>car</name><pose>Unspecified</pose><truncated>0</truncated><difficult>0</difficult><bndbox><xmin>676.5433859</xmin><ymin>533.4410164</ymin><xmax>696.4428137</xmax><ymax>552.5417302</ymax></bndbox></object><object><name>car</name><pose>Unspecified</pose><truncated>0</truncated><difficult>0</difficult><bndbox><xmin>586.2982206</xmin><ymin>535.4390945</ymin><xmax>629.097316</xmax><ymax>566.6685537</ymax></bndbox></object><object><name>pedestrian</name><pose>Unspecified</pose><truncated>0</truncated><difficult>0</difficult><bndbox><xmin>982.8702505</xmin><ymin>493.9531886</ymin><xmax>1115.858565</xmax><ymax>720.9264993</ymax></bndbox></object><object><name>bicycle</name><pose>Unspecified</pose><truncated>0</truncated><difficult>0</difficult><bndbox><xmin>737.9079304</xmin><ymin>541.6611473</ymin><xmax>760.0651253</xmax><ymax>556.9909782</ymax></bndbox></object><object><name>car</name><pose>Unspecified</pose><truncated>0</truncated><difficult>0</difficult><bndbox><xmin>295.9687696</xmin><ymin>531.2352627</ymin><xmax>371.3893181</xmax><ymax>568.1904752</ymax></bndbox></object><object><name>car</name><pose>Unspecified</pose><truncated>0</truncated><difficult>0</difficult><bndbox><xmin>219.5320818</xmin><ymin>541.9555175</ymin><xmax>320.0841165</xmax><ymax>591.4814339</ymax></bndbox></object><object><name>car</name><pose>Unspecified</pose><truncated>0</truncated><difficult>0</difficult><bndbox><xmin>101.0002313</xmin><ymin>545.218837</ymin><xmax>191.4816826</xmax><ymax>586.4706013</ymax></bndbox></object><object><name>car</name><pose>Unspecified</pose><truncated>0</truncated><difficult>0</difficult><bndbox><xmin>388.8724169</xmin><ymin>536.7532285</ymin><xmax>427.2093519</xmax><ymax>559.5908278</ymax></bndbox></object><object><name>car</name><pose>Unspecified</pose><truncated>0</truncated><difficult>0</difficult><bndbox><xmin>315.5440169</xmin><ymin>542.7901416</ymin><xmax>390.3688181</xmax><ymax>575.5994192</ymax></bndbox></object><object><name>other_vehicle</name><pose>Unspecified</pose><truncated>0</truncated><difficult>0</difficult><bndbox><xmin>258.435781</xmin><ymin>522.2867314</ymin><xmax>341.2738934</xmax><ymax>572.1460257</ymax></bndbox></object><object><name>car</name><pose>Unspecified</pose><truncated>0</truncated><difficult>0</difficult><bndbox><xmin>156.7459204</xmin><ymin>541.2003486</ymin><xmax>252.1066947</xmax><ymax>583.7009756</ymax></bndbox></object><object><name>car</name><pose>Unspecified</pose><truncated>0</truncated><difficult>0</difficult><bndbox><xmin>369.7319873</xmin><ymin>542.5796867</ymin><xmax>419.1965446</xmax><ymax>567.232183</ymax></bndbox></object><object><name>car</name><pose>Unspecified</pose><truncated>0</truncated><difficult>0</difficult><bndbox><xmin>1127.54181</xmin><ymin>520.6785825</ymin><xmax>1224.0</xmax><ymax>555.5796289</ymax></bndbox></object><object><name>car</name><pose>Unspecified</pose><truncated>0</truncated><difficult>0</difficult><bndbox><xmin>149.8346011</xmin><ymin>546.1372337</ymin><xmax>262.5680027</xmax><ymax>589.4530132</ymax></bndbox></object><object><name>car</name><pose>Unspecified</pose><truncated>0</truncated><difficult>0</difficult><bndbox><xmin>1155.514241</xmin><ymin>523.7830175</ymin><xmax>1224.0</xmax><ymax>558.572334</ymax></bndbox></object><object><name>car</name><pose>Unspecified</pose><truncated>0</truncated><difficult>0</difficult><bndbox><xmin>66.35347582</xmin><ymin>549.607957</ymin><xmax>175.3788262</xmax><ymax>593.0622934</ymax></bndbox></object></annotation>