<annotation><folder>test_xmls</folder><filename>host-a004_cam0_1232842170251064006.jpeg</filename><path>./imageshost-a004_cam0_1232842170251064006.jpeg</path><source><database>Unknown</database></source><size><width>1224</width><height>1024</height><depth>3</depth></size><segmented>0</segmented><object><name>car</name><pose>Unspecified</pose><truncated>0</truncated><difficult>0</difficult><bndbox><xmin>373.6656957</xmin><ymin>555.6530725</ymin><xmax>433.9804868</xmax><ymax>587.74692</ymax></bndbox></object><object><name>car</name><pose>Unspecified</pose><truncated>0</truncated><difficult>0</difficult><bndbox><xmin>153.5151948</xmin><ymin>552.8646554</ymin><xmax>345.7903126</xmax><ymax>647.0777714</ymax></bndbox></object><object><name>car</name><pose>Unspecified</pose><truncated>0</truncated><difficult>0</difficult><bndbox><xmin>538.8356259</xmin><ymin>549.3171193</ymin><xmax>565.6247787</xmax><ymax>566.6093407</ymax></bndbox></object><object><name>car</name><pose>Unspecified</pose><truncated>0</truncated><difficult>0</difficult><bndbox><xmin>0</xmin><ymin>561.0503787</ymin><xmax>159.8516415</xmax><ymax>631.0309384</ymax></bndbox></object><object><name>car</name><pose>Unspecified</pose><truncated>0</truncated><difficult>0</difficult><bndbox><xmin>717.1535377</xmin><ymin>543.7254953</ymin><xmax>745.1881611</xmax><ymax>567.4828396</ymax></bndbox></object><object><name>car</name><pose>Unspecified</pose><truncated>0</truncated><difficult>0</difficult><bndbox><xmin>426.2542303</xmin><ymin>549.0994961</ymin><xmax>474.7390902</xmax><ymax>576.2936434</ymax></bndbox></object><object><name>car</name><pose>Unspecified</pose><truncated>0</truncated><difficult>0</difficult><bndbox><xmin>508.3916725</xmin><ymin>549.6838115</ymin><xmax>541.103015</xmax><ymax>567.7322052</ymax></bndbox></object><object><name>car</name><pose>Unspecified</pose><truncated>0</truncated><difficult>0</difficult><bndbox><xmin>477.4838391</xmin><ymin>551.6063299</ymin><xmax>510.8855406</xmax><ymax>571.0492647</ymax></bndbox></object><object><name>car</name><pose>Unspecified</pose><truncated>0</truncated><difficult>0</difficult><bndbox><xmin>559.781023</xmin><ymin>547.0841341</ymin><xmax>663.115499</xmax><ymax>644.235249</ymax></bndbox></object><object><name>car</name><pose>Unspecified</pose><truncated>0</truncated><difficult>0</difficult><bndbox><xmin>27.65040706</xmin><ymin>552.2454014</ymin><xmax>159.7268116</xmax><ymax>615.312559</ymax></bndbox></object><object><name>car</name><pose>Unspecified</pose><truncated>0</truncated><difficult>0</difficult><bndbox><xmin>281.1490309</xmin><ymin>556.8142778</ymin><xmax>325.9382402</xmax><ymax>578.9679362</ymax></bndbox></object><object><name>car</name><pose>Unspecified</pose><truncated>0</truncated><difficult>0</difficult><bndbox><xmin>179.854235</xmin><ymin>555.8527406</ymin><xmax>252.1416373</xmax><ymax>591.0857378</ymax></bndbox></object><object><name>car</name><pose>Unspecified</pose><truncated>0</truncated><difficult>0</difficult><bndbox><xmin>273.9369416</xmin><ymin>556.6738426</ymin><xmax>349.0151031</xmax><ymax>591.4057755</ymax></bndbox></object><object><name>car</name><pose>Unspecified</pose><truncated>0</truncated><difficult>0</difficult><bndbox><xmin>0</xmin><ymin>559.5568894</ymin><xmax>364.9273554</xmax><ymax>792.7684294</ymax></bndbox></object></annotation>