<annotation><folder>test_xmls</folder><filename>host-a004_cam0_1233516167051064006.jpeg</filename><path>./imageshost-a004_cam0_1233516167051064006.jpeg</path><source><database>Unknown</database></source><size><width>1224</width><height>1024</height><depth>3</depth></size><segmented>0</segmented><object><name>car</name><pose>Unspecified</pose><truncated>0</truncated><difficult>0</difficult><bndbox><xmin>845.4537108</xmin><ymin>521.8989709</ymin><xmax>940.7848266</xmax><ymax>552.865311</ymax></bndbox></object><object><name>other_vehicle</name><pose>Unspecified</pose><truncated>0</truncated><difficult>0</difficult><bndbox><xmin>706.4560217</xmin><ymin>491.7936068</ymin><xmax>818.9841455</xmax><ymax>595.6171613</ymax></bndbox></object><object><name>car</name><pose>Unspecified</pose><truncated>0</truncated><difficult>0</difficult><bndbox><xmin>501.5649421</xmin><ymin>528.7885085</ymin><xmax>580.5908417</xmax><ymax>592.1040811</ymax></bndbox></object><object><name>car</name><pose>Unspecified</pose><truncated>0</truncated><difficult>0</difficult><bndbox><xmin>900.0843669</xmin><ymin>516.2787764</ymin><xmax>1012.995234</xmax><ymax>553.6780083</ymax></bndbox></object><object><name>car</name><pose>Unspecified</pose><truncated>0</truncated><difficult>0</difficult><bndbox><xmin>682.4966067</xmin><ymin>531.8468019</ymin><xmax>738.61282</xmax><ymax>574.5578074</ymax></bndbox></object><object><name>car</name><pose>Unspecified</pose><truncated>0</truncated><difficult>0</difficult><bndbox><xmin>876.7097241</xmin><ymin>520.558857</ymin><xmax>975.9160699</xmax><ymax>553.7913792</ymax></bndbox></object><object><name>car</name><pose>Unspecified</pose><truncated>0</truncated><difficult>0</difficult><bndbox><xmin>435.2854674</xmin><ymin>528.6176702</ymin><xmax>504.0350844</xmax><ymax>578.7030873</ymax></bndbox></object><object><name>car</name><pose>Unspecified</pose><truncated>0</truncated><difficult>0</difficult><bndbox><xmin>0</xmin><ymin>518.4007947</ymin><xmax>110.1959178</xmax><ymax>812.514549</ymax></bndbox></object><object><name>other_vehicle</name><pose>Unspecified</pose><truncated>0</truncated><difficult>0</difficult><bndbox><xmin>652.8595823</xmin><ymin>517.2041701</ymin><xmax>684.3683041</xmax><ymax>551.83776</ymax></bndbox></object><object><name>car</name><pose>Unspecified</pose><truncated>0</truncated><difficult>0</difficult><bndbox><xmin>567.3719574</xmin><ymin>536.1540295</ymin><xmax>604.5374918</xmax><ymax>563.2278369</ymax></bndbox></object><object><name>other_vehicle</name><pose>Unspecified</pose><truncated>0</truncated><difficult>0</difficult><bndbox><xmin>658.4868356</xmin><ymin>513.8472919</ymin><xmax>699.2718412</xmax><ymax>555.732292</ymax></bndbox></object><object><name>car</name><pose>Unspecified</pose><truncated>0</truncated><difficult>0</difficult><bndbox><xmin>838.9842857</xmin><ymin>451.7575729</ymin><xmax>1224.0</xmax><ymax>1024.0</ymax></bndbox></object><object><name>car</name><pose>Unspecified</pose><truncated>0</truncated><difficult>0</difficult><bndbox><xmin>674.6812453</xmin><ymin>535.6462677</ymin><xmax>711.0506199</xmax><ymax>566.8074794</ymax></bndbox></object><object><name>car</name><pose>Unspecified</pose><truncated>0</truncated><difficult>0</difficult><bndbox><xmin>727.5881286</xmin><ymin>524.2472844</ymin><xmax>835.8219009</xmax><ymax>612.3659533</ymax></bndbox></object></annotation>