<annotation><folder>test_xmls</folder><filename>host-a004_cam0_1234051595251064006.jpeg</filename><path>./imageshost-a004_cam0_1234051595251064006.jpeg</path><source><database>Unknown</database></source><size><width>1224</width><height>1024</height><depth>3</depth></size><segmented>0</segmented><object><name>car</name><pose>Unspecified</pose><truncated>0</truncated><difficult>0</difficult><bndbox><xmin>603.9994934</xmin><ymin>535.2216123</ymin><xmax>627.6489303</xmax><ymax>553.616275</ymax></bndbox></object><object><name>bicycle</name><pose>Unspecified</pose><truncated>0</truncated><difficult>0</difficult><bndbox><xmin>1173.791361</xmin><ymin>497.0519172</ymin><xmax>1224.0</xmax><ymax>585.148088</ymax></bndbox></object><object><name>car</name><pose>Unspecified</pose><truncated>0</truncated><difficult>0</difficult><bndbox><xmin>729.7951802</xmin><ymin>538.6230561</ymin><xmax>842.9858716</xmax><ymax>613.6569815</ymax></bndbox></object><object><name>car</name><pose>Unspecified</pose><truncated>0</truncated><difficult>0</difficult><bndbox><xmin>479.1387732</xmin><ymin>533.2013468</ymin><xmax>574.6179717</xmax><ymax>598.4518666</ymax></bndbox></object><object><name>car</name><pose>Unspecified</pose><truncated>0</truncated><difficult>0</difficult><bndbox><xmin>0</xmin><ymin>488.742553</ymin><xmax>176.393437</xmax><ymax>751.0614921</ymax></bndbox></object></annotation>