<annotation><folder>test_xmls</folder><filename>host-a004_cam0_1233011767251064006.jpeg</filename><path>./imageshost-a004_cam0_1233011767251064006.jpeg</path><source><database>Unknown</database></source><size><width>1224</width><height>1024</height><depth>3</depth></size><segmented>0</segmented><object><name>pedestrian</name><pose>Unspecified</pose><truncated>0</truncated><difficult>0</difficult><bndbox><xmin>804.3866071</xmin><ymin>535.1518287</ymin><xmax>818.190559</xmax><ymax>559.256915</ymax></bndbox></object><object><name>car</name><pose>Unspecified</pose><truncated>0</truncated><difficult>0</difficult><bndbox><xmin>188.6040092</xmin><ymin>570.3411493</ymin><xmax>233.2311154</xmax><ymax>591.8200417</ymax></bndbox></object><object><name>car</name><pose>Unspecified</pose><truncated>0</truncated><difficult>0</difficult><bndbox><xmin>57.7141923</xmin><ymin>569.1221605</ymin><xmax>126.6319051</xmax><ymax>599.0932728</ymax></bndbox></object><object><name>bicycle</name><pose>Unspecified</pose><truncated>0</truncated><difficult>0</difficult><bndbox><xmin>782.4099078</xmin><ymin>530.0166872</ymin><xmax>794.9009404</xmax><ymax>556.4276784</ymax></bndbox></object><object><name>car</name><pose>Unspecified</pose><truncated>0</truncated><difficult>0</difficult><bndbox><xmin>1008.125404</xmin><ymin>537.0269322</ymin><xmax>1078.902174</xmax><ymax>577.3634708</ymax></bndbox></object></annotation>