<annotation><folder>test_xmls</folder><filename>host-a004_cam0_1232987656551064006.jpeg</filename><path>./imageshost-a004_cam0_1232987656551064006.jpeg</path><source><database>Unknown</database></source><size><width>1224</width><height>1024</height><depth>3</depth></size><segmented>0</segmented><object><name>car</name><pose>Unspecified</pose><truncated>0</truncated><difficult>0</difficult><bndbox><xmin>667.3553466</xmin><ymin>536.5264287</ymin><xmax>705.0108783</xmax><ymax>566.2023812</ymax></bndbox></object><object><name>car</name><pose>Unspecified</pose><truncated>0</truncated><difficult>0</difficult><bndbox><xmin>441.4068997</xmin><ymin>529.7447844</ymin><xmax>550.7714311</xmax><ymax>616.1293532</ymax></bndbox></object><object><name>car</name><pose>Unspecified</pose><truncated>0</truncated><difficult>0</difficult><bndbox><xmin>580.5636226</xmin><ymin>533.4987484</ymin><xmax>607.0891407</xmax><ymax>555.1706098</ymax></bndbox></object><object><name>car</name><pose>Unspecified</pose><truncated>0</truncated><difficult>0</difficult><bndbox><xmin>440.4860357</xmin><ymin>533.1981778</ymin><xmax>499.5320978</xmax><ymax>575.6184422</ymax></bndbox></object><object><name>car</name><pose>Unspecified</pose><truncated>0</truncated><difficult>0</difficult><bndbox><xmin>791.0733987</xmin><ymin>520.4817821</ymin><xmax>1040.289536</xmax><ymax>697.6154731</ymax></bndbox></object><object><name>car</name><pose>Unspecified</pose><truncated>0</truncated><difficult>0</difficult><bndbox><xmin>734.4537053</xmin><ymin>520.9536146</ymin><xmax>868.3413756</xmax><ymax>634.0763626</ymax></bndbox></object><object><name>car</name><pose>Unspecified</pose><truncated>0</truncated><difficult>0</difficult><bndbox><xmin>303.1715438</xmin><ymin>540.1906184</ymin><xmax>425.1361037</xmax><ymax>607.6001705</ymax></bndbox></object><object><name>car</name><pose>Unspecified</pose><truncated>0</truncated><difficult>0</difficult><bndbox><xmin>658.7976314</xmin><ymin>533.5423242</ymin><xmax>681.5238125</xmax><ymax>554.0972307</ymax></bndbox></object><object><name>car</name><pose>Unspecified</pose><truncated>0</truncated><difficult>0</difficult><bndbox><xmin>684.2169782</xmin><ymin>537.6333655</ymin><xmax>732.0846325</xmax><ymax>575.0786893</ymax></bndbox></object><object><name>car</name><pose>Unspecified</pose><truncated>0</truncated><difficult>0</difficult><bndbox><xmin>689.0078291</xmin><ymin>531.0433358</ymin><xmax>754.0594229</xmax><ymax>586.1766675</ymax></bndbox></object><object><name>car</name><pose>Unspecified</pose><truncated>0</truncated><difficult>0</difficult><bndbox><xmin>993.2634957</xmin><ymin>526.2400153</ymin><xmax>1224.0</xmax><ymax>1024.0</ymax></bndbox></object><object><name>car</name><pose>Unspecified</pose><truncated>0</truncated><difficult>0</difficult><bndbox><xmin>704.3338154</xmin><ymin>537.8810855</ymin><xmax>794.2244968</xmax><ymax>601.4890433</ymax></bndbox></object><object><name>other_vehicle</name><pose>Unspecified</pose><truncated>0</truncated><difficult>0</difficult><bndbox><xmin>0</xmin><ymin>512.7539137</ymin><xmax>11.75908995</xmax><ymax>621.1920908</ymax></bndbox></object><object><name>other_vehicle</name><pose>Unspecified</pose><truncated>0</truncated><difficult>0</difficult><bndbox><xmin>296.01973</xmin><ymin>530.1561271</ymin><xmax>352.9639285</xmax><ymax>563.281185</ymax></bndbox></object><object><name>car</name><pose>Unspecified</pose><truncated>0</truncated><difficult>0</difficult><bndbox><xmin>675.7138001</xmin><ymin>537.0821304</ymin><xmax>716.0264716</xmax><ymax>570.1851147</ymax></bndbox></object></annotation>