<annotation><folder>test_xmls</folder><filename>host-a004_cam0_1234051597251064006.jpeg</filename><path>./imageshost-a004_cam0_1234051597251064006.jpeg</path><source><database>Unknown</database></source><size><width>1224</width><height>1024</height><depth>3</depth></size><segmented>0</segmented><object><name>car</name><pose>Unspecified</pose><truncated>0</truncated><difficult>0</difficult><bndbox><xmin>4.274768808</xmin><ymin>511.1084442</ymin><xmax>443.9002381</xmax><ymax>783.1204216</ymax></bndbox></object><object><name>car</name><pose>Unspecified</pose><truncated>0</truncated><difficult>0</difficult><bndbox><xmin>560.28121</xmin><ymin>531.1683011</ymin><xmax>625.2578308</xmax><ymax>580.8601142</ymax></bndbox></object><object><name>car</name><pose>Unspecified</pose><truncated>0</truncated><difficult>0</difficult><bndbox><xmin>264.4753189</xmin><ymin>519.8939583</ymin><xmax>418.2538959</xmax><ymax>613.6349213</ymax></bndbox></object></annotation>