<annotation><folder>test_xmls</folder><filename>host-a004_cam0_1235944802151064006.jpeg</filename><path>./imageshost-a004_cam0_1235944802151064006.jpeg</path><source><database>Unknown</database></source><size><width>1224</width><height>1024</height><depth>3</depth></size><segmented>0</segmented><object><name>car</name><pose>Unspecified</pose><truncated>0</truncated><difficult>0</difficult><bndbox><xmin>603.1930324</xmin><ymin>526.9408306</ymin><xmax>622.3627382</xmax><ymax>543.2990723</ymax></bndbox></object><object><name>car</name><pose>Unspecified</pose><truncated>0</truncated><difficult>0</difficult><bndbox><xmin>699.8461657</xmin><ymin>523.6655969</ymin><xmax>730.7855178</xmax><ymax>548.4871166</ymax></bndbox></object><object><name>car</name><pose>Unspecified</pose><truncated>0</truncated><difficult>0</difficult><bndbox><xmin>627.4667766</xmin><ymin>533.6961547</ymin><xmax>672.0741421</xmax><ymax>572.2284155</ymax></bndbox></object></annotation>