<annotation><folder>test_xmls</folder><filename>host-a004_cam0_1233444837351064006.jpeg</filename><path>./imageshost-a004_cam0_1233444837351064006.jpeg</path><source><database>Unknown</database></source><size><width>1224</width><height>1024</height><depth>3</depth></size><segmented>0</segmented><object><name>car</name><pose>Unspecified</pose><truncated>0</truncated><difficult>0</difficult><bndbox><xmin>447.9827931</xmin><ymin>528.7550329</ymin><xmax>554.3355937</xmax><ymax>610.7998227</ymax></bndbox></object><object><name>car</name><pose>Unspecified</pose><truncated>0</truncated><difficult>0</difficult><bndbox><xmin>587.6212647</xmin><ymin>537.9353644</ymin><xmax>611.035348</xmax><ymax>554.7873576</ymax></bndbox></object><object><name>car</name><pose>Unspecified</pose><truncated>0</truncated><difficult>0</difficult><bndbox><xmin>632.7119841</xmin><ymin>534.1114485</ymin><xmax>668.3756031</xmax><ymax>562.2814221</ymax></bndbox></object></annotation>