<annotation><folder>test_xmls</folder><filename>host-a004_cam0_1232815257651064006.jpeg</filename><path>./imageshost-a004_cam0_1232815257651064006.jpeg</path><source><database>Unknown</database></source><size><width>1224</width><height>1024</height><depth>3</depth></size><segmented>0</segmented><object><name>truck</name><pose>Unspecified</pose><truncated>0</truncated><difficult>0</difficult><bndbox><xmin>344.1758998</xmin><ymin>446.7456727</ymin><xmax>505.6783316</xmax><ymax>588.5807138</ymax></bndbox></object><object><name>car</name><pose>Unspecified</pose><truncated>0</truncated><difficult>0</difficult><bndbox><xmin>69.08074907</xmin><ymin>545.5719472</ymin><xmax>275.3551064</xmax><ymax>654.0167415</ymax></bndbox></object><object><name>car</name><pose>Unspecified</pose><truncated>0</truncated><difficult>0</difficult><bndbox><xmin>0</xmin><ymin>505.6229137</ymin><xmax>1.621469541</xmax><ymax>578.7201861</ymax></bndbox></object><object><name>car</name><pose>Unspecified</pose><truncated>0</truncated><difficult>0</difficult><bndbox><xmin>653.7390722</xmin><ymin>533.5100441</ymin><xmax>673.6743511</xmax><ymax>552.7175415</ymax></bndbox></object><object><name>car</name><pose>Unspecified</pose><truncated>0</truncated><difficult>0</difficult><bndbox><xmin>692.0737152</xmin><ymin>532.2811021</ymin><xmax>749.6745888</xmax><ymax>585.365128</ymax></bndbox></object></annotation>