<annotation><folder>test_xmls</folder><filename>host-a004_cam0_1232833310851064006.jpeg</filename><path>./imageshost-a004_cam0_1232833310851064006.jpeg</path><source><database>Unknown</database></source><size><width>1224</width><height>1024</height><depth>3</depth></size><segmented>0</segmented><object><name>car</name><pose>Unspecified</pose><truncated>0</truncated><difficult>0</difficult><bndbox><xmin>286.2152252</xmin><ymin>548.0236995</ymin><xmax>351.5868289</xmax><ymax>576.3582395</ymax></bndbox></object><object><name>car</name><pose>Unspecified</pose><truncated>0</truncated><difficult>0</difficult><bndbox><xmin>25.65519783</xmin><ymin>526.0895857</ymin><xmax>195.4299909</xmax><ymax>599.9545708</ymax></bndbox></object><object><name>pedestrian</name><pose>Unspecified</pose><truncated>0</truncated><difficult>0</difficult><bndbox><xmin>866.2459031</xmin><ymin>531.3059023</ymin><xmax>897.9257268</xmax><ymax>598.5478946</ymax></bndbox></object><object><name>car</name><pose>Unspecified</pose><truncated>0</truncated><difficult>0</difficult><bndbox><xmin>368.0796473</xmin><ymin>542.271739</ymin><xmax>424.5256579</xmax><ymax>571.8311491</ymax></bndbox></object><object><name>car</name><pose>Unspecified</pose><truncated>0</truncated><difficult>0</difficult><bndbox><xmin>464.0133068</xmin><ymin>538.4862642</ymin><xmax>503.1842525</xmax><ymax>560.9117765</ymax></bndbox></object><object><name>car</name><pose>Unspecified</pose><truncated>0</truncated><difficult>0</difficult><bndbox><xmin>223.9617851</xmin><ymin>540.6669511</ymin><xmax>339.8677809</xmax><ymax>590.6339821</ymax></bndbox></object><object><name>car</name><pose>Unspecified</pose><truncated>0</truncated><difficult>0</difficult><bndbox><xmin>401.5584345</xmin><ymin>540.5657227</ymin><xmax>715.5880206</xmax><ymax>648.0494978</ymax></bndbox></object><object><name>car</name><pose>Unspecified</pose><truncated>0</truncated><difficult>0</difficult><bndbox><xmin>427.8251942</xmin><ymin>541.9085383</ymin><xmax>469.7084824</xmax><ymax>564.4332116</ymax></bndbox></object><object><name>car</name><pose>Unspecified</pose><truncated>0</truncated><difficult>0</difficult><bndbox><xmin>741.5475932</xmin><ymin>528.2491572</ymin><xmax>770.2345962</xmax><ymax>555.0162627</ymax></bndbox></object><object><name>car</name><pose>Unspecified</pose><truncated>0</truncated><difficult>0</difficult><bndbox><xmin>0</xmin><ymin>533.3730314</ymin><xmax>49.22497934</xmax><ymax>557.2952363</ymax></bndbox></object><object><name>car</name><pose>Unspecified</pose><truncated>0</truncated><difficult>0</difficult><bndbox><xmin>390.5439192</xmin><ymin>542.5572006</ymin><xmax>448.8312815</xmax><ymax>572.3551815</ymax></bndbox></object><object><name>car</name><pose>Unspecified</pose><truncated>0</truncated><difficult>0</difficult><bndbox><xmin>479.5418341</xmin><ymin>541.1681058</ymin><xmax>518.8101422</xmax><ymax>563.1492146</ymax></bndbox></object><object><name>car</name><pose>Unspecified</pose><truncated>0</truncated><difficult>0</difficult><bndbox><xmin>743.1924604</xmin><ymin>537.6809695</ymin><xmax>790.8069104</xmax><ymax>574.1711672</ymax></bndbox></object><object><name>car</name><pose>Unspecified</pose><truncated>0</truncated><difficult>0</difficult><bndbox><xmin>749.0289103</xmin><ymin>532.1612662</ymin><xmax>810.7809781</xmax><ymax>585.9715153</ymax></bndbox></object><object><name>car</name><pose>Unspecified</pose><truncated>0</truncated><difficult>0</difficult><bndbox><xmin>0</xmin><ymin>552.8789748</ymin><xmax>4.671064371</xmax><ymax>649.1472414</ymax></bndbox></object><object><name>car</name><pose>Unspecified</pose><truncated>0</truncated><difficult>0</difficult><bndbox><xmin>127.8812185</xmin><ymin>535.8307098</ymin><xmax>266.6590126</xmax><ymax>594.2262881</ymax></bndbox></object><object><name>car</name><pose>Unspecified</pose><truncated>0</truncated><difficult>0</difficult><bndbox><xmin>539.4112885</xmin><ymin>537.066917</ymin><xmax>568.4328791</xmax><ymax>556.2859534</ymax></bndbox></object><object><name>car</name><pose>Unspecified</pose><truncated>0</truncated><difficult>0</difficult><bndbox><xmin>330.6498735</xmin><ymin>545.781238</ymin><xmax>383.018321</xmax><ymax>574.2919558</ymax></bndbox></object></annotation>