<annotation><folder>test_xmls</folder><filename>host-a004_cam0_1232842386651064006.jpeg</filename><path>./imageshost-a004_cam0_1232842386651064006.jpeg</path><source><database>Unknown</database></source><size><width>1224</width><height>1024</height><depth>3</depth></size><segmented>0</segmented><object><name>car</name><pose>Unspecified</pose><truncated>0</truncated><difficult>0</difficult><bndbox><xmin>618.7971153</xmin><ymin>533.8431874</ymin><xmax>661.9163232</xmax><ymax>574.5933109</ymax></bndbox></object><object><name>other_vehicle</name><pose>Unspecified</pose><truncated>0</truncated><difficult>0</difficult><bndbox><xmin>108.4310627</xmin><ymin>519.890805</ymin><xmax>217.4983829</xmax><ymax>586.7476099</ymax></bndbox></object><object><name>car</name><pose>Unspecified</pose><truncated>0</truncated><difficult>0</difficult><bndbox><xmin>1074.998124</xmin><ymin>530.0963778</ymin><xmax>1224.0</xmax><ymax>605.3457548</ymax></bndbox></object><object><name>car</name><pose>Unspecified</pose><truncated>0</truncated><difficult>0</difficult><bndbox><xmin>336.8780252</xmin><ymin>537.5371758</ymin><xmax>397.1364126</xmax><ymax>578.1778259</ymax></bndbox></object><object><name>car</name><pose>Unspecified</pose><truncated>0</truncated><difficult>0</difficult><bndbox><xmin>0</xmin><ymin>525.3124106</ymin><xmax>166.7411461</xmax><ymax>629.7851003</ymax></bndbox></object><object><name>car</name><pose>Unspecified</pose><truncated>0</truncated><difficult>0</difficult><bndbox><xmin>113.411456</xmin><ymin>530.3219294</ymin><xmax>253.2922915</xmax><ymax>603.1831754</ymax></bndbox></object><object><name>car</name><pose>Unspecified</pose><truncated>0</truncated><difficult>0</difficult><bndbox><xmin>408.5258441</xmin><ymin>498.14247</ymin><xmax>550.8492833</xmax><ymax>623.845765</ymax></bndbox></object><object><name>car</name><pose>Unspecified</pose><truncated>0</truncated><difficult>0</difficult><bndbox><xmin>544.1516111</xmin><ymin>538.6747014</ymin><xmax>583.6748521</xmax><ymax>570.1008751</ymax></bndbox></object><object><name>car</name><pose>Unspecified</pose><truncated>0</truncated><difficult>0</difficult><bndbox><xmin>367.1142183</xmin><ymin>533.9018322</ymin><xmax>425.0163521</xmax><ymax>572.0648204</ymax></bndbox></object><object><name>car</name><pose>Unspecified</pose><truncated>0</truncated><difficult>0</difficult><bndbox><xmin>570.8740385</xmin><ymin>536.8352612</ymin><xmax>600.5344951</xmax><ymax>563.0952077</ymax></bndbox></object><object><name>car</name><pose>Unspecified</pose><truncated>0</truncated><difficult>0</difficult><bndbox><xmin>261.3938774</xmin><ymin>541.1005825</ymin><xmax>338.7549</xmax><ymax>584.2635736</ymax></bndbox></object><object><name>car</name><pose>Unspecified</pose><truncated>0</truncated><difficult>0</difficult><bndbox><xmin>200.1473513</xmin><ymin>540.9826887</ymin><xmax>288.4004302</xmax><ymax>590.1486878</ymax></bndbox></object><object><name>bus</name><pose>Unspecified</pose><truncated>0</truncated><difficult>0</difficult><bndbox><xmin>0</xmin><ymin>517.2514573</ymin><xmax>134.9514807</xmax><ymax>609.3336085</ymax></bndbox></object></annotation>