<annotation><folder>test_xmls</folder><filename>host-a004_cam0_1233422539851064006.jpeg</filename><path>./imageshost-a004_cam0_1233422539851064006.jpeg</path><source><database>Unknown</database></source><size><width>1224</width><height>1024</height><depth>3</depth></size><segmented>0</segmented><object><name>car</name><pose>Unspecified</pose><truncated>0</truncated><difficult>0</difficult><bndbox><xmin>665.3374893</xmin><ymin>533.4963284</ymin><xmax>699.9440523</xmax><ymax>564.3338985</ymax></bndbox></object><object><name>car</name><pose>Unspecified</pose><truncated>0</truncated><difficult>0</difficult><bndbox><xmin>0</xmin><ymin>503.4400747</ymin><xmax>407.1235033</xmax><ymax>810.8864845</ymax></bndbox></object><object><name>pedestrian</name><pose>Unspecified</pose><truncated>0</truncated><difficult>0</difficult><bndbox><xmin>1161.644644</xmin><ymin>515.7002546</ymin><xmax>1198.339716</xmax><ymax>562.9538644</ymax></bndbox></object><object><name>car</name><pose>Unspecified</pose><truncated>0</truncated><difficult>0</difficult><bndbox><xmin>989.7634763</xmin><ymin>524.2155371</ymin><xmax>1053.10315</xmax><ymax>551.1316879</ymax></bndbox></object><object><name>car</name><pose>Unspecified</pose><truncated>0</truncated><difficult>0</difficult><bndbox><xmin>741.6978004</xmin><ymin>512.6774615</ymin><xmax>961.5503679</xmax><ymax>667.7409685</ymax></bndbox></object><object><name>car</name><pose>Unspecified</pose><truncated>0</truncated><difficult>0</difficult><bndbox><xmin>1157.452456</xmin><ymin>502.5602224</ymin><xmax>1224.0</xmax><ymax>605.5883237</ymax></bndbox></object><object><name>pedestrian</name><pose>Unspecified</pose><truncated>0</truncated><difficult>0</difficult><bndbox><xmin>1012.735307</xmin><ymin>515.0109813</ymin><xmax>1051.770218</xmax><ymax>589.625143</ymax></bndbox></object><object><name>car</name><pose>Unspecified</pose><truncated>0</truncated><difficult>0</difficult><bndbox><xmin>493.680514</xmin><ymin>530.6304415</ymin><xmax>536.6633616</xmax><ymax>563.7092876</ymax></bndbox></object><object><name>car</name><pose>Unspecified</pose><truncated>0</truncated><difficult>0</difficult><bndbox><xmin>727.4818846</xmin><ymin>526.3319127</ymin><xmax>838.864167</xmax><ymax>617.0598232</ymax></bndbox></object><object><name>car</name><pose>Unspecified</pose><truncated>0</truncated><difficult>0</difficult><bndbox><xmin>478.4766403</xmin><ymin>537.2873066</ymin><xmax>510.8283431</xmax><ymax>559.0294106</ymax></bndbox></object><object><name>car</name><pose>Unspecified</pose><truncated>0</truncated><difficult>0</difficult><bndbox><xmin>900.1090831</xmin><ymin>517.1817567</ymin><xmax>1040.657998</xmax><ymax>588.3524152</ymax></bndbox></object><object><name>car</name><pose>Unspecified</pose><truncated>0</truncated><difficult>0</difficult><bndbox><xmin>316.2833982</xmin><ymin>540.0982373</ymin><xmax>443.0592649</xmax><ymax>606.0078779</ymax></bndbox></object><object><name>car</name><pose>Unspecified</pose><truncated>0</truncated><difficult>0</difficult><bndbox><xmin>696.8033721</xmin><ymin>521.9854701</ymin><xmax>790.4414106</xmax><ymax>597.3936891</ymax></bndbox></object><object><name>car</name><pose>Unspecified</pose><truncated>0</truncated><difficult>0</difficult><bndbox><xmin>777.7556237</xmin><ymin>520.9183907</ymin><xmax>837.118006</xmax><ymax>568.0092235</ymax></bndbox></object></annotation>