<annotation><folder>test_xmls</folder><filename>host-a004_cam0_1233616003151064006.jpeg</filename><path>./imageshost-a004_cam0_1233616003151064006.jpeg</path><source><database>Unknown</database></source><size><width>1224</width><height>1024</height><depth>3</depth></size><segmented>0</segmented><object><name>car</name><pose>Unspecified</pose><truncated>0</truncated><difficult>0</difficult><bndbox><xmin>531.1022979</xmin><ymin>532.7593282</ymin><xmax>561.8156556</xmax><ymax>562.9385419</ymax></bndbox></object><object><name>truck</name><pose>Unspecified</pose><truncated>0</truncated><difficult>0</difficult><bndbox><xmin>79.21591692</xmin><ymin>500.9427718</ymin><xmax>246.2267384</xmax><ymax>581.7883591</ymax></bndbox></object><object><name>car</name><pose>Unspecified</pose><truncated>0</truncated><difficult>0</difficult><bndbox><xmin>0</xmin><ymin>546.1900613</ymin><xmax>31.10387511</xmax><ymax>580.6031047</ymax></bndbox></object><object><name>car</name><pose>Unspecified</pose><truncated>0</truncated><difficult>0</difficult><bndbox><xmin>3.858728445</xmin><ymin>549.3128297</ymin><xmax>120.7533144</xmax><ymax>588.5727742</ymax></bndbox></object><object><name>car</name><pose>Unspecified</pose><truncated>0</truncated><difficult>0</difficult><bndbox><xmin>715.1126322</xmin><ymin>535.3029701</ymin><xmax>791.2170211</xmax><ymax>597.3401673</ymax></bndbox></object><object><name>car</name><pose>Unspecified</pose><truncated>0</truncated><difficult>0</difficult><bndbox><xmin>617.7268749</xmin><ymin>536.9285102</ymin><xmax>668.1887612</xmax><ymax>582.0914268</ymax></bndbox></object><object><name>car</name><pose>Unspecified</pose><truncated>0</truncated><difficult>0</difficult><bndbox><xmin>538.5247828</xmin><ymin>536.3372261</ymin><xmax>590.0159068</xmax><ymax>580.0507455</ymax></bndbox></object><object><name>car</name><pose>Unspecified</pose><truncated>0</truncated><difficult>0</difficult><bndbox><xmin>572.8186322</xmin><ymin>538.3384467</ymin><xmax>602.3810807</xmax><ymax>563.2555204</ymax></bndbox></object><object><name>car</name><pose>Unspecified</pose><truncated>0</truncated><difficult>0</difficult><bndbox><xmin>740.2367013</xmin><ymin>541.9582122</ymin><xmax>865.6861952</xmax><ymax>624.5453962</ymax></bndbox></object><object><name>car</name><pose>Unspecified</pose><truncated>0</truncated><difficult>0</difficult><bndbox><xmin>3.569609006</xmin><ymin>543.9565946</ymin><xmax>78.61988813</xmax><ymax>569.3908487</ymax></bndbox></object><object><name>car</name><pose>Unspecified</pose><truncated>0</truncated><difficult>0</difficult><bndbox><xmin>596.9337362</xmin><ymin>539.3385494</ymin><xmax>615.9360325</xmax><ymax>556.0993776</ymax></bndbox></object><object><name>truck</name><pose>Unspecified</pose><truncated>0</truncated><difficult>0</difficult><bndbox><xmin>374.367047</xmin><ymin>494.7038047</ymin><xmax>505.0153649</xmax><ymax>593.1898496</ymax></bndbox></object></annotation>