<annotation><folder>test_xmls</folder><filename>host-a004_cam0_1233422554051064006.jpeg</filename><path>./imageshost-a004_cam0_1233422554051064006.jpeg</path><source><database>Unknown</database></source><size><width>1224</width><height>1024</height><depth>3</depth></size><segmented>0</segmented><object><name>car</name><pose>Unspecified</pose><truncated>0</truncated><difficult>0</difficult><bndbox><xmin>0</xmin><ymin>541.8489277</ymin><xmax>65.033905</xmax><ymax>616.6243636</ymax></bndbox></object><object><name>car</name><pose>Unspecified</pose><truncated>0</truncated><difficult>0</difficult><bndbox><xmin>958.4462879</xmin><ymin>521.4747253</ymin><xmax>1168.237874</xmax><ymax>583.052415</ymax></bndbox></object><object><name>car</name><pose>Unspecified</pose><truncated>0</truncated><difficult>0</difficult><bndbox><xmin>218.5886904</xmin><ymin>538.6227272</ymin><xmax>299.4422188</xmax><ymax>575.1403921</ymax></bndbox></object><object><name>car</name><pose>Unspecified</pose><truncated>0</truncated><difficult>0</difficult><bndbox><xmin>246.3498186</xmin><ymin>533.2563243</ymin><xmax>331.1530768</xmax><ymax>574.7674304</ymax></bndbox></object><object><name>car</name><pose>Unspecified</pose><truncated>0</truncated><difficult>0</difficult><bndbox><xmin>328.0883623</xmin><ymin>523.3944598</ymin><xmax>413.2321492</xmax><ymax>571.7088796</ymax></bndbox></object><object><name>car</name><pose>Unspecified</pose><truncated>0</truncated><difficult>0</difficult><bndbox><xmin>893.3474561</xmin><ymin>520.129069</ymin><xmax>1075.786649</xmax><ymax>584.3381641</ymax></bndbox></object><object><name>car</name><pose>Unspecified</pose><truncated>0</truncated><difficult>0</difficult><bndbox><xmin>564.5637879</xmin><ymin>530.3070076</ymin><xmax>585.7295762</xmax><ymax>544.8634613</ymax></bndbox></object><object><name>car</name><pose>Unspecified</pose><truncated>0</truncated><difficult>0</difficult><bndbox><xmin>401.9543052</xmin><ymin>531.0945625</ymin><xmax>451.8789797</xmax><ymax>563.4665404</ymax></bndbox></object><object><name>car</name><pose>Unspecified</pose><truncated>0</truncated><difficult>0</difficult><bndbox><xmin>0</xmin><ymin>531.7264061</ymin><xmax>32.00957009</xmax><ymax>600.84914</ymax></bndbox></object><object><name>car</name><pose>Unspecified</pose><truncated>0</truncated><difficult>0</difficult><bndbox><xmin>663.8204888</xmin><ymin>529.373921</ymin><xmax>691.7719568</xmax><ymax>554.5222097</ymax></bndbox></object><object><name>car</name><pose>Unspecified</pose><truncated>0</truncated><difficult>0</difficult><bndbox><xmin>22.71525858</xmin><ymin>539.5453697</ymin><xmax>136.6956266</xmax><ymax>576.988325</ymax></bndbox></object><object><name>pedestrian</name><pose>Unspecified</pose><truncated>0</truncated><difficult>0</difficult><bndbox><xmin>1043.013001</xmin><ymin>500.4842125</ymin><xmax>1113.672971</xmax><ymax>631.7023938</ymax></bndbox></object><object><name>bicycle</name><pose>Unspecified</pose><truncated>0</truncated><difficult>0</difficult><bndbox><xmin>730.1979188</xmin><ymin>526.7700434</ymin><xmax>774.3721258</xmax><ymax>575.743437</ymax></bndbox></object><object><name>car</name><pose>Unspecified</pose><truncated>0</truncated><difficult>0</difficult><bndbox><xmin>513.5097358</xmin><ymin>532.6978277</ymin><xmax>548.4773899</xmax><ymax>556.580107</ymax></bndbox></object><object><name>car</name><pose>Unspecified</pose><truncated>0</truncated><difficult>0</difficult><bndbox><xmin>472.7947393</xmin><ymin>531.7999082</ymin><xmax>502.8581008</xmax><ymax>554.6521631</ymax></bndbox></object></annotation>