<annotation><folder>test_xmls</folder><filename>host-a004_cam0_1233427016051064006.jpeg</filename><path>./imageshost-a004_cam0_1233427016051064006.jpeg</path><source><database>Unknown</database></source><size><width>1224</width><height>1024</height><depth>3</depth></size><segmented>0</segmented><object><name>car</name><pose>Unspecified</pose><truncated>0</truncated><difficult>0</difficult><bndbox><xmin>670.5544521</xmin><ymin>534.4200786</ymin><xmax>705.4664794</xmax><ymax>564.0333155</ymax></bndbox></object><object><name>car</name><pose>Unspecified</pose><truncated>0</truncated><difficult>0</difficult><bndbox><xmin>736.6428672</xmin><ymin>537.1595285</ymin><xmax>866.8292633</xmax><ymax>631.1246877</ymax></bndbox></object><object><name>car</name><pose>Unspecified</pose><truncated>0</truncated><difficult>0</difficult><bndbox><xmin>798.3226063</xmin><ymin>533.5361031</ymin><xmax>1020.501258</xmax><ymax>679.920121</ymax></bndbox></object><object><name>truck</name><pose>Unspecified</pose><truncated>0</truncated><difficult>0</difficult><bndbox><xmin>434.8121563</xmin><ymin>492.5758779</ymin><xmax>554.4254097</xmax><ymax>591.3388786</ymax></bndbox></object><object><name>car</name><pose>Unspecified</pose><truncated>0</truncated><difficult>0</difficult><bndbox><xmin>683.5561376</xmin><ymin>535.2656967</ymin><xmax>726.8654359</xmax><ymax>572.5918975</ymax></bndbox></object><object><name>other_vehicle</name><pose>Unspecified</pose><truncated>0</truncated><difficult>0</difficult><bndbox><xmin>274.7654764</xmin><ymin>536.7106208</ymin><xmax>347.9693517</xmax><ymax>578.8973381</ymax></bndbox></object><object><name>car</name><pose>Unspecified</pose><truncated>0</truncated><difficult>0</difficult><bndbox><xmin>687.3585378</xmin><ymin>540.6910759</ymin><xmax>739.8766953</xmax><ymax>577.6397936</ymax></bndbox></object><object><name>car</name><pose>Unspecified</pose><truncated>0</truncated><difficult>0</difficult><bndbox><xmin>935.64418</xmin><ymin>557.647345</ymin><xmax>1224.0</xmax><ymax>1024.0</ymax></bndbox></object><object><name>other_vehicle</name><pose>Unspecified</pose><truncated>0</truncated><difficult>0</difficult><bndbox><xmin>78.90567149</xmin><ymin>527.8588364</ymin><xmax>229.4608907</xmax><ymax>600.0996834</ymax></bndbox></object><object><name>car</name><pose>Unspecified</pose><truncated>0</truncated><difficult>0</difficult><bndbox><xmin>711.917586</xmin><ymin>539.7544701</ymin><xmax>798.8756007</xmax><ymax>600.2757056</ymax></bndbox></object><object><name>car</name><pose>Unspecified</pose><truncated>0</truncated><difficult>0</difficult><bndbox><xmin>705.6271872</xmin><ymin>540.3741324</ymin><xmax>770.5400141</xmax><ymax>586.5705457</ymax></bndbox></object><object><name>other_vehicle</name><pose>Unspecified</pose><truncated>0</truncated><difficult>0</difficult><bndbox><xmin>343.6961449</xmin><ymin>536.8156134</ymin><xmax>398.7883036</xmax><ymax>571.1023052</ymax></bndbox></object><object><name>car</name><pose>Unspecified</pose><truncated>0</truncated><difficult>0</difficult><bndbox><xmin>67.77494804</xmin><ymin>547.185947</ymin><xmax>315.2468302</xmax><ymax>668.8838129</ymax></bndbox></object><object><name>car</name><pose>Unspecified</pose><truncated>0</truncated><difficult>0</difficult><bndbox><xmin>618.2921756</xmin><ymin>535.08648</ymin><xmax>648.0167141</xmax><ymax>563.4312966</ymax></bndbox></object></annotation>