<annotation><folder>test_xmls</folder><filename>host-a004_cam0_1235947082551064006.jpeg</filename><path>./imageshost-a004_cam0_1235947082551064006.jpeg</path><source><database>Unknown</database></source><size><width>1224</width><height>1024</height><depth>3</depth></size><segmented>0</segmented><object><name>car</name><pose>Unspecified</pose><truncated>0</truncated><difficult>0</difficult><bndbox><xmin>449.2465854</xmin><ymin>524.1844107</ymin><xmax>563.0478091</xmax><ymax>615.1676018</ymax></bndbox></object><object><name>car</name><pose>Unspecified</pose><truncated>0</truncated><difficult>0</difficult><bndbox><xmin>551.6398544</xmin><ymin>528.6932387</ymin><xmax>584.949026</xmax><ymax>558.983463</ymax></bndbox></object><object><name>car</name><pose>Unspecified</pose><truncated>0</truncated><difficult>0</difficult><bndbox><xmin>0</xmin><ymin>538.7261725</ymin><xmax>54.98329876</xmax><ymax>582.5738773</ymax></bndbox></object><object><name>car</name><pose>Unspecified</pose><truncated>0</truncated><difficult>0</difficult><bndbox><xmin>131.8135711</xmin><ymin>534.2568497</ymin><xmax>212.4689319</xmax><ymax>571.9964325</ymax></bndbox></object><object><name>car</name><pose>Unspecified</pose><truncated>0</truncated><difficult>0</difficult><bndbox><xmin>613.9194006</xmin><ymin>534.3313349</ymin><xmax>630.3320388</xmax><ymax>548.2827444</ymax></bndbox></object><object><name>car</name><pose>Unspecified</pose><truncated>0</truncated><difficult>0</difficult><bndbox><xmin>372.6196875</xmin><ymin>527.8240728</ymin><xmax>461.0575187</xmax><ymax>589.7412138</ymax></bndbox></object><object><name>car</name><pose>Unspecified</pose><truncated>0</truncated><difficult>0</difficult><bndbox><xmin>225.0650948</xmin><ymin>531.6881465</ymin><xmax>285.9727669</xmax><ymax>558.4817312</ymax></bndbox></object><object><name>car</name><pose>Unspecified</pose><truncated>0</truncated><difficult>0</difficult><bndbox><xmin>1048.885482</xmin><ymin>523.8676513</ymin><xmax>1214.942224</xmax><ymax>577.3691175</ymax></bndbox></object><object><name>car</name><pose>Unspecified</pose><truncated>0</truncated><difficult>0</difficult><bndbox><xmin>266.8160031</xmin><ymin>533.2394827</ymin><xmax>313.7493845</xmax><ymax>555.4511497</ymax></bndbox></object><object><name>car</name><pose>Unspecified</pose><truncated>0</truncated><difficult>0</difficult><bndbox><xmin>659.8314905</xmin><ymin>530.002437</ymin><xmax>695.2033628</xmax><ymax>560.7056788</ymax></bndbox></object><object><name>car</name><pose>Unspecified</pose><truncated>0</truncated><difficult>0</difficult><bndbox><xmin>672.0777656</xmin><ymin>533.3223048</ymin><xmax>722.4430842</xmax><ymax>573.0802318</ymax></bndbox></object></annotation>