<annotation><folder>test_xmls</folder><filename>host-a004_cam0_1234051608651064006.jpeg</filename><path>./imageshost-a004_cam0_1234051608651064006.jpeg</path><source><database>Unknown</database></source><size><width>1224</width><height>1024</height><depth>3</depth></size><segmented>0</segmented><object><name>car</name><pose>Unspecified</pose><truncated>0</truncated><difficult>0</difficult><bndbox><xmin>615.8412869</xmin><ymin>537.5118946</ymin><xmax>640.5562948</xmax><ymax>558.9407342</ymax></bndbox></object><object><name>car</name><pose>Unspecified</pose><truncated>0</truncated><difficult>0</difficult><bndbox><xmin>10.02663206</xmin><ymin>548.6196503</ymin><xmax>181.2180608</xmax><ymax>611.1253406</ymax></bndbox></object><object><name>car</name><pose>Unspecified</pose><truncated>0</truncated><difficult>0</difficult><bndbox><xmin>133.4046711</xmin><ymin>545.7122389</ymin><xmax>221.4703087</xmax><ymax>587.1512438</ymax></bndbox></object><object><name>car</name><pose>Unspecified</pose><truncated>0</truncated><difficult>0</difficult><bndbox><xmin>576.616257</xmin><ymin>535.1192783</ymin><xmax>600.9308582</xmax><ymax>556.8526598</ymax></bndbox></object><object><name>car</name><pose>Unspecified</pose><truncated>0</truncated><difficult>0</difficult><bndbox><xmin>377.2864633</xmin><ymin>538.8297852</ymin><xmax>463.5902119</xmax><ymax>591.8016102</ymax></bndbox></object><object><name>car</name><pose>Unspecified</pose><truncated>0</truncated><difficult>0</difficult><bndbox><xmin>261.3539323</xmin><ymin>540.1460011</ymin><xmax>333.9358475</xmax><ymax>577.8503953</ymax></bndbox></object><object><name>car</name><pose>Unspecified</pose><truncated>0</truncated><difficult>0</difficult><bndbox><xmin>987.3923809</xmin><ymin>521.950209</ymin><xmax>1057.70254</xmax><ymax>545.8207408</ymax></bndbox></object><object><name>car</name><pose>Unspecified</pose><truncated>0</truncated><difficult>0</difficult><bndbox><xmin>548.0184601</xmin><ymin>538.2724675</ymin><xmax>585.0981796</xmax><ymax>567.0003862</ymax></bndbox></object></annotation>