<annotation><folder>test_xmls</folder><filename>host-a004_cam0_1232987676951064006.jpeg</filename><path>./imageshost-a004_cam0_1232987676951064006.jpeg</path><source><database>Unknown</database></source><size><width>1224</width><height>1024</height><depth>3</depth></size><segmented>0</segmented><object><name>car</name><pose>Unspecified</pose><truncated>0</truncated><difficult>0</difficult><bndbox><xmin>204.749262</xmin><ymin>533.6018397</ymin><xmax>384.302771</xmax><ymax>623.830214</ymax></bndbox></object><object><name>car</name><pose>Unspecified</pose><truncated>0</truncated><difficult>0</difficult><bndbox><xmin>131.2806376</xmin><ymin>535.4360545</ymin><xmax>287.4371861</xmax><ymax>604.6580506</ymax></bndbox></object><object><name>car</name><pose>Unspecified</pose><truncated>0</truncated><difficult>0</difficult><bndbox><xmin>593.0177929</xmin><ymin>534.1904474</ymin><xmax>664.5523203</xmax><ymax>599.5058293</ymax></bndbox></object><object><name>car</name><pose>Unspecified</pose><truncated>0</truncated><difficult>0</difficult><bndbox><xmin>340.872762</xmin><ymin>524.835816</ymin><xmax>419.7934622</xmax><ymax>575.1699659</ymax></bndbox></object><object><name>car</name><pose>Unspecified</pose><truncated>0</truncated><difficult>0</difficult><bndbox><xmin>547.2149871</xmin><ymin>533.9074127</ymin><xmax>592.6105305</xmax><ymax>565.3172094</ymax></bndbox></object><object><name>car</name><pose>Unspecified</pose><truncated>0</truncated><difficult>0</difficult><bndbox><xmin>297.7174234</xmin><ymin>527.8729364</ymin><xmax>494.9681616</xmax><ymax>653.9726897</ymax></bndbox></object><object><name>car</name><pose>Unspecified</pose><truncated>0</truncated><difficult>0</difficult><bndbox><xmin>384.0722324</xmin><ymin>524.9616512</ymin><xmax>468.7404805</xmax><ymax>582.214496</ymax></bndbox></object><object><name>car</name><pose>Unspecified</pose><truncated>0</truncated><difficult>0</difficult><bndbox><xmin>560.7849991</xmin><ymin>529.0762605</ymin><xmax>596.1121561</xmax><ymax>559.5904839</ymax></bndbox></object><object><name>car</name><pose>Unspecified</pose><truncated>0</truncated><difficult>0</difficult><bndbox><xmin>509.9773066</xmin><ymin>526.945504</ymin><xmax>579.6664126</xmax><ymax>580.2329662</ymax></bndbox></object><object><name>car</name><pose>Unspecified</pose><truncated>0</truncated><difficult>0</difficult><bndbox><xmin>612.2465163</xmin><ymin>524.5176471</ymin><xmax>664.6574766</xmax><ymax>576.3735105</ymax></bndbox></object><object><name>car</name><pose>Unspecified</pose><truncated>0</truncated><difficult>0</difficult><bndbox><xmin>0</xmin><ymin>514.5908361</ymin><xmax>114.0019616</xmax><ymax>657.7196643</ymax></bndbox></object><object><name>car</name><pose>Unspecified</pose><truncated>0</truncated><difficult>0</difficult><bndbox><xmin>687.4938447</xmin><ymin>525.218301</ymin><xmax>758.227819</xmax><ymax>585.4470907</ymax></bndbox></object><object><name>car</name><pose>Unspecified</pose><truncated>0</truncated><difficult>0</difficult><bndbox><xmin>408.8835366</xmin><ymin>523.1470778</ymin><xmax>476.7272781</xmax><ymax>567.2350787</ymax></bndbox></object><object><name>car</name><pose>Unspecified</pose><truncated>0</truncated><difficult>0</difficult><bndbox><xmin>444.9699296</xmin><ymin>529.1307492</ymin><xmax>485.3125302</xmax><ymax>558.3342017</ymax></bndbox></object><object><name>car</name><pose>Unspecified</pose><truncated>0</truncated><difficult>0</difficult><bndbox><xmin>261.5117788</xmin><ymin>525.5016998</ymin><xmax>366.704006</xmax><ymax>586.3495559</ymax></bndbox></object><object><name>car</name><pose>Unspecified</pose><truncated>0</truncated><difficult>0</difficult><bndbox><xmin>479.6750508</xmin><ymin>533.0793516</ymin><xmax>529.5341554</xmax><ymax>564.4918663</ymax></bndbox></object></annotation>