<annotation><folder>test_xmls</folder><filename>host-a004_cam0_1232905210551064006.jpeg</filename><path>./imageshost-a004_cam0_1232905210551064006.jpeg</path><source><database>Unknown</database></source><size><width>1224</width><height>1024</height><depth>3</depth></size><segmented>0</segmented><object><name>car</name><pose>Unspecified</pose><truncated>0</truncated><difficult>0</difficult><bndbox><xmin>567.3542387</xmin><ymin>536.5395239</ymin><xmax>601.7235079</xmax><ymax>563.3380886</ymax></bndbox></object><object><name>other_vehicle</name><pose>Unspecified</pose><truncated>0</truncated><difficult>0</difficult><bndbox><xmin>0</xmin><ymin>512.7904182</ymin><xmax>143.052933</xmax><ymax>601.1374409</ymax></bndbox></object><object><name>car</name><pose>Unspecified</pose><truncated>0</truncated><difficult>0</difficult><bndbox><xmin>284.3134755</xmin><ymin>548.1817986</ymin><xmax>327.7916083</xmax><ymax>569.9928973</ymax></bndbox></object><object><name>car</name><pose>Unspecified</pose><truncated>0</truncated><difficult>0</difficult><bndbox><xmin>622.267986</xmin><ymin>531.6872648</ymin><xmax>653.4338163</xmax><ymax>559.7380341</ymax></bndbox></object><object><name>car</name><pose>Unspecified</pose><truncated>0</truncated><difficult>0</difficult><bndbox><xmin>311.4378118</xmin><ymin>536.8095379</ymin><xmax>377.9699558</xmax><ymax>570.6331041</ymax></bndbox></object><object><name>car</name><pose>Unspecified</pose><truncated>0</truncated><difficult>0</difficult><bndbox><xmin>626.061377</xmin><ymin>540.0612872</ymin><xmax>677.8038738</xmax><ymax>580.4944501</ymax></bndbox></object><object><name>car</name><pose>Unspecified</pose><truncated>0</truncated><difficult>0</difficult><bndbox><xmin>206.0448227</xmin><ymin>545.5863659</ymin><xmax>292.7719795</xmax><ymax>587.5421164</ymax></bndbox></object><object><name>car</name><pose>Unspecified</pose><truncated>0</truncated><difficult>0</difficult><bndbox><xmin>590.4342575</xmin><ymin>535.0549722</ymin><xmax>613.0451524</xmax><ymax>553.9453967</ymax></bndbox></object><object><name>bus</name><pose>Unspecified</pose><truncated>0</truncated><difficult>0</difficult><bndbox><xmin>0</xmin><ymin>503.8394523</ymin><xmax>20.94880241</xmax><ymax>632.3977163</ymax></bndbox></object><object><name>car</name><pose>Unspecified</pose><truncated>0</truncated><difficult>0</difficult><bndbox><xmin>0</xmin><ymin>550.4306372</ymin><xmax>38.9310524</xmax><ymax>615.4724027</ymax></bndbox></object><object><name>car</name><pose>Unspecified</pose><truncated>0</truncated><difficult>0</difficult><bndbox><xmin>435.1289412</xmin><ymin>538.8833768</ymin><xmax>469.1766326</xmax><ymax>558.5039302</ymax></bndbox></object><object><name>car</name><pose>Unspecified</pose><truncated>0</truncated><difficult>0</difficult><bndbox><xmin>180.9313772</xmin><ymin>549.8322355</ymin><xmax>247.8469157</xmax><ymax>579.1079042</ymax></bndbox></object><object><name>car</name><pose>Unspecified</pose><truncated>0</truncated><difficult>0</difficult><bndbox><xmin>540.815635</xmin><ymin>537.8710306</ymin><xmax>572.8292562</xmax><ymax>557.0477139</ymax></bndbox></object><object><name>car</name><pose>Unspecified</pose><truncated>0</truncated><difficult>0</difficult><bndbox><xmin>415.6650367</xmin><ymin>540.29949</ymin><xmax>452.986573</xmax><ymax>559.3196927</ymax></bndbox></object><object><name>car</name><pose>Unspecified</pose><truncated>0</truncated><difficult>0</difficult><bndbox><xmin>240.9720603</xmin><ymin>543.7736893</ymin><xmax>301.9500086</xmax><ymax>575.4005404</ymax></bndbox></object><object><name>pedestrian</name><pose>Unspecified</pose><truncated>0</truncated><difficult>0</difficult><bndbox><xmin>788.2013058</xmin><ymin>530.5490672</ymin><xmax>812.7497688</xmax><ymax>575.6048798</ymax></bndbox></object><object><name>car</name><pose>Unspecified</pose><truncated>0</truncated><difficult>0</difficult><bndbox><xmin>78.02252189</xmin><ymin>538.9011107</ymin><xmax>200.6479559</xmax><ymax>590.9990174</ymax></bndbox></object><object><name>car</name><pose>Unspecified</pose><truncated>0</truncated><difficult>0</difficult><bndbox><xmin>378.7390503</xmin><ymin>536.9329292</ymin><xmax>424.5261627</xmax><ymax>565.4472459</ymax></bndbox></object></annotation>