<annotation><folder>test_xmls</folder><filename>host-a004_cam0_1233961197251064006.jpeg</filename><path>./imageshost-a004_cam0_1233961197251064006.jpeg</path><source><database>Unknown</database></source><size><width>1224</width><height>1024</height><depth>3</depth></size><segmented>0</segmented><object><name>car</name><pose>Unspecified</pose><truncated>0</truncated><difficult>0</difficult><bndbox><xmin>624.2174303</xmin><ymin>540.4426141</ymin><xmax>655.8723119</xmax><ymax>567.350783</ymax></bndbox></object><object><name>car</name><pose>Unspecified</pose><truncated>0</truncated><difficult>0</difficult><bndbox><xmin>565.0821084</xmin><ymin>540.7742353</ymin><xmax>585.2467389</xmax><ymax>555.9779987</ymax></bndbox></object><object><name>other_vehicle</name><pose>Unspecified</pose><truncated>0</truncated><difficult>0</difficult><bndbox><xmin>659.5512323</xmin><ymin>519.4402545</ymin><xmax>691.5470343</xmax><ymax>559.8526031</ymax></bndbox></object><object><name>car</name><pose>Unspecified</pose><truncated>0</truncated><difficult>0</difficult><bndbox><xmin>754.1356453</xmin><ymin>550.3759797</ymin><xmax>899.7140394</xmax><ymax>644.0486179</ymax></bndbox></object><object><name>car</name><pose>Unspecified</pose><truncated>0</truncated><difficult>0</difficult><bndbox><xmin>805.8493488</xmin><ymin>550.8267775</ymin><xmax>1089.321236</xmax><ymax>718.4861651</ymax></bndbox></object><object><name>car</name><pose>Unspecified</pose><truncated>0</truncated><difficult>0</difficult><bndbox><xmin>504.9080116</xmin><ymin>538.434751</ymin><xmax>580.8655625</xmax><ymax>593.0546554</ymax></bndbox></object><object><name>car</name><pose>Unspecified</pose><truncated>0</truncated><difficult>0</difficult><bndbox><xmin>0</xmin><ymin>544.5483517</ymin><xmax>53.62069335</xmax><ymax>603.4445964</ymax></bndbox></object><object><name>other_vehicle</name><pose>Unspecified</pose><truncated>0</truncated><difficult>0</difficult><bndbox><xmin>662.465583</xmin><ymin>517.8034848</ymin><xmax>704.6034726</xmax><ymax>563.4727276</ymax></bndbox></object><object><name>car</name><pose>Unspecified</pose><truncated>0</truncated><difficult>0</difficult><bndbox><xmin>938.7390291</xmin><ymin>569.5271263</ymin><xmax>1224.0</xmax><ymax>1005.797752</ymax></bndbox></object><object><name>car</name><pose>Unspecified</pose><truncated>0</truncated><difficult>0</difficult><bndbox><xmin>1.44597368</xmin><ymin>540.7452664</ymin><xmax>129.3073462</xmax><ymax>589.2297096</ymax></bndbox></object><object><name>car</name><pose>Unspecified</pose><truncated>0</truncated><difficult>0</difficult><bndbox><xmin>449.1989575</xmin><ymin>542.2083522</ymin><xmax>514.2784251</xmax><ymax>584.0931456</ymax></bndbox></object></annotation>