<annotation><folder>test_xmls</folder><filename>host-a004_cam0_1233685238751064006.jpeg</filename><path>./imageshost-a004_cam0_1233685238751064006.jpeg</path><source><database>Unknown</database></source><size><width>1224</width><height>1024</height><depth>3</depth></size><segmented>0</segmented><object><name>car</name><pose>Unspecified</pose><truncated>0</truncated><difficult>0</difficult><bndbox><xmin>59.08058747</xmin><ymin>564.3958139</ymin><xmax>146.9594877</xmax><ymax>599.0997521</ymax></bndbox></object><object><name>other_vehicle</name><pose>Unspecified</pose><truncated>0</truncated><difficult>0</difficult><bndbox><xmin>247.0245026</xmin><ymin>530.5063916</ymin><xmax>332.4290813</xmax><ymax>574.4043999</ymax></bndbox></object><object><name>other_vehicle</name><pose>Unspecified</pose><truncated>0</truncated><difficult>0</difficult><bndbox><xmin>105.8989186</xmin><ymin>532.8074032</ymin><xmax>238.7707059</xmax><ymax>591.7111042</ymax></bndbox></object><object><name>car</name><pose>Unspecified</pose><truncated>0</truncated><difficult>0</difficult><bndbox><xmin>681.1498778</xmin><ymin>536.8630526</ymin><xmax>727.8458927</xmax><ymax>573.6633121</ymax></bndbox></object><object><name>car</name><pose>Unspecified</pose><truncated>0</truncated><difficult>0</difficult><bndbox><xmin>0</xmin><ymin>557.5583678</ymin><xmax>80.29588965</xmax><ymax>611.8777503</ymax></bndbox></object><object><name>car</name><pose>Unspecified</pose><truncated>0</truncated><difficult>0</difficult><bndbox><xmin>690.0318569</xmin><ymin>536.3668861</ymin><xmax>747.3049003</xmax><ymax>581.2194651</ymax></bndbox></object><object><name>car</name><pose>Unspecified</pose><truncated>0</truncated><difficult>0</difficult><bndbox><xmin>805.5823325</xmin><ymin>533.8987402</ymin><xmax>1046.031162</xmax><ymax>708.5126816</ymax></bndbox></object><object><name>car</name><pose>Unspecified</pose><truncated>0</truncated><difficult>0</difficult><bndbox><xmin>720.2436924</xmin><ymin>537.4726088</ymin><xmax>821.720993</xmax><ymax>609.1033029</ymax></bndbox></object><object><name>car</name><pose>Unspecified</pose><truncated>0</truncated><difficult>0</difficult><bndbox><xmin>570.7843254</xmin><ymin>536.6919519</ymin><xmax>595.4891425</xmax><ymax>555.562036</ymax></bndbox></object><object><name>car</name><pose>Unspecified</pose><truncated>0</truncated><difficult>0</difficult><bndbox><xmin>211.5933114</xmin><ymin>546.5109383</ymin><xmax>280.337983</xmax><ymax>582.0622011</ymax></bndbox></object><object><name>car</name><pose>Unspecified</pose><truncated>0</truncated><difficult>0</difficult><bndbox><xmin>694.6243232</xmin><ymin>527.1738666</ymin><xmax>776.3434428</xmax><ymax>591.0685738</ymax></bndbox></object><object><name>car</name><pose>Unspecified</pose><truncated>0</truncated><difficult>0</difficult><bndbox><xmin>673.3899299</xmin><ymin>535.5971284</ymin><xmax>710.2412518</xmax><ymax>565.6066841</ymax></bndbox></object><object><name>car</name><pose>Unspecified</pose><truncated>0</truncated><difficult>0</difficult><bndbox><xmin>349.7734192</xmin><ymin>547.5058224</ymin><xmax>383.8480252</xmax><ymax>565.8204238</ymax></bndbox></object><object><name>bus</name><pose>Unspecified</pose><truncated>0</truncated><difficult>0</difficult><bndbox><xmin>604.2970264</xmin><ymin>504.074199</ymin><xmax>650.4183401</xmax><ymax>561.831711</ymax></bndbox></object><object><name>car</name><pose>Unspecified</pose><truncated>0</truncated><difficult>0</difficult><bndbox><xmin>765.3588611</xmin><ymin>541.689691</ymin><xmax>922.625726</xmax><ymax>647.4045091</ymax></bndbox></object><object><name>car</name><pose>Unspecified</pose><truncated>0</truncated><difficult>0</difficult><bndbox><xmin>363.8913672</xmin><ymin>541.4713713</ymin><xmax>396.2428916</xmax><ymax>564.0151369</ymax></bndbox></object><object><name>car</name><pose>Unspecified</pose><truncated>0</truncated><difficult>0</difficult><bndbox><xmin>661.9227004</xmin><ymin>535.8980883</ymin><xmax>692.4852175</xmax><ymax>559.8723203</ymax></bndbox></object></annotation>