<annotation><folder>test_xmls</folder><filename>host-a004_cam0_1234047749151064006.jpeg</filename><path>./imageshost-a004_cam0_1234047749151064006.jpeg</path><source><database>Unknown</database></source><size><width>1224</width><height>1024</height><depth>3</depth></size><segmented>0</segmented><object><name>car</name><pose>Unspecified</pose><truncated>0</truncated><difficult>0</difficult><bndbox><xmin>573.0126792</xmin><ymin>523.7329112</ymin><xmax>598.7576529</xmax><ymax>545.8469193</ymax></bndbox></object><object><name>pedestrian</name><pose>Unspecified</pose><truncated>0</truncated><difficult>0</difficult><bndbox><xmin>791.0255414</xmin><ymin>532.5700256</ymin><xmax>810.2161899</xmax><ymax>570.884593</ymax></bndbox></object><object><name>pedestrian</name><pose>Unspecified</pose><truncated>0</truncated><difficult>0</difficult><bndbox><xmin>797.1564719</xmin><ymin>541.2227128</ymin><xmax>820.465118</xmax><ymax>573.7925192</ymax></bndbox></object></annotation>