<annotation><folder>test_xmls</folder><filename>host-a004_cam0_1232817659251064006.jpeg</filename><path>./imageshost-a004_cam0_1232817659251064006.jpeg</path><source><database>Unknown</database></source><size><width>1224</width><height>1024</height><depth>3</depth></size><segmented>0</segmented><object><name>other_vehicle</name><pose>Unspecified</pose><truncated>0</truncated><difficult>0</difficult><bndbox><xmin>660.6674267</xmin><ymin>512.7403134</ymin><xmax>700.9682866</xmax><ymax>553.700114</ymax></bndbox></object><object><name>car</name><pose>Unspecified</pose><truncated>0</truncated><difficult>0</difficult><bndbox><xmin>408.6323766</xmin><ymin>538.2048484</ymin><xmax>483.3734185</xmax><ymax>582.0078463</ymax></bndbox></object><object><name>car</name><pose>Unspecified</pose><truncated>0</truncated><difficult>0</difficult><bndbox><xmin>738.0301082</xmin><ymin>542.0915183</ymin><xmax>877.9271282</xmax><ymax>632.6771403</ymax></bndbox></object><object><name>car</name><pose>Unspecified</pose><truncated>0</truncated><difficult>0</difficult><bndbox><xmin>553.9409961</xmin><ymin>532.4962941</ymin><xmax>579.3878932</xmax><ymax>551.8955169</ymax></bndbox></object><object><name>other_vehicle</name><pose>Unspecified</pose><truncated>0</truncated><difficult>0</difficult><bndbox><xmin>689.0431944</xmin><ymin>461.8431354</ymin><xmax>832.0152642</xmax><ymax>602.0209538</ymax></bndbox></object><object><name>car</name><pose>Unspecified</pose><truncated>0</truncated><difficult>0</difficult><bndbox><xmin>276.5904666</xmin><ymin>537.3587074</ymin><xmax>326.2038923</xmax><ymax>564.2659211</ymax></bndbox></object><object><name>car</name><pose>Unspecified</pose><truncated>0</truncated><difficult>0</difficult><bndbox><xmin>786.8237468</xmin><ymin>554.5810556</ymin><xmax>1034.578483</xmax><ymax>706.930866</ymax></bndbox></object><object><name>car</name><pose>Unspecified</pose><truncated>0</truncated><difficult>0</difficult><bndbox><xmin>549.475194</xmin><ymin>536.7917175</ymin><xmax>593.1812856</xmax><ymax>569.8040807</ymax></bndbox></object><object><name>car</name><pose>Unspecified</pose><truncated>0</truncated><difficult>0</difficult><bndbox><xmin>0</xmin><ymin>547.4842486</ymin><xmax>41.94953873</xmax><ymax>597.1138356</ymax></bndbox></object><object><name>car</name><pose>Unspecified</pose><truncated>0</truncated><difficult>0</difficult><bndbox><xmin>443.5759976</xmin><ymin>537.1120647</ymin><xmax>552.5845938</xmax><ymax>606.1558364</ymax></bndbox></object><object><name>car</name><pose>Unspecified</pose><truncated>0</truncated><difficult>0</difficult><bndbox><xmin>312.9129635</xmin><ymin>542.6029382</ymin><xmax>353.7698475</xmax><ymax>561.4877221</ymax></bndbox></object><object><name>car</name><pose>Unspecified</pose><truncated>0</truncated><difficult>0</difficult><bndbox><xmin>0</xmin><ymin>512.3834924</ymin><xmax>296.1451215</xmax><ymax>685.0220551</ymax></bndbox></object><object><name>car</name><pose>Unspecified</pose><truncated>0</truncated><difficult>0</difficult><bndbox><xmin>680.7784094</xmin><ymin>528.2536048</ymin><xmax>725.3777003</xmax><ymax>566.7629014</ymax></bndbox></object></annotation>