<annotation><folder>test_xmls</folder><filename>host-a004_cam0_1232987659351064006.jpeg</filename><path>./imageshost-a004_cam0_1232987659351064006.jpeg</path><source><database>Unknown</database></source><size><width>1224</width><height>1024</height><depth>3</depth></size><segmented>0</segmented><object><name>car</name><pose>Unspecified</pose><truncated>0</truncated><difficult>0</difficult><bndbox><xmin>468.971157</xmin><ymin>535.0014121</ymin><xmax>517.9621092</xmax><ymax>571.4358951</ymax></bndbox></object><object><name>car</name><pose>Unspecified</pose><truncated>0</truncated><difficult>0</difficult><bndbox><xmin>721.4539954</xmin><ymin>540.0733863</ymin><xmax>863.3503288</xmax><ymax>639.5409354</ymax></bndbox></object><object><name>car</name><pose>Unspecified</pose><truncated>0</truncated><difficult>0</difficult><bndbox><xmin>390.6956462</xmin><ymin>542.3164541</ymin><xmax>472.8671571</xmax><ymax>592.1672887</ymax></bndbox></object><object><name>car</name><pose>Unspecified</pose><truncated>0</truncated><difficult>0</difficult><bndbox><xmin>792.4776591</xmin><ymin>543.8003616</ymin><xmax>1086.545651</xmax><ymax>734.1289969</ymax></bndbox></object><object><name>car</name><pose>Unspecified</pose><truncated>0</truncated><difficult>0</difficult><bndbox><xmin>976.0409706</xmin><ymin>553.3381019</ymin><xmax>1224.0</xmax><ymax>1024.0</ymax></bndbox></object><object><name>car</name><pose>Unspecified</pose><truncated>0</truncated><difficult>0</difficult><bndbox><xmin>674.6040823</xmin><ymin>533.4828488</ymin><xmax>717.3194795</xmax><ymax>570.6563751</ymax></bndbox></object><object><name>other_vehicle</name><pose>Unspecified</pose><truncated>0</truncated><difficult>0</difficult><bndbox><xmin>0</xmin><ymin>528.8779686</ymin><xmax>98.71701401</xmax><ymax>597.0780197</ymax></bndbox></object><object><name>car</name><pose>Unspecified</pose><truncated>0</truncated><difficult>0</difficult><bndbox><xmin>500.8501389</xmin><ymin>533.8089227</ymin><xmax>572.640746</xmax><ymax>593.3439253</ymax></bndbox></object><object><name>car</name><pose>Unspecified</pose><truncated>0</truncated><difficult>0</difficult><bndbox><xmin>659.2047122</xmin><ymin>539.3326796</ymin><xmax>686.3378508</xmax><ymax>560.2517326</ymax></bndbox></object><object><name>car</name><pose>Unspecified</pose><truncated>0</truncated><difficult>0</difficult><bndbox><xmin>0</xmin><ymin>548.3220976</ymin><xmax>371.6190737</xmax><ymax>840.1253396</ymax></bndbox></object><object><name>car</name><pose>Unspecified</pose><truncated>0</truncated><difficult>0</difficult><bndbox><xmin>590.303882</xmin><ymin>535.6357573</ymin><xmax>613.6289934</xmax><ymax>555.2349953</ymax></bndbox></object><object><name>car</name><pose>Unspecified</pose><truncated>0</truncated><difficult>0</difficult><bndbox><xmin>667.8417903</xmin><ymin>530.9634617</ymin><xmax>705.9399018</xmax><ymax>567.426223</ymax></bndbox></object></annotation>