<annotation><folder>test_xmls</folder><filename>host-a004_cam0_1233421999251064006.jpeg</filename><path>./imageshost-a004_cam0_1233421999251064006.jpeg</path><source><database>Unknown</database></source><size><width>1224</width><height>1024</height><depth>3</depth></size><segmented>0</segmented><object><name>car</name><pose>Unspecified</pose><truncated>0</truncated><difficult>0</difficult><bndbox><xmin>0</xmin><ymin>540.8443746</ymin><xmax>64.52732016</xmax><ymax>636.7142498</ymax></bndbox></object><object><name>car</name><pose>Unspecified</pose><truncated>0</truncated><difficult>0</difficult><bndbox><xmin>389.9381023</xmin><ymin>515.8237927</ymin><xmax>534.9939411</xmax><ymax>625.6256391</ymax></bndbox></object><object><name>car</name><pose>Unspecified</pose><truncated>0</truncated><difficult>0</difficult><bndbox><xmin>82.93879582</xmin><ymin>529.3742534</ymin><xmax>187.3245218</xmax><ymax>585.2560871</ymax></bndbox></object><object><name>car</name><pose>Unspecified</pose><truncated>0</truncated><difficult>0</difficult><bndbox><xmin>309.3473078</xmin><ymin>546.9013919</ymin><xmax>348.5267893</xmax><ymax>565.7776327</ymax></bndbox></object><object><name>other_vehicle</name><pose>Unspecified</pose><truncated>0</truncated><difficult>0</difficult><bndbox><xmin>0</xmin><ymin>506.5178064</ymin><xmax>32.12073051</xmax><ymax>613.6653248</ymax></bndbox></object><object><name>car</name><pose>Unspecified</pose><truncated>0</truncated><difficult>0</difficult><bndbox><xmin>0</xmin><ymin>548.1826457</ymin><xmax>117.2329604</xmax><ymax>596.9600101</ymax></bndbox></object><object><name>car</name><pose>Unspecified</pose><truncated>0</truncated><difficult>0</difficult><bndbox><xmin>574.4032723</xmin><ymin>541.2117924</ymin><xmax>601.4819909</xmax><ymax>560.8833526</ymax></bndbox></object><object><name>car</name><pose>Unspecified</pose><truncated>0</truncated><difficult>0</difficult><bndbox><xmin>267.8159939</xmin><ymin>542.1616009</ymin><xmax>320.9760123</xmax><ymax>568.9710896</ymax></bndbox></object><object><name>car</name><pose>Unspecified</pose><truncated>0</truncated><difficult>0</difficult><bndbox><xmin>497.0156121</xmin><ymin>536.5855379</ymin><xmax>538.5640549</xmax><ymax>563.4243905</ymax></bndbox></object><object><name>car</name><pose>Unspecified</pose><truncated>0</truncated><difficult>0</difficult><bndbox><xmin>160.915485</xmin><ymin>534.0456623</ymin><xmax>243.0799893</xmax><ymax>578.3316859</ymax></bndbox></object><object><name>car</name><pose>Unspecified</pose><truncated>0</truncated><difficult>0</difficult><bndbox><xmin>620.1067825</xmin><ymin>534.8169501</ymin><xmax>649.1403627</xmax><ymax>559.9190851</ymax></bndbox></object><object><name>car</name><pose>Unspecified</pose><truncated>0</truncated><difficult>0</difficult><bndbox><xmin>546.7346961</xmin><ymin>537.7259448</ymin><xmax>588.534745</xmax><ymax>566.0062243</ymax></bndbox></object><object><name>car</name><pose>Unspecified</pose><truncated>0</truncated><difficult>0</difficult><bndbox><xmin>660.439528</xmin><ymin>535.1246689</ymin><xmax>679.3440787</xmax><ymax>551.4256156</ymax></bndbox></object><object><name>car</name><pose>Unspecified</pose><truncated>0</truncated><difficult>0</difficult><bndbox><xmin>336.6501385</xmin><ymin>544.5853997</ymin><xmax>384.594401</xmax><ymax>566.7415618</ymax></bndbox></object><object><name>car</name><pose>Unspecified</pose><truncated>0</truncated><difficult>0</difficult><bndbox><xmin>218.6964739</xmin><ymin>538.3214413</ymin><xmax>285.9092696</xmax><ymax>573.5049083</ymax></bndbox></object></annotation>