<annotation><folder>test_xmls</folder><filename>host-a004_cam0_1232905129951064006.jpeg</filename><path>./imageshost-a004_cam0_1232905129951064006.jpeg</path><source><database>Unknown</database></source><size><width>1224</width><height>1024</height><depth>3</depth></size><segmented>0</segmented><object><name>car</name><pose>Unspecified</pose><truncated>0</truncated><difficult>0</difficult><bndbox><xmin>546.797738</xmin><ymin>539.9526412</ymin><xmax>592.341402</xmax><ymax>571.2667508</ymax></bndbox></object><object><name>car</name><pose>Unspecified</pose><truncated>0</truncated><difficult>0</difficult><bndbox><xmin>632.9070211</xmin><ymin>533.7869295</ymin><xmax>653.919577</xmax><ymax>553.7793798</ymax></bndbox></object><object><name>car</name><pose>Unspecified</pose><truncated>0</truncated><difficult>0</difficult><bndbox><xmin>850.0539172</xmin><ymin>538.6145057</ymin><xmax>943.0017677</xmax><ymax>589.3403675</ymax></bndbox></object><object><name>car</name><pose>Unspecified</pose><truncated>0</truncated><difficult>0</difficult><bndbox><xmin>583.2139479</xmin><ymin>536.5414451</ymin><xmax>608.5978796</xmax><ymax>558.4669631</ymax></bndbox></object><object><name>car</name><pose>Unspecified</pose><truncated>0</truncated><difficult>0</difficult><bndbox><xmin>819.0985103</xmin><ymin>537.3546162</ymin><xmax>895.4329688</xmax><ymax>579.2646972</ymax></bndbox></object><object><name>car</name><pose>Unspecified</pose><truncated>0</truncated><difficult>0</difficult><bndbox><xmin>475.1622639</xmin><ymin>525.994656</ymin><xmax>566.3307789</xmax><ymax>600.1279251</ymax></bndbox></object><object><name>car</name><pose>Unspecified</pose><truncated>0</truncated><difficult>0</difficult><bndbox><xmin>425.9334983</xmin><ymin>543.6364244</ymin><xmax>493.8946603</xmax><ymax>585.5942942</ymax></bndbox></object></annotation>