<annotation><folder>test_xmls</folder><filename>host-a004_cam0_1232833322051064006.jpeg</filename><path>./imageshost-a004_cam0_1232833322051064006.jpeg</path><source><database>Unknown</database></source><size><width>1224</width><height>1024</height><depth>3</depth></size><segmented>0</segmented><object><name>car</name><pose>Unspecified</pose><truncated>0</truncated><difficult>0</difficult><bndbox><xmin>722.2306854</xmin><ymin>538.0390981</ymin><xmax>878.5936392</xmax><ymax>639.4099802</ymax></bndbox></object><object><name>car</name><pose>Unspecified</pose><truncated>0</truncated><difficult>0</difficult><bndbox><xmin>774.9030746</xmin><ymin>553.4060199</ymin><xmax>1092.139277</xmax><ymax>738.3009478</ymax></bndbox></object><object><name>car</name><pose>Unspecified</pose><truncated>0</truncated><difficult>0</difficult><bndbox><xmin>0</xmin><ymin>561.6868084</ymin><xmax>90.28906216</xmax><ymax>612.3312594</ymax></bndbox></object><object><name>car</name><pose>Unspecified</pose><truncated>0</truncated><difficult>0</difficult><bndbox><xmin>248.1690237</xmin><ymin>555.422992</ymin><xmax>314.7962316</xmax><ymax>589.7841831</ymax></bndbox></object><object><name>car</name><pose>Unspecified</pose><truncated>0</truncated><difficult>0</difficult><bndbox><xmin>485.320873</xmin><ymin>548.8709027</ymin><xmax>508.9475806</xmax><ymax>572.9875886</ymax></bndbox></object><object><name>car</name><pose>Unspecified</pose><truncated>0</truncated><difficult>0</difficult><bndbox><xmin>686.2398184</xmin><ymin>547.7640059</ymin><xmax>729.8456841</xmax><ymax>582.1181121</ymax></bndbox></object><object><name>car</name><pose>Unspecified</pose><truncated>0</truncated><difficult>0</difficult><bndbox><xmin>73.65825976</xmin><ymin>558.8948409</ymin><xmax>172.5046734</xmax><ymax>602.1441079</ymax></bndbox></object><object><name>car</name><pose>Unspecified</pose><truncated>0</truncated><difficult>0</difficult><bndbox><xmin>672.3111658</xmin><ymin>534.2937977</ymin><xmax>722.1894493</xmax><ymax>577.6074626</ymax></bndbox></object><object><name>car</name><pose>Unspecified</pose><truncated>0</truncated><difficult>0</difficult><bndbox><xmin>162.0670765</xmin><ymin>550.0965936</ymin><xmax>247.0881415</xmax><ymax>587.6318568</ymax></bndbox></object><object><name>car</name><pose>Unspecified</pose><truncated>0</truncated><difficult>0</difficult><bndbox><xmin>374.1232641</xmin><ymin>553.5303016</ymin><xmax>413.5681684</xmax><ymax>576.3819761</ymax></bndbox></object><object><name>car</name><pose>Unspecified</pose><truncated>0</truncated><difficult>0</difficult><bndbox><xmin>332.1975625</xmin><ymin>551.7360442</ymin><xmax>374.1255458</xmax><ymax>574.4689001</ymax></bndbox></object></annotation>