<annotation><folder>test_xmls</folder><filename>host-a004_cam0_1233602031451064006.jpeg</filename><path>./imageshost-a004_cam0_1233602031451064006.jpeg</path><source><database>Unknown</database></source><size><width>1224</width><height>1024</height><depth>3</depth></size><segmented>0</segmented><object><name>car</name><pose>Unspecified</pose><truncated>0</truncated><difficult>0</difficult><bndbox><xmin>0</xmin><ymin>526.6755083</ymin><xmax>261.5676879</xmax><ymax>673.1479247</ymax></bndbox></object><object><name>car</name><pose>Unspecified</pose><truncated>0</truncated><difficult>0</difficult><bndbox><xmin>421.186483</xmin><ymin>540.8054832</ymin><xmax>530.4054427</xmax><ymax>615.9000932</ymax></bndbox></object></annotation>