<annotation><folder>test_xmls</folder><filename>host-a004_cam0_1232817668851064006.jpeg</filename><path>./imageshost-a004_cam0_1232817668851064006.jpeg</path><source><database>Unknown</database></source><size><width>1224</width><height>1024</height><depth>3</depth></size><segmented>0</segmented><object><name>car</name><pose>Unspecified</pose><truncated>0</truncated><difficult>0</difficult><bndbox><xmin>550.8422147</xmin><ymin>537.7895128</ymin><xmax>606.7023701</xmax><ymax>580.6971636</ymax></bndbox></object><object><name>car</name><pose>Unspecified</pose><truncated>0</truncated><difficult>0</difficult><bndbox><xmin>0</xmin><ymin>546.7947783</ymin><xmax>364.5094293</xmax><ymax>875.740195</ymax></bndbox></object><object><name>car</name><pose>Unspecified</pose><truncated>0</truncated><difficult>0</difficult><bndbox><xmin>947.2054</xmin><ymin>257.2265651</ymin><xmax>1224.0</xmax><ymax>1024.0</ymax></bndbox></object><object><name>car</name><pose>Unspecified</pose><truncated>0</truncated><difficult>0</difficult><bndbox><xmin>747.4034083</xmin><ymin>539.3688745</ymin><xmax>915.5057327</xmax><ymax>637.5256422</ymax></bndbox></object><object><name>bicycle</name><pose>Unspecified</pose><truncated>0</truncated><difficult>0</difficult><bndbox><xmin>0</xmin><ymin>548.7745926</ymin><xmax>55.02704284</xmax><ymax>596.8885517</ymax></bndbox></object><object><name>car</name><pose>Unspecified</pose><truncated>0</truncated><difficult>0</difficult><bndbox><xmin>256.9756468</xmin><ymin>539.4818288</ymin><xmax>363.6611966</xmax><ymax>589.2835535</ymax></bndbox></object><object><name>bicycle</name><pose>Unspecified</pose><truncated>0</truncated><difficult>0</difficult><bndbox><xmin>0</xmin><ymin>556.6123545</ymin><xmax>23.84169975</xmax><ymax>598.5160395</ymax></bndbox></object><object><name>car</name><pose>Unspecified</pose><truncated>0</truncated><difficult>0</difficult><bndbox><xmin>721.2985321</xmin><ymin>534.3022062</ymin><xmax>830.2962204</xmax><ymax>606.8957074</ymax></bndbox></object><object><name>car</name><pose>Unspecified</pose><truncated>0</truncated><difficult>0</difficult><bndbox><xmin>400.8460003</xmin><ymin>541.4401138</ymin><xmax>480.3207473</xmax><ymax>584.2966104</ymax></bndbox></object><object><name>car</name><pose>Unspecified</pose><truncated>0</truncated><difficult>0</difficult><bndbox><xmin>673.2417985</xmin><ymin>532.6330493</ymin><xmax>728.0053606</xmax><ymax>573.8389475</ymax></bndbox></object><object><name>car</name><pose>Unspecified</pose><truncated>0</truncated><difficult>0</difficult><bndbox><xmin>198.9868109</xmin><ymin>548.6700196</ymin><xmax>267.9593152</xmax><ymax>576.3084552</ymax></bndbox></object><object><name>bicycle</name><pose>Unspecified</pose><truncated>0</truncated><difficult>0</difficult><bndbox><xmin>23.73932876</xmin><ymin>554.349841</ymin><xmax>74.36120994</xmax><ymax>589.2091895</ymax></bndbox></object><object><name>car</name><pose>Unspecified</pose><truncated>0</truncated><difficult>0</difficult><bndbox><xmin>690.8025846</xmin><ymin>533.9475943</ymin><xmax>755.8888334</xmax><ymax>582.2008298</ymax></bndbox></object><object><name>car</name><pose>Unspecified</pose><truncated>0</truncated><difficult>0</difficult><bndbox><xmin>0</xmin><ymin>560.5154983</ymin><xmax>46.02348363</xmax><ymax>599.6612611</ymax></bndbox></object><object><name>car</name><pose>Unspecified</pose><truncated>0</truncated><difficult>0</difficult><bndbox><xmin>491.7885991</xmin><ymin>533.7912312</ymin><xmax>536.2972503</xmax><ymax>564.2846563</ymax></bndbox></object><object><name>car</name><pose>Unspecified</pose><truncated>0</truncated><difficult>0</difficult><bndbox><xmin>703.4117749</xmin><ymin>527.4566051</ymin><xmax>789.7244374</xmax><ymax>592.9365838</ymax></bndbox></object><object><name>car</name><pose>Unspecified</pose><truncated>0</truncated><difficult>0</difficult><bndbox><xmin>361.8471645</xmin><ymin>545.8292154</ymin><xmax>411.0821475</xmax><ymax>571.8077678</ymax></bndbox></object><object><name>car</name><pose>Unspecified</pose><truncated>0</truncated><difficult>0</difficult><bndbox><xmin>792.8143801</xmin><ymin>493.846961</ymin><xmax>1160.620828</xmax><ymax>731.7059303</ymax></bndbox></object></annotation>