<annotation><folder>test_xmls</folder><filename>host-a004_cam0_1232817665451064006.jpeg</filename><path>./imageshost-a004_cam0_1232817665451064006.jpeg</path><source><database>Unknown</database></source><size><width>1224</width><height>1024</height><depth>3</depth></size><segmented>0</segmented><object><name>bicycle</name><pose>Unspecified</pose><truncated>0</truncated><difficult>0</difficult><bndbox><xmin>329.9986759</xmin><ymin>540.2031629</ymin><xmax>352.8524721</xmax><ymax>562.5668583</ymax></bndbox></object><object><name>car</name><pose>Unspecified</pose><truncated>0</truncated><difficult>0</difficult><bndbox><xmin>734.4262558</xmin><ymin>540.2245434</ymin><xmax>863.8089335</xmax><ymax>617.7860041</ymax></bndbox></object><object><name>car</name><pose>Unspecified</pose><truncated>0</truncated><difficult>0</difficult><bndbox><xmin>432.856788</xmin><ymin>530.6494675</ymin><xmax>500.0751922</xmax><ymax>574.475704</ymax></bndbox></object><object><name>car</name><pose>Unspecified</pose><truncated>0</truncated><difficult>0</difficult><bndbox><xmin>543.8017171</xmin><ymin>536.6409492</ymin><xmax>590.2628233</xmax><ymax>570.0796515</ymax></bndbox></object><object><name>car</name><pose>Unspecified</pose><truncated>0</truncated><difficult>0</difficult><bndbox><xmin>930.8163806</xmin><ymin>542.0019876</ymin><xmax>1224.0</xmax><ymax>1024.0</ymax></bndbox></object><object><name>bus</name><pose>Unspecified</pose><truncated>0</truncated><difficult>0</difficult><bndbox><xmin>670.829156</xmin><ymin>486.1260049</ymin><xmax>747.4193159</xmax><ymax>573.0401328</ymax></bndbox></object><object><name>car</name><pose>Unspecified</pose><truncated>0</truncated><difficult>0</difficult><bndbox><xmin>370.5646899</xmin><ymin>534.8635178</ymin><xmax>412.8721163</xmax><ymax>557.9099716</ymax></bndbox></object><object><name>car</name><pose>Unspecified</pose><truncated>0</truncated><difficult>0</difficult><bndbox><xmin>573.9591364</xmin><ymin>538.471554</ymin><xmax>600.1847522</xmax><ymax>558.487278</ymax></bndbox></object><object><name>other_vehicle</name><pose>Unspecified</pose><truncated>0</truncated><difficult>0</difficult><bndbox><xmin>700.8058692</xmin><ymin>482.8711442</ymin><xmax>828.49417</xmax><ymax>592.7784179</ymax></bndbox></object><object><name>car</name><pose>Unspecified</pose><truncated>0</truncated><difficult>0</difficult><bndbox><xmin>73.62108773</xmin><ymin>545.2465123</ymin><xmax>171.2648333</xmax><ymax>583.5345227</ymax></bndbox></object><object><name>car</name><pose>Unspecified</pose><truncated>0</truncated><difficult>0</difficult><bndbox><xmin>430.1197134</xmin><ymin>536.0892024</ymin><xmax>543.3739573</xmax><ymax>612.218075</ymax></bndbox></object><object><name>car</name><pose>Unspecified</pose><truncated>0</truncated><difficult>0</difficult><bndbox><xmin>281.3118324</xmin><ymin>537.6152461</ymin><xmax>337.1322857</xmax><ymax>563.5717364</ymax></bndbox></object><object><name>car</name><pose>Unspecified</pose><truncated>0</truncated><difficult>0</difficult><bndbox><xmin>406.4058162</xmin><ymin>537.7741249</ymin><xmax>459.8123015</xmax><ymax>567.1806885</ymax></bndbox></object><object><name>car</name><pose>Unspecified</pose><truncated>0</truncated><difficult>0</difficult><bndbox><xmin>795.8870154</xmin><ymin>540.2561099</ymin><xmax>1065.273742</xmax><ymax>686.8191117</ymax></bndbox></object><object><name>car</name><pose>Unspecified</pose><truncated>0</truncated><difficult>0</difficult><bndbox><xmin>127.5946483</xmin><ymin>541.9119688</ymin><xmax>346.4794868</xmax><ymax>637.0444365</ymax></bndbox></object></annotation>