<annotation><folder>test_xmls</folder><filename>host-a004_cam0_1232815258251064006.jpeg</filename><path>./imageshost-a004_cam0_1232815258251064006.jpeg</path><source><database>Unknown</database></source><size><width>1224</width><height>1024</height><depth>3</depth></size><segmented>0</segmented><object><name>truck</name><pose>Unspecified</pose><truncated>0</truncated><difficult>0</difficult><bndbox><xmin>349.4651907</xmin><ymin>447.8262269</ymin><xmax>510.1816031</xmax><ymax>588.3143488</ymax></bndbox></object><object><name>car</name><pose>Unspecified</pose><truncated>0</truncated><difficult>0</difficult><bndbox><xmin>67.22969463</xmin><ymin>539.3694579</ymin><xmax>263.5948817</xmax><ymax>643.0944359</ymax></bndbox></object><object><name>bicycle</name><pose>Unspecified</pose><truncated>0</truncated><difficult>0</difficult><bndbox><xmin>1015.66947</xmin><ymin>541.3566242</ymin><xmax>1073.626929</xmax><ymax>577.6558983</ymax></bndbox></object><object><name>car</name><pose>Unspecified</pose><truncated>0</truncated><difficult>0</difficult><bndbox><xmin>512.2258248</xmin><ymin>531.7943134</ymin><xmax>533.8280772</xmax><ymax>548.1301704</ymax></bndbox></object><object><name>bicycle</name><pose>Unspecified</pose><truncated>0</truncated><difficult>0</difficult><bndbox><xmin>983.0707278</xmin><ymin>543.8325173</ymin><xmax>1040.190484</xmax><ymax>578.7344371</ymax></bndbox></object><object><name>car</name><pose>Unspecified</pose><truncated>0</truncated><difficult>0</difficult><bndbox><xmin>718.5753105</xmin><ymin>527.8505188</ymin><xmax>802.7079977</xmax><ymax>601.0006652</ymax></bndbox></object><object><name>car</name><pose>Unspecified</pose><truncated>0</truncated><difficult>0</difficult><bndbox><xmin>662.88337</xmin><ymin>530.266952</ymin><xmax>685.1658134</xmax><ymax>551.5593375</ymax></bndbox></object></annotation>