<annotation><folder>test_xmls</folder><filename>host-a004_cam0_1232905131751064006.jpeg</filename><path>./imageshost-a004_cam0_1232905131751064006.jpeg</path><source><database>Unknown</database></source><size><width>1224</width><height>1024</height><depth>3</depth></size><segmented>0</segmented><object><name>emergency_vehicle</name><pose>Unspecified</pose><truncated>0</truncated><difficult>0</difficult><bndbox><xmin>420.0688686</xmin><ymin>534.3700775</ymin><xmax>468.1104985</xmax><ymax>561.4123321</ymax></bndbox></object><object><name>car</name><pose>Unspecified</pose><truncated>0</truncated><difficult>0</difficult><bndbox><xmin>630.9325061</xmin><ymin>536.6565131</ymin><xmax>650.999597</xmax><ymax>555.9984621</ymax></bndbox></object><object><name>car</name><pose>Unspecified</pose><truncated>0</truncated><difficult>0</difficult><bndbox><xmin>470.3482505</xmin><ymin>543.9010795</ymin><xmax>520.6052796</xmax><ymax>576.1448996</ymax></bndbox></object><object><name>car</name><pose>Unspecified</pose><truncated>0</truncated><difficult>0</difficult><bndbox><xmin>557.9540215</xmin><ymin>541.5908323</ymin><xmax>597.8364205</xmax><ymax>569.9355536</ymax></bndbox></object><object><name>car</name><pose>Unspecified</pose><truncated>0</truncated><difficult>0</difficult><bndbox><xmin>0</xmin><ymin>554.5547873</ymin><xmax>239.2661439</xmax><ymax>695.5283189</ymax></bndbox></object><object><name>car</name><pose>Unspecified</pose><truncated>0</truncated><difficult>0</difficult><bndbox><xmin>498.0852982</xmin><ymin>530.3158811</ymin><xmax>574.8540369</xmax><ymax>593.2867931</ymax></bndbox></object><object><name>car</name><pose>Unspecified</pose><truncated>0</truncated><difficult>0</difficult><bndbox><xmin>589.7733661</xmin><ymin>538.2837572</ymin><xmax>613.1202499</xmax><ymax>558.4675231</ymax></bndbox></object></annotation>