<annotation><folder>test_xmls</folder><filename>host-a004_cam0_1233620280151064006.jpeg</filename><path>./imageshost-a004_cam0_1233620280151064006.jpeg</path><source><database>Unknown</database></source><size><width>1224</width><height>1024</height><depth>3</depth></size><segmented>0</segmented><object><name>other_vehicle</name><pose>Unspecified</pose><truncated>0</truncated><difficult>0</difficult><bndbox><xmin>673.5727646</xmin><ymin>508.5284363</ymin><xmax>721.1343549</xmax><ymax>560.9201094</ymax></bndbox></object><object><name>car</name><pose>Unspecified</pose><truncated>0</truncated><difficult>0</difficult><bndbox><xmin>273.8437953</xmin><ymin>529.6161722</ymin><xmax>357.2502155</xmax><ymax>578.2778201</ymax></bndbox></object><object><name>car</name><pose>Unspecified</pose><truncated>0</truncated><difficult>0</difficult><bndbox><xmin>710.1250852</xmin><ymin>515.4358511</ymin><xmax>800.7034862</xmax><ymax>589.7064375</ymax></bndbox></object><object><name>car</name><pose>Unspecified</pose><truncated>0</truncated><difficult>0</difficult><bndbox><xmin>0</xmin><ymin>498.4655041</ymin><xmax>102.3892813</xmax><ymax>799.2851493</ymax></bndbox></object><object><name>car</name><pose>Unspecified</pose><truncated>0</truncated><difficult>0</difficult><bndbox><xmin>133.0963974</xmin><ymin>546.6053323</ymin><xmax>207.7174114</xmax><ymax>579.6013402</ymax></bndbox></object><object><name>car</name><pose>Unspecified</pose><truncated>0</truncated><difficult>0</difficult><bndbox><xmin>703.2596371</xmin><ymin>537.2814696</ymin><xmax>763.5981774</xmax><ymax>580.0300867</ymax></bndbox></object><object><name>car</name><pose>Unspecified</pose><truncated>0</truncated><difficult>0</difficult><bndbox><xmin>664.7505258</xmin><ymin>529.7276199</ymin><xmax>697.9421202</xmax><ymax>554.8421705</ymax></bndbox></object><object><name>other_vehicle</name><pose>Unspecified</pose><truncated>0</truncated><difficult>0</difficult><bndbox><xmin>678.4555658</xmin><ymin>494.5035305</ymin><xmax>766.5219121</xmax><ymax>573.7326618</ymax></bndbox></object><object><name>other_vehicle</name><pose>Unspecified</pose><truncated>0</truncated><difficult>0</difficult><bndbox><xmin>654.0171307</xmin><ymin>520.2542356</ymin><xmax>684.5016094</xmax><ymax>548.0509949</ymax></bndbox></object><object><name>car</name><pose>Unspecified</pose><truncated>0</truncated><difficult>0</difficult><bndbox><xmin>732.7655805</xmin><ymin>493.8810824</ymin><xmax>893.1996619</xmax><ymax>624.0491803</ymax></bndbox></object><object><name>car</name><pose>Unspecified</pose><truncated>0</truncated><difficult>0</difficult><bndbox><xmin>236.4638115</xmin><ymin>543.3781197</ymin><xmax>309.9604684</xmax><ymax>576.28359</ymax></bndbox></object><object><name>car</name><pose>Unspecified</pose><truncated>0</truncated><difficult>0</difficult><bndbox><xmin>554.2771487</xmin><ymin>530.1922449</ymin><xmax>582.1745568</xmax><ymax>555.3571604</ymax></bndbox></object><object><name>car</name><pose>Unspecified</pose><truncated>0</truncated><difficult>0</difficult><bndbox><xmin>856.5510666</xmin><ymin>542.5340244</ymin><xmax>1224.0</xmax><ymax>794.695831</ymax></bndbox></object></annotation>