<annotation><folder>test_xmls</folder><filename>host-a004_cam0_1233427021851064006.jpeg</filename><path>./imageshost-a004_cam0_1233427021851064006.jpeg</path><source><database>Unknown</database></source><size><width>1224</width><height>1024</height><depth>3</depth></size><segmented>0</segmented><object><name>car</name><pose>Unspecified</pose><truncated>0</truncated><difficult>0</difficult><bndbox><xmin>787.1231251</xmin><ymin>541.2135722</ymin><xmax>1022.572407</xmax><ymax>678.5598988</ymax></bndbox></object><object><name>car</name><pose>Unspecified</pose><truncated>0</truncated><difficult>0</difficult><bndbox><xmin>0</xmin><ymin>539.6642163</ymin><xmax>439.6586043</xmax><ymax>808.3306453</ymax></bndbox></object><object><name>other_vehicle</name><pose>Unspecified</pose><truncated>0</truncated><difficult>0</difficult><bndbox><xmin>172.3774523</xmin><ymin>531.9938137</ymin><xmax>255.71935</xmax><ymax>577.2389929</ymax></bndbox></object><object><name>car</name><pose>Unspecified</pose><truncated>0</truncated><difficult>0</difficult><bndbox><xmin>612.5332</xmin><ymin>530.3018204</ymin><xmax>636.2726334</xmax><ymax>552.8916695</ymax></bndbox></object><object><name>car</name><pose>Unspecified</pose><truncated>0</truncated><difficult>0</difficult><bndbox><xmin>0</xmin><ymin>541.0669607</ymin><xmax>272.2682786</xmax><ymax>674.1534725</ymax></bndbox></object><object><name>car</name><pose>Unspecified</pose><truncated>0</truncated><difficult>0</difficult><bndbox><xmin>687.1890435</xmin><ymin>534.1960605</ymin><xmax>739.574107</xmax><ymax>573.8643959</ymax></bndbox></object><object><name>car</name><pose>Unspecified</pose><truncated>0</truncated><difficult>0</difficult><bndbox><xmin>251.0560718</xmin><ymin>548.8045433</ymin><xmax>299.7814698</xmax><ymax>572.676639</ymax></bndbox></object><object><name>car</name><pose>Unspecified</pose><truncated>0</truncated><difficult>0</difficult><bndbox><xmin>669.0188715</xmin><ymin>535.425988</ymin><xmax>704.3226605</xmax><ymax>561.7904266</ymax></bndbox></object><object><name>truck</name><pose>Unspecified</pose><truncated>0</truncated><difficult>0</difficult><bndbox><xmin>446.5034137</xmin><ymin>492.463819</ymin><xmax>555.9358948</xmax><ymax>582.7884031</ymax></bndbox></object><object><name>car</name><pose>Unspecified</pose><truncated>0</truncated><difficult>0</difficult><bndbox><xmin>953.9329848</xmin><ymin>545.4365635</ymin><xmax>1224.0</xmax><ymax>1024.0</ymax></bndbox></object><object><name>car</name><pose>Unspecified</pose><truncated>0</truncated><difficult>0</difficult><bndbox><xmin>713.8617523</xmin><ymin>538.3299761</ymin><xmax>796.525006</xmax><ymax>596.0299046</ymax></bndbox></object><object><name>car</name><pose>Unspecified</pose><truncated>0</truncated><difficult>0</difficult><bndbox><xmin>695.6958609</xmin><ymin>536.5823109</ymin><xmax>761.6934914</xmax><ymax>582.0732692</ymax></bndbox></object><object><name>car</name><pose>Unspecified</pose><truncated>0</truncated><difficult>0</difficult><bndbox><xmin>0</xmin><ymin>543.4557053</ymin><xmax>62.63622156</xmax><ymax>603.4562511</ymax></bndbox></object><object><name>car</name><pose>Unspecified</pose><truncated>0</truncated><difficult>0</difficult><bndbox><xmin>744.7909206</xmin><ymin>538.3846174</ymin><xmax>886.3191746</xmax><ymax>627.241488</ymax></bndbox></object></annotation>