<annotation><folder>test_xmls</folder><filename>host-a004_cam0_1232842190851064006.jpeg</filename><path>./imageshost-a004_cam0_1232842190851064006.jpeg</path><source><database>Unknown</database></source><size><width>1224</width><height>1024</height><depth>3</depth></size><segmented>0</segmented><object><name>car</name><pose>Unspecified</pose><truncated>0</truncated><difficult>0</difficult><bndbox><xmin>322.5107926</xmin><ymin>542.8263225</ymin><xmax>371.7484758</xmax><ymax>568.4183302</ymax></bndbox></object><object><name>car</name><pose>Unspecified</pose><truncated>0</truncated><difficult>0</difficult><bndbox><xmin>1021.524255</xmin><ymin>523.1338755</ymin><xmax>1200.671801</xmax><ymax>593.1971025</ymax></bndbox></object><object><name>pedestrian</name><pose>Unspecified</pose><truncated>0</truncated><difficult>0</difficult><bndbox><xmin>721.1581554</xmin><ymin>526.6457017</ymin><xmax>737.4302958</xmax><ymax>572.80319</ymax></bndbox></object><object><name>car</name><pose>Unspecified</pose><truncated>0</truncated><difficult>0</difficult><bndbox><xmin>48.95937588</xmin><ymin>542.363618</ymin><xmax>151.6358216</xmax><ymax>582.9764522</ymax></bndbox></object><object><name>car</name><pose>Unspecified</pose><truncated>0</truncated><difficult>0</difficult><bndbox><xmin>0</xmin><ymin>545.2554419</ymin><xmax>101.4435549</xmax><ymax>596.9147046</ymax></bndbox></object><object><name>car</name><pose>Unspecified</pose><truncated>0</truncated><difficult>0</difficult><bndbox><xmin>594.0868506</xmin><ymin>539.903581</ymin><xmax>613.4018288</xmax><ymax>556.2307605</ymax></bndbox></object><object><name>car</name><pose>Unspecified</pose><truncated>0</truncated><difficult>0</difficult><bndbox><xmin>157.0313686</xmin><ymin>541.6383192</ymin><xmax>249.1241892</xmax><ymax>583.9051673</ymax></bndbox></object><object><name>car</name><pose>Unspecified</pose><truncated>0</truncated><difficult>0</difficult><bndbox><xmin>415.6512211</xmin><ymin>541.4585158</ymin><xmax>434.4100935</xmax><ymax>558.9930606</ymax></bndbox></object><object><name>car</name><pose>Unspecified</pose><truncated>0</truncated><difficult>0</difficult><bndbox><xmin>480.0281125</xmin><ymin>537.6097094</ymin><xmax>552.932625</xmax><ymax>589.0960129</ymax></bndbox></object><object><name>car</name><pose>Unspecified</pose><truncated>0</truncated><difficult>0</difficult><bndbox><xmin>562.3955767</xmin><ymin>537.8263791</ymin><xmax>593.6869029</xmax><ymax>560.8328799</ymax></bndbox></object><object><name>car</name><pose>Unspecified</pose><truncated>0</truncated><difficult>0</difficult><bndbox><xmin>71.40679457</xmin><ymin>545.4088363</ymin><xmax>210.3794942</xmax><ymax>599.9464414</ymax></bndbox></object><object><name>car</name><pose>Unspecified</pose><truncated>0</truncated><difficult>0</difficult><bndbox><xmin>664.0398371</xmin><ymin>541.7886777</ymin><xmax>691.6688629</xmax><ymax>560.5649465</ymax></bndbox></object><object><name>car</name><pose>Unspecified</pose><truncated>0</truncated><difficult>0</difficult><bndbox><xmin>680.5743976</xmin><ymin>535.6911442</ymin><xmax>713.884003</xmax><ymax>566.7210267</ymax></bndbox></object><object><name>car</name><pose>Unspecified</pose><truncated>0</truncated><difficult>0</difficult><bndbox><xmin>619.4838932</xmin><ymin>537.5077233</ymin><xmax>650.3570994</xmax><ymax>566.7146481</ymax></bndbox></object><object><name>car</name><pose>Unspecified</pose><truncated>0</truncated><difficult>0</difficult><bndbox><xmin>266.7353794</xmin><ymin>537.4042577</ymin><xmax>340.5438948</xmax><ymax>576.062027</ymax></bndbox></object></annotation>