<annotation><folder>test_xmls</folder><filename>host-a004_cam0_1233617946351064006.jpeg</filename><path>./imageshost-a004_cam0_1233617946351064006.jpeg</path><source><database>Unknown</database></source><size><width>1224</width><height>1024</height><depth>3</depth></size><segmented>0</segmented><object><name>car</name><pose>Unspecified</pose><truncated>0</truncated><difficult>0</difficult><bndbox><xmin>495.6404885</xmin><ymin>535.4726661</ymin><xmax>537.8063358</xmax><ymax>567.7286099</ymax></bndbox></object><object><name>car</name><pose>Unspecified</pose><truncated>0</truncated><difficult>0</difficult><bndbox><xmin>382.829849</xmin><ymin>547.2914019</ymin><xmax>419.9049321</xmax><ymax>568.63097</ymax></bndbox></object><object><name>car</name><pose>Unspecified</pose><truncated>0</truncated><difficult>0</difficult><bndbox><xmin>553.3362277</xmin><ymin>533.2884069</ymin><xmax>596.5369243</xmax><ymax>570.7985793</ymax></bndbox></object><object><name>car</name><pose>Unspecified</pose><truncated>0</truncated><difficult>0</difficult><bndbox><xmin>0</xmin><ymin>546.6771353</ymin><xmax>24.37659259</xmax><ymax>638.2139526</ymax></bndbox></object><object><name>car</name><pose>Unspecified</pose><truncated>0</truncated><difficult>0</difficult><bndbox><xmin>588.2368899</xmin><ymin>536.9222585</ymin><xmax>615.5893619</xmax><ymax>560.3009853</ymax></bndbox></object><object><name>car</name><pose>Unspecified</pose><truncated>0</truncated><difficult>0</difficult><bndbox><xmin>0</xmin><ymin>540.2225486</ymin><xmax>194.4842986</xmax><ymax>721.2773375</ymax></bndbox></object></annotation>