<annotation><folder>test_xmls</folder><filename>host-a004_cam0_1232825407851064006.jpeg</filename><path>./imageshost-a004_cam0_1232825407851064006.jpeg</path><source><database>Unknown</database></source><size><width>1224</width><height>1024</height><depth>3</depth></size><segmented>0</segmented><object><name>car</name><pose>Unspecified</pose><truncated>0</truncated><difficult>0</difficult><bndbox><xmin>590.7535542</xmin><ymin>525.2990988</ymin><xmax>612.7790454</xmax><ymax>542.772389</ymax></bndbox></object><object><name>other_vehicle</name><pose>Unspecified</pose><truncated>0</truncated><difficult>0</difficult><bndbox><xmin>642.7788338</xmin><ymin>513.6845376</ymin><xmax>676.3203292</xmax><ymax>544.3172983</ymax></bndbox></object><object><name>car</name><pose>Unspecified</pose><truncated>0</truncated><difficult>0</difficult><bndbox><xmin>702.2054019</xmin><ymin>522.1712393</ymin><xmax>793.8054796</xmax><ymax>592.1524929</ymax></bndbox></object><object><name>car</name><pose>Unspecified</pose><truncated>0</truncated><difficult>0</difficult><bndbox><xmin>158.5013103</xmin><ymin>536.9931291</ymin><xmax>224.1674005</xmax><ymax>567.5595019</ymax></bndbox></object><object><name>car</name><pose>Unspecified</pose><truncated>0</truncated><difficult>0</difficult><bndbox><xmin>29.17748386</xmin><ymin>533.5714031</ymin><xmax>137.1441524</xmax><ymax>577.86104</ymax></bndbox></object><object><name>car</name><pose>Unspecified</pose><truncated>0</truncated><difficult>0</difficult><bndbox><xmin>688.5779534</xmin><ymin>531.4425608</ymin><xmax>763.8160048</xmax><ymax>576.1312337</ymax></bndbox></object><object><name>car</name><pose>Unspecified</pose><truncated>0</truncated><difficult>0</difficult><bndbox><xmin>670.9130499</xmin><ymin>516.6152471</ymin><xmax>726.9139625</xmax><ymax>563.0504751</ymax></bndbox></object><object><name>car</name><pose>Unspecified</pose><truncated>0</truncated><difficult>0</difficult><bndbox><xmin>681.156794</xmin><ymin>528.0380473</ymin><xmax>740.2454976</xmax><ymax>568.40618</ymax></bndbox></object><object><name>car</name><pose>Unspecified</pose><truncated>0</truncated><difficult>0</difficult><bndbox><xmin>733.9245591</xmin><ymin>503.1364562</ymin><xmax>890.09216</xmax><ymax>626.7550494</ymax></bndbox></object><object><name>car</name><pose>Unspecified</pose><truncated>0</truncated><difficult>0</difficult><bndbox><xmin>666.6287132</xmin><ymin>529.26323</ymin><xmax>706.5217696</xmax><ymax>560.1532005</ymax></bndbox></object><object><name>other_vehicle</name><pose>Unspecified</pose><truncated>0</truncated><difficult>0</difficult><bndbox><xmin>659.8846576</xmin><ymin>506.2868915</ymin><xmax>711.6020351</xmax><ymax>554.7817833</ymax></bndbox></object><object><name>car</name><pose>Unspecified</pose><truncated>0</truncated><difficult>0</difficult><bndbox><xmin>437.6485741</xmin><ymin>522.8948729</ymin><xmax>499.5697023</xmax><ymax>567.1570989</ymax></bndbox></object><object><name>car</name><pose>Unspecified</pose><truncated>0</truncated><difficult>0</difficult><bndbox><xmin>0</xmin><ymin>542.775832</ymin><xmax>45.14420212</xmax><ymax>588.7031258</ymax></bndbox></object><object><name>car</name><pose>Unspecified</pose><truncated>0</truncated><difficult>0</difficult><bndbox><xmin>513.6383914</xmin><ymin>526.176306</ymin><xmax>548.4660022</xmax><ymax>552.338087</ymax></bndbox></object><object><name>other_vehicle</name><pose>Unspecified</pose><truncated>0</truncated><difficult>0</difficult><bndbox><xmin>733.9933225</xmin><ymin>25.20828254</ymin><xmax>1224.0</xmax><ymax>968.0359456</ymax></bndbox></object></annotation>