<annotation><folder>test_xmls</folder><filename>host-a004_cam0_1232923277051064006.jpeg</filename><path>./imageshost-a004_cam0_1232923277051064006.jpeg</path><source><database>Unknown</database></source><size><width>1224</width><height>1024</height><depth>3</depth></size><segmented>0</segmented><object><name>car</name><pose>Unspecified</pose><truncated>0</truncated><difficult>0</difficult><bndbox><xmin>156.1369581</xmin><ymin>548.2085643</ymin><xmax>286.6763688</xmax><ymax>608.3992287</ymax></bndbox></object><object><name>car</name><pose>Unspecified</pose><truncated>0</truncated><difficult>0</difficult><bndbox><xmin>226.6446129</xmin><ymin>548.4042878</ymin><xmax>301.6987484</xmax><ymax>584.6359825</ymax></bndbox></object><object><name>bicycle</name><pose>Unspecified</pose><truncated>0</truncated><difficult>0</difficult><bndbox><xmin>769.5962287</xmin><ymin>546.909606</ymin><xmax>794.3135849</xmax><ymax>563.9277088</ymax></bndbox></object><object><name>other_vehicle</name><pose>Unspecified</pose><truncated>0</truncated><difficult>0</difficult><bndbox><xmin>242.0259827</xmin><ymin>526.6262361</ymin><xmax>336.5875105</xmax><ymax>581.6335777</ymax></bndbox></object><object><name>car</name><pose>Unspecified</pose><truncated>0</truncated><difficult>0</difficult><bndbox><xmin>77.81177659</xmin><ymin>553.2006095</ymin><xmax>222.532184</xmax><ymax>605.5040007</ymax></bndbox></object><object><name>car</name><pose>Unspecified</pose><truncated>0</truncated><difficult>0</difficult><bndbox><xmin>288.8736177</xmin><ymin>548.9796454</ymin><xmax>378.7491722</xmax><ymax>587.075866</ymax></bndbox></object><object><name>car</name><pose>Unspecified</pose><truncated>0</truncated><difficult>0</difficult><bndbox><xmin>700.2601943</xmin><ymin>538.2762819</ymin><xmax>721.9522922</xmax><ymax>558.8159706</ymax></bndbox></object><object><name>car</name><pose>Unspecified</pose><truncated>0</truncated><difficult>0</difficult><bndbox><xmin>393.6192852</xmin><ymin>542.5032615</ymin><xmax>435.0815259</xmax><ymax>566.8901874</ymax></bndbox></object><object><name>car</name><pose>Unspecified</pose><truncated>0</truncated><difficult>0</difficult><bndbox><xmin>630.4545632</xmin><ymin>539.7280921</ymin><xmax>655.7038995</xmax><ymax>558.4743933</ymax></bndbox></object><object><name>car</name><pose>Unspecified</pose><truncated>0</truncated><difficult>0</difficult><bndbox><xmin>281.5894718</xmin><ymin>536.3369941</ymin><xmax>367.5951415</xmax><ymax>577.3276096</ymax></bndbox></object><object><name>car</name><pose>Unspecified</pose><truncated>0</truncated><difficult>0</difficult><bndbox><xmin>305.7198328</xmin><ymin>540.3814783</ymin><xmax>387.8098479</xmax><ymax>579.589341</ymax></bndbox></object><object><name>car</name><pose>Unspecified</pose><truncated>0</truncated><difficult>0</difficult><bndbox><xmin>0</xmin><ymin>557.4783779</ymin><xmax>120.1009035</xmax><ymax>609.8532217</ymax></bndbox></object><object><name>car</name><pose>Unspecified</pose><truncated>0</truncated><difficult>0</difficult><bndbox><xmin>41.91145062</xmin><ymin>552.1999783</ymin><xmax>153.494385</xmax><ymax>600.0918812</ymax></bndbox></object><object><name>car</name><pose>Unspecified</pose><truncated>0</truncated><difficult>0</difficult><bndbox><xmin>364.129124</xmin><ymin>548.6769998</ymin><xmax>420.0764477</xmax><ymax>575.9965086</ymax></bndbox></object><object><name>car</name><pose>Unspecified</pose><truncated>0</truncated><difficult>0</difficult><bndbox><xmin>103.982165</xmin><ymin>547.6186699</ymin><xmax>220.9517586</xmax><ymax>596.9645146</ymax></bndbox></object><object><name>car</name><pose>Unspecified</pose><truncated>0</truncated><difficult>0</difficult><bndbox><xmin>412.4718297</xmin><ymin>540.7804074</ymin><xmax>448.8765544</xmax><ymax>565.7761575</ymax></bndbox></object></annotation>