<annotation><folder>test_xmls</folder><filename>host-a004_cam0_1233422540451064006.jpeg</filename><path>./imageshost-a004_cam0_1233422540451064006.jpeg</path><source><database>Unknown</database></source><size><width>1224</width><height>1024</height><depth>3</depth></size><segmented>0</segmented><object><name>car</name><pose>Unspecified</pose><truncated>0</truncated><difficult>0</difficult><bndbox><xmin>822.3769606</xmin><ymin>477.2272729</ymin><xmax>1224.0</xmax><ymax>904.153393</ymax></bndbox></object><object><name>car</name><pose>Unspecified</pose><truncated>0</truncated><difficult>0</difficult><bndbox><xmin>805.4018385</xmin><ymin>518.6088568</ymin><xmax>882.6093617</xmax><ymax>576.5370418</ymax></bndbox></object><object><name>car</name><pose>Unspecified</pose><truncated>0</truncated><difficult>0</difficult><bndbox><xmin>496.763016</xmin><ymin>532.6522175</ymin><xmax>537.2865749</xmax><ymax>564.4659001</ymax></bndbox></object><object><name>car</name><pose>Unspecified</pose><truncated>0</truncated><difficult>0</difficult><bndbox><xmin>770.950672</xmin><ymin>522.3005944</ymin><xmax>977.0268777</xmax><ymax>674.0165515</ymax></bndbox></object><object><name>car</name><pose>Unspecified</pose><truncated>0</truncated><difficult>0</difficult><bndbox><xmin>690.4883766</xmin><ymin>543.8876348</ymin><xmax>740.7462052</xmax><ymax>581.6375147</ymax></bndbox></object><object><name>car</name><pose>Unspecified</pose><truncated>0</truncated><difficult>0</difficult><bndbox><xmin>102.2281683</xmin><ymin>545.4207138</ymin><xmax>173.2050336</xmax><ymax>571.2936847</ymax></bndbox></object><object><name>car</name><pose>Unspecified</pose><truncated>0</truncated><difficult>0</difficult><bndbox><xmin>212.3149474</xmin><ymin>523.0476116</ymin><xmax>479.4690781</xmax><ymax>700.2698778</ymax></bndbox></object><object><name>car</name><pose>Unspecified</pose><truncated>0</truncated><difficult>0</difficult><bndbox><xmin>457.4988419</xmin><ymin>538.8036597</ymin><xmax>495.0297616</xmax><ymax>563.4065156</ymax></bndbox></object><object><name>car</name><pose>Unspecified</pose><truncated>0</truncated><difficult>0</difficult><bndbox><xmin>1003.821251</xmin><ymin>508.8195424</ymin><xmax>1224.0</xmax><ymax>617.6053462</ymax></bndbox></object><object><name>car</name><pose>Unspecified</pose><truncated>0</truncated><difficult>0</difficult><bndbox><xmin>668.0687274</xmin><ymin>534.2703574</ymin><xmax>708.2693913</xmax><ymax>569.6326887</ymax></bndbox></object><object><name>pedestrian</name><pose>Unspecified</pose><truncated>0</truncated><difficult>0</difficult><bndbox><xmin>1198.243861</xmin><ymin>505.6836766</ymin><xmax>1224.0</xmax><ymax>618.6022214</ymax></bndbox></object><object><name>car</name><pose>Unspecified</pose><truncated>0</truncated><difficult>0</difficult><bndbox><xmin>715.1458908</xmin><ymin>518.0196343</ymin><xmax>854.6391646</xmax><ymax>624.5954365</ymax></bndbox></object></annotation>