<annotation><folder>test_xmls</folder><filename>host-a004_cam0_1233685227151064006.jpeg</filename><path>./imageshost-a004_cam0_1233685227151064006.jpeg</path><source><database>Unknown</database></source><size><width>1224</width><height>1024</height><depth>3</depth></size><segmented>0</segmented><object><name>other_vehicle</name><pose>Unspecified</pose><truncated>0</truncated><difficult>0</difficult><bndbox><xmin>361.8539264</xmin><ymin>536.6402312</ymin><xmax>417.3973903</xmax><ymax>577.6143168</ymax></bndbox></object><object><name>car</name><pose>Unspecified</pose><truncated>0</truncated><difficult>0</difficult><bndbox><xmin>297.7418907</xmin><ymin>549.9285477</ymin><xmax>370.272956</xmax><ymax>588.8989801</ymax></bndbox></object><object><name>car</name><pose>Unspecified</pose><truncated>0</truncated><difficult>0</difficult><bndbox><xmin>530.1618997</xmin><ymin>545.3159782</ymin><xmax>586.6064679</xmax><ymax>588.508213</ymax></bndbox></object><object><name>car</name><pose>Unspecified</pose><truncated>0</truncated><difficult>0</difficult><bndbox><xmin>0</xmin><ymin>562.383704</ymin><xmax>245.38888</xmax><ymax>1024.0</ymax></bndbox></object><object><name>car</name><pose>Unspecified</pose><truncated>0</truncated><difficult>0</difficult><bndbox><xmin>59.7792</xmin><ymin>568.3973277</ymin><xmax>160.4445327</xmax><ymax>605.1420241</ymax></bndbox></object><object><name>bus</name><pose>Unspecified</pose><truncated>0</truncated><difficult>0</difficult><bndbox><xmin>254.1520668</xmin><ymin>530.5944751</ymin><xmax>344.345829</xmax><ymax>588.4871359</ymax></bndbox></object><object><name>car</name><pose>Unspecified</pose><truncated>0</truncated><difficult>0</difficult><bndbox><xmin>213.3616735</xmin><ymin>549.2059398</ymin><xmax>330.2800675</xmax><ymax>606.9234456</ymax></bndbox></object><object><name>car</name><pose>Unspecified</pose><truncated>0</truncated><difficult>0</difficult><bndbox><xmin>457.8879931</xmin><ymin>550.3973517</ymin><xmax>487.4587084</xmax><ymax>569.3547748</ymax></bndbox></object><object><name>car</name><pose>Unspecified</pose><truncated>0</truncated><difficult>0</difficult><bndbox><xmin>314.2673804</xmin><ymin>544.5948549</ymin><xmax>401.2087655</xmax><ymax>590.3159145</ymax></bndbox></object><object><name>car</name><pose>Unspecified</pose><truncated>0</truncated><difficult>0</difficult><bndbox><xmin>0</xmin><ymin>574.4476412</ymin><xmax>73.85550409</xmax><ymax>619.7964588</ymax></bndbox></object><object><name>bus</name><pose>Unspecified</pose><truncated>0</truncated><difficult>0</difficult><bndbox><xmin>602.2522677</xmin><ymin>472.4109875</ymin><xmax>705.5854122</xmax><ymax>601.2346076</ymax></bndbox></object><object><name>bicycle</name><pose>Unspecified</pose><truncated>0</truncated><difficult>0</difficult><bndbox><xmin>798.2822361</xmin><ymin>530.5696967</ymin><xmax>871.8631013</xmax><ymax>610.5144658</ymax></bndbox></object><object><name>car</name><pose>Unspecified</pose><truncated>0</truncated><difficult>0</difficult><bndbox><xmin>410.066612</xmin><ymin>544.717223</ymin><xmax>466.8505216</xmax><ymax>576.4869619</ymax></bndbox></object><object><name>car</name><pose>Unspecified</pose><truncated>0</truncated><difficult>0</difficult><bndbox><xmin>138.6469318</xmin><ymin>560.0336131</ymin><xmax>227.9804712</xmax><ymax>597.9253798</ymax></bndbox></object><object><name>car</name><pose>Unspecified</pose><truncated>0</truncated><difficult>0</difficult><bndbox><xmin>209.4595355</xmin><ymin>558.0357263</ymin><xmax>277.3839123</xmax><ymax>592.9155188</ymax></bndbox></object></annotation>