<annotation><folder>test_xmls</folder><filename>host-a004_cam0_1233685231351064006.jpeg</filename><path>./imageshost-a004_cam0_1233685231351064006.jpeg</path><source><database>Unknown</database></source><size><width>1224</width><height>1024</height><depth>3</depth></size><segmented>0</segmented><object><name>car</name><pose>Unspecified</pose><truncated>0</truncated><difficult>0</difficult><bndbox><xmin>709.4354118</xmin><ymin>541.9878725</ymin><xmax>766.8438341</xmax><ymax>583.545981</ymax></bndbox></object><object><name>other_vehicle</name><pose>Unspecified</pose><truncated>0</truncated><difficult>0</difficult><bndbox><xmin>215.1354535</xmin><ymin>532.6803619</ymin><xmax>307.8794247</xmax><ymax>587.5942644</ymax></bndbox></object><object><name>car</name><pose>Unspecified</pose><truncated>0</truncated><difficult>0</difficult><bndbox><xmin>702.7723586</xmin><ymin>542.1984094</ymin><xmax>753.1620431</xmax><ymax>577.786581</ymax></bndbox></object><object><name>other_vehicle</name><pose>Unspecified</pose><truncated>0</truncated><difficult>0</difficult><bndbox><xmin>373.3043095</xmin><ymin>537.1474398</ymin><xmax>426.2649848</xmax><ymax>572.7795833</ymax></bndbox></object><object><name>other_vehicle</name><pose>Unspecified</pose><truncated>0</truncated><difficult>0</difficult><bndbox><xmin>98.66469998</xmin><ymin>523.5509632</ymin><xmax>241.0996053</xmax><ymax>603.0780041</ymax></bndbox></object><object><name>car</name><pose>Unspecified</pose><truncated>0</truncated><difficult>0</difficult><bndbox><xmin>305.137477</xmin><ymin>548.5848556</ymin><xmax>385.510015</xmax><ymax>592.8017427</ymax></bndbox></object><object><name>truck</name><pose>Unspecified</pose><truncated>0</truncated><difficult>0</difficult><bndbox><xmin>0</xmin><ymin>481.8321343</ymin><xmax>195.6265486</xmax><ymax>634.0568376</ymax></bndbox></object><object><name>bus</name><pose>Unspecified</pose><truncated>0</truncated><difficult>0</difficult><bndbox><xmin>619.5858321</xmin><ymin>493.0103513</ymin><xmax>689.6021286</xmax><ymax>580.7070062</ymax></bndbox></object><object><name>car</name><pose>Unspecified</pose><truncated>0</truncated><difficult>0</difficult><bndbox><xmin>594.7537362</xmin><ymin>542.469025</ymin><xmax>626.6867817</xmax><ymax>567.0943686</ymax></bndbox></object><object><name>car</name><pose>Unspecified</pose><truncated>0</truncated><difficult>0</difficult><bndbox><xmin>364.0415577</xmin><ymin>555.0436431</ymin><xmax>403.4149605</xmax><ymax>575.6076886</ymax></bndbox></object><object><name>car</name><pose>Unspecified</pose><truncated>0</truncated><difficult>0</difficult><bndbox><xmin>477.7754203</xmin><ymin>543.9972275</ymin><xmax>575.109515</xmax><ymax>610.4387291</ymax></bndbox></object><object><name>motorcycle</name><pose>Unspecified</pose><truncated>0</truncated><difficult>0</difficult><bndbox><xmin>300.8188557</xmin><ymin>559.6807828</ymin><xmax>322.6910988</xmax><ymax>580.5173667</ymax></bndbox></object></annotation>