<annotation><folder>test_xmls</folder><filename>host-a004_cam0_1233443012951064006.jpeg</filename><path>./imageshost-a004_cam0_1233443012951064006.jpeg</path><source><database>Unknown</database></source><size><width>1224</width><height>1024</height><depth>3</depth></size><segmented>0</segmented><object><name>car</name><pose>Unspecified</pose><truncated>0</truncated><difficult>0</difficult><bndbox><xmin>38.96227055</xmin><ymin>592.7338381</ymin><xmax>126.2416186</xmax><ymax>631.821975</ymax></bndbox></object><object><name>car</name><pose>Unspecified</pose><truncated>0</truncated><difficult>0</difficult><bndbox><xmin>223.8985449</xmin><ymin>591.0661449</ymin><xmax>288.3129791</xmax><ymax>632.4638323</ymax></bndbox></object><object><name>car</name><pose>Unspecified</pose><truncated>0</truncated><difficult>0</difficult><bndbox><xmin>683.7888734</xmin><ymin>534.611225</ymin><xmax>721.3448411</xmax><ymax>562.5972522</ymax></bndbox></object><object><name>car</name><pose>Unspecified</pose><truncated>0</truncated><difficult>0</difficult><bndbox><xmin>664.2020803</xmin><ymin>538.0932297</ymin><xmax>690.5793947</xmax><ymax>560.544586</ymax></bndbox></object><object><name>car</name><pose>Unspecified</pose><truncated>0</truncated><difficult>0</difficult><bndbox><xmin>0</xmin><ymin>592.6813968</ymin><xmax>47.41706841</xmax><ymax>639.2915446</ymax></bndbox></object><object><name>car</name><pose>Unspecified</pose><truncated>0</truncated><difficult>0</difficult><bndbox><xmin>705.0362612</xmin><ymin>543.1739866</ymin><xmax>743.2615737</xmax><ymax>573.531388</ymax></bndbox></object></annotation>