<annotation><folder>test_xmls</folder><filename>host-a004_cam0_1233602034851064006.jpeg</filename><path>./imageshost-a004_cam0_1233602034851064006.jpeg</path><source><database>Unknown</database></source><size><width>1224</width><height>1024</height><depth>3</depth></size><segmented>0</segmented><object><name>car</name><pose>Unspecified</pose><truncated>0</truncated><difficult>0</difficult><bndbox><xmin>358.7267929</xmin><ymin>534.3679567</ymin><xmax>451.6964838</xmax><ymax>599.4980246</ymax></bndbox></object><object><name>car</name><pose>Unspecified</pose><truncated>0</truncated><difficult>0</difficult><bndbox><xmin>123.8745292</xmin><ymin>530.4795737</ymin><xmax>440.701428</xmax><ymax>721.4378715</ymax></bndbox></object><object><name>car</name><pose>Unspecified</pose><truncated>0</truncated><difficult>0</difficult><bndbox><xmin>528.2010076</xmin><ymin>538.0071571</ymin><xmax>580.9302617</xmax><ymax>577.9704883</ymax></bndbox></object></annotation>