<annotation><folder>test_xmls</folder><filename>host-a004_cam0_1233693207951064006.jpeg</filename><path>./imageshost-a004_cam0_1233693207951064006.jpeg</path><source><database>Unknown</database></source><size><width>1224</width><height>1024</height><depth>3</depth></size><segmented>0</segmented><object><name>car</name><pose>Unspecified</pose><truncated>0</truncated><difficult>0</difficult><bndbox><xmin>493.1301562</xmin><ymin>537.6315788</ymin><xmax>565.361987</xmax><ymax>590.4818395</ymax></bndbox></object><object><name>car</name><pose>Unspecified</pose><truncated>0</truncated><difficult>0</difficult><bndbox><xmin>562.7454545</xmin><ymin>534.3257679</ymin><xmax>601.9261924</xmax><ymax>570.6279436</ymax></bndbox></object><object><name>car</name><pose>Unspecified</pose><truncated>0</truncated><difficult>0</difficult><bndbox><xmin>355.1075594</xmin><ymin>542.0967782</ymin><xmax>456.3436917</xmax><ymax>596.888723</ymax></bndbox></object><object><name>car</name><pose>Unspecified</pose><truncated>0</truncated><difficult>0</difficult><bndbox><xmin>740.7472488</xmin><ymin>538.7202365</ymin><xmax>766.4406206</xmax><ymax>559.56376</ymax></bndbox></object><object><name>car</name><pose>Unspecified</pose><truncated>0</truncated><difficult>0</difficult><bndbox><xmin>761.8924423</xmin><ymin>545.0947478</ymin><xmax>792.371027</xmax><ymax>565.0023972</ymax></bndbox></object><object><name>car</name><pose>Unspecified</pose><truncated>0</truncated><difficult>0</difficult><bndbox><xmin>129.9381126</xmin><ymin>555.0521454</ymin><xmax>218.3821923</xmax><ymax>588.7160593</ymax></bndbox></object><object><name>car</name><pose>Unspecified</pose><truncated>0</truncated><difficult>0</difficult><bndbox><xmin>624.9347775</xmin><ymin>539.3357168</ymin><xmax>667.0862021</xmax><ymax>577.6539641</ymax></bndbox></object><object><name>car</name><pose>Unspecified</pose><truncated>0</truncated><difficult>0</difficult><bndbox><xmin>879.3953507</xmin><ymin>542.2714688</ymin><xmax>1014.383477</xmax><ymax>626.295855</ymax></bndbox></object><object><name>car</name><pose>Unspecified</pose><truncated>0</truncated><difficult>0</difficult><bndbox><xmin>772.8130402</xmin><ymin>541.5838581</ymin><xmax>806.8569026</xmax><ymax>567.7220915</ymax></bndbox></object><object><name>car</name><pose>Unspecified</pose><truncated>0</truncated><difficult>0</difficult><bndbox><xmin>149.7360717</xmin><ymin>545.7371199</ymin><xmax>443.9966724</xmax><ymax>712.9477181</ymax></bndbox></object><object><name>car</name><pose>Unspecified</pose><truncated>0</truncated><difficult>0</difficult><bndbox><xmin>855.7434899</xmin><ymin>543.8715336</ymin><xmax>952.6264105</xmax><ymax>607.885884</ymax></bndbox></object><object><name>car</name><pose>Unspecified</pose><truncated>0</truncated><difficult>0</difficult><bndbox><xmin>781.7298421</xmin><ymin>538.8083549</ymin><xmax>827.993195</xmax><ymax>570.9129761</ymax></bndbox></object><object><name>car</name><pose>Unspecified</pose><truncated>0</truncated><difficult>0</difficult><bndbox><xmin>599.2208769</xmin><ymin>535.7284191</ymin><xmax>619.5468977</xmax><ymax>554.0879748</ymax></bndbox></object></annotation>