<annotation><folder>test_xmls</folder><filename>host-a004_cam0_1233011759851064006.jpeg</filename><path>./imageshost-a004_cam0_1233011759851064006.jpeg</path><source><database>Unknown</database></source><size><width>1224</width><height>1024</height><depth>3</depth></size><segmented>0</segmented><object><name>car</name><pose>Unspecified</pose><truncated>0</truncated><difficult>0</difficult><bndbox><xmin>331.1013555</xmin><ymin>535.1724638</ymin><xmax>428.3546384</xmax><ymax>598.183584</ymax></bndbox></object><object><name>car</name><pose>Unspecified</pose><truncated>0</truncated><difficult>0</difficult><bndbox><xmin>47.38724048</xmin><ymin>552.677079</ymin><xmax>114.9377827</xmax><ymax>579.2172663</ymax></bndbox></object><object><name>car</name><pose>Unspecified</pose><truncated>0</truncated><difficult>0</difficult><bndbox><xmin>467.1302507</xmin><ymin>531.9509105</ymin><xmax>498.6276341</xmax><ymax>558.3734877</ymax></bndbox></object></annotation>