<annotation><folder>test_xmls</folder><filename>host-a004_cam0_1233961193851064006.jpeg</filename><path>./imageshost-a004_cam0_1233961193851064006.jpeg</path><source><database>Unknown</database></source><size><width>1224</width><height>1024</height><depth>3</depth></size><segmented>0</segmented><object><name>car</name><pose>Unspecified</pose><truncated>0</truncated><difficult>0</difficult><bndbox><xmin>839.8812195</xmin><ymin>533.8127261</ymin><xmax>1224.0</xmax><ymax>819.6473471</ymax></bndbox></object><object><name>car</name><pose>Unspecified</pose><truncated>0</truncated><difficult>0</difficult><bndbox><xmin>519.1889473</xmin><ymin>532.2222856</ymin><xmax>550.9347261</xmax><ymax>555.5874959</ymax></bndbox></object><object><name>car</name><pose>Unspecified</pose><truncated>0</truncated><difficult>0</difficult><bndbox><xmin>738.895289</xmin><ymin>531.5835967</ymin><xmax>856.804669</xmax><ymax>620.4087674</ymax></bndbox></object><object><name>car</name><pose>Unspecified</pose><truncated>0</truncated><difficult>0</difficult><bndbox><xmin>671.334275</xmin><ymin>532.1558057</ymin><xmax>705.5430186</xmax><ymax>557.6350618</ymax></bndbox></object><object><name>car</name><pose>Unspecified</pose><truncated>0</truncated><difficult>0</difficult><bndbox><xmin>0</xmin><ymin>518.1327935</ymin><xmax>383.8992431</xmax><ymax>843.0476142</ymax></bndbox></object><object><name>truck</name><pose>Unspecified</pose><truncated>0</truncated><difficult>0</difficult><bndbox><xmin>586.5952616</xmin><ymin>502.6264903</ymin><xmax>620.3327249</xmax><ymax>547.7109456</ymax></bndbox></object><object><name>other_vehicle</name><pose>Unspecified</pose><truncated>0</truncated><difficult>0</difficult><bndbox><xmin>685.5999456</xmin><ymin>455.6708282</ymin><xmax>833.6749438</xmax><ymax>599.4354625</ymax></bndbox></object><object><name>car</name><pose>Unspecified</pose><truncated>0</truncated><difficult>0</difficult><bndbox><xmin>766.6028172</xmin><ymin>515.4706757</ymin><xmax>1006.643787</xmax><ymax>678.5725266</ymax></bndbox></object><object><name>car</name><pose>Unspecified</pose><truncated>0</truncated><difficult>0</difficult><bndbox><xmin>681.4393371</xmin><ymin>524.0889237</ymin><xmax>741.0442968</xmax><ymax>572.6113718</ymax></bndbox></object><object><name>car</name><pose>Unspecified</pose><truncated>0</truncated><difficult>0</difficult><bndbox><xmin>568.8596783</xmin><ymin>530.867711</ymin><xmax>627.5776291</xmax><ymax>575.3730414</ymax></bndbox></object></annotation>