<annotation><folder>test_xmls</folder><filename>host-a004_cam0_1233422559251064006.jpeg</filename><path>./imageshost-a004_cam0_1233422559251064006.jpeg</path><source><database>Unknown</database></source><size><width>1224</width><height>1024</height><depth>3</depth></size><segmented>0</segmented><object><name>car</name><pose>Unspecified</pose><truncated>0</truncated><difficult>0</difficult><bndbox><xmin>65.00175166</xmin><ymin>550.5618139</ymin><xmax>226.6280242</xmax><ymax>601.8881547</ymax></bndbox></object><object><name>bicycle</name><pose>Unspecified</pose><truncated>0</truncated><difficult>0</difficult><bndbox><xmin>734.0878029</xmin><ymin>546.4102195</ymin><xmax>752.3577705</xmax><ymax>568.9337648</ymax></bndbox></object><object><name>car</name><pose>Unspecified</pose><truncated>0</truncated><difficult>0</difficult><bndbox><xmin>1220.666233</xmin><ymin>524.817921</ymin><xmax>1224.0</xmax><ymax>607.3772047</ymax></bndbox></object><object><name>car</name><pose>Unspecified</pose><truncated>0</truncated><difficult>0</difficult><bndbox><xmin>629.0707605</xmin><ymin>539.0045569</ymin><xmax>660.1677431</xmax><ymax>568.1298635</ymax></bndbox></object><object><name>car</name><pose>Unspecified</pose><truncated>0</truncated><difficult>0</difficult><bndbox><xmin>646.0323792</xmin><ymin>538.2601049</ymin><xmax>670.6704323</xmax><ymax>560.9593981</ymax></bndbox></object><object><name>car</name><pose>Unspecified</pose><truncated>0</truncated><difficult>0</difficult><bndbox><xmin>172.2601466</xmin><ymin>550.5659763</ymin><xmax>290.1506179</xmax><ymax>590.0423257</ymax></bndbox></object></annotation>