<annotation><folder>test_xmls</folder><filename>host-a004_cam0_1233421989451064006.jpeg</filename><path>./imageshost-a004_cam0_1233421989451064006.jpeg</path><source><database>Unknown</database></source><size><width>1224</width><height>1024</height><depth>3</depth></size><segmented>0</segmented><object><name>car</name><pose>Unspecified</pose><truncated>0</truncated><difficult>0</difficult><bndbox><xmin>166.4915272</xmin><ymin>511.3915726</ymin><xmax>345.1626962</xmax><ymax>612.4806773</ymax></bndbox></object><object><name>car</name><pose>Unspecified</pose><truncated>0</truncated><difficult>0</difficult><bndbox><xmin>623.309754</xmin><ymin>539.7796515</ymin><xmax>643.9590229</xmax><ymax>563.3143844</ymax></bndbox></object><object><name>car</name><pose>Unspecified</pose><truncated>0</truncated><difficult>0</difficult><bndbox><xmin>344.4317491</xmin><ymin>539.3858595</ymin><xmax>425.0097941</xmax><ymax>587.5294459</ymax></bndbox></object><object><name>car</name><pose>Unspecified</pose><truncated>0</truncated><difficult>0</difficult><bndbox><xmin>481.3489063</xmin><ymin>549.1271356</ymin><xmax>561.4702022</xmax><ymax>600.5888972</ymax></bndbox></object><object><name>car</name><pose>Unspecified</pose><truncated>0</truncated><difficult>0</difficult><bndbox><xmin>601.5249518</xmin><ymin>543.260873</ymin><xmax>659.9233047</xmax><ymax>592.1631688</ymax></bndbox></object><object><name>car</name><pose>Unspecified</pose><truncated>0</truncated><difficult>0</difficult><bndbox><xmin>586.1073334</xmin><ymin>545.3913087</ymin><xmax>686.8625814</xmax><ymax>632.0983799</ymax></bndbox></object><object><name>car</name><pose>Unspecified</pose><truncated>0</truncated><difficult>0</difficult><bndbox><xmin>0</xmin><ymin>378.7073467</ymin><xmax>304.1302025</xmax><ymax>1024.0</ymax></bndbox></object><object><name>car</name><pose>Unspecified</pose><truncated>0</truncated><difficult>0</difficult><bndbox><xmin>239.6866291</xmin><ymin>536.7517829</ymin><xmax>395.3621703</xmax><ymax>624.9083383</ymax></bndbox></object><object><name>car</name><pose>Unspecified</pose><truncated>0</truncated><difficult>0</difficult><bndbox><xmin>743.3882942</xmin><ymin>510.7584155</ymin><xmax>928.9905294</xmax><ymax>648.7469136</ymax></bndbox></object><object><name>car</name><pose>Unspecified</pose><truncated>0</truncated><difficult>0</difficult><bndbox><xmin>581.9689556</xmin><ymin>536.3058902</ymin><xmax>610.4141406</xmax><ymax>560.0470581</ymax></bndbox></object><object><name>car</name><pose>Unspecified</pose><truncated>0</truncated><difficult>0</difficult><bndbox><xmin>1015.168345</xmin><ymin>557.5368312</ymin><xmax>1224.0</xmax><ymax>1024.0</ymax></bndbox></object><object><name>car</name><pose>Unspecified</pose><truncated>0</truncated><difficult>0</difficult><bndbox><xmin>549.3708662</xmin><ymin>540.142352</ymin><xmax>573.2376255</xmax><ymax>558.0384996</ymax></bndbox></object><object><name>car</name><pose>Unspecified</pose><truncated>0</truncated><difficult>0</difficult><bndbox><xmin>348.452726</xmin><ymin>552.5432857</ymin><xmax>511.8341879</xmax><ymax>646.2497339</ymax></bndbox></object><object><name>car</name><pose>Unspecified</pose><truncated>0</truncated><difficult>0</difficult><bndbox><xmin>563.509267</xmin><ymin>541.0107329</ymin><xmax>598.7775255</xmax><ymax>565.9089639</ymax></bndbox></object></annotation>