<annotation><folder>test_xmls</folder><filename>host-a004_cam0_1233602013651064006.jpeg</filename><path>./imageshost-a004_cam0_1233602013651064006.jpeg</path><source><database>Unknown</database></source><size><width>1224</width><height>1024</height><depth>3</depth></size><segmented>0</segmented><object><name>car</name><pose>Unspecified</pose><truncated>0</truncated><difficult>0</difficult><bndbox><xmin>694.0119048</xmin><ymin>535.1508546</ymin><xmax>796.0064347</xmax><ymax>594.271884</ymax></bndbox></object><object><name>car</name><pose>Unspecified</pose><truncated>0</truncated><difficult>0</difficult><bndbox><xmin>752.2434665</xmin><ymin>542.0549259</ymin><xmax>941.091692</xmax><ymax>658.0758221</ymax></bndbox></object><object><name>car</name><pose>Unspecified</pose><truncated>0</truncated><difficult>0</difficult><bndbox><xmin>168.2324125</xmin><ymin>494.6096212</ymin><xmax>467.5995682</xmax><ymax>683.9724651</ymax></bndbox></object><object><name>other_vehicle</name><pose>Unspecified</pose><truncated>0</truncated><difficult>0</difficult><bndbox><xmin>652.9461858</xmin><ymin>486.4828696</ymin><xmax>735.2480685</xmax><ymax>568.4079815</ymax></bndbox></object><object><name>car</name><pose>Unspecified</pose><truncated>0</truncated><difficult>0</difficult><bndbox><xmin>675.0520546</xmin><ymin>534.8912136</ymin><xmax>734.6976072</xmax><ymax>575.2238327</ymax></bndbox></object><object><name>motorcycle</name><pose>Unspecified</pose><truncated>0</truncated><difficult>0</difficult><bndbox><xmin>724.2785597</xmin><ymin>537.6793201</ymin><xmax>828.0164346</xmax><ymax>600.1606923</ymax></bndbox></object><object><name>car</name><pose>Unspecified</pose><truncated>0</truncated><difficult>0</difficult><bndbox><xmin>557.1204088</xmin><ymin>528.7630445</ymin><xmax>583.47765</xmax><ymax>551.3344818</ymax></bndbox></object><object><name>truck</name><pose>Unspecified</pose><truncated>0</truncated><difficult>0</difficult><bndbox><xmin>487.0356855</xmin><ymin>502.0068819</ymin><xmax>541.7416775</xmax><ymax>555.6850838</ymax></bndbox></object><object><name>car</name><pose>Unspecified</pose><truncated>0</truncated><difficult>0</difficult><bndbox><xmin>522.1630377</xmin><ymin>525.9818579</ymin><xmax>570.2675721</xmax><ymax>563.900816</ymax></bndbox></object><object><name>car</name><pose>Unspecified</pose><truncated>0</truncated><difficult>0</difficult><bndbox><xmin>815.2249223</xmin><ymin>544.0370744</ymin><xmax>1224.0</xmax><ymax>881.0002822</ymax></bndbox></object><object><name>bus</name><pose>Unspecified</pose><truncated>0</truncated><difficult>0</difficult><bndbox><xmin>639.9137654</xmin><ymin>500.4649388</ymin><xmax>693.3697756</xmax><ymax>552.7650182</ymax></bndbox></object></annotation>