<annotation><folder>test_xmls</folder><filename>host-a004_cam0_1232833333151064006.jpeg</filename><path>./imageshost-a004_cam0_1232833333151064006.jpeg</path><source><database>Unknown</database></source><size><width>1224</width><height>1024</height><depth>3</depth></size><segmented>0</segmented><object><name>car</name><pose>Unspecified</pose><truncated>0</truncated><difficult>0</difficult><bndbox><xmin>710.4484672</xmin><ymin>538.074198</ymin><xmax>794.0559118</xmax><ymax>593.8410901</ymax></bndbox></object><object><name>car</name><pose>Unspecified</pose><truncated>0</truncated><difficult>0</difficult><bndbox><xmin>663.9034614</xmin><ymin>533.0919279</ymin><xmax>686.9462912</xmax><ymax>549.7323159</ymax></bndbox></object></annotation>