<annotation><folder>test_xmls</folder><filename>host-a004_cam0_1233616003751064006.jpeg</filename><path>./imageshost-a004_cam0_1233616003751064006.jpeg</path><source><database>Unknown</database></source><size><width>1224</width><height>1024</height><depth>3</depth></size><segmented>0</segmented><object><name>car</name><pose>Unspecified</pose><truncated>0</truncated><difficult>0</difficult><bndbox><xmin>0</xmin><ymin>550.6377356</ymin><xmax>32.97629215</xmax><ymax>598.0243758</ymax></bndbox></object><object><name>car</name><pose>Unspecified</pose><truncated>0</truncated><difficult>0</difficult><bndbox><xmin>620.3226694</xmin><ymin>536.5273562</ymin><xmax>670.0407869</xmax><ymax>580.9630806</ymax></bndbox></object><object><name>car</name><pose>Unspecified</pose><truncated>0</truncated><difficult>0</difficult><bndbox><xmin>532.2596421</xmin><ymin>532.6457387</ymin><xmax>563.277218</xmax><ymax>562.6226343</ymax></bndbox></object><object><name>truck</name><pose>Unspecified</pose><truncated>0</truncated><difficult>0</difficult><bndbox><xmin>379.2679178</xmin><ymin>494.5699044</ymin><xmax>507.2403169</xmax><ymax>591.0890879</ymax></bndbox></object><object><name>car</name><pose>Unspecified</pose><truncated>0</truncated><difficult>0</difficult><bndbox><xmin>738.258583</xmin><ymin>533.6715824</ymin><xmax>846.0493784</xmax><ymax>617.0103622</ymax></bndbox></object><object><name>truck</name><pose>Unspecified</pose><truncated>0</truncated><difficult>0</difficult><bndbox><xmin>0</xmin><ymin>494.00142</ymin><xmax>196.7078961</xmax><ymax>588.5753153</ymax></bndbox></object><object><name>car</name><pose>Unspecified</pose><truncated>0</truncated><difficult>0</difficult><bndbox><xmin>598.6825732</xmin><ymin>539.4409088</ymin><xmax>617.3376671</xmax><ymax>555.8656827</ymax></bndbox></object><object><name>car</name><pose>Unspecified</pose><truncated>0</truncated><difficult>0</difficult><bndbox><xmin>575.6829653</xmin><ymin>538.3255676</ymin><xmax>604.4922373</xmax><ymax>562.6049004</ymax></bndbox></object><object><name>car</name><pose>Unspecified</pose><truncated>0</truncated><difficult>0</difficult><bndbox><xmin>782.0739315</xmin><ymin>542.3677366</ymin><xmax>996.0757129</xmax><ymax>672.1858318</ymax></bndbox></object><object><name>pedestrian</name><pose>Unspecified</pose><truncated>0</truncated><difficult>0</difficult><bndbox><xmin>772.3143945</xmin><ymin>523.8297697</ymin><xmax>791.1089685</xmax><ymax>569.4440937</ymax></bndbox></object><object><name>car</name><pose>Unspecified</pose><truncated>0</truncated><difficult>0</difficult><bndbox><xmin>541.0675761</xmin><ymin>535.6459878</ymin><xmax>591.7447282</xmax><ymax>577.9786803</ymax></bndbox></object></annotation>