<annotation><folder>test_xmls</folder><filename>host-a004_cam0_1233616009751064006.jpeg</filename><path>./imageshost-a004_cam0_1233616009751064006.jpeg</path><source><database>Unknown</database></source><size><width>1224</width><height>1024</height><depth>3</depth></size><segmented>0</segmented><object><name>car</name><pose>Unspecified</pose><truncated>0</truncated><difficult>0</difficult><bndbox><xmin>552.3137332</xmin><ymin>534.5368069</ymin><xmax>596.6335179</xmax><ymax>570.9936947</ymax></bndbox></object><object><name>car</name><pose>Unspecified</pose><truncated>0</truncated><difficult>0</difficult><bndbox><xmin>272.4079584</xmin><ymin>536.6074856</ymin><xmax>331.051589</xmax><ymax>565.0222084</ymax></bndbox></object><object><name>car</name><pose>Unspecified</pose><truncated>0</truncated><difficult>0</difficult><bndbox><xmin>582.4674132</xmin><ymin>539.3144121</ymin><xmax>606.5312939</xmax><ymax>560.0381535</ymax></bndbox></object><object><name>car</name><pose>Unspecified</pose><truncated>0</truncated><difficult>0</difficult><bndbox><xmin>331.3557773</xmin><ymin>534.7148025</ymin><xmax>366.0431911</xmax><ymax>556.270868</ymax></bndbox></object><object><name>car</name><pose>Unspecified</pose><truncated>0</truncated><difficult>0</difficult><bndbox><xmin>615.3858356</xmin><ymin>536.0091606</ymin><xmax>661.9279631</xmax><ymax>577.3045505</ymax></bndbox></object><object><name>truck</name><pose>Unspecified</pose><truncated>0</truncated><difficult>0</difficult><bndbox><xmin>358.4848785</xmin><ymin>488.4179901</ymin><xmax>494.3040172</xmax><ymax>587.6444245</ymax></bndbox></object><object><name>car</name><pose>Unspecified</pose><truncated>0</truncated><difficult>0</difficult><bndbox><xmin>196.5866798</xmin><ymin>527.4281741</ymin><xmax>298.9238082</xmax><ymax>575.2293925</ymax></bndbox></object><object><name>car</name><pose>Unspecified</pose><truncated>0</truncated><difficult>0</difficult><bndbox><xmin>665.7646097</xmin><ymin>537.0418</ymin><xmax>699.2995408</xmax><ymax>564.1048564</ymax></bndbox></object><object><name>car</name><pose>Unspecified</pose><truncated>0</truncated><difficult>0</difficult><bndbox><xmin>529.9317102</xmin><ymin>530.5410082</ymin><xmax>560.1632155</xmax><ymax>559.9563939</ymax></bndbox></object></annotation>