<annotation><folder>test_xmls</folder><filename>host-a004_cam0_1232825395051064006.jpeg</filename><path>./imageshost-a004_cam0_1232825395051064006.jpeg</path><source><database>Unknown</database></source><size><width>1224</width><height>1024</height><depth>3</depth></size><segmented>0</segmented><object><name>other_vehicle</name><pose>Unspecified</pose><truncated>0</truncated><difficult>0</difficult><bndbox><xmin>669.200004</xmin><ymin>511.0959405</ymin><xmax>717.3791547</xmax><ymax>558.9659971</ymax></bndbox></object><object><name>car</name><pose>Unspecified</pose><truncated>0</truncated><difficult>0</difficult><bndbox><xmin>582.741532</xmin><ymin>534.7076672</ymin><xmax>614.6678251</xmax><ymax>558.9223959</ymax></bndbox></object><object><name>car</name><pose>Unspecified</pose><truncated>0</truncated><difficult>0</difficult><bndbox><xmin>69.13433454</xmin><ymin>520.4745479</ymin><xmax>332.0150781</xmax><ymax>661.4381583</ymax></bndbox></object><object><name>car</name><pose>Unspecified</pose><truncated>0</truncated><difficult>0</difficult><bndbox><xmin>716.6497962</xmin><ymin>535.2278968</ymin><xmax>801.9365791</xmax><ymax>598.2344064</ymax></bndbox></object><object><name>car</name><pose>Unspecified</pose><truncated>0</truncated><difficult>0</difficult><bndbox><xmin>398.188485</xmin><ymin>535.4757236</ymin><xmax>484.4298639</xmax><ymax>591.9111636</ymax></bndbox></object><object><name>other_vehicle</name><pose>Unspecified</pose><truncated>0</truncated><difficult>0</difficult><bndbox><xmin>659.11084</xmin><ymin>516.4540586</ymin><xmax>698.3167446</xmax><ymax>555.2614255</ymax></bndbox></object><object><name>car</name><pose>Unspecified</pose><truncated>0</truncated><difficult>0</difficult><bndbox><xmin>691.7907394</xmin><ymin>531.1703293</ymin><xmax>743.7874263</xmax><ymax>574.7465146</ymax></bndbox></object><object><name>car</name><pose>Unspecified</pose><truncated>0</truncated><difficult>0</difficult><bndbox><xmin>681.3339334</xmin><ymin>538.4947148</ymin><xmax>723.905794</xmax><ymax>569.921576</ymax></bndbox></object><object><name>car</name><pose>Unspecified</pose><truncated>0</truncated><difficult>0</difficult><bndbox><xmin>536.9224706</xmin><ymin>534.8982265</ymin><xmax>599.4457948</xmax><ymax>582.9429876</ymax></bndbox></object><object><name>car</name><pose>Unspecified</pose><truncated>0</truncated><difficult>0</difficult><bndbox><xmin>693.494708</xmin><ymin>526.6242037</ymin><xmax>774.2796427</xmax><ymax>587.29009</ymax></bndbox></object><object><name>other_vehicle</name><pose>Unspecified</pose><truncated>0</truncated><difficult>0</difficult><bndbox><xmin>747.6568956</xmin><ymin>461.7861418</ymin><xmax>949.4317818</xmax><ymax>636.540701</ymax></bndbox></object></annotation>