<annotation><folder>test_xmls</folder><filename>host-a004_cam0_1233014854251064006.jpeg</filename><path>./imageshost-a004_cam0_1233014854251064006.jpeg</path><source><database>Unknown</database></source><size><width>1224</width><height>1024</height><depth>3</depth></size><segmented>0</segmented><object><name>car</name><pose>Unspecified</pose><truncated>0</truncated><difficult>0</difficult><bndbox><xmin>738.5935539</xmin><ymin>524.2991172</ymin><xmax>828.8623144</xmax><ymax>558.7891763</ymax></bndbox></object><object><name>car</name><pose>Unspecified</pose><truncated>0</truncated><difficult>0</difficult><bndbox><xmin>439.2479286</xmin><ymin>536.5251044</ymin><xmax>499.9495859</xmax><ymax>583.6850202</ymax></bndbox></object><object><name>car</name><pose>Unspecified</pose><truncated>0</truncated><difficult>0</difficult><bndbox><xmin>602.6447566</xmin><ymin>532.6835954</ymin><xmax>638.7670028</xmax><ymax>561.4658978</ymax></bndbox></object><object><name>car</name><pose>Unspecified</pose><truncated>0</truncated><difficult>0</difficult><bndbox><xmin>828.6478697</xmin><ymin>532.6595303</ymin><xmax>906.9292336</xmax><ymax>558.8477746</ymax></bndbox></object><object><name>car</name><pose>Unspecified</pose><truncated>0</truncated><difficult>0</difficult><bndbox><xmin>649.3158124</xmin><ymin>533.5273583</ymin><xmax>705.8651303</xmax><ymax>565.6791051</ymax></bndbox></object><object><name>car</name><pose>Unspecified</pose><truncated>0</truncated><difficult>0</difficult><bndbox><xmin>553.500239</xmin><ymin>535.3407804</ymin><xmax>582.8398854</xmax><ymax>563.5489914</ymax></bndbox></object><object><name>car</name><pose>Unspecified</pose><truncated>0</truncated><difficult>0</difficult><bndbox><xmin>0</xmin><ymin>548.999358</ymin><xmax>66.46654299</xmax><ymax>582.4431732</ymax></bndbox></object><object><name>car</name><pose>Unspecified</pose><truncated>0</truncated><difficult>0</difficult><bndbox><xmin>279.0969418</xmin><ymin>528.4394826</ymin><xmax>353.0723183</xmax><ymax>572.5573263</ymax></bndbox></object><object><name>car</name><pose>Unspecified</pose><truncated>0</truncated><difficult>0</difficult><bndbox><xmin>479.4359513</xmin><ymin>529.128203</ymin><xmax>530.7105935</xmax><ymax>570.7518349</ymax></bndbox></object><object><name>car</name><pose>Unspecified</pose><truncated>0</truncated><difficult>0</difficult><bndbox><xmin>1040.00253</xmin><ymin>507.1740905</ymin><xmax>1224.0</xmax><ymax>635.8711155</ymax></bndbox></object><object><name>car</name><pose>Unspecified</pose><truncated>0</truncated><difficult>0</difficult><bndbox><xmin>359.693213</xmin><ymin>529.2891062</ymin><xmax>436.16695</xmax><ymax>577.6434337</ymax></bndbox></object><object><name>car</name><pose>Unspecified</pose><truncated>0</truncated><difficult>0</difficult><bndbox><xmin>581.4302242</xmin><ymin>534.2400563</ymin><xmax>611.1137011</xmax><ymax>553.6849741</ymax></bndbox></object><object><name>car</name><pose>Unspecified</pose><truncated>0</truncated><difficult>0</difficult><bndbox><xmin>520.6651774</xmin><ymin>534.0613094</ymin><xmax>575.1010874</xmax><ymax>577.7821645</ymax></bndbox></object><object><name>car</name><pose>Unspecified</pose><truncated>0</truncated><difficult>0</difficult><bndbox><xmin>180.7599715</xmin><ymin>537.5596767</ymin><xmax>264.6246632</xmax><ymax>578.3798694</ymax></bndbox></object></annotation>