<annotation><folder>test_xmls</folder><filename>host-a004_cam0_1233685336951064006.jpeg</filename><path>./imageshost-a004_cam0_1233685336951064006.jpeg</path><source><database>Unknown</database></source><size><width>1224</width><height>1024</height><depth>3</depth></size><segmented>0</segmented><object><name>car</name><pose>Unspecified</pose><truncated>0</truncated><difficult>0</difficult><bndbox><xmin>419.9353317</xmin><ymin>553.0765113</ymin><xmax>451.2725955</xmax><ymax>576.6031139</ymax></bndbox></object><object><name>bus</name><pose>Unspecified</pose><truncated>0</truncated><difficult>0</difficult><bndbox><xmin>718.6431069</xmin><ymin>442.2813329</ymin><xmax>922.9696762</xmax><ymax>603.5111805</ymax></bndbox></object><object><name>car</name><pose>Unspecified</pose><truncated>0</truncated><difficult>0</difficult><bndbox><xmin>157.7802404</xmin><ymin>547.4238871</ymin><xmax>234.5024847</xmax><ymax>584.2466525</ymax></bndbox></object><object><name>car</name><pose>Unspecified</pose><truncated>0</truncated><difficult>0</difficult><bndbox><xmin>400.0207481</xmin><ymin>548.0432045</ymin><xmax>433.5083611</xmax><ymax>575.5548301</ymax></bndbox></object><object><name>car</name><pose>Unspecified</pose><truncated>0</truncated><difficult>0</difficult><bndbox><xmin>872.3722956</xmin><ymin>533.9319429</ymin><xmax>1000.599988</xmax><ymax>573.8656882</ymax></bndbox></object><object><name>car</name><pose>Unspecified</pose><truncated>0</truncated><difficult>0</difficult><bndbox><xmin>1063.286618</xmin><ymin>542.8602479</ymin><xmax>1224.0</xmax><ymax>588.7246799</ymax></bndbox></object></annotation>