<annotation><folder>test_xmls</folder><filename>host-a004_cam0_1233516156851064006.jpeg</filename><path>./imageshost-a004_cam0_1233516156851064006.jpeg</path><source><database>Unknown</database></source><size><width>1224</width><height>1024</height><depth>3</depth></size><segmented>0</segmented><object><name>car</name><pose>Unspecified</pose><truncated>0</truncated><difficult>0</difficult><bndbox><xmin>12.33544618</xmin><ymin>534.1790828</ymin><xmax>172.4669886</xmax><ymax>600.787137</ymax></bndbox></object><object><name>car</name><pose>Unspecified</pose><truncated>0</truncated><difficult>0</difficult><bndbox><xmin>319.0743059</xmin><ymin>542.5948583</ymin><xmax>382.7255506</xmax><ymax>570.9596511</ymax></bndbox></object><object><name>other_vehicle</name><pose>Unspecified</pose><truncated>0</truncated><difficult>0</difficult><bndbox><xmin>662.2051367</xmin><ymin>511.4469546</ymin><xmax>713.4761509</xmax><ymax>564.0941631</ymax></bndbox></object><object><name>car</name><pose>Unspecified</pose><truncated>0</truncated><difficult>0</difficult><bndbox><xmin>0</xmin><ymin>548.318059</ymin><xmax>62.84898012</xmax><ymax>596.3627294</ymax></bndbox></object><object><name>car</name><pose>Unspecified</pose><truncated>0</truncated><difficult>0</difficult><bndbox><xmin>628.1138978</xmin><ymin>536.3406346</ymin><xmax>645.90678</xmax><ymax>551.8084509</ymax></bndbox></object><object><name>car</name><pose>Unspecified</pose><truncated>0</truncated><difficult>0</difficult><bndbox><xmin>110.0250193</xmin><ymin>518.5394503</ymin><xmax>274.6675938</xmax><ymax>599.7560665</ymax></bndbox></object><object><name>other_vehicle</name><pose>Unspecified</pose><truncated>0</truncated><difficult>0</difficult><bndbox><xmin>691.4932982</xmin><ymin>469.2077625</ymin><xmax>871.346036</xmax><ymax>612.4333835</ymax></bndbox></object><object><name>car</name><pose>Unspecified</pose><truncated>0</truncated><difficult>0</difficult><bndbox><xmin>349.0717517</xmin><ymin>525.9986807</ymin><xmax>446.7900525</xmax><ymax>592.1589433</ymax></bndbox></object><object><name>car</name><pose>Unspecified</pose><truncated>0</truncated><difficult>0</difficult><bndbox><xmin>797.0878643</xmin><ymin>486.4525543</ymin><xmax>1194.113009</xmax><ymax>739.4844402</ymax></bndbox></object><object><name>car</name><pose>Unspecified</pose><truncated>0</truncated><difficult>0</difficult><bndbox><xmin>692.395978</xmin><ymin>539.7818124</ymin><xmax>767.8521267</xmax><ymax>588.0981207</ymax></bndbox></object><object><name>car</name><pose>Unspecified</pose><truncated>0</truncated><difficult>0</difficult><bndbox><xmin>676.4577519</xmin><ymin>539.8698001</ymin><xmax>720.797972</xmax><ymax>569.6413744</ymax></bndbox></object><object><name>car</name><pose>Unspecified</pose><truncated>0</truncated><difficult>0</difficult><bndbox><xmin>262.9430247</xmin><ymin>542.8866855</ymin><xmax>314.5423654</xmax><ymax>566.5357378</ymax></bndbox></object><object><name>other_vehicle</name><pose>Unspecified</pose><truncated>0</truncated><difficult>0</difficult><bndbox><xmin>679.8665214</xmin><ymin>495.7769511</ymin><xmax>760.2970266</xmax><ymax>582.426797</ymax></bndbox></object><object><name>other_vehicle</name><pose>Unspecified</pose><truncated>0</truncated><difficult>0</difficult><bndbox><xmin>655.7907721</xmin><ymin>522.2536997</ymin><xmax>689.3400268</xmax><ymax>557.4848324</ymax></bndbox></object><object><name>car</name><pose>Unspecified</pose><truncated>0</truncated><difficult>0</difficult><bndbox><xmin>295.7170398</xmin><ymin>543.1026275</ymin><xmax>341.6890553</xmax><ymax>563.9843056</ymax></bndbox></object><object><name>car</name><pose>Unspecified</pose><truncated>0</truncated><difficult>0</difficult><bndbox><xmin>283.6948549</xmin><ymin>541.9233168</ymin><xmax>503.4813413</xmax><ymax>670.7411667</ymax></bndbox></object></annotation>