<annotation><folder>test_xmls</folder><filename>host-a004_cam0_1233620266351064006.jpeg</filename><path>./imageshost-a004_cam0_1233620266351064006.jpeg</path><source><database>Unknown</database></source><size><width>1224</width><height>1024</height><depth>3</depth></size><segmented>0</segmented><object><name>car</name><pose>Unspecified</pose><truncated>0</truncated><difficult>0</difficult><bndbox><xmin>152.9657012</xmin><ymin>544.0926753</ymin><xmax>242.584962</xmax><ymax>586.6213921</ymax></bndbox></object><object><name>car</name><pose>Unspecified</pose><truncated>0</truncated><difficult>0</difficult><bndbox><xmin>449.1912083</xmin><ymin>530.0974657</ymin><xmax>485.1294125</xmax><ymax>557.2415502</ymax></bndbox></object><object><name>bicycle</name><pose>Unspecified</pose><truncated>0</truncated><difficult>0</difficult><bndbox><xmin>812.6388484</xmin><ymin>531.1210013</ymin><xmax>846.819715</xmax><ymax>589.2224916</ymax></bndbox></object><object><name>car</name><pose>Unspecified</pose><truncated>0</truncated><difficult>0</difficult><bndbox><xmin>245.1907895</xmin><ymin>540.0444221</ymin><xmax>308.1860347</xmax><ymax>578.6857713</ymax></bndbox></object><object><name>car</name><pose>Unspecified</pose><truncated>0</truncated><difficult>0</difficult><bndbox><xmin>402.6058808</xmin><ymin>538.4641801</ymin><xmax>633.2167538</xmax><ymax>626.6520678</ymax></bndbox></object><object><name>car</name><pose>Unspecified</pose><truncated>0</truncated><difficult>0</difficult><bndbox><xmin>334.8992398</xmin><ymin>538.0842157</ymin><xmax>389.9111644</xmax><ymax>571.340496</ymax></bndbox></object><object><name>car</name><pose>Unspecified</pose><truncated>0</truncated><difficult>0</difficult><bndbox><xmin>925.401811</xmin><ymin>531.6736146</ymin><xmax>1146.038593</xmax><ymax>594.4662067</ymax></bndbox></object><object><name>car</name><pose>Unspecified</pose><truncated>0</truncated><difficult>0</difficult><bndbox><xmin>282.6310901</xmin><ymin>535.5634018</ymin><xmax>364.072494</xmax><ymax>600.8209093</ymax></bndbox></object><object><name>car</name><pose>Unspecified</pose><truncated>0</truncated><difficult>0</difficult><bndbox><xmin>0</xmin><ymin>553.6757381</ymin><xmax>117.5882029</xmax><ymax>600.2213135</ymax></bndbox></object><object><name>car</name><pose>Unspecified</pose><truncated>0</truncated><difficult>0</difficult><bndbox><xmin>1026.899702</xmin><ymin>522.397004</ymin><xmax>1224.0</xmax><ymax>601.2356665</ymax></bndbox></object><object><name>car</name><pose>Unspecified</pose><truncated>0</truncated><difficult>0</difficult><bndbox><xmin>69.43548996</xmin><ymin>547.6927523</ymin><xmax>203.2091884</xmax><ymax>600.0970084</ymax></bndbox></object></annotation>