<annotation><folder>test_xmls</folder><filename>host-a004_cam0_1233682998851064006.jpeg</filename><path>./imageshost-a004_cam0_1233682998851064006.jpeg</path><source><database>Unknown</database></source><size><width>1224</width><height>1024</height><depth>3</depth></size><segmented>0</segmented><object><name>car</name><pose>Unspecified</pose><truncated>0</truncated><difficult>0</difficult><bndbox><xmin>801.4876328</xmin><ymin>529.1390615</ymin><xmax>1129.904479</xmax><ymax>738.3269179</ymax></bndbox></object><object><name>car</name><pose>Unspecified</pose><truncated>0</truncated><difficult>0</difficult><bndbox><xmin>668.3708197</xmin><ymin>545.1092476</ymin><xmax>700.1563422</xmax><ymax>568.2768866</ymax></bndbox></object><object><name>other_vehicle</name><pose>Unspecified</pose><truncated>0</truncated><difficult>0</difficult><bndbox><xmin>297.3059281</xmin><ymin>539.6371985</ymin><xmax>360.3941219</xmax><ymax>578.1016842</ymax></bndbox></object><object><name>car</name><pose>Unspecified</pose><truncated>0</truncated><difficult>0</difficult><bndbox><xmin>694.5403407</xmin><ymin>545.6969969</ymin><xmax>743.5541398</xmax><ymax>584.5095133</ymax></bndbox></object><object><name>other_vehicle</name><pose>Unspecified</pose><truncated>0</truncated><difficult>0</difficult><bndbox><xmin>347.303062</xmin><ymin>538.1781992</ymin><xmax>403.2113838</xmax><ymax>573.9498763</ymax></bndbox></object><object><name>car</name><pose>Unspecified</pose><truncated>0</truncated><difficult>0</difficult><bndbox><xmin>0</xmin><ymin>396.9304951</ymin><xmax>260.4829924</xmax><ymax>1024.0</ymax></bndbox></object><object><name>other_vehicle</name><pose>Unspecified</pose><truncated>0</truncated><difficult>0</difficult><bndbox><xmin>252.3738107</xmin><ymin>539.9094744</ymin><xmax>332.2430066</xmax><ymax>584.0609436</ymax></bndbox></object><object><name>car</name><pose>Unspecified</pose><truncated>0</truncated><difficult>0</difficult><bndbox><xmin>86.01508717</xmin><ymin>561.6089782</ymin><xmax>219.1198556</xmax><ymax>617.7006999</ymax></bndbox></object><object><name>car</name><pose>Unspecified</pose><truncated>0</truncated><difficult>0</difficult><bndbox><xmin>708.9208087</xmin><ymin>532.5617153</ymin><xmax>806.3878898</xmax><ymax>609.092583</ymax></bndbox></object><object><name>car</name><pose>Unspecified</pose><truncated>0</truncated><difficult>0</difficult><bndbox><xmin>661.1538701</xmin><ymin>541.5584363</ymin><xmax>691.9400653</xmax><ymax>566.9732128</ymax></bndbox></object><object><name>car</name><pose>Unspecified</pose><truncated>0</truncated><difficult>0</difficult><bndbox><xmin>0</xmin><ymin>539.3432965</ymin><xmax>109.8685962</xmax><ymax>620.3389074</ymax></bndbox></object><object><name>truck</name><pose>Unspecified</pose><truncated>0</truncated><difficult>0</difficult><bndbox><xmin>546.3807968</xmin><ymin>529.704161</ymin><xmax>580.7920935</xmax><ymax>565.3345747</ymax></bndbox></object><object><name>car</name><pose>Unspecified</pose><truncated>0</truncated><difficult>0</difficult><bndbox><xmin>209.7903381</xmin><ymin>556.7592931</ymin><xmax>278.1147383</xmax><ymax>588.9611622</ymax></bndbox></object><object><name>car</name><pose>Unspecified</pose><truncated>0</truncated><difficult>0</difficult><bndbox><xmin>518.9987308</xmin><ymin>543.8579624</ymin><xmax>577.7732546</xmax><ymax>590.9219135</ymax></bndbox></object></annotation>