<annotation><folder>test_xmls</folder><filename>host-a004_cam0_1233617941551064006.jpeg</filename><path>./imageshost-a004_cam0_1233617941551064006.jpeg</path><source><database>Unknown</database></source><size><width>1224</width><height>1024</height><depth>3</depth></size><segmented>0</segmented><object><name>car</name><pose>Unspecified</pose><truncated>0</truncated><difficult>0</difficult><bndbox><xmin>518.2367235</xmin><ymin>534.3700748</ymin><xmax>574.0544441</xmax><ymax>581.8017271</ymax></bndbox></object><object><name>car</name><pose>Unspecified</pose><truncated>0</truncated><difficult>0</difficult><bndbox><xmin>574.6795701</xmin><ymin>537.7857808</ymin><xmax>607.1797766</xmax><ymax>565.091358</ymax></bndbox></object><object><name>car</name><pose>Unspecified</pose><truncated>0</truncated><difficult>0</difficult><bndbox><xmin>418.5686782</xmin><ymin>535.50496</ymin><xmax>487.4538265</xmax><ymax>584.5676488</ymax></bndbox></object></annotation>