<annotation><folder>test_xmls</folder><filename>host-a004_cam0_1232842175251064006.jpeg</filename><path>./imageshost-a004_cam0_1232842175251064006.jpeg</path><source><database>Unknown</database></source><size><width>1224</width><height>1024</height><depth>3</depth></size><segmented>0</segmented><object><name>car</name><pose>Unspecified</pose><truncated>0</truncated><difficult>0</difficult><bndbox><xmin>458.780528</xmin><ymin>536.5078422</ymin><xmax>511.7492081</xmax><ymax>570.6045884</ymax></bndbox></object><object><name>car</name><pose>Unspecified</pose><truncated>0</truncated><difficult>0</difficult><bndbox><xmin>214.2370347</xmin><ymin>543.9241829</ymin><xmax>304.831756</xmax><ymax>585.9850359</ymax></bndbox></object><object><name>car</name><pose>Unspecified</pose><truncated>0</truncated><difficult>0</difficult><bndbox><xmin>75.14964147</xmin><ymin>550.3311391</ymin><xmax>144.6932242</xmax><ymax>572.7951447</ymax></bndbox></object><object><name>car</name><pose>Unspecified</pose><truncated>0</truncated><difficult>0</difficult><bndbox><xmin>663.8563107</xmin><ymin>531.4563278</ymin><xmax>694.6770627</xmax><ymax>557.7410825</ymax></bndbox></object><object><name>car</name><pose>Unspecified</pose><truncated>0</truncated><difficult>0</difficult><bndbox><xmin>205.893906</xmin><ymin>542.5632922</ymin><xmax>465.0306825</xmax><ymax>702.2040476</ymax></bndbox></object><object><name>car</name><pose>Unspecified</pose><truncated>0</truncated><difficult>0</difficult><bndbox><xmin>687.7971881</xmin><ymin>535.7669855</ymin><xmax>745.2121834</xmax><ymax>585.6625783</ymax></bndbox></object><object><name>car</name><pose>Unspecified</pose><truncated>0</truncated><difficult>0</difficult><bndbox><xmin>83.04422233</xmin><ymin>547.5752378</ymin><xmax>171.1246066</xmax><ymax>587.5452468</ymax></bndbox></object><object><name>pedestrian</name><pose>Unspecified</pose><truncated>0</truncated><difficult>0</difficult><bndbox><xmin>197.172248</xmin><ymin>543.6520537</ymin><xmax>214.3897147</xmax><ymax>567.7531753</ymax></bndbox></object><object><name>car</name><pose>Unspecified</pose><truncated>0</truncated><difficult>0</difficult><bndbox><xmin>610.5776463</xmin><ymin>535.1028718</ymin><xmax>662.5968941</xmax><ymax>584.5648551</ymax></bndbox></object><object><name>car</name><pose>Unspecified</pose><truncated>0</truncated><difficult>0</difficult><bndbox><xmin>418.4957354</xmin><ymin>541.1030562</ymin><xmax>449.9703355</xmax><ymax>557.0927874</ymax></bndbox></object><object><name>car</name><pose>Unspecified</pose><truncated>0</truncated><difficult>0</difficult><bndbox><xmin>149.9527939</xmin><ymin>550.5308192</ymin><xmax>214.5186527</xmax><ymax>582.0370171</ymax></bndbox></object><object><name>car</name><pose>Unspecified</pose><truncated>0</truncated><difficult>0</difficult><bndbox><xmin>0</xmin><ymin>546.2507633</ymin><xmax>87.62901676</xmax><ymax>623.6331696</ymax></bndbox></object></annotation>