<annotation><folder>test_xmls</folder><filename>host-a004_cam0_1233602015451064006.jpeg</filename><path>./imageshost-a004_cam0_1233602015451064006.jpeg</path><source><database>Unknown</database></source><size><width>1224</width><height>1024</height><depth>3</depth></size><segmented>0</segmented><object><name>car</name><pose>Unspecified</pose><truncated>0</truncated><difficult>0</difficult><bndbox><xmin>156.5223253</xmin><ymin>506.4335214</ymin><xmax>454.4770745</xmax><ymax>688.7505002</ymax></bndbox></object><object><name>car</name><pose>Unspecified</pose><truncated>0</truncated><difficult>0</difficult><bndbox><xmin>817.3148233</xmin><ymin>557.9224505</ymin><xmax>1224.0</xmax><ymax>914.3505744</ymax></bndbox></object><object><name>car</name><pose>Unspecified</pose><truncated>0</truncated><difficult>0</difficult><bndbox><xmin>544.5419061</xmin><ymin>540.792178</ymin><xmax>573.2955955</xmax><ymax>565.6222898</ymax></bndbox></object><object><name>car</name><pose>Unspecified</pose><truncated>0</truncated><difficult>0</difficult><bndbox><xmin>654.6978014</xmin><ymin>542.2253024</ymin><xmax>710.5657838</xmax><ymax>586.4572621</ymax></bndbox></object><object><name>bus</name><pose>Unspecified</pose><truncated>0</truncated><difficult>0</difficult><bndbox><xmin>642.647479</xmin><ymin>497.7242874</ymin><xmax>723.5601123</xmax><ymax>576.6762536</ymax></bndbox></object><object><name>truck</name><pose>Unspecified</pose><truncated>0</truncated><difficult>0</difficult><bndbox><xmin>452.9669051</xmin><ymin>509.7547709</ymin><xmax>523.186629</xmax><ymax>574.1346455</ymax></bndbox></object><object><name>other_vehicle</name><pose>Unspecified</pose><truncated>0</truncated><difficult>0</difficult><bndbox><xmin>665.9527363</xmin><ymin>450.2370988</ymin><xmax>845.7364273</xmax><ymax>623.6768871</ymax></bndbox></object><object><name>car</name><pose>Unspecified</pose><truncated>0</truncated><difficult>0</difficult><bndbox><xmin>661.3720204</xmin><ymin>546.0080746</ymin><xmax>730.3130465</xmax><ymax>594.8195484</ymax></bndbox></object><object><name>car</name><pose>Unspecified</pose><truncated>0</truncated><difficult>0</difficult><bndbox><xmin>562.4238815</xmin><ymin>542.7107032</ymin><xmax>583.4755576</xmax><ymax>560.1184534</ymax></bndbox></object><object><name>car</name><pose>Unspecified</pose><truncated>0</truncated><difficult>0</difficult><bndbox><xmin>256.7125657</xmin><ymin>544.1751085</ymin><xmax>314.7465148</xmax><ymax>573.4052993</ymax></bndbox></object><object><name>car</name><pose>Unspecified</pose><truncated>0</truncated><difficult>0</difficult><bndbox><xmin>504.4169249</xmin><ymin>537.2360198</ymin><xmax>558.0070197</xmax><ymax>578.7420219</ymax></bndbox></object><object><name>car</name><pose>Unspecified</pose><truncated>0</truncated><difficult>0</difficult><bndbox><xmin>720.7240084</xmin><ymin>552.730943</ymin><xmax>896.757046</xmax><ymax>662.5408393</ymax></bndbox></object></annotation>