<annotation><folder>test_xmls</folder><filename>host-a004_cam0_1233693201751064006.jpeg</filename><path>./imageshost-a004_cam0_1233693201751064006.jpeg</path><source><database>Unknown</database></source><size><width>1224</width><height>1024</height><depth>3</depth></size><segmented>0</segmented><object><name>car</name><pose>Unspecified</pose><truncated>0</truncated><difficult>0</difficult><bndbox><xmin>122.135115</xmin><ymin>549.5741357</ymin><xmax>217.4560666</xmax><ymax>590.9969755</ymax></bndbox></object><object><name>car</name><pose>Unspecified</pose><truncated>0</truncated><difficult>0</difficult><bndbox><xmin>0</xmin><ymin>558.1927958</ymin><xmax>60.26158971</xmax><ymax>606.7570414</ymax></bndbox></object><object><name>car</name><pose>Unspecified</pose><truncated>0</truncated><difficult>0</difficult><bndbox><xmin>319.8444565</xmin><ymin>543.0976987</ymin><xmax>501.6607847</xmax><ymax>661.820653</ymax></bndbox></object><object><name>car</name><pose>Unspecified</pose><truncated>0</truncated><difficult>0</difficult><bndbox><xmin>331.5488176</xmin><ymin>546.7150858</ymin><xmax>391.0146044</xmax><ymax>576.5998836</ymax></bndbox></object><object><name>bicycle</name><pose>Unspecified</pose><truncated>0</truncated><difficult>0</difficult><bndbox><xmin>1004.365665</xmin><ymin>530.1311927</ymin><xmax>1111.138337</xmax><ymax>605.7706395</ymax></bndbox></object><object><name>car</name><pose>Unspecified</pose><truncated>0</truncated><difficult>0</difficult><bndbox><xmin>521.1514961</xmin><ymin>530.7937728</ymin><xmax>579.8048157</xmax><ymax>582.859071</ymax></bndbox></object><object><name>car</name><pose>Unspecified</pose><truncated>0</truncated><difficult>0</difficult><bndbox><xmin>700.5140789</xmin><ymin>537.0791435</ymin><xmax>721.8533967</xmax><ymax>554.4394542</ymax></bndbox></object><object><name>car</name><pose>Unspecified</pose><truncated>0</truncated><difficult>0</difficult><bndbox><xmin>1219.947085</xmin><ymin>519.7412963</ymin><xmax>1224.0</xmax><ymax>574.7579064</ymax></bndbox></object><object><name>car</name><pose>Unspecified</pose><truncated>0</truncated><difficult>0</difficult><bndbox><xmin>247.0854262</xmin><ymin>545.8507048</ymin><xmax>318.7001133</xmax><ymax>581.9899269</ymax></bndbox></object><object><name>car</name><pose>Unspecified</pose><truncated>0</truncated><difficult>0</difficult><bndbox><xmin>613.5170751</xmin><ymin>541.3241628</ymin><xmax>672.5185592</xmax><ymax>595.1899935</ymax></bndbox></object><object><name>car</name><pose>Unspecified</pose><truncated>0</truncated><difficult>0</difficult><bndbox><xmin>631.2836547</xmin><ymin>535.850337</ymin><xmax>667.4247405</xmax><ymax>569.5400881</ymax></bndbox></object><object><name>car</name><pose>Unspecified</pose><truncated>0</truncated><difficult>0</difficult><bndbox><xmin>568.9163928</xmin><ymin>534.1720458</ymin><xmax>601.7387189</xmax><ymax>562.235249</ymax></bndbox></object></annotation>