<annotation><folder>test_xmls</folder><filename>host-a004_cam0_1232923276451064006.jpeg</filename><path>./imageshost-a004_cam0_1232923276451064006.jpeg</path><source><database>Unknown</database></source><size><width>1224</width><height>1024</height><depth>3</depth></size><segmented>0</segmented><object><name>car</name><pose>Unspecified</pose><truncated>0</truncated><difficult>0</difficult><bndbox><xmin>86.90372712</xmin><ymin>556.1120335</ymin><xmax>186.3059897</xmax><ymax>600.3636008</ymax></bndbox></object><object><name>car</name><pose>Unspecified</pose><truncated>0</truncated><difficult>0</difficult><bndbox><xmin>202.604927</xmin><ymin>552.7183389</ymin><xmax>316.3307643</xmax><ymax>607.1791744</ymax></bndbox></object><object><name>car</name><pose>Unspecified</pose><truncated>0</truncated><difficult>0</difficult><bndbox><xmin>252.5310157</xmin><ymin>552.767802</ymin><xmax>321.5089329</xmax><ymax>586.7858092</ymax></bndbox></object><object><name>car</name><pose>Unspecified</pose><truncated>0</truncated><difficult>0</difficult><bndbox><xmin>1196.138642</xmin><ymin>529.130696</ymin><xmax>1224.0</xmax><ymax>567.4880613</ymax></bndbox></object><object><name>car</name><pose>Unspecified</pose><truncated>0</truncated><difficult>0</difficult><bndbox><xmin>630.6867957</xmin><ymin>544.8378592</ymin><xmax>657.4558049</xmax><ymax>564.6688814</ymax></bndbox></object><object><name>car</name><pose>Unspecified</pose><truncated>0</truncated><difficult>0</difficult><bndbox><xmin>379.2283609</xmin><ymin>553.1964308</ymin><xmax>431.6417725</xmax><ymax>579.1268518</ymax></bndbox></object><object><name>car</name><pose>Unspecified</pose><truncated>0</truncated><difficult>0</difficult><bndbox><xmin>301.624797</xmin><ymin>541.3338021</ymin><xmax>381.7122824</xmax><ymax>580.177878</ymax></bndbox></object><object><name>car</name><pose>Unspecified</pose><truncated>0</truncated><difficult>0</difficult><bndbox><xmin>700.5162716</xmin><ymin>543.6187952</ymin><xmax>721.3989445</xmax><ymax>563.4861646</ymax></bndbox></object><object><name>car</name><pose>Unspecified</pose><truncated>0</truncated><difficult>0</difficult><bndbox><xmin>129.3342022</xmin><ymin>557.192266</ymin><xmax>255.9374489</xmax><ymax>604.6145275</ymax></bndbox></object><object><name>bicycle</name><pose>Unspecified</pose><truncated>0</truncated><difficult>0</difficult><bndbox><xmin>766.9971664</xmin><ymin>552.2096232</ymin><xmax>790.676281</xmax><ymax>568.4910887</ymax></bndbox></object><object><name>car</name><pose>Unspecified</pose><truncated>0</truncated><difficult>0</difficult><bndbox><xmin>315.1029673</xmin><ymin>553.5036517</ymin><xmax>396.7507819</xmax><ymax>588.8210168</ymax></bndbox></object><object><name>other_vehicle</name><pose>Unspecified</pose><truncated>0</truncated><difficult>0</difficult><bndbox><xmin>263.4254328</xmin><ymin>531.9931688</ymin><xmax>351.3130208</xmax><ymax>584.24034</ymax></bndbox></object><object><name>car</name><pose>Unspecified</pose><truncated>0</truncated><difficult>0</difficult><bndbox><xmin>145.0886287</xmin><ymin>551.9033333</ymin><xmax>249.7459479</xmax><ymax>597.5273176</ymax></bndbox></object><object><name>car</name><pose>Unspecified</pose><truncated>0</truncated><difficult>0</difficult><bndbox><xmin>403.5052258</xmin><ymin>547.1472335</ymin><xmax>443.1979346</xmax><ymax>570.7131903</ymax></bndbox></object><object><name>car</name><pose>Unspecified</pose><truncated>0</truncated><difficult>0</difficult><bndbox><xmin>39.92178919</xmin><ymin>560.9530235</ymin><xmax>162.1623296</xmax><ymax>608.4109549</ymax></bndbox></object></annotation>