<annotation><folder>test_xmls</folder><filename>host-a004_cam0_1233618021751064006.jpeg</filename><path>./imageshost-a004_cam0_1233618021751064006.jpeg</path><source><database>Unknown</database></source><size><width>1224</width><height>1024</height><depth>3</depth></size><segmented>0</segmented><object><name>car</name><pose>Unspecified</pose><truncated>0</truncated><difficult>0</difficult><bndbox><xmin>790.3094975</xmin><ymin>550.6354661</ymin><xmax>1132.400566</xmax><ymax>746.2758578</ymax></bndbox></object><object><name>car</name><pose>Unspecified</pose><truncated>0</truncated><difficult>0</difficult><bndbox><xmin>435.5170784</xmin><ymin>541.0222557</ymin><xmax>481.8538189</xmax><ymax>568.8317725</ymax></bndbox></object><object><name>car</name><pose>Unspecified</pose><truncated>0</truncated><difficult>0</difficult><bndbox><xmin>441.8322692</xmin><ymin>546.7309926</ymin><xmax>534.6097923</xmax><ymax>605.6087157</ymax></bndbox></object><object><name>car</name><pose>Unspecified</pose><truncated>0</truncated><difficult>0</difficult><bndbox><xmin>583.3011626</xmin><ymin>541.3341892</ymin><xmax>607.344317</xmax><ymax>561.0268828</ymax></bndbox></object><object><name>car</name><pose>Unspecified</pose><truncated>0</truncated><difficult>0</difficult><bndbox><xmin>543.7727529</xmin><ymin>534.3869519</ymin><xmax>591.6850485</xmax><ymax>576.9797454</ymax></bndbox></object><object><name>car</name><pose>Unspecified</pose><truncated>0</truncated><difficult>0</difficult><bndbox><xmin>211.8005812</xmin><ymin>545.089067</ymin><xmax>336.8995427</xmax><ymax>603.7629343</ymax></bndbox></object><object><name>car</name><pose>Unspecified</pose><truncated>0</truncated><difficult>0</difficult><bndbox><xmin>0</xmin><ymin>541.7551742</ymin><xmax>196.6761249</xmax><ymax>644.3377368</ymax></bndbox></object><object><name>car</name><pose>Unspecified</pose><truncated>0</truncated><difficult>0</difficult><bndbox><xmin>593.4341965</xmin><ymin>537.8236671</ymin><xmax>614.5312422</xmax><ymax>556.9030677</ymax></bndbox></object><object><name>car</name><pose>Unspecified</pose><truncated>0</truncated><difficult>0</difficult><bndbox><xmin>530.0581157</xmin><ymin>539.179956</ymin><xmax>552.2576947</xmax><ymax>555.3630385</ymax></bndbox></object><object><name>car</name><pose>Unspecified</pose><truncated>0</truncated><difficult>0</difficult><bndbox><xmin>1028.797947</xmin><ymin>564.3375468</ymin><xmax>1224.0</xmax><ymax>1024.0</ymax></bndbox></object><object><name>car</name><pose>Unspecified</pose><truncated>0</truncated><difficult>0</difficult><bndbox><xmin>322.7536218</xmin><ymin>543.9467646</ymin><xmax>406.6782277</xmax><ymax>586.9993908</ymax></bndbox></object><object><name>car</name><pose>Unspecified</pose><truncated>0</truncated><difficult>0</difficult><bndbox><xmin>726.9036135</xmin><ymin>541.5680126</ymin><xmax>775.4447742</xmax><ymax>559.8606205</ymax></bndbox></object><object><name>car</name><pose>Unspecified</pose><truncated>0</truncated><difficult>0</difficult><bndbox><xmin>390.346867</xmin><ymin>541.907299</ymin><xmax>451.8523987</xmax><ymax>575.753324</ymax></bndbox></object><object><name>car</name><pose>Unspecified</pose><truncated>0</truncated><difficult>0</difficult><bndbox><xmin>0</xmin><ymin>554.9151506</ymin><xmax>292.0379447</xmax><ymax>1019.119466</ymax></bndbox></object><object><name>car</name><pose>Unspecified</pose><truncated>0</truncated><difficult>0</difficult><bndbox><xmin>505.7707678</xmin><ymin>541.5370268</ymin><xmax>534.1982901</xmax><ymax>559.8458226</ymax></bndbox></object><object><name>car</name><pose>Unspecified</pose><truncated>0</truncated><difficult>0</difficult><bndbox><xmin>620.4096609</xmin><ymin>527.0807271</ymin><xmax>672.8542294</xmax><ymax>584.1954498</ymax></bndbox></object></annotation>