<annotation><folder>test_xmls</folder><filename>host-a004_cam0_1235944812951064006.jpeg</filename><path>./imageshost-a004_cam0_1235944812951064006.jpeg</path><source><database>Unknown</database></source><size><width>1224</width><height>1024</height><depth>3</depth></size><segmented>0</segmented><object><name>car</name><pose>Unspecified</pose><truncated>0</truncated><difficult>0</difficult><bndbox><xmin>946.3460779</xmin><ymin>517.1974048</ymin><xmax>1078.242622</xmax><ymax>564.6070772</ymax></bndbox></object><object><name>car</name><pose>Unspecified</pose><truncated>0</truncated><difficult>0</difficult><bndbox><xmin>898.289975</xmin><ymin>500.9899644</ymin><xmax>1093.842862</xmax><ymax>628.7826437</ymax></bndbox></object><object><name>car</name><pose>Unspecified</pose><truncated>0</truncated><difficult>0</difficult><bndbox><xmin>3.10182498</xmin><ymin>527.4054304</ymin><xmax>143.6749323</xmax><ymax>574.921119</ymax></bndbox></object><object><name>car</name><pose>Unspecified</pose><truncated>0</truncated><difficult>0</difficult><bndbox><xmin>1127.60537</xmin><ymin>525.2299048</ymin><xmax>1224.0</xmax><ymax>558.2464266</ymax></bndbox></object><object><name>car</name><pose>Unspecified</pose><truncated>0</truncated><difficult>0</difficult><bndbox><xmin>97.09698019</xmin><ymin>525.5888287</ymin><xmax>228.2216231</xmax><ymax>574.8169545</ymax></bndbox></object><object><name>bicycle</name><pose>Unspecified</pose><truncated>0</truncated><difficult>0</difficult><bndbox><xmin>1121.077249</xmin><ymin>526.2200073</ymin><xmax>1217.838455</xmax><ymax>597.8427721</ymax></bndbox></object><object><name>truck</name><pose>Unspecified</pose><truncated>0</truncated><difficult>0</difficult><bndbox><xmin>0</xmin><ymin>493.8349907</ymin><xmax>6.746505087</xmax><ymax>577.7996589</ymax></bndbox></object><object><name>car</name><pose>Unspecified</pose><truncated>0</truncated><difficult>0</difficult><bndbox><xmin>560.6732055</xmin><ymin>536.9151959</ymin><xmax>701.9599449</xmax><ymax>645.7347682</ymax></bndbox></object><object><name>car</name><pose>Unspecified</pose><truncated>0</truncated><difficult>0</difficult><bndbox><xmin>1197.845353</xmin><ymin>520.5641125</ymin><xmax>1224.0</xmax><ymax>559.6199956</ymax></bndbox></object><object><name>car</name><pose>Unspecified</pose><truncated>0</truncated><difficult>0</difficult><bndbox><xmin>17.09579687</xmin><ymin>521.102355</ymin><xmax>192.5938326</xmax><ymax>577.9928635</ymax></bndbox></object><object><name>car</name><pose>Unspecified</pose><truncated>0</truncated><difficult>0</difficult><bndbox><xmin>858.3551353</xmin><ymin>531.2202635</ymin><xmax>970.0796624</xmax><ymax>565.4844653</ymax></bndbox></object><object><name>car</name><pose>Unspecified</pose><truncated>0</truncated><difficult>0</difficult><bndbox><xmin>1012.386004</xmin><ymin>523.3173335</ymin><xmax>1126.973549</xmax><ymax>560.2222907</ymax></bndbox></object><object><name>car</name><pose>Unspecified</pose><truncated>0</truncated><difficult>0</difficult><bndbox><xmin>503.275003</xmin><ymin>536.2961679</ymin><xmax>751.9011314</xmax><ymax>741.1778579</ymax></bndbox></object><object><name>car</name><pose>Unspecified</pose><truncated>0</truncated><difficult>0</difficult><bndbox><xmin>518.565448</xmin><ymin>547.4861905</ymin><xmax>554.8288732</xmax><ymax>571.1838744</ymax></bndbox></object></annotation>