<annotation><folder>test_xmls</folder><filename>host-a004_cam0_1233516152851064006.jpeg</filename><path>./imageshost-a004_cam0_1233516152851064006.jpeg</path><source><database>Unknown</database></source><size><width>1224</width><height>1024</height><depth>3</depth></size><segmented>0</segmented><object><name>car</name><pose>Unspecified</pose><truncated>0</truncated><difficult>0</difficult><bndbox><xmin>577.5319801</xmin><ymin>536.8850046</ymin><xmax>607.8293156</xmax><ymax>560.0085945</ymax></bndbox></object><object><name>car</name><pose>Unspecified</pose><truncated>0</truncated><difficult>0</difficult><bndbox><xmin>682.0984308</xmin><ymin>540.4742881</ymin><xmax>732.3005523</xmax><ymax>573.3916259</ymax></bndbox></object><object><name>car</name><pose>Unspecified</pose><truncated>0</truncated><difficult>0</difficult><bndbox><xmin>0</xmin><ymin>550.3452933</ymin><xmax>152.4605218</xmax><ymax>611.5366615</ymax></bndbox></object><object><name>bicycle</name><pose>Unspecified</pose><truncated>0</truncated><difficult>0</difficult><bndbox><xmin>1081.705659</xmin><ymin>510.6117943</ymin><xmax>1146.841837</xmax><ymax>575.6813938</ymax></bndbox></object><object><name>car</name><pose>Unspecified</pose><truncated>0</truncated><difficult>0</difficult><bndbox><xmin>674.7984379</xmin><ymin>525.0596324</ymin><xmax>723.0196949</xmax><ymax>569.3246453</ymax></bndbox></object><object><name>car</name><pose>Unspecified</pose><truncated>0</truncated><difficult>0</difficult><bndbox><xmin>695.8176324</xmin><ymin>531.7450719</ymin><xmax>776.8899467</xmax><ymax>588.7090941</ymax></bndbox></object><object><name>other_vehicle</name><pose>Unspecified</pose><truncated>0</truncated><difficult>0</difficult><bndbox><xmin>660.6435</xmin><ymin>518.2199958</ymin><xmax>705.3811047</xmax><ymax>557.8678923</ymax></bndbox></object><object><name>car</name><pose>Unspecified</pose><truncated>0</truncated><difficult>0</difficult><bndbox><xmin>75.02734112</xmin><ymin>543.0888619</ymin><xmax>197.2595316</xmax><ymax>596.4571628</ymax></bndbox></object><object><name>car</name><pose>Unspecified</pose><truncated>0</truncated><difficult>0</difficult><bndbox><xmin>154.1078744</xmin><ymin>523.6443271</ymin><xmax>351.4927909</xmax><ymax>638.4385421</ymax></bndbox></object><object><name>car</name><pose>Unspecified</pose><truncated>0</truncated><difficult>0</difficult><bndbox><xmin>628.3698599</xmin><ymin>537.4052554</ymin><xmax>651.6474283</xmax><ymax>557.7578225</ymax></bndbox></object><object><name>car</name><pose>Unspecified</pose><truncated>0</truncated><difficult>0</difficult><bndbox><xmin>687.6042004</xmin><ymin>532.7228657</ymin><xmax>755.0001618</xmax><ymax>580.0521733</ymax></bndbox></object><object><name>car</name><pose>Unspecified</pose><truncated>0</truncated><difficult>0</difficult><bndbox><xmin>405.9401054</xmin><ymin>536.3855983</ymin><xmax>447.4632211</xmax><ymax>563.2275994</ymax></bndbox></object><object><name>car</name><pose>Unspecified</pose><truncated>0</truncated><difficult>0</difficult><bndbox><xmin>450.4636267</xmin><ymin>532.8397076</ymin><xmax>486.3103782</xmax><ymax>557.8504679</ymax></bndbox></object><object><name>car</name><pose>Unspecified</pose><truncated>0</truncated><difficult>0</difficult><bndbox><xmin>709.5032729</xmin><ymin>534.9484869</ymin><xmax>790.2165174</xmax><ymax>601.8082265</ymax></bndbox></object></annotation>