<annotation><folder>test_xmls</folder><filename>host-a004_cam0_1232987662151064006.jpeg</filename><path>./imageshost-a004_cam0_1232987662151064006.jpeg</path><source><database>Unknown</database></source><size><width>1224</width><height>1024</height><depth>3</depth></size><segmented>0</segmented><object><name>car</name><pose>Unspecified</pose><truncated>0</truncated><difficult>0</difficult><bndbox><xmin>514.2977458</xmin><ymin>534.4802284</ymin><xmax>622.4311207</xmax><ymax>618.6924504</ymax></bndbox></object><object><name>car</name><pose>Unspecified</pose><truncated>0</truncated><difficult>0</difficult><bndbox><xmin>673.0247061</xmin><ymin>533.3222528</ymin><xmax>703.1841386</xmax><ymax>560.4192644</ymax></bndbox></object><object><name>car</name><pose>Unspecified</pose><truncated>0</truncated><difficult>0</difficult><bndbox><xmin>689.1059793</xmin><ymin>534.3590693</ymin><xmax>742.8322903</xmax><ymax>575.1628391</ymax></bndbox></object><object><name>car</name><pose>Unspecified</pose><truncated>0</truncated><difficult>0</difficult><bndbox><xmin>435.1962839</xmin><ymin>537.4927138</ymin><xmax>502.5196637</xmax><ymax>580.3144258</ymax></bndbox></object><object><name>car</name><pose>Unspecified</pose><truncated>0</truncated><difficult>0</difficult><bndbox><xmin>738.0806682</xmin><ymin>512.0565423</ymin><xmax>892.7433449</xmax><ymax>640.4957726</ymax></bndbox></object><object><name>car</name><pose>Unspecified</pose><truncated>0</truncated><difficult>0</difficult><bndbox><xmin>682.6371321</xmin><ymin>526.7693182</ymin><xmax>726.8627138</xmax><ymax>568.89928</ymax></bndbox></object><object><name>car</name><pose>Unspecified</pose><truncated>0</truncated><difficult>0</difficult><bndbox><xmin>693.8291585</xmin><ymin>537.5024855</ymin><xmax>761.3482376</xmax><ymax>586.5286913</ymax></bndbox></object><object><name>other_vehicle</name><pose>Unspecified</pose><truncated>0</truncated><difficult>0</difficult><bndbox><xmin>0</xmin><ymin>518.8722365</ymin><xmax>109.860351</xmax><ymax>575.066612</ymax></bndbox></object><object><name>car</name><pose>Unspecified</pose><truncated>0</truncated><difficult>0</difficult><bndbox><xmin>601.3129049</xmin><ymin>530.4838817</ymin><xmax>622.6897722</xmax><ymax>549.1160104</ymax></bndbox></object><object><name>car</name><pose>Unspecified</pose><truncated>0</truncated><difficult>0</difficult><bndbox><xmin>493.9748491</xmin><ymin>530.0781786</ymin><xmax>537.7458519</xmax><ymax>563.5617513</ymax></bndbox></object><object><name>other_vehicle</name><pose>Unspecified</pose><truncated>0</truncated><difficult>0</difficult><bndbox><xmin>289.005829</xmin><ymin>524.0390667</ymin><xmax>355.9120673</xmax><ymax>569.9460848</ymax></bndbox></object><object><name>car</name><pose>Unspecified</pose><truncated>0</truncated><difficult>0</difficult><bndbox><xmin>792.8852771</xmin><ymin>515.7426834</ymin><xmax>1075.62805</xmax><ymax>711.0411989</ymax></bndbox></object><object><name>car</name><pose>Unspecified</pose><truncated>0</truncated><difficult>0</difficult><bndbox><xmin>532.8619708</xmin><ymin>528.9009339</ymin><xmax>589.1317672</xmax><ymax>576.6057257</ymax></bndbox></object></annotation>