<annotation><folder>test_xmls</folder><filename>host-a004_cam0_1233602034651064006.jpeg</filename><path>./imageshost-a004_cam0_1233602034651064006.jpeg</path><source><database>Unknown</database></source><size><width>1224</width><height>1024</height><depth>3</depth></size><segmented>0</segmented><object><name>car</name><pose>Unspecified</pose><truncated>0</truncated><difficult>0</difficult><bndbox><xmin>525.3229473</xmin><ymin>538.6418796</ymin><xmax>579.8099959</xmax><ymax>579.756419</ymax></bndbox></object><object><name>car</name><pose>Unspecified</pose><truncated>0</truncated><difficult>0</difficult><bndbox><xmin>347.7997484</xmin><ymin>534.1608877</ymin><xmax>445.125978</xmax><ymax>601.3346664</ymax></bndbox></object><object><name>car</name><pose>Unspecified</pose><truncated>0</truncated><difficult>0</difficult><bndbox><xmin>81.90801741</xmin><ymin>528.2284857</ymin><xmax>430.7694576</xmax><ymax>734.8897187</ymax></bndbox></object></annotation>