<annotation><folder>test_xmls</folder><filename>host-a004_cam0_1232838138651064006.jpeg</filename><path>./imageshost-a004_cam0_1232838138651064006.jpeg</path><source><database>Unknown</database></source><size><width>1224</width><height>1024</height><depth>3</depth></size><segmented>0</segmented><object><name>car</name><pose>Unspecified</pose><truncated>0</truncated><difficult>0</difficult><bndbox><xmin>536.5884024</xmin><ymin>535.7336536</ymin><xmax>563.7063061</xmax><ymax>556.3642522</ymax></bndbox></object><object><name>car</name><pose>Unspecified</pose><truncated>0</truncated><difficult>0</difficult><bndbox><xmin>259.0935969</xmin><ymin>536.4613485</ymin><xmax>311.604473</xmax><ymax>564.0039915</ymax></bndbox></object><object><name>car</name><pose>Unspecified</pose><truncated>0</truncated><difficult>0</difficult><bndbox><xmin>451.5627576</xmin><ymin>525.7280005</ymin><xmax>551.6802685</xmax><ymax>602.941414</ymax></bndbox></object><object><name>other_vehicle</name><pose>Unspecified</pose><truncated>0</truncated><difficult>0</difficult><bndbox><xmin>691.8139905</xmin><ymin>453.8509151</ymin><xmax>862.7098922</xmax><ymax>619.8484189</ymax></bndbox></object><object><name>bus</name><pose>Unspecified</pose><truncated>0</truncated><difficult>0</difficult><bndbox><xmin>606.2936974</xmin><ymin>499.9094983</ymin><xmax>664.7421938</xmax><ymax>564.2223566</ymax></bndbox></object><object><name>car</name><pose>Unspecified</pose><truncated>0</truncated><difficult>0</difficult><bndbox><xmin>217.9010454</xmin><ymin>535.1110401</ymin><xmax>291.6594574</xmax><ymax>569.7068181</ymax></bndbox></object><object><name>car</name><pose>Unspecified</pose><truncated>0</truncated><difficult>0</difficult><bndbox><xmin>584.9609513</xmin><ymin>533.965801</ymin><xmax>615.5671506</xmax><ymax>553.6221739</ymax></bndbox></object><object><name>car</name><pose>Unspecified</pose><truncated>0</truncated><difficult>0</difficult><bndbox><xmin>13.79207797</xmin><ymin>539.5190126</ymin><xmax>287.4112276</xmax><ymax>659.04961</ymax></bndbox></object><object><name>car</name><pose>Unspecified</pose><truncated>0</truncated><difficult>0</difficult><bndbox><xmin>760.7561412</xmin><ymin>548.0221875</ymin><xmax>929.7381153</xmax><ymax>666.8214795</ymax></bndbox></object><object><name>other_vehicle</name><pose>Unspecified</pose><truncated>0</truncated><difficult>0</difficult><bndbox><xmin>664.0165513</xmin><ymin>510.6739727</ymin><xmax>704.1866254</xmax><ymax>553.522457</ymax></bndbox></object><object><name>car</name><pose>Unspecified</pose><truncated>0</truncated><difficult>0</difficult><bndbox><xmin>681.0444243</xmin><ymin>535.2563498</ymin><xmax>722.9620921</xmax><ymax>564.6208369</ymax></bndbox></object><object><name>car</name><pose>Unspecified</pose><truncated>0</truncated><difficult>0</difficult><bndbox><xmin>546.585186</xmin><ymin>537.6345858</ymin><xmax>589.7386658</xmax><ymax>566.3611754</ymax></bndbox></object><object><name>car</name><pose>Unspecified</pose><truncated>0</truncated><difficult>0</difficult><bndbox><xmin>848.2700631</xmin><ymin>567.7169273</ymin><xmax>1224.0</xmax><ymax>813.6005049</ymax></bndbox></object></annotation>