<annotation><folder>test_xmls</folder><filename>host-a004_cam0_1232817649651064006.jpeg</filename><path>./imageshost-a004_cam0_1232817649651064006.jpeg</path><source><database>Unknown</database></source><size><width>1224</width><height>1024</height><depth>3</depth></size><segmented>0</segmented><object><name>other_vehicle</name><pose>Unspecified</pose><truncated>0</truncated><difficult>0</difficult><bndbox><xmin>702.3352353</xmin><ymin>377.7833863</ymin><xmax>1001.404046</xmax><ymax>673.6749117</ymax></bndbox></object><object><name>car</name><pose>Unspecified</pose><truncated>0</truncated><difficult>0</difficult><bndbox><xmin>679.9906072</xmin><ymin>538.5656911</ymin><xmax>736.7831158</xmax><ymax>574.1947385</ymax></bndbox></object><object><name>car</name><pose>Unspecified</pose><truncated>0</truncated><difficult>0</difficult><bndbox><xmin>0</xmin><ymin>561.4635052</ymin><xmax>197.4636141</xmax><ymax>1024.0</ymax></bndbox></object><object><name>car</name><pose>Unspecified</pose><truncated>0</truncated><difficult>0</difficult><bndbox><xmin>176.5125094</xmin><ymin>543.4322398</ymin><xmax>248.0393335</xmax><ymax>572.4957103</ymax></bndbox></object><object><name>car</name><pose>Unspecified</pose><truncated>0</truncated><difficult>0</difficult><bndbox><xmin>120.4979455</xmin><ymin>537.3352183</ymin><xmax>206.2832882</xmax><ymax>577.4257276</ymax></bndbox></object><object><name>car</name><pose>Unspecified</pose><truncated>0</truncated><difficult>0</difficult><bndbox><xmin>666.6102055</xmin><ymin>525.4672897</ymin><xmax>712.8034874</xmax><ymax>564.6639116</ymax></bndbox></object><object><name>other_vehicle</name><pose>Unspecified</pose><truncated>0</truncated><difficult>0</difficult><bndbox><xmin>657.2189982</xmin><ymin>517.8042309</ymin><xmax>701.7186149</xmax><ymax>559.3052204</ymax></bndbox></object><object><name>car</name><pose>Unspecified</pose><truncated>0</truncated><difficult>0</difficult><bndbox><xmin>687.8196327</xmin><ymin>532.0183557</ymin><xmax>754.1773084</xmax><ymax>583.6054954</ymax></bndbox></object><object><name>car</name><pose>Unspecified</pose><truncated>0</truncated><difficult>0</difficult><bndbox><xmin>50.65517923</xmin><ymin>546.7894068</ymin><xmax>139.0160852</xmax><ymax>583.4090863</ymax></bndbox></object><object><name>car</name><pose>Unspecified</pose><truncated>0</truncated><difficult>0</difficult><bndbox><xmin>397.9333869</xmin><ymin>534.1083328</ymin><xmax>475.0673813</xmax><ymax>582.9997694</ymax></bndbox></object><object><name>car</name><pose>Unspecified</pose><truncated>0</truncated><difficult>0</difficult><bndbox><xmin>0</xmin><ymin>548.3810847</ymin><xmax>77.8997816</xmax><ymax>593.1322171</ymax></bndbox></object><object><name>car</name><pose>Unspecified</pose><truncated>0</truncated><difficult>0</difficult><bndbox><xmin>848.7770292</xmin><ymin>516.3614601</ymin><xmax>1224.0</xmax><ymax>915.8730777</ymax></bndbox></object><object><name>car</name><pose>Unspecified</pose><truncated>0</truncated><difficult>0</difficult><bndbox><xmin>674.9788069</xmin><ymin>521.8292434</ymin><xmax>722.5670566</xmax><ymax>568.5019504</ymax></bndbox></object><object><name>car</name><pose>Unspecified</pose><truncated>0</truncated><difficult>0</difficult><bndbox><xmin>580.2626529</xmin><ymin>533.5563183</ymin><xmax>604.8764301</xmax><ymax>551.4751124</ymax></bndbox></object><object><name>pedestrian</name><pose>Unspecified</pose><truncated>0</truncated><difficult>0</difficult><bndbox><xmin>662.8265514</xmin><ymin>527.8240765</ymin><xmax>679.6643679</xmax><ymax>566.2282951</ymax></bndbox></object><object><name>car</name><pose>Unspecified</pose><truncated>0</truncated><difficult>0</difficult><bndbox><xmin>255.4142233</xmin><ymin>540.6809652</ymin><xmax>308.8835744</xmax><ymax>563.7131856</ymax></bndbox></object><object><name>car</name><pose>Unspecified</pose><truncated>0</truncated><difficult>0</difficult><bndbox><xmin>218.4116684</xmin><ymin>540.7408523</ymin><xmax>267.9705034</xmax><ymax>566.3213884</ymax></bndbox></object></annotation>