<annotation><folder>test_xmls</folder><filename>host-a004_cam0_1232838159851064006.jpeg</filename><path>./imageshost-a004_cam0_1232838159851064006.jpeg</path><source><database>Unknown</database></source><size><width>1224</width><height>1024</height><depth>3</depth></size><segmented>0</segmented><object><name>car</name><pose>Unspecified</pose><truncated>0</truncated><difficult>0</difficult><bndbox><xmin>610.0844345</xmin><ymin>532.0029123</ymin><xmax>630.2996426</xmax><ymax>549.8551</ymax></bndbox></object><object><name>car</name><pose>Unspecified</pose><truncated>0</truncated><difficult>0</difficult><bndbox><xmin>582.1603162</xmin><ymin>533.2149031</ymin><xmax>609.0707614</xmax><ymax>553.3092684</ymax></bndbox></object><object><name>car</name><pose>Unspecified</pose><truncated>0</truncated><difficult>0</difficult><bndbox><xmin>498.1469296</xmin><ymin>535.4453262</ymin><xmax>541.297173</xmax><ymax>566.715774</ymax></bndbox></object><object><name>bus</name><pose>Unspecified</pose><truncated>0</truncated><difficult>0</difficult><bndbox><xmin>627.3922776</xmin><ymin>506.8499104</ymin><xmax>682.5000544</xmax><ymax>567.4128444</ymax></bndbox></object><object><name>car</name><pose>Unspecified</pose><truncated>0</truncated><difficult>0</difficult><bndbox><xmin>561.3332244</xmin><ymin>533.5590924</ymin><xmax>582.5313137</xmax><ymax>551.2179277</ymax></bndbox></object><object><name>car</name><pose>Unspecified</pose><truncated>0</truncated><difficult>0</difficult><bndbox><xmin>355.4508506</xmin><ymin>538.179322</ymin><xmax>523.2164545</xmax><ymax>648.6230446</ymax></bndbox></object></annotation>