<annotation><folder>test_xmls</folder><filename>host-a004_cam0_1232838151851064006.jpeg</filename><path>./imageshost-a004_cam0_1232838151851064006.jpeg</path><source><database>Unknown</database></source><size><width>1224</width><height>1024</height><depth>3</depth></size><segmented>0</segmented><object><name>car</name><pose>Unspecified</pose><truncated>0</truncated><difficult>0</difficult><bndbox><xmin>564.5628127</xmin><ymin>534.192005</ymin><xmax>593.2371977</xmax><ymax>559.434651</ymax></bndbox></object><object><name>car</name><pose>Unspecified</pose><truncated>0</truncated><difficult>0</difficult><bndbox><xmin>466.5616724</xmin><ymin>535.7115745</ymin><xmax>512.4226517</xmax><ymax>569.1924658</ymax></bndbox></object><object><name>bus</name><pose>Unspecified</pose><truncated>0</truncated><difficult>0</difficult><bndbox><xmin>597.8688589</xmin><ymin>503.9920837</ymin><xmax>656.1152302</xmax><ymax>568.0193224</ymax></bndbox></object><object><name>car</name><pose>Unspecified</pose><truncated>0</truncated><difficult>0</difficult><bndbox><xmin>0</xmin><ymin>539.2714355</ymin><xmax>109.3341049</xmax><ymax>790.281672</ymax></bndbox></object><object><name>car</name><pose>Unspecified</pose><truncated>0</truncated><difficult>0</difficult><bndbox><xmin>530.6801183</xmin><ymin>538.3423046</ymin><xmax>573.9523797</xmax><ymax>570.5655514</ymax></bndbox></object></annotation>