<annotation><folder>test_xmls</folder><filename>host-a004_cam0_1235944813951064006.jpeg</filename><path>./imageshost-a004_cam0_1235944813951064006.jpeg</path><source><database>Unknown</database></source><size><width>1224</width><height>1024</height><depth>3</depth></size><segmented>0</segmented><object><name>car</name><pose>Unspecified</pose><truncated>0</truncated><difficult>0</difficult><bndbox><xmin>946.1972042</xmin><ymin>517.4003573</ymin><xmax>1078.062389</xmax><ymax>564.8140103</ymax></bndbox></object><object><name>car</name><pose>Unspecified</pose><truncated>0</truncated><difficult>0</difficult><bndbox><xmin>858.223733</xmin><ymin>531.3773267</ymin><xmax>969.9183332</xmax><ymax>565.646498</ymax></bndbox></object><object><name>car</name><pose>Unspecified</pose><truncated>0</truncated><difficult>0</difficult><bndbox><xmin>17.21223615</xmin><ymin>521.4472267</ymin><xmax>192.623383</xmax><ymax>578.3271654</ymax></bndbox></object><object><name>car</name><pose>Unspecified</pose><truncated>0</truncated><difficult>0</difficult><bndbox><xmin>1127.401009</xmin><ymin>525.3986079</ymin><xmax>1224.0</xmax><ymax>558.4219271</ymax></bndbox></object><object><name>car</name><pose>Unspecified</pose><truncated>0</truncated><difficult>0</difficult><bndbox><xmin>1012.227107</xmin><ymin>523.4699848</ymin><xmax>1126.786823</xmax><ymax>560.3797592</ymax></bndbox></object><object><name>car</name><pose>Unspecified</pose><truncated>0</truncated><difficult>0</difficult><bndbox><xmin>1163.828069</xmin><ymin>521.2316541</ymin><xmax>1224.0</xmax><ymax>560.2199262</ymax></bndbox></object><object><name>car</name><pose>Unspecified</pose><truncated>0</truncated><difficult>0</difficult><bndbox><xmin>906.0196295</xmin><ymin>508.2590429</ymin><xmax>1030.806455</xmax><ymax>614.0087329</ymax></bndbox></object><object><name>car</name><pose>Unspecified</pose><truncated>0</truncated><difficult>0</difficult><bndbox><xmin>502.0620426</xmin><ymin>538.011473</ymin><xmax>750.2252656</xmax><ymax>742.5223418</ymax></bndbox></object><object><name>car</name><pose>Unspecified</pose><truncated>0</truncated><difficult>0</difficult><bndbox><xmin>97.18711612</xmin><ymin>525.8589895</ymin><xmax>228.2593516</xmax><ymax>575.0783072</ymax></bndbox></object><object><name>car</name><pose>Unspecified</pose><truncated>0</truncated><difficult>0</difficult><bndbox><xmin>3.237771568</xmin><ymin>527.7093428</ymin><xmax>143.7445481</xmax><ymax>575.2171272</ymax></bndbox></object><object><name>truck</name><pose>Unspecified</pose><truncated>0</truncated><difficult>0</difficult><bndbox><xmin>0</xmin><ymin>494.8352623</ymin><xmax>6.836425271</xmax><ymax>578.7796541</ymax></bndbox></object><object><name>car</name><pose>Unspecified</pose><truncated>0</truncated><difficult>0</difficult><bndbox><xmin>493.2532982</xmin><ymin>545.5463288</ymin><xmax>542.9491265</xmax><ymax>571.3219006</ymax></bndbox></object><object><name>car</name><pose>Unspecified</pose><truncated>0</truncated><difficult>0</difficult><bndbox><xmin>560.0244486</xmin><ymin>537.7810789</ymin><xmax>701.191582</xmax><ymax>646.5165942</ymax></bndbox></object><object><name>bicycle</name><pose>Unspecified</pose><truncated>0</truncated><difficult>0</difficult><bndbox><xmin>1120.417121</xmin><ymin>526.7492213</ymin><xmax>1217.07432</xmax><ymax>598.3428738</ymax></bndbox></object></annotation>