<annotation><folder>test_xmls</folder><filename>host-a004_cam0_1233620267551064006.jpeg</filename><path>./imageshost-a004_cam0_1233620267551064006.jpeg</path><source><database>Unknown</database></source><size><width>1224</width><height>1024</height><depth>3</depth></size><segmented>0</segmented><object><name>car</name><pose>Unspecified</pose><truncated>0</truncated><difficult>0</difficult><bndbox><xmin>176.53801</xmin><ymin>539.6005934</ymin><xmax>256.4588776</xmax><ymax>585.3654032</ymax></bndbox></object><object><name>car</name><pose>Unspecified</pose><truncated>0</truncated><difficult>0</difficult><bndbox><xmin>1027.166523</xmin><ymin>522.7305425</ymin><xmax>1224.0</xmax><ymax>601.5488596</ymax></bndbox></object><object><name>bicycle</name><pose>Unspecified</pose><truncated>0</truncated><difficult>0</difficult><bndbox><xmin>812.8679048</xmin><ymin>531.3410359</ymin><xmax>847.0604977</xmax><ymax>589.4507679</ymax></bndbox></object><object><name>car</name><pose>Unspecified</pose><truncated>0</truncated><difficult>0</difficult><bndbox><xmin>959.2048608</xmin><ymin>523.8890927</ymin><xmax>1224.0</xmax><ymax>644.3518041</ymax></bndbox></object><object><name>car</name><pose>Unspecified</pose><truncated>0</truncated><difficult>0</difficult><bndbox><xmin>925.6449391</xmin><ymin>531.9285473</ymin><xmax>1146.285807</xmax><ymax>594.7313473</ymax></bndbox></object><object><name>car</name><pose>Unspecified</pose><truncated>0</truncated><difficult>0</difficult><bndbox><xmin>415.4035345</xmin><ymin>529.9868133</ymin><xmax>626.6746173</xmax><ymax>622.0429233</ymax></bndbox></object><object><name>car</name><pose>Unspecified</pose><truncated>0</truncated><difficult>0</difficult><bndbox><xmin>331.7595089</xmin><ymin>544.9731308</ymin><xmax>375.7684492</xmax><ymax>568.0990199</ymax></bndbox></object><object><name>car</name><pose>Unspecified</pose><truncated>0</truncated><difficult>0</difficult><bndbox><xmin>0.254567561</xmin><ymin>546.2062733</ymin><xmax>136.6437798</xmax><ymax>603.2326894</ymax></bndbox></object><object><name>car</name><pose>Unspecified</pose><truncated>0</truncated><difficult>0</difficult><bndbox><xmin>226.6285071</xmin><ymin>537.6177804</ymin><xmax>313.2162099</xmax><ymax>583.3967492</ymax></bndbox></object><object><name>car</name><pose>Unspecified</pose><truncated>0</truncated><difficult>0</difficult><bndbox><xmin>413.7283567</xmin><ymin>529.4828177</ymin><xmax>459.0626413</xmax><ymax>562.1054309</ymax></bndbox></object></annotation>