<annotation><folder>test_xmls</folder><filename>host-a004_cam0_1233617948751064006.jpeg</filename><path>./imageshost-a004_cam0_1233617948751064006.jpeg</path><source><database>Unknown</database></source><size><width>1224</width><height>1024</height><depth>3</depth></size><segmented>0</segmented><object><name>car</name><pose>Unspecified</pose><truncated>0</truncated><difficult>0</difficult><bndbox><xmin>1154.99164</xmin><ymin>522.5103626</ymin><xmax>1224.0</xmax><ymax>557.2111287</ymax></bndbox></object><object><name>car</name><pose>Unspecified</pose><truncated>0</truncated><difficult>0</difficult><bndbox><xmin>455.9338107</xmin><ymin>539.8643243</ymin><xmax>493.3367239</xmax><ymax>564.6794694</ymax></bndbox></object><object><name>car</name><pose>Unspecified</pose><truncated>0</truncated><difficult>0</difficult><bndbox><xmin>98.2212422</xmin><ymin>562.1301317</ymin><xmax>184.4975246</xmax><ymax>597.9721317</ymax></bndbox></object><object><name>car</name><pose>Unspecified</pose><truncated>0</truncated><difficult>0</difficult><bndbox><xmin>555.9259911</xmin><ymin>535.3078796</ymin><xmax>594.819443</xmax><ymax>569.4684093</ymax></bndbox></object><object><name>car</name><pose>Unspecified</pose><truncated>0</truncated><difficult>0</difficult><bndbox><xmin>435.3439562</xmin><ymin>544.2669329</ymin><xmax>472.3133172</xmax><ymax>567.060461</ymax></bndbox></object><object><name>car</name><pose>Unspecified</pose><truncated>0</truncated><difficult>0</difficult><bndbox><xmin>599.8448298</xmin><ymin>537.8048213</ymin><xmax>626.4563077</xmax><ymax>559.5748868</ymax></bndbox></object><object><name>car</name><pose>Unspecified</pose><truncated>0</truncated><difficult>0</difficult><bndbox><xmin>406.923592</xmin><ymin>544.9369948</ymin><xmax>452.2860898</xmax><ymax>573.2125164</ymax></bndbox></object><object><name>car</name><pose>Unspecified</pose><truncated>0</truncated><difficult>0</difficult><bndbox><xmin>149.7405465</xmin><ymin>544.3576518</ymin><xmax>349.385418</xmax><ymax>646.5737689</ymax></bndbox></object><object><name>car</name><pose>Unspecified</pose><truncated>0</truncated><difficult>0</difficult><bndbox><xmin>775.1879198</xmin><ymin>534.6552918</ymin><xmax>881.4792732</xmax><ymax>573.8974162</ymax></bndbox></object><object><name>car</name><pose>Unspecified</pose><truncated>0</truncated><difficult>0</difficult><bndbox><xmin>342.0807778</xmin><ymin>550.9186522</ymin><xmax>380.7593885</xmax><ymax>571.0990432</ymax></bndbox></object><object><name>car</name><pose>Unspecified</pose><truncated>0</truncated><difficult>0</difficult><bndbox><xmin>970.6013179</xmin><ymin>527.5727882</ymin><xmax>1172.195495</xmax><ymax>622.2874368</ymax></bndbox></object><object><name>bus</name><pose>Unspecified</pose><truncated>0</truncated><difficult>0</difficult><bndbox><xmin>361.4894938</xmin><ymin>531.2790944</ymin><xmax>416.4487835</xmax><ymax>569.5181812</ymax></bndbox></object><object><name>car</name><pose>Unspecified</pose><truncated>0</truncated><difficult>0</difficult><bndbox><xmin>312.4963458</xmin><ymin>548.7901184</ymin><xmax>355.2782622</xmax><ymax>574.5679218</ymax></bndbox></object><object><name>car</name><pose>Unspecified</pose><truncated>0</truncated><difficult>0</difficult><bndbox><xmin>390.279481</xmin><ymin>547.7974931</ymin><xmax>433.2379643</xmax><ymax>573.2389893</ymax></bndbox></object><object><name>car</name><pose>Unspecified</pose><truncated>0</truncated><difficult>0</difficult><bndbox><xmin>1099.309824</xmin><ymin>550.1569528</ymin><xmax>1224.0</xmax><ymax>655.4936526</ymax></bndbox></object><object><name>car</name><pose>Unspecified</pose><truncated>0</truncated><difficult>0</difficult><bndbox><xmin>511.4118891</xmin><ymin>538.2260266</ymin><xmax>546.0120167</xmax><ymax>566.0663363</ymax></bndbox></object><object><name>car</name><pose>Unspecified</pose><truncated>0</truncated><difficult>0</difficult><bndbox><xmin>901.571465</xmin><ymin>534.9674586</ymin><xmax>1016.581874</xmax><ymax>571.4538487</ymax></bndbox></object></annotation>