<annotation><folder>test_xmls</folder><filename>host-a004_cam0_1235944807551064006.jpeg</filename><path>./imageshost-a004_cam0_1235944807551064006.jpeg</path><source><database>Unknown</database></source><size><width>1224</width><height>1024</height><depth>3</depth></size><segmented>0</segmented><object><name>bicycle</name><pose>Unspecified</pose><truncated>0</truncated><difficult>0</difficult><bndbox><xmin>892.8954014</xmin><ymin>520.9322569</ymin><xmax>933.3880652</xmax><ymax>557.1446853</ymax></bndbox></object><object><name>car</name><pose>Unspecified</pose><truncated>0</truncated><difficult>0</difficult><bndbox><xmin>250.7384117</xmin><ymin>515.051919</ymin><xmax>354.4827215</xmax><ymax>550.5850287</ymax></bndbox></object><object><name>car</name><pose>Unspecified</pose><truncated>0</truncated><difficult>0</difficult><bndbox><xmin>1003.05425</xmin><ymin>515.3677318</ymin><xmax>1090.261754</xmax><ymax>540.3450406</ymax></bndbox></object><object><name>car</name><pose>Unspecified</pose><truncated>0</truncated><difficult>0</difficult><bndbox><xmin>1110.903364</xmin><ymin>505.1757513</ymin><xmax>1224.0</xmax><ymax>540.722108</ymax></bndbox></object><object><name>car</name><pose>Unspecified</pose><truncated>0</truncated><difficult>0</difficult><bndbox><xmin>593.7196235</xmin><ymin>528.7938083</ymin><xmax>677.069115</xmax><ymax>598.6019473</ymax></bndbox></object><object><name>car</name><pose>Unspecified</pose><truncated>0</truncated><difficult>0</difficult><bndbox><xmin>800.5321609</xmin><ymin>520.6754671</ymin><xmax>878.4695016</xmax><ymax>545.1700265</ymax></bndbox></object><object><name>car</name><pose>Unspecified</pose><truncated>0</truncated><difficult>0</difficult><bndbox><xmin>0</xmin><ymin>517.081316</ymin><xmax>55.32276416</xmax><ymax>548.7424635</ymax></bndbox></object><object><name>car</name><pose>Unspecified</pose><truncated>0</truncated><difficult>0</difficult><bndbox><xmin>830.3247129</xmin><ymin>516.6181634</ymin><xmax>906.4544193</xmax><ymax>542.6138143</ymax></bndbox></object><object><name>car</name><pose>Unspecified</pose><truncated>0</truncated><difficult>0</difficult><bndbox><xmin>986.156956</xmin><ymin>516.9567705</ymin><xmax>1072.357971</xmax><ymax>539.869718</ymax></bndbox></object><object><name>car</name><pose>Unspecified</pose><truncated>0</truncated><difficult>0</difficult><bndbox><xmin>226.3175771</xmin><ymin>518.5346494</ymin><xmax>312.6773031</xmax><ymax>549.4023823</ymax></bndbox></object><object><name>car</name><pose>Unspecified</pose><truncated>0</truncated><difficult>0</difficult><bndbox><xmin>879.8845474</xmin><ymin>502.5955756</ymin><xmax>996.5352026</xmax><ymax>550.0573312</ymax></bndbox></object><object><name>car</name><pose>Unspecified</pose><truncated>0</truncated><difficult>0</difficult><bndbox><xmin>37.55966877</xmin><ymin>514.5872076</ymin><xmax>171.2738663</xmax><ymax>554.5138852</ymax></bndbox></object><object><name>truck</name><pose>Unspecified</pose><truncated>0</truncated><difficult>0</difficult><bndbox><xmin>40.44368716</xmin><ymin>493.0462434</ymin><xmax>206.2851724</xmax><ymax>549.2755885</ymax></bndbox></object><object><name>car</name><pose>Unspecified</pose><truncated>0</truncated><difficult>0</difficult><bndbox><xmin>606.2401646</xmin><ymin>526.5068437</ymin><xmax>664.2886554</xmax><ymax>571.5196037</ymax></bndbox></object><object><name>car</name><pose>Unspecified</pose><truncated>0</truncated><difficult>0</difficult><bndbox><xmin>276.7908933</xmin><ymin>517.035449</ymin><xmax>361.2018708</xmax><ymax>549.9928151</ymax></bndbox></object><object><name>car</name><pose>Unspecified</pose><truncated>0</truncated><difficult>0</difficult><bndbox><xmin>83.7525161</xmin><ymin>512.3305511</ymin><xmax>188.8031823</xmax><ymax>548.9704272</ymax></bndbox></object><object><name>car</name><pose>Unspecified</pose><truncated>0</truncated><difficult>0</difficult><bndbox><xmin>852.9083648</xmin><ymin>511.6997041</ymin><xmax>938.761746</xmax><ymax>543.863759</ymax></bndbox></object></annotation>