<annotation><folder>test_xmls</folder><filename>host-a004_cam0_1233421995251064006.jpeg</filename><path>./imageshost-a004_cam0_1233421995251064006.jpeg</path><source><database>Unknown</database></source><size><width>1224</width><height>1024</height><depth>3</depth></size><segmented>0</segmented><object><name>car</name><pose>Unspecified</pose><truncated>0</truncated><difficult>0</difficult><bndbox><xmin>622.8210691</xmin><ymin>544.8029879</ymin><xmax>660.9636772</xmax><ymax>577.721283</ymax></bndbox></object><object><name>car</name><pose>Unspecified</pose><truncated>0</truncated><difficult>0</difficult><bndbox><xmin>397.8009245</xmin><ymin>547.5107888</ymin><xmax>485.4097355</xmax><ymax>596.3645168</ymax></bndbox></object><object><name>car</name><pose>Unspecified</pose><truncated>0</truncated><difficult>0</difficult><bndbox><xmin>123.054648</xmin><ymin>549.938225</ymin><xmax>221.2594637</xmax><ymax>589.9218405</ymax></bndbox></object><object><name>car</name><pose>Unspecified</pose><truncated>0</truncated><difficult>0</difficult><bndbox><xmin>870.7971604</xmin><ymin>531.0456761</ymin><xmax>954.85296</xmax><ymax>571.6397352</ymax></bndbox></object><object><name>pedestrian</name><pose>Unspecified</pose><truncated>0</truncated><difficult>0</difficult><bndbox><xmin>1111.070147</xmin><ymin>536.9754436</ymin><xmax>1205.865554</xmax><ymax>644.9288898</ymax></bndbox></object><object><name>car</name><pose>Unspecified</pose><truncated>0</truncated><difficult>0</difficult><bndbox><xmin>155.2014657</xmin><ymin>544.303933</ymin><xmax>264.0278597</xmax><ymax>590.9654204</ymax></bndbox></object><object><name>car</name><pose>Unspecified</pose><truncated>0</truncated><difficult>0</difficult><bndbox><xmin>121.0903305</xmin><ymin>508.0993377</ymin><xmax>473.7717605</xmax><ymax>738.1222019</ymax></bndbox></object><object><name>car</name><pose>Unspecified</pose><truncated>0</truncated><difficult>0</difficult><bndbox><xmin>497.8561559</xmin><ymin>550.0803672</ymin><xmax>573.6662856</xmax><ymax>598.2541066</ymax></bndbox></object><object><name>car</name><pose>Unspecified</pose><truncated>0</truncated><difficult>0</difficult><bndbox><xmin>563.5616698</xmin><ymin>547.3688543</ymin><xmax>601.6465577</xmax><ymax>574.2151734</ymax></bndbox></object><object><name>car</name><pose>Unspecified</pose><truncated>0</truncated><difficult>0</difficult><bndbox><xmin>604.9252216</xmin><ymin>543.1754026</ymin><xmax>624.4305745</xmax><ymax>558.217813</ymax></bndbox></object></annotation>