<annotation><folder>test_xmls</folder><filename>host-a004_cam0_1233620284551064006.jpeg</filename><path>./imageshost-a004_cam0_1233620284551064006.jpeg</path><source><database>Unknown</database></source><size><width>1224</width><height>1024</height><depth>3</depth></size><segmented>0</segmented><object><name>car</name><pose>Unspecified</pose><truncated>0</truncated><difficult>0</difficult><bndbox><xmin>848.9184608</xmin><ymin>501.8578614</ymin><xmax>1224.0</xmax><ymax>872.507838</ymax></bndbox></object><object><name>car</name><pose>Unspecified</pose><truncated>0</truncated><difficult>0</difficult><bndbox><xmin>667.8001121</xmin><ymin>542.5056144</ymin><xmax>700.0085313</xmax><ymax>562.8086654</ymax></bndbox></object><object><name>car</name><pose>Unspecified</pose><truncated>0</truncated><difficult>0</difficult><bndbox><xmin>770.1433141</xmin><ymin>537.3369202</ymin><xmax>1012.937665</xmax><ymax>668.1686954</ymax></bndbox></object><object><name>other_vehicle</name><pose>Unspecified</pose><truncated>0</truncated><difficult>0</difficult><bndbox><xmin>674.3820224</xmin><ymin>505.7937171</ymin><xmax>738.9555445</xmax><ymax>568.6742929</ymax></bndbox></object><object><name>other_vehicle</name><pose>Unspecified</pose><truncated>0</truncated><difficult>0</difficult><bndbox><xmin>656.4973333</xmin><ymin>526.2527219</ymin><xmax>685.6392826</xmax><ymax>554.7486575</ymax></bndbox></object><object><name>car</name><pose>Unspecified</pose><truncated>0</truncated><difficult>0</difficult><bndbox><xmin>713.4204731</xmin><ymin>544.0299523</ymin><xmax>803.7602997</xmax><ymax>603.1671079</ymax></bndbox></object><object><name>other_vehicle</name><pose>Unspecified</pose><truncated>0</truncated><difficult>0</difficult><bndbox><xmin>687.2172688</xmin><ymin>501.1856303</ymin><xmax>783.4612712</xmax><ymax>584.1598692</ymax></bndbox></object><object><name>car</name><pose>Unspecified</pose><truncated>0</truncated><difficult>0</difficult><bndbox><xmin>292.1034897</xmin><ymin>531.7273451</ymin><xmax>428.6732822</xmax><ymax>614.3324531</ymax></bndbox></object></annotation>