<annotation><folder>test_xmls</folder><filename>host-a004_cam0_1233693211551064006.jpeg</filename><path>./imageshost-a004_cam0_1233693211551064006.jpeg</path><source><database>Unknown</database></source><size><width>1224</width><height>1024</height><depth>3</depth></size><segmented>0</segmented><object><name>car</name><pose>Unspecified</pose><truncated>0</truncated><difficult>0</difficult><bndbox><xmin>1153.677043</xmin><ymin>547.1770717</ymin><xmax>1224.0</xmax><ymax>702.3574928</ymax></bndbox></object><object><name>car</name><pose>Unspecified</pose><truncated>0</truncated><difficult>0</difficult><bndbox><xmin>542.1123726</xmin><ymin>537.0892597</ymin><xmax>593.2072692</xmax><ymax>575.0387207</ymax></bndbox></object><object><name>car</name><pose>Unspecified</pose><truncated>0</truncated><difficult>0</difficult><bndbox><xmin>631.7235536</xmin><ymin>537.0393336</ymin><xmax>673.1631551</xmax><ymax>574.6934423</ymax></bndbox></object><object><name>car</name><pose>Unspecified</pose><truncated>0</truncated><difficult>0</difficult><bndbox><xmin>476.9192275</xmin><ymin>537.7645769</ymin><xmax>530.1543123</xmax><ymax>569.9720633</ymax></bndbox></object><object><name>car</name><pose>Unspecified</pose><truncated>0</truncated><difficult>0</difficult><bndbox><xmin>577.46057</xmin><ymin>533.7594882</ymin><xmax>610.5953362</xmax><ymax>564.6611148</ymax></bndbox></object><object><name>car</name><pose>Unspecified</pose><truncated>0</truncated><difficult>0</difficult><bndbox><xmin>446.8929871</xmin><ymin>539.6881719</ymin><xmax>552.603083</xmax><ymax>605.3317032</ymax></bndbox></object></annotation>