<annotation><folder>test_xmls</folder><filename>host-a004_cam0_1232833326451064006.jpeg</filename><path>./imageshost-a004_cam0_1232833326451064006.jpeg</path><source><database>Unknown</database></source><size><width>1224</width><height>1024</height><depth>3</depth></size><segmented>0</segmented><object><name>car</name><pose>Unspecified</pose><truncated>0</truncated><difficult>0</difficult><bndbox><xmin>97.68579802</xmin><ymin>548.4491855</ymin><xmax>169.35306</xmax><ymax>581.4392712</ymax></bndbox></object><object><name>car</name><pose>Unspecified</pose><truncated>0</truncated><difficult>0</difficult><bndbox><xmin>220.938995</xmin><ymin>545.1104563</ymin><xmax>278.5236018</xmax><ymax>571.3084217</ymax></bndbox></object><object><name>truck</name><pose>Unspecified</pose><truncated>0</truncated><difficult>0</difficult><bndbox><xmin>0</xmin><ymin>514.7568936</ymin><xmax>116.5908543</xmax><ymax>593.9146916</ymax></bndbox></object><object><name>car</name><pose>Unspecified</pose><truncated>0</truncated><difficult>0</difficult><bndbox><xmin>690.181951</xmin><ymin>541.8869783</ymin><xmax>747.0643394</xmax><ymax>584.9338568</ymax></bndbox></object><object><name>car</name><pose>Unspecified</pose><truncated>0</truncated><difficult>0</difficult><bndbox><xmin>261.1260999</xmin><ymin>542.7301042</ymin><xmax>312.6731128</xmax><ymax>567.5054041</ymax></bndbox></object><object><name>car</name><pose>Unspecified</pose><truncated>0</truncated><difficult>0</difficult><bndbox><xmin>662.0513463</xmin><ymin>536.2381863</ymin><xmax>704.958514</xmax><ymax>567.4726715</ymax></bndbox></object><object><name>bicycle</name><pose>Unspecified</pose><truncated>0</truncated><difficult>0</difficult><bndbox><xmin>357.1232179</xmin><ymin>543.2279505</ymin><xmax>371.5254585</xmax><ymax>560.2446098</ymax></bndbox></object><object><name>car</name><pose>Unspecified</pose><truncated>0</truncated><difficult>0</difficult><bndbox><xmin>674.3256528</xmin><ymin>536.9825891</ymin><xmax>726.470005</xmax><ymax>576.5981551</ymax></bndbox></object><object><name>car</name><pose>Unspecified</pose><truncated>0</truncated><difficult>0</difficult><bndbox><xmin>1082.92259</xmin><ymin>542.3470532</ymin><xmax>1224.0</xmax><ymax>594.402504</ymax></bndbox></object><object><name>car</name><pose>Unspecified</pose><truncated>0</truncated><difficult>0</difficult><bndbox><xmin>163.3835974</xmin><ymin>547.804685</ymin><xmax>230.519378</xmax><ymax>576.372937</ymax></bndbox></object></annotation>