<annotation><folder>test_xmls</folder><filename>host-a004_cam0_1235947096751064006.jpeg</filename><path>./imageshost-a004_cam0_1235947096751064006.jpeg</path><source><database>Unknown</database></source><size><width>1224</width><height>1024</height><depth>3</depth></size><segmented>0</segmented><object><name>car</name><pose>Unspecified</pose><truncated>0</truncated><difficult>0</difficult><bndbox><xmin>938.9225542</xmin><ymin>526.9235734</ymin><xmax>993.5107121</xmax><ymax>551.2985618</ymax></bndbox></object><object><name>car</name><pose>Unspecified</pose><truncated>0</truncated><difficult>0</difficult><bndbox><xmin>577.1706683</xmin><ymin>535.5440196</ymin><xmax>599.2397207</xmax><ymax>553.073546</ymax></bndbox></object><object><name>car</name><pose>Unspecified</pose><truncated>0</truncated><difficult>0</difficult><bndbox><xmin>831.6930465</xmin><ymin>523.169498</ymin><xmax>881.4551396</xmax><ymax>551.8767551</ymax></bndbox></object><object><name>car</name><pose>Unspecified</pose><truncated>0</truncated><difficult>0</difficult><bndbox><xmin>874.4832381</xmin><ymin>521.4641405</ymin><xmax>931.4497201</xmax><ymax>546.7667169</ymax></bndbox></object><object><name>car</name><pose>Unspecified</pose><truncated>0</truncated><difficult>0</difficult><bndbox><xmin>772.9739076</xmin><ymin>527.7542204</ymin><xmax>954.0715356</xmax><ymax>586.7281001</ymax></bndbox></object><object><name>car</name><pose>Unspecified</pose><truncated>0</truncated><difficult>0</difficult><bndbox><xmin>481.6946493</xmin><ymin>529.6214309</ymin><xmax>523.2536439</xmax><ymax>562.3187696</ymax></bndbox></object><object><name>car</name><pose>Unspecified</pose><truncated>0</truncated><difficult>0</difficult><bndbox><xmin>299.1285687</xmin><ymin>523.4251163</ymin><xmax>377.9067106</xmax><ymax>574.7393371</ymax></bndbox></object><object><name>car</name><pose>Unspecified</pose><truncated>0</truncated><difficult>0</difficult><bndbox><xmin>657.5945211</xmin><ymin>536.1726541</ymin><xmax>691.6237135</xmax><ymax>561.0533945</ymax></bndbox></object><object><name>car</name><pose>Unspecified</pose><truncated>0</truncated><difficult>0</difficult><bndbox><xmin>601.23656</xmin><ymin>537.8262321</ymin><xmax>637.4599638</xmax><ymax>572.7184944</ymax></bndbox></object><object><name>car</name><pose>Unspecified</pose><truncated>0</truncated><difficult>0</difficult><bndbox><xmin>259.1093559</xmin><ymin>529.1160026</ymin><xmax>313.5762179</xmax><ymax>558.7375622</ymax></bndbox></object><object><name>car</name><pose>Unspecified</pose><truncated>0</truncated><difficult>0</difficult><bndbox><xmin>0</xmin><ymin>530.3708348</ymin><xmax>94.11419288</xmax><ymax>578.9886836</ymax></bndbox></object><object><name>car</name><pose>Unspecified</pose><truncated>0</truncated><difficult>0</difficult><bndbox><xmin>528.9517358</xmin><ymin>528.9514987</ymin><xmax>554.0757046</xmax><ymax>550.687485</ymax></bndbox></object><object><name>car</name><pose>Unspecified</pose><truncated>0</truncated><difficult>0</difficult><bndbox><xmin>416.7711323</xmin><ymin>535.8164606</ymin><xmax>488.1932223</xmax><ymax>577.8800582</ymax></bndbox></object><object><name>car</name><pose>Unspecified</pose><truncated>0</truncated><difficult>0</difficult><bndbox><xmin>1208.103341</xmin><ymin>534.9251675</ymin><xmax>1224.0</xmax><ymax>574.304445</ymax></bndbox></object><object><name>car</name><pose>Unspecified</pose><truncated>0</truncated><difficult>0</difficult><bndbox><xmin>544.9800409</xmin><ymin>532.3194611</ymin><xmax>578.5236473</xmax><ymax>562.0626482</ymax></bndbox></object><object><name>car</name><pose>Unspecified</pose><truncated>0</truncated><difficult>0</difficult><bndbox><xmin>1102.101123</xmin><ymin>533.7451654</ymin><xmax>1224.0</xmax><ymax>577.6423305</ymax></bndbox></object><object><name>car</name><pose>Unspecified</pose><truncated>0</truncated><difficult>0</difficult><bndbox><xmin>973.1994109</xmin><ymin>520.4449082</ymin><xmax>1061.40835</xmax><ymax>566.984406</ymax></bndbox></object><object><name>car</name><pose>Unspecified</pose><truncated>0</truncated><difficult>0</difficult><bndbox><xmin>663.1513767</xmin><ymin>535.9383511</ymin><xmax>697.2287671</xmax><ymax>563.9746815</ymax></bndbox></object><object><name>car</name><pose>Unspecified</pose><truncated>0</truncated><difficult>0</difficult><bndbox><xmin>723.4886343</xmin><ymin>532.8388882</ymin><xmax>748.3809601</xmax><ymax>550.1812949</ymax></bndbox></object><object><name>car</name><pose>Unspecified</pose><truncated>0</truncated><difficult>0</difficult><bndbox><xmin>214.9568347</xmin><ymin>534.9275572</ymin><xmax>275.0309062</xmax><ymax>562.4090795</ymax></bndbox></object><object><name>car</name><pose>Unspecified</pose><truncated>0</truncated><difficult>0</difficult><bndbox><xmin>86.02796688</xmin><ymin>533.8867353</ymin><xmax>183.5957283</xmax><ymax>571.1685353</ymax></bndbox></object><object><name>car</name><pose>Unspecified</pose><truncated>0</truncated><difficult>0</difficult><bndbox><xmin>281.4998259</xmin><ymin>531.8503934</ymin><xmax>472.0215943</xmax><ymax>658.597694</ymax></bndbox></object></annotation>