<annotation><folder>test_xmls</folder><filename>host-a004_cam0_1232842377051064006.jpeg</filename><path>./imageshost-a004_cam0_1232842377051064006.jpeg</path><source><database>Unknown</database></source><size><width>1224</width><height>1024</height><depth>3</depth></size><segmented>0</segmented><object><name>car</name><pose>Unspecified</pose><truncated>0</truncated><difficult>0</difficult><bndbox><xmin>536.3231256</xmin><ymin>529.9654446</ymin><xmax>564.0838364</xmax><ymax>554.7767473</ymax></bndbox></object><object><name>car</name><pose>Unspecified</pose><truncated>0</truncated><difficult>0</difficult><bndbox><xmin>541.0174379</xmin><ymin>534.1980163</ymin><xmax>589.9722656</xmax><ymax>573.1957882</ymax></bndbox></object><object><name>car</name><pose>Unspecified</pose><truncated>0</truncated><difficult>0</difficult><bndbox><xmin>280.4514534</xmin><ymin>535.3544657</ymin><xmax>367.1975682</xmax><ymax>578.4566808</ymax></bndbox></object><object><name>car</name><pose>Unspecified</pose><truncated>0</truncated><difficult>0</difficult><bndbox><xmin>237.9512116</xmin><ymin>518.6950667</ymin><xmax>322.1347982</xmax><ymax>571.9485656</ymax></bndbox></object><object><name>car</name><pose>Unspecified</pose><truncated>0</truncated><difficult>0</difficult><bndbox><xmin>477.7755022</xmin><ymin>525.2738044</ymin><xmax>516.280648</xmax><ymax>554.1671524</ymax></bndbox></object><object><name>car</name><pose>Unspecified</pose><truncated>0</truncated><difficult>0</difficult><bndbox><xmin>883.9387766</xmin><ymin>535.0067908</ymin><xmax>1012.602976</xmax><ymax>577.0144461</ymax></bndbox></object><object><name>car</name><pose>Unspecified</pose><truncated>0</truncated><difficult>0</difficult><bndbox><xmin>171.4824703</xmin><ymin>535.8672856</ymin><xmax>248.9429055</xmax><ymax>571.641153</ymax></bndbox></object><object><name>car</name><pose>Unspecified</pose><truncated>0</truncated><difficult>0</difficult><bndbox><xmin>0</xmin><ymin>534.6781713</ymin><xmax>59.82987898</xmax><ymax>602.6974501</ymax></bndbox></object><object><name>car</name><pose>Unspecified</pose><truncated>0</truncated><difficult>0</difficult><bndbox><xmin>455.1730242</xmin><ymin>524.5374737</ymin><xmax>515.0755123</xmax><ymax>570.0140467</ymax></bndbox></object><object><name>car</name><pose>Unspecified</pose><truncated>0</truncated><difficult>0</difficult><bndbox><xmin>349.8793102</xmin><ymin>532.4386915</ymin><xmax>415.8430273</xmax><ymax>570.4303127</ymax></bndbox></object><object><name>car</name><pose>Unspecified</pose><truncated>0</truncated><difficult>0</difficult><bndbox><xmin>815.3655297</xmin><ymin>535.9288533</ymin><xmax>899.113527</xmax><ymax>563.2275721</ymax></bndbox></object><object><name>car</name><pose>Unspecified</pose><truncated>0</truncated><difficult>0</difficult><bndbox><xmin>618.5204293</xmin><ymin>528.5381153</ymin><xmax>676.604883</xmax><ymax>583.2775842</ymax></bndbox></object><object><name>car</name><pose>Unspecified</pose><truncated>0</truncated><difficult>0</difficult><bndbox><xmin>334.0968412</xmin><ymin>538.5604306</ymin><xmax>510.4165047</xmax><ymax>653.0498791</ymax></bndbox></object><object><name>car</name><pose>Unspecified</pose><truncated>0</truncated><difficult>0</difficult><bndbox><xmin>603.6349534</xmin><ymin>533.1075334</ymin><xmax>623.1906808</xmax><ymax>550.2940935</ymax></bndbox></object><object><name>car</name><pose>Unspecified</pose><truncated>0</truncated><difficult>0</difficult><bndbox><xmin>208.0468147</xmin><ymin>533.6929742</ymin><xmax>302.6716496</xmax><ymax>582.4986744</ymax></bndbox></object><object><name>car</name><pose>Unspecified</pose><truncated>0</truncated><difficult>0</difficult><bndbox><xmin>571.7187384</xmin><ymin>532.8694573</ymin><xmax>607.8091871</xmax><ymax>563.3556454</ymax></bndbox></object></annotation>