<annotation><folder>test_xmls</folder><filename>host-a004_cam0_1232923291051064006.jpeg</filename><path>./imageshost-a004_cam0_1232923291051064006.jpeg</path><source><database>Unknown</database></source><size><width>1224</width><height>1024</height><depth>3</depth></size><segmented>0</segmented><object><name>car</name><pose>Unspecified</pose><truncated>0</truncated><difficult>0</difficult><bndbox><xmin>937.145332</xmin><ymin>556.5515755</ymin><xmax>1224.0</xmax><ymax>1024.0</ymax></bndbox></object><object><name>other_vehicle</name><pose>Unspecified</pose><truncated>0</truncated><difficult>0</difficult><bndbox><xmin>269.4972243</xmin><ymin>530.5228191</ymin><xmax>341.7114653</xmax><ymax>574.1097899</ymax></bndbox></object><object><name>car</name><pose>Unspecified</pose><truncated>0</truncated><difficult>0</difficult><bndbox><xmin>583.0363009</xmin><ymin>538.3821702</ymin><xmax>608.4826362</xmax><ymax>556.4950961</ymax></bndbox></object><object><name>other_vehicle</name><pose>Unspecified</pose><truncated>0</truncated><difficult>0</difficult><bndbox><xmin>186.157454</xmin><ymin>520.9234556</ymin><xmax>304.0956047</xmax><ymax>582.0711888</ymax></bndbox></object><object><name>car</name><pose>Unspecified</pose><truncated>0</truncated><difficult>0</difficult><bndbox><xmin>690.2529182</xmin><ymin>542.7414894</ymin><xmax>745.4775961</xmax><ymax>583.0802016</ymax></bndbox></object><object><name>car</name><pose>Unspecified</pose><truncated>0</truncated><difficult>0</difficult><bndbox><xmin>670.4150332</xmin><ymin>544.5860406</ymin><xmax>706.6162124</xmax><ymax>568.2567382</ymax></bndbox></object><object><name>car</name><pose>Unspecified</pose><truncated>0</truncated><difficult>0</difficult><bndbox><xmin>102.9286634</xmin><ymin>552.8262874</ymin><xmax>190.3825051</xmax><ymax>589.6353155</ymax></bndbox></object><object><name>car</name><pose>Unspecified</pose><truncated>0</truncated><difficult>0</difficult><bndbox><xmin>0</xmin><ymin>547.0988117</ymin><xmax>17.05570769</xmax><ymax>618.7336628</ymax></bndbox></object><object><name>car</name><pose>Unspecified</pose><truncated>0</truncated><difficult>0</difficult><bndbox><xmin>5.217861117</xmin><ymin>557.7787434</ymin><xmax>121.163577</xmax><ymax>597.2122403</ymax></bndbox></object><object><name>car</name><pose>Unspecified</pose><truncated>0</truncated><difficult>0</difficult><bndbox><xmin>649.7273948</xmin><ymin>540.814222</ymin><xmax>668.0542779</xmax><ymax>556.8664752</ymax></bndbox></object><object><name>car</name><pose>Unspecified</pose><truncated>0</truncated><difficult>0</difficult><bndbox><xmin>677.5230105</xmin><ymin>538.641239</ymin><xmax>722.7057791</xmax><ymax>575.8937555</ymax></bndbox></object><object><name>car</name><pose>Unspecified</pose><truncated>0</truncated><difficult>0</difficult><bndbox><xmin>659.2931781</xmin><ymin>542.1873133</ymin><xmax>680.9315745</xmax><ymax>558.6842169</ymax></bndbox></object></annotation>