<annotation><folder>test_xmls</folder><filename>host-a004_cam0_1234051601051064006.jpeg</filename><path>./imageshost-a004_cam0_1234051601051064006.jpeg</path><source><database>Unknown</database></source><size><width>1224</width><height>1024</height><depth>3</depth></size><segmented>0</segmented><object><name>car</name><pose>Unspecified</pose><truncated>0</truncated><difficult>0</difficult><bndbox><xmin>529.1959228</xmin><ymin>534.5690443</ymin><xmax>586.631363</xmax><ymax>583.2375956</ymax></bndbox></object><object><name>car</name><pose>Unspecified</pose><truncated>0</truncated><difficult>0</difficult><bndbox><xmin>246.8954013</xmin><ymin>544.4917753</ymin><xmax>490.1638569</xmax><ymax>695.04583</ymax></bndbox></object><object><name>car</name><pose>Unspecified</pose><truncated>0</truncated><difficult>0</difficult><bndbox><xmin>612.1542822</xmin><ymin>538.6705552</ymin><xmax>647.6569468</xmax><ymax>569.2358608</ymax></bndbox></object><object><name>car</name><pose>Unspecified</pose><truncated>0</truncated><difficult>0</difficult><bndbox><xmin>489.9730854</xmin><ymin>533.7022711</ymin><xmax>539.8436033</xmax><ymax>572.9192285</ymax></bndbox></object></annotation>