<annotation><folder>test_xmls</folder><filename>host-a004_cam0_1234051612051064006.jpeg</filename><path>./imageshost-a004_cam0_1234051612051064006.jpeg</path><source><database>Unknown</database></source><size><width>1224</width><height>1024</height><depth>3</depth></size><segmented>0</segmented><object><name>car</name><pose>Unspecified</pose><truncated>0</truncated><difficult>0</difficult><bndbox><xmin>441.9110442</xmin><ymin>537.0978952</ymin><xmax>472.8841554</xmax><ymax>557.8392357</ymax></bndbox></object><object><name>car</name><pose>Unspecified</pose><truncated>0</truncated><difficult>0</difficult><bndbox><xmin>585.3541487</xmin><ymin>532.6381823</ymin><xmax>604.102664</xmax><ymax>550.0176183</ymax></bndbox></object><object><name>car</name><pose>Unspecified</pose><truncated>0</truncated><difficult>0</difficult><bndbox><xmin>481.7274856</xmin><ymin>534.2026501</ymin><xmax>523.2642308</xmax><ymax>563.215551</ymax></bndbox></object><object><name>bicycle</name><pose>Unspecified</pose><truncated>0</truncated><difficult>0</difficult><bndbox><xmin>796.8322594</xmin><ymin>524.7931572</ymin><xmax>837.1235588</xmax><ymax>559.486261</ymax></bndbox></object><object><name>car</name><pose>Unspecified</pose><truncated>0</truncated><difficult>0</difficult><bndbox><xmin>832.7498099</xmin><ymin>532.8973086</ymin><xmax>930.2139488</xmax><ymax>561.9499694</ymax></bndbox></object><object><name>car</name><pose>Unspecified</pose><truncated>0</truncated><difficult>0</difficult><bndbox><xmin>224.7691071</xmin><ymin>542.7511733</ymin><xmax>290.4377236</xmax><ymax>572.7874055</ymax></bndbox></object><object><name>car</name><pose>Unspecified</pose><truncated>0</truncated><difficult>0</difficult><bndbox><xmin>399.8231147</xmin><ymin>540.4695284</ymin><xmax>430.2137339</xmax><ymax>557.5272447</ymax></bndbox></object><object><name>car</name><pose>Unspecified</pose><truncated>0</truncated><difficult>0</difficult><bndbox><xmin>558.6476865</xmin><ymin>534.852685</ymin><xmax>585.430271</xmax><ymax>556.111634</ymax></bndbox></object><object><name>car</name><pose>Unspecified</pose><truncated>0</truncated><difficult>0</difficult><bndbox><xmin>1061.11555</xmin><ymin>523.3589805</ymin><xmax>1184.543211</xmax><ymax>560.4640962</ymax></bndbox></object><object><name>car</name><pose>Unspecified</pose><truncated>0</truncated><difficult>0</difficult><bndbox><xmin>606.6361992</xmin><ymin>534.6294257</ymin><xmax>629.2497264</xmax><ymax>554.3119665</ymax></bndbox></object></annotation>