<annotation><folder>test_xmls</folder><filename>host-a004_cam0_1233947122951064006.jpeg</filename><path>./imageshost-a004_cam0_1233947122951064006.jpeg</path><source><database>Unknown</database></source><size><width>1224</width><height>1024</height><depth>3</depth></size><segmented>0</segmented><object><name>car</name><pose>Unspecified</pose><truncated>0</truncated><difficult>0</difficult><bndbox><xmin>584.3830704</xmin><ymin>536.1237673</ymin><xmax>607.6051751</xmax><ymax>554.9298973</ymax></bndbox></object><object><name>car</name><pose>Unspecified</pose><truncated>0</truncated><difficult>0</difficult><bndbox><xmin>757.9600459</xmin><ymin>510.0944846</ymin><xmax>979.0368918</xmax><ymax>668.7954715</ymax></bndbox></object><object><name>car</name><pose>Unspecified</pose><truncated>0</truncated><difficult>0</difficult><bndbox><xmin>699.532089</xmin><ymin>509.4649139</ymin><xmax>781.1348109</xmax><ymax>589.7877932</ymax></bndbox></object><object><name>car</name><pose>Unspecified</pose><truncated>0</truncated><difficult>0</difficult><bndbox><xmin>688.107144</xmin><ymin>537.0382936</ymin><xmax>750.2917564</xmax><ymax>580.0182817</ymax></bndbox></object><object><name>car</name><pose>Unspecified</pose><truncated>0</truncated><difficult>0</difficult><bndbox><xmin>541.6960103</xmin><ymin>535.5472811</ymin><xmax>564.8446418</xmax><ymax>554.975875</ymax></bndbox></object><object><name>motorcycle</name><pose>Unspecified</pose><truncated>0</truncated><difficult>0</difficult><bndbox><xmin>170.0131475</xmin><ymin>547.0501714</ymin><xmax>202.0593476</xmax><ymax>570.7120092</ymax></bndbox></object><object><name>car</name><pose>Unspecified</pose><truncated>0</truncated><difficult>0</difficult><bndbox><xmin>326.3129169</xmin><ymin>539.8547067</ymin><xmax>488.8165712</xmax><ymax>647.8280006</ymax></bndbox></object><object><name>car</name><pose>Unspecified</pose><truncated>0</truncated><difficult>0</difficult><bndbox><xmin>724.1422417</xmin><ymin>517.923955</ymin><xmax>837.4415936</xmax><ymax>611.889797</ymax></bndbox></object><object><name>other_vehicle</name><pose>Unspecified</pose><truncated>0</truncated><difficult>0</difficult><bndbox><xmin>666.1556504</xmin><ymin>501.1004741</ymin><xmax>737.8891604</xmax><ymax>573.2089948</ymax></bndbox></object><object><name>car</name><pose>Unspecified</pose><truncated>0</truncated><difficult>0</difficult><bndbox><xmin>377.4166128</xmin><ymin>540.4603181</ymin><xmax>470.3586437</xmax><ymax>593.9926014</ymax></bndbox></object><object><name>car</name><pose>Unspecified</pose><truncated>0</truncated><difficult>0</difficult><bndbox><xmin>844.6170822</xmin><ymin>501.9362428</ymin><xmax>1224.0</xmax><ymax>849.4283961</ymax></bndbox></object></annotation>