<annotation><folder>test_xmls</folder><filename>host-a004_cam0_1233685316351064006.jpeg</filename><path>./imageshost-a004_cam0_1233685316351064006.jpeg</path><source><database>Unknown</database></source><size><width>1224</width><height>1024</height><depth>3</depth></size><segmented>0</segmented><object><name>car</name><pose>Unspecified</pose><truncated>0</truncated><difficult>0</difficult><bndbox><xmin>997.2659836</xmin><ymin>491.1731396</ymin><xmax>1090.130001</xmax><ymax>525.0219314</ymax></bndbox></object><object><name>bus</name><pose>Unspecified</pose><truncated>0</truncated><difficult>0</difficult><bndbox><xmin>595.5385746</xmin><ymin>483.9838953</ymin><xmax>664.4254536</xmax><ymax>572.8138659</ymax></bndbox></object><object><name>car</name><pose>Unspecified</pose><truncated>0</truncated><difficult>0</difficult><bndbox><xmin>861.9279455</xmin><ymin>509.4138611</ymin><xmax>945.403481</xmax><ymax>539.7009314</ymax></bndbox></object><object><name>car</name><pose>Unspecified</pose><truncated>0</truncated><difficult>0</difficult><bndbox><xmin>440.9152296</xmin><ymin>539.5048809</ymin><xmax>473.2405497</xmax><ymax>558.883054</ymax></bndbox></object><object><name>car</name><pose>Unspecified</pose><truncated>0</truncated><difficult>0</difficult><bndbox><xmin>466.6468495</xmin><ymin>538.0991753</ymin><xmax>497.2067289</xmax><ymax>559.2340296</ymax></bndbox></object><object><name>pedestrian</name><pose>Unspecified</pose><truncated>0</truncated><difficult>0</difficult><bndbox><xmin>752.09597</xmin><ymin>521.0424739</ymin><xmax>771.7111492</xmax><ymax>556.6291094</ymax></bndbox></object><object><name>car</name><pose>Unspecified</pose><truncated>0</truncated><difficult>0</difficult><bndbox><xmin>745.6244098</xmin><ymin>515.167617</ymin><xmax>840.4828169</xmax><ymax>552.7561944</ymax></bndbox></object></annotation>