<annotation><folder>test_xmls</folder><filename>host-a004_cam0_1233618022551064006.jpeg</filename><path>./imageshost-a004_cam0_1233618022551064006.jpeg</path><source><database>Unknown</database></source><size><width>1224</width><height>1024</height><depth>3</depth></size><segmented>0</segmented><object><name>car</name><pose>Unspecified</pose><truncated>0</truncated><difficult>0</difficult><bndbox><xmin>494.3409605</xmin><ymin>539.1692054</ymin><xmax>524.6755029</xmax><ymax>558.7023121</ymax></bndbox></object><object><name>car</name><pose>Unspecified</pose><truncated>0</truncated><difficult>0</difficult><bndbox><xmin>519.1273453</xmin><ymin>536.7879004</ymin><xmax>543.3754505</xmax><ymax>554.1815664</ymax></bndbox></object><object><name>car</name><pose>Unspecified</pose><truncated>0</truncated><difficult>0</difficult><bndbox><xmin>0</xmin><ymin>549.9125467</ymin><xmax>331.2625892</xmax><ymax>900.9859658</ymax></bndbox></object><object><name>car</name><pose>Unspecified</pose><truncated>0</truncated><difficult>0</difficult><bndbox><xmin>506.6399761</xmin><ymin>538.8468256</ymin><xmax>534.7070509</xmax><ymax>555.7480948</ymax></bndbox></object><object><name>car</name><pose>Unspecified</pose><truncated>0</truncated><difficult>0</difficult><bndbox><xmin>57.26583678</xmin><ymin>543.269401</ymin><xmax>248.742277</xmax><ymax>622.8227079</ymax></bndbox></object><object><name>car</name><pose>Unspecified</pose><truncated>0</truncated><difficult>0</difficult><bndbox><xmin>401.7634231</xmin><ymin>538.8387886</ymin><xmax>456.7070717</xmax><ymax>570.7908761</ymax></bndbox></object><object><name>car</name><pose>Unspecified</pose><truncated>0</truncated><difficult>0</difficult><bndbox><xmin>239.195336</xmin><ymin>541.7500381</ymin><xmax>353.6387082</xmax><ymax>595.6568546</ymax></bndbox></object><object><name>car</name><pose>Unspecified</pose><truncated>0</truncated><difficult>0</difficult><bndbox><xmin>542.5047544</xmin><ymin>532.1122918</ymin><xmax>588.5887886</xmax><ymax>573.9761506</ymax></bndbox></object><object><name>car</name><pose>Unspecified</pose><truncated>0</truncated><difficult>0</difficult><bndbox><xmin>604.9806714</xmin><ymin>541.174908</ymin><xmax>637.4949985</xmax><ymax>568.271924</ymax></bndbox></object><object><name>car</name><pose>Unspecified</pose><truncated>0</truncated><difficult>0</difficult><bndbox><xmin>339.8015835</xmin><ymin>539.5965026</ymin><xmax>418.0965135</xmax><ymax>579.8042091</ymax></bndbox></object><object><name>car</name><pose>Unspecified</pose><truncated>0</truncated><difficult>0</difficult><bndbox><xmin>445.1562086</xmin><ymin>543.9765384</ymin><xmax>529.5890594</xmax><ymax>598.3854394</ymax></bndbox></object><object><name>car</name><pose>Unspecified</pose><truncated>0</truncated><difficult>0</difficult><bndbox><xmin>734.2974114</xmin><ymin>536.8309782</ymin><xmax>781.3621434</xmax><ymax>551.3578807</ymax></bndbox></object><object><name>car</name><pose>Unspecified</pose><truncated>0</truncated><difficult>0</difficult><bndbox><xmin>619.5084233</xmin><ymin>524.805192</ymin><xmax>671.8302097</xmax><ymax>581.8015564</ymax></bndbox></object><object><name>car</name><pose>Unspecified</pose><truncated>0</truncated><difficult>0</difficult><bndbox><xmin>447.4336736</xmin><ymin>539.8316223</ymin><xmax>488.0229038</xmax><ymax>564.1322761</ymax></bndbox></object><object><name>car</name><pose>Unspecified</pose><truncated>0</truncated><difficult>0</difficult><bndbox><xmin>591.5682592</xmin><ymin>535.5952238</ymin><xmax>612.9745214</xmax><ymax>554.5130278</ymax></bndbox></object><object><name>car</name><pose>Unspecified</pose><truncated>0</truncated><difficult>0</difficult><bndbox><xmin>581.4037408</xmin><ymin>539.2812492</ymin><xmax>604.6995943</xmax><ymax>558.7709652</ymax></bndbox></object></annotation>