<annotation><folder>test_xmls</folder><filename>host-a004_cam0_1233014859851064006.jpeg</filename><path>./imageshost-a004_cam0_1233014859851064006.jpeg</path><source><database>Unknown</database></source><size><width>1224</width><height>1024</height><depth>3</depth></size><segmented>0</segmented><object><name>car</name><pose>Unspecified</pose><truncated>0</truncated><difficult>0</difficult><bndbox><xmin>398.8255679</xmin><ymin>526.8243518</ymin><xmax>463.52953</xmax><ymax>573.1686361</ymax></bndbox></object><object><name>bus</name><pose>Unspecified</pose><truncated>0</truncated><difficult>0</difficult><bndbox><xmin>58.63067171</xmin><ymin>517.9045268</ymin><xmax>216.3721936</xmax><ymax>567.9974719</ymax></bndbox></object><object><name>car</name><pose>Unspecified</pose><truncated>0</truncated><difficult>0</difficult><bndbox><xmin>551.2925131</xmin><ymin>525.774611</ymin><xmax>601.5228511</xmax><ymax>574.0227751</ymax></bndbox></object><object><name>car</name><pose>Unspecified</pose><truncated>0</truncated><difficult>0</difficult><bndbox><xmin>191.0818741</xmin><ymin>537.2876263</ymin><xmax>273.8854078</xmax><ymax>576.2700156</ymax></bndbox></object><object><name>car</name><pose>Unspecified</pose><truncated>0</truncated><difficult>0</difficult><bndbox><xmin>517.1336442</xmin><ymin>532.2141095</ymin><xmax>542.9597451</xmax><ymax>551.6598656</ymax></bndbox></object><object><name>car</name><pose>Unspecified</pose><truncated>0</truncated><difficult>0</difficult><bndbox><xmin>596.9323563</xmin><ymin>528.8668876</ymin><xmax>637.8365292</xmax><ymax>556.904714</ymax></bndbox></object><object><name>car</name><pose>Unspecified</pose><truncated>0</truncated><difficult>0</difficult><bndbox><xmin>483.1052189</xmin><ymin>529.920619</ymin><xmax>526.9473281</xmax><ymax>568.5599869</ymax></bndbox></object><object><name>car</name><pose>Unspecified</pose><truncated>0</truncated><difficult>0</difficult><bndbox><xmin>177.8746243</xmin><ymin>522.6657845</ymin><xmax>435.5566871</xmax><ymax>679.1344478</ymax></bndbox></object><object><name>car</name><pose>Unspecified</pose><truncated>0</truncated><difficult>0</difficult><bndbox><xmin>632.3867019</xmin><ymin>504.4187325</ymin><xmax>734.0678225</xmax><ymax>587.9062068</ymax></bndbox></object><object><name>car</name><pose>Unspecified</pose><truncated>0</truncated><difficult>0</difficult><bndbox><xmin>78.63064392</xmin><ymin>535.2095558</ymin><xmax>175.1272023</xmax><ymax>576.0015145</ymax></bndbox></object><object><name>car</name><pose>Unspecified</pose><truncated>0</truncated><difficult>0</difficult><bndbox><xmin>466.3056705</xmin><ymin>532.4318503</ymin><xmax>494.6056506</xmax><ymax>554.3723709</ymax></bndbox></object><object><name>car</name><pose>Unspecified</pose><truncated>0</truncated><difficult>0</difficult><bndbox><xmin>45.00220551</xmin><ymin>540.4001569</ymin><xmax>140.35942</xmax><ymax>578.5059748</ymax></bndbox></object></annotation>