<annotation><folder>test_xmls</folder><filename>host-a004_cam0_1232833312251064006.jpeg</filename><path>./imageshost-a004_cam0_1232833312251064006.jpeg</path><source><database>Unknown</database></source><size><width>1224</width><height>1024</height><depth>3</depth></size><segmented>0</segmented><object><name>car</name><pose>Unspecified</pose><truncated>0</truncated><difficult>0</difficult><bndbox><xmin>115.8125201</xmin><ymin>543.8583301</ymin><xmax>192.6809774</xmax><ymax>580.2386179</ymax></bndbox></object><object><name>car</name><pose>Unspecified</pose><truncated>0</truncated><difficult>0</difficult><bndbox><xmin>316.0412763</xmin><ymin>544.3714789</ymin><xmax>393.3155567</xmax><ymax>580.9165957</ymax></bndbox></object><object><name>car</name><pose>Unspecified</pose><truncated>0</truncated><difficult>0</difficult><bndbox><xmin>0</xmin><ymin>537.8215481</ymin><xmax>57.92616333</xmax><ymax>630.7471816</ymax></bndbox></object><object><name>car</name><pose>Unspecified</pose><truncated>0</truncated><difficult>0</difficult><bndbox><xmin>391.8761973</xmin><ymin>542.7992794</ymin><xmax>440.4558076</xmax><ymax>567.9805795</ymax></bndbox></object><object><name>car</name><pose>Unspecified</pose><truncated>0</truncated><difficult>0</difficult><bndbox><xmin>488.6112328</xmin><ymin>540.9230035</ymin><xmax>525.3877756</xmax><ymax>561.6220369</ymax></bndbox></object><object><name>car</name><pose>Unspecified</pose><truncated>0</truncated><difficult>0</difficult><bndbox><xmin>743.1628154</xmin><ymin>537.8586257</ymin><xmax>790.7769897</xmax><ymax>574.4035773</ymax></bndbox></object><object><name>pedestrian</name><pose>Unspecified</pose><truncated>0</truncated><difficult>0</difficult><bndbox><xmin>866.3106276</xmin><ymin>532.3383462</ymin><xmax>898.1349941</xmax><ymax>599.6401918</ymax></bndbox></object><object><name>car</name><pose>Unspecified</pose><truncated>0</truncated><difficult>0</difficult><bndbox><xmin>450.2478059</xmin><ymin>541.9804351</ymin><xmax>494.8090988</xmax><ymax>566.5822338</ymax></bndbox></object><object><name>car</name><pose>Unspecified</pose><truncated>0</truncated><difficult>0</difficult><bndbox><xmin>182.9466473</xmin><ymin>547.4625533</ymin><xmax>274.4301126</xmax><ymax>587.7695998</ymax></bndbox></object><object><name>car</name><pose>Unspecified</pose><truncated>0</truncated><difficult>0</difficult><bndbox><xmin>741.5235391</xmin><ymin>528.2014622</ymin><xmax>770.210371</xmax><ymax>554.969522</ymax></bndbox></object><object><name>car</name><pose>Unspecified</pose><truncated>0</truncated><difficult>0</difficult><bndbox><xmin>538.6485615</xmin><ymin>537.0126107</ymin><xmax>567.8186713</xmax><ymax>556.3181285</ymax></bndbox></object><object><name>car</name><pose>Unspecified</pose><truncated>0</truncated><difficult>0</difficult><bndbox><xmin>281.4195725</xmin><ymin>542.5712823</ymin><xmax>332.2695315</xmax><ymax>567.2987397</ymax></bndbox></object><object><name>car</name><pose>Unspecified</pose><truncated>0</truncated><difficult>0</difficult><bndbox><xmin>213.8054977</xmin><ymin>550.1843645</ymin><xmax>295.2071978</xmax><ymax>583.2462428</ymax></bndbox></object><object><name>car</name><pose>Unspecified</pose><truncated>0</truncated><difficult>0</difficult><bndbox><xmin>170.2993846</xmin><ymin>548.6674776</ymin><xmax>238.8043257</xmax><ymax>576.0842005</ymax></bndbox></object><object><name>car</name><pose>Unspecified</pose><truncated>0</truncated><difficult>0</difficult><bndbox><xmin>748.9966749</xmin><ymin>532.5537589</ymin><xmax>810.74859</xmax><ymax>586.3652586</ymax></bndbox></object><object><name>car</name><pose>Unspecified</pose><truncated>0</truncated><difficult>0</difficult><bndbox><xmin>871.364115</xmin><ymin>531.2471147</ymin><xmax>1224.0</xmax><ymax>646.8107178</ymax></bndbox></object><object><name>car</name><pose>Unspecified</pose><truncated>0</truncated><difficult>0</difficult><bndbox><xmin>0</xmin><ymin>543.5788993</ymin><xmax>167.3863712</xmax><ymax>620.0335914</ymax></bndbox></object><object><name>car</name><pose>Unspecified</pose><truncated>0</truncated><difficult>0</difficult><bndbox><xmin>147.8178447</xmin><ymin>552.5731019</ymin><xmax>224.6814944</xmax><ymax>579.7441712</ymax></bndbox></object><object><name>car</name><pose>Unspecified</pose><truncated>0</truncated><difficult>0</difficult><bndbox><xmin>310.7711243</xmin><ymin>544.0892959</ymin><xmax>377.5633385</xmax><ymax>578.4651491</ymax></bndbox></object></annotation>