<annotation><folder>test_xmls</folder><filename>host-a004_cam0_1233693198351064006.jpeg</filename><path>./imageshost-a004_cam0_1233693198351064006.jpeg</path><source><database>Unknown</database></source><size><width>1224</width><height>1024</height><depth>3</depth></size><segmented>0</segmented><object><name>car</name><pose>Unspecified</pose><truncated>0</truncated><difficult>0</difficult><bndbox><xmin>0</xmin><ymin>558.2409512</ymin><xmax>53.81304145</xmax><ymax>585.5751893</ymax></bndbox></object><object><name>car</name><pose>Unspecified</pose><truncated>0</truncated><difficult>0</difficult><bndbox><xmin>625.707197</xmin><ymin>542.2459891</ymin><xmax>669.5691185</xmax><ymax>583.0513913</ymax></bndbox></object><object><name>car</name><pose>Unspecified</pose><truncated>0</truncated><difficult>0</difficult><bndbox><xmin>271.0240286</xmin><ymin>545.4588271</ymin><xmax>329.9547445</xmax><ymax>575.0358125</ymax></bndbox></object><object><name>car</name><pose>Unspecified</pose><truncated>0</truncated><difficult>0</difficult><bndbox><xmin>609.3770414</xmin><ymin>547.9568692</ymin><xmax>691.8769003</xmax><ymax>623.2360065</ymax></bndbox></object><object><name>car</name><pose>Unspecified</pose><truncated>0</truncated><difficult>0</difficult><bndbox><xmin>480.4565118</xmin><ymin>535.8497266</ymin><xmax>564.2219016</xmax><ymax>608.2196134</ymax></bndbox></object><object><name>car</name><pose>Unspecified</pose><truncated>0</truncated><difficult>0</difficult><bndbox><xmin>806.9501494</xmin><ymin>554.1649747</ymin><xmax>998.1833461</xmax><ymax>666.7389645</ymax></bndbox></object><object><name>car</name><pose>Unspecified</pose><truncated>0</truncated><difficult>0</difficult><bndbox><xmin>0</xmin><ymin>551.1057094</ymin><xmax>358.1346895</xmax><ymax>925.8214704</ymax></bndbox></object><object><name>car</name><pose>Unspecified</pose><truncated>0</truncated><difficult>0</difficult><bndbox><xmin>363.9219205</xmin><ymin>546.4389295</ymin><xmax>400.3681325</xmax><ymax>565.6895421</ymax></bndbox></object><object><name>car</name><pose>Unspecified</pose><truncated>0</truncated><difficult>0</difficult><bndbox><xmin>764.4665576</xmin><ymin>534.7952143</ymin><xmax>890.4116063</xmax><ymax>621.3183107</ymax></bndbox></object><object><name>car</name><pose>Unspecified</pose><truncated>0</truncated><difficult>0</difficult><bndbox><xmin>551.2553726</xmin><ymin>537.3978934</ymin><xmax>596.7439086</xmax><ymax>575.4914362</ymax></bndbox></object><object><name>car</name><pose>Unspecified</pose><truncated>0</truncated><difficult>0</difficult><bndbox><xmin>113.1480105</xmin><ymin>550.7432875</ymin><xmax>282.1849612</xmax><ymax>622.2075755</ymax></bndbox></object><object><name>car</name><pose>Unspecified</pose><truncated>0</truncated><difficult>0</difficult><bndbox><xmin>294.540682</xmin><ymin>536.2021326</ymin><xmax>400.4243457</xmax><ymax>592.3377027</ymax></bndbox></object><object><name>car</name><pose>Unspecified</pose><truncated>0</truncated><difficult>0</difficult><bndbox><xmin>530.4476544</xmin><ymin>544.9616533</ymin><xmax>560.3597455</xmax><ymax>565.3432807</ymax></bndbox></object><object><name>car</name><pose>Unspecified</pose><truncated>0</truncated><difficult>0</difficult><bndbox><xmin>591.6782185</xmin><ymin>540.810566</ymin><xmax>618.822561</xmax><ymax>562.1426754</ymax></bndbox></object></annotation>