<annotation><folder>test_xmls</folder><filename>host-a004_cam0_1233014855851064006.jpeg</filename><path>./imageshost-a004_cam0_1233014855851064006.jpeg</path><source><database>Unknown</database></source><size><width>1224</width><height>1024</height><depth>3</depth></size><segmented>0</segmented><object><name>car</name><pose>Unspecified</pose><truncated>0</truncated><difficult>0</difficult><bndbox><xmin>791.2479866</xmin><ymin>519.7534523</ymin><xmax>926.5177816</xmax><ymax>571.4416476</ymax></bndbox></object><object><name>car</name><pose>Unspecified</pose><truncated>0</truncated><difficult>0</difficult><bndbox><xmin>358.3506659</xmin><ymin>535.8721325</ymin><xmax>388.9404019</xmax><ymax>558.4250776</ymax></bndbox></object><object><name>car</name><pose>Unspecified</pose><truncated>0</truncated><difficult>0</difficult><bndbox><xmin>765.8680978</xmin><ymin>530.4974999</ymin><xmax>887.4928237</xmax><ymax>575.6133521</ymax></bndbox></object><object><name>car</name><pose>Unspecified</pose><truncated>0</truncated><difficult>0</difficult><bndbox><xmin>571.6403381</xmin><ymin>530.9775329</ymin><xmax>613.383197</xmax><ymax>564.094051</ymax></bndbox></object><object><name>car</name><pose>Unspecified</pose><truncated>0</truncated><difficult>0</difficult><bndbox><xmin>437.2342597</xmin><ymin>529.6635297</ymin><xmax>492.8100499</xmax><ymax>575.0880037</ymax></bndbox></object><object><name>car</name><pose>Unspecified</pose><truncated>0</truncated><difficult>0</difficult><bndbox><xmin>189.0012779</xmin><ymin>535.637203</ymin><xmax>262.2411382</xmax><ymax>579.090277</ymax></bndbox></object><object><name>car</name><pose>Unspecified</pose><truncated>0</truncated><difficult>0</difficult><bndbox><xmin>480.4739915</xmin><ymin>534.4632735</ymin><xmax>553.9245718</xmax><ymax>593.7767168</ymax></bndbox></object><object><name>car</name><pose>Unspecified</pose><truncated>0</truncated><difficult>0</difficult><bndbox><xmin>381.8490344</xmin><ymin>535.7884024</ymin><xmax>455.8696984</xmax><ymax>589.1002839</ymax></bndbox></object><object><name>car</name><pose>Unspecified</pose><truncated>0</truncated><difficult>0</difficult><bndbox><xmin>43.65019353</xmin><ymin>524.1210599</ymin><xmax>260.3423526</xmax><ymax>628.495931</ymax></bndbox></object><object><name>car</name><pose>Unspecified</pose><truncated>0</truncated><difficult>0</difficult><bndbox><xmin>275.4245379</xmin><ymin>533.9402295</ymin><xmax>338.6867927</xmax><ymax>570.7644</ymax></bndbox></object><object><name>car</name><pose>Unspecified</pose><truncated>0</truncated><difficult>0</difficult><bndbox><xmin>542.7930018</xmin><ymin>534.8383786</ymin><xmax>576.1421865</xmax><ymax>556.3558312</ymax></bndbox></object><object><name>car</name><pose>Unspecified</pose><truncated>0</truncated><difficult>0</difficult><bndbox><xmin>938.7452781</xmin><ymin>532.1703612</ymin><xmax>1064.125449</xmax><ymax>573.565958</ymax></bndbox></object><object><name>car</name><pose>Unspecified</pose><truncated>0</truncated><difficult>0</difficult><bndbox><xmin>0</xmin><ymin>524.8159023</ymin><xmax>144.3290642</xmax><ymax>604.2398635</ymax></bndbox></object></annotation>