<annotation><folder>test_xmls</folder><filename>host-a004_cam0_1233685338551064006.jpeg</filename><path>./imageshost-a004_cam0_1233685338551064006.jpeg</path><source><database>Unknown</database></source><size><width>1224</width><height>1024</height><depth>3</depth></size><segmented>0</segmented><object><name>car</name><pose>Unspecified</pose><truncated>0</truncated><difficult>0</difficult><bndbox><xmin>413.0814217</xmin><ymin>575.6173891</ymin><xmax>440.6763957</xmax><ymax>595.9959406</ymax></bndbox></object><object><name>bus</name><pose>Unspecified</pose><truncated>0</truncated><difficult>0</difficult><bndbox><xmin>796.7192964</xmin><ymin>0</ymin><xmax>1224.0</xmax><ymax>1024.0</ymax></bndbox></object><object><name>car</name><pose>Unspecified</pose><truncated>0</truncated><difficult>0</difficult><bndbox><xmin>197.3513788</xmin><ymin>567.6427492</ymin><xmax>247.7443071</xmax><ymax>597.7119992</ymax></bndbox></object><object><name>car</name><pose>Unspecified</pose><truncated>0</truncated><difficult>0</difficult><bndbox><xmin>0</xmin><ymin>575.3170072</ymin><xmax>18.67040828</xmax><ymax>660.4667322</ymax></bndbox></object><object><name>car</name><pose>Unspecified</pose><truncated>0</truncated><difficult>0</difficult><bndbox><xmin>388.9613585</xmin><ymin>565.1047625</ymin><xmax>418.7611886</xmax><ymax>589.992069</ymax></bndbox></object></annotation>