<annotation><folder>test_xmls</folder><filename>host-a004_cam0_1233427008851064006.jpeg</filename><path>./imageshost-a004_cam0_1233427008851064006.jpeg</path><source><database>Unknown</database></source><size><width>1224</width><height>1024</height><depth>3</depth></size><segmented>0</segmented><object><name>car</name><pose>Unspecified</pose><truncated>0</truncated><difficult>0</difficult><bndbox><xmin>371.5967782</xmin><ymin>551.9275419</ymin><xmax>412.5057663</xmax><ymax>575.4741909</ymax></bndbox></object><object><name>truck</name><pose>Unspecified</pose><truncated>0</truncated><difficult>0</difficult><bndbox><xmin>441.081767</xmin><ymin>501.2979734</ymin><xmax>546.3351557</xmax><ymax>586.0887636</ymax></bndbox></object><object><name>car</name><pose>Unspecified</pose><truncated>0</truncated><difficult>0</difficult><bndbox><xmin>656.3017783</xmin><ymin>538.2645069</ymin><xmax>691.8390153</xmax><ymax>564.0922854</ymax></bndbox></object><object><name>car</name><pose>Unspecified</pose><truncated>0</truncated><difficult>0</difficult><bndbox><xmin>0</xmin><ymin>555.9234104</ymin><xmax>142.1481261</xmax><ymax>626.2267983</ymax></bndbox></object><object><name>car</name><pose>Unspecified</pose><truncated>0</truncated><difficult>0</difficult><bndbox><xmin>0</xmin><ymin>556.8234215</ymin><xmax>36.43374643</xmax><ymax>621.5085502</ymax></bndbox></object><object><name>car</name><pose>Unspecified</pose><truncated>0</truncated><difficult>0</difficult><bndbox><xmin>155.3335811</xmin><ymin>562.4823788</ymin><xmax>220.0660291</xmax><ymax>592.2440739</ymax></bndbox></object><object><name>car</name><pose>Unspecified</pose><truncated>0</truncated><difficult>0</difficult><bndbox><xmin>600.0054551</xmin><ymin>534.9176841</ymin><xmax>640.0041634</xmax><ymax>572.3951901</ymax></bndbox></object><object><name>car</name><pose>Unspecified</pose><truncated>0</truncated><difficult>0</difficult><bndbox><xmin>623.1381175</xmin><ymin>536.0177036</ymin><xmax>643.346122</xmax><ymax>555.0214623</ymax></bndbox></object><object><name>car</name><pose>Unspecified</pose><truncated>0</truncated><difficult>0</difficult><bndbox><xmin>200.4474823</xmin><ymin>546.5648319</ymin><xmax>368.2517845</xmax><ymax>634.7874974</ymax></bndbox></object><object><name>truck</name><pose>Unspecified</pose><truncated>0</truncated><difficult>0</difficult><bndbox><xmin>0</xmin><ymin>443.6051805</ymin><xmax>92.93253369</xmax><ymax>683.8336287</ymax></bndbox></object><object><name>other_vehicle</name><pose>Unspecified</pose><truncated>0</truncated><difficult>0</difficult><bndbox><xmin>231.7846825</xmin><ymin>531.5831686</ymin><xmax>317.1024075</xmax><ymax>584.1234148</ymax></bndbox></object><object><name>car</name><pose>Unspecified</pose><truncated>0</truncated><difficult>0</difficult><bndbox><xmin>389.6507583</xmin><ymin>553.2485279</ymin><xmax>432.8795699</xmax><ymax>578.5885434</ymax></bndbox></object><object><name>bus</name><pose>Unspecified</pose><truncated>0</truncated><difficult>0</difficult><bndbox><xmin>0</xmin><ymin>519.9003848</ymin><xmax>184.2034469</xmax><ymax>609.0732131</ymax></bndbox></object></annotation>