<annotation><folder>test_xmls</folder><filename>host-a004_cam0_1232817664451064006.jpeg</filename><path>./imageshost-a004_cam0_1232817664451064006.jpeg</path><source><database>Unknown</database></source><size><width>1224</width><height>1024</height><depth>3</depth></size><segmented>0</segmented><object><name>car</name><pose>Unspecified</pose><truncated>0</truncated><difficult>0</difficult><bndbox><xmin>409.3845233</xmin><ymin>530.3795609</ymin><xmax>487.8848897</xmax><ymax>580.6336706</ymax></bndbox></object><object><name>car</name><pose>Unspecified</pose><truncated>0</truncated><difficult>0</difficult><bndbox><xmin>295.02702</xmin><ymin>542.7264424</ymin><xmax>340.8940828</xmax><ymax>565.1283916</ymax></bndbox></object><object><name>car</name><pose>Unspecified</pose><truncated>0</truncated><difficult>0</difficult><bndbox><xmin>695.0240888</xmin><ymin>539.6126721</ymin><xmax>761.9562017</xmax><ymax>582.652587</ymax></bndbox></object><object><name>car</name><pose>Unspecified</pose><truncated>0</truncated><difficult>0</difficult><bndbox><xmin>76.94987433</xmin><ymin>541.654445</ymin><xmax>202.7771725</xmax><ymax>584.4251651</ymax></bndbox></object><object><name>car</name><pose>Unspecified</pose><truncated>0</truncated><difficult>0</difficult><bndbox><xmin>539.205047</xmin><ymin>538.0906191</ymin><xmax>590.0753006</xmax><ymax>574.0050181</ymax></bndbox></object><object><name>bus</name><pose>Unspecified</pose><truncated>0</truncated><difficult>0</difficult><bndbox><xmin>660.985945</xmin><ymin>500.8864323</ymin><xmax>714.858638</xmax><ymax>563.8043862</ymax></bndbox></object><object><name>car</name><pose>Unspecified</pose><truncated>0</truncated><difficult>0</difficult><bndbox><xmin>0</xmin><ymin>546.9686725</ymin><xmax>246.9897169</xmax><ymax>698.1355543</ymax></bndbox></object><object><name>car</name><pose>Unspecified</pose><truncated>0</truncated><difficult>0</difficult><bndbox><xmin>716.7670744</xmin><ymin>539.2257157</ymin><xmax>809.8290148</xmax><ymax>598.5323071</ymax></bndbox></object><object><name>car</name><pose>Unspecified</pose><truncated>0</truncated><difficult>0</difficult><bndbox><xmin>365.8870289</xmin><ymin>539.150355</ymin><xmax>520.9546163</xmax><ymax>639.8360781</ymax></bndbox></object><object><name>other_vehicle</name><pose>Unspecified</pose><truncated>0</truncated><difficult>0</difficult><bndbox><xmin>679.0048626</xmin><ymin>503.6062004</ymin><xmax>755.5074073</xmax><ymax>572.7198221</ymax></bndbox></object><object><name>car</name><pose>Unspecified</pose><truncated>0</truncated><difficult>0</difficult><bndbox><xmin>247.2253253</xmin><ymin>544.5717265</ymin><xmax>327.3391859</xmax><ymax>578.3415655</ymax></bndbox></object><object><name>car</name><pose>Unspecified</pose><truncated>0</truncated><difficult>0</difficult><bndbox><xmin>241.9630718</xmin><ymin>534.1291696</ymin><xmax>313.4307923</xmax><ymax>568.9501306</ymax></bndbox></object><object><name>car</name><pose>Unspecified</pose><truncated>0</truncated><difficult>0</difficult><bndbox><xmin>572.1808053</xmin><ymin>539.4808031</ymin><xmax>599.7995249</xmax><ymax>560.6852954</ymax></bndbox></object><object><name>car</name><pose>Unspecified</pose><truncated>0</truncated><difficult>0</difficult><bndbox><xmin>367.8874888</xmin><ymin>543.6607694</ymin><xmax>398.312537</xmax><ymax>560.8878059</ymax></bndbox></object><object><name>car</name><pose>Unspecified</pose><truncated>0</truncated><difficult>0</difficult><bndbox><xmin>739.5057495</xmin><ymin>539.2273551</ymin><xmax>879.5859868</xmax><ymax>625.0668455</ymax></bndbox></object><object><name>other_vehicle</name><pose>Unspecified</pose><truncated>0</truncated><difficult>0</difficult><bndbox><xmin>773.6215475</xmin><ymin>95.87730837</ymin><xmax>1224.0</xmax><ymax>1012.44381</ymax></bndbox></object><object><name>car</name><pose>Unspecified</pose><truncated>0</truncated><difficult>0</difficult><bndbox><xmin>159.0300022</xmin><ymin>539.8755097</ymin><xmax>236.53399</xmax><ymax>574.1553703</ymax></bndbox></object></annotation>