<annotation><folder>test_xmls</folder><filename>host-a004_cam0_1232842177451064006.jpeg</filename><path>./imageshost-a004_cam0_1232842177451064006.jpeg</path><source><database>Unknown</database></source><size><width>1224</width><height>1024</height><depth>3</depth></size><segmented>0</segmented><object><name>car</name><pose>Unspecified</pose><truncated>0</truncated><difficult>0</difficult><bndbox><xmin>690.3876739</xmin><ymin>538.4616141</ymin><xmax>738.5718329</xmax><ymax>577.9602071</ymax></bndbox></object><object><name>car</name><pose>Unspecified</pose><truncated>0</truncated><difficult>0</difficult><bndbox><xmin>0</xmin><ymin>559.9755678</ymin><xmax>38.23104969</xmax><ymax>583.6973275</ymax></bndbox></object><object><name>car</name><pose>Unspecified</pose><truncated>0</truncated><difficult>0</difficult><bndbox><xmin>674.967725</xmin><ymin>542.2577685</ymin><xmax>694.7649467</xmax><ymax>561.1481438</ymax></bndbox></object><object><name>car</name><pose>Unspecified</pose><truncated>0</truncated><difficult>0</difficult><bndbox><xmin>505.4398625</xmin><ymin>543.0848327</ymin><xmax>545.9494209</xmax><ymax>570.546004</ymax></bndbox></object><object><name>car</name><pose>Unspecified</pose><truncated>0</truncated><difficult>0</difficult><bndbox><xmin>152.3855986</xmin><ymin>554.8370385</ymin><xmax>237.3974001</xmax><ymax>592.0644627</ymax></bndbox></object><object><name>car</name><pose>Unspecified</pose><truncated>0</truncated><difficult>0</difficult><bndbox><xmin>669.7846028</xmin><ymin>539.9985746</ymin><xmax>693.3242879</xmax><ymax>559.3400487</ymax></bndbox></object><object><name>car</name><pose>Unspecified</pose><truncated>0</truncated><difficult>0</difficult><bndbox><xmin>368.3460791</xmin><ymin>546.7313155</ymin><xmax>517.8266128</xmax><ymax>644.0811403</ymax></bndbox></object><object><name>car</name><pose>Unspecified</pose><truncated>0</truncated><difficult>0</difficult><bndbox><xmin>796.7321869</xmin><ymin>547.4975976</ymin><xmax>1087.796658</xmax><ymax>741.8915729</ymax></bndbox></object><object><name>car</name><pose>Unspecified</pose><truncated>0</truncated><difficult>0</difficult><bndbox><xmin>140.3006937</xmin><ymin>554.6124696</ymin><xmax>228.7253523</xmax><ymax>583.1098635</ymax></bndbox></object><object><name>car</name><pose>Unspecified</pose><truncated>0</truncated><difficult>0</difficult><bndbox><xmin>116.9297271</xmin><ymin>551.7725779</ymin><xmax>188.6242978</xmax><ymax>579.11932</ymax></bndbox></object><object><name>car</name><pose>Unspecified</pose><truncated>0</truncated><difficult>0</difficult><bndbox><xmin>317.0148311</xmin><ymin>551.187358</ymin><xmax>365.1096513</xmax><ymax>573.5208797</ymax></bndbox></object><object><name>car</name><pose>Unspecified</pose><truncated>0</truncated><difficult>0</difficult><bndbox><xmin>354.8305359</xmin><ymin>547.8716946</ymin><xmax>411.085572</xmax><ymax>578.793397</ymax></bndbox></object><object><name>car</name><pose>Unspecified</pose><truncated>0</truncated><difficult>0</difficult><bndbox><xmin>264.1461038</xmin><ymin>553.5180714</ymin><xmax>326.5530459</xmax><ymax>581.0771087</ymax></bndbox></object><object><name>car</name><pose>Unspecified</pose><truncated>0</truncated><difficult>0</difficult><bndbox><xmin>0</xmin><ymin>552.8557173</ymin><xmax>129.2580276</xmax><ymax>611.2171125</ymax></bndbox></object><object><name>car</name><pose>Unspecified</pose><truncated>0</truncated><difficult>0</difficult><bndbox><xmin>632.19641</xmin><ymin>542.9277872</ymin><xmax>675.0080626</xmax><ymax>583.4782892</ymax></bndbox></object></annotation>