<annotation><folder>test_xmls</folder><filename>host-a004_cam0_1233955742651064006.jpeg</filename><path>./imageshost-a004_cam0_1233955742651064006.jpeg</path><source><database>Unknown</database></source><size><width>1224</width><height>1024</height><depth>3</depth></size><segmented>0</segmented><object><name>car</name><pose>Unspecified</pose><truncated>0</truncated><difficult>0</difficult><bndbox><xmin>557.6995639</xmin><ymin>537.2366063</ymin><xmax>583.3504533</xmax><ymax>557.3161288</ymax></bndbox></object><object><name>car</name><pose>Unspecified</pose><truncated>0</truncated><difficult>0</difficult><bndbox><xmin>588.9381171</xmin><ymin>541.6135427</ymin><xmax>614.2354697</xmax><ymax>559.1782301</ymax></bndbox></object><object><name>car</name><pose>Unspecified</pose><truncated>0</truncated><difficult>0</difficult><bndbox><xmin>881.8421719</xmin><ymin>553.3087167</ymin><xmax>1224.0</xmax><ymax>940.5888454</ymax></bndbox></object><object><name>car</name><pose>Unspecified</pose><truncated>0</truncated><difficult>0</difficult><bndbox><xmin>486.4668393</xmin><ymin>541.8311424</ymin><xmax>531.7601946</xmax><ymax>570.7258377</ymax></bndbox></object><object><name>other_vehicle</name><pose>Unspecified</pose><truncated>0</truncated><difficult>0</difficult><bndbox><xmin>681.6014415</xmin><ymin>478.1875624</ymin><xmax>787.7849948</xmax><ymax>598.6287015</ymax></bndbox></object><object><name>car</name><pose>Unspecified</pose><truncated>0</truncated><difficult>0</difficult><bndbox><xmin>718.6543135</xmin><ymin>535.4397607</ymin><xmax>805.5591494</xmax><ymax>609.5776606</ymax></bndbox></object><object><name>car</name><pose>Unspecified</pose><truncated>0</truncated><difficult>0</difficult><bndbox><xmin>275.1437704</xmin><ymin>547.7488082</ymin><xmax>414.7375771</xmax><ymax>622.9346808</ymax></bndbox></object><object><name>car</name><pose>Unspecified</pose><truncated>0</truncated><difficult>0</difficult><bndbox><xmin>732.4300415</xmin><ymin>532.3593958</ymin><xmax>888.1161981</xmax><ymax>642.7409657</ymax></bndbox></object><object><name>car</name><pose>Unspecified</pose><truncated>0</truncated><difficult>0</difficult><bndbox><xmin>676.6466872</xmin><ymin>532.8431166</ymin><xmax>726.2717091</xmax><ymax>574.9069772</ymax></bndbox></object><object><name>car</name><pose>Unspecified</pose><truncated>0</truncated><difficult>0</difficult><bndbox><xmin>775.8963746</xmin><ymin>538.6381411</ymin><xmax>1018.041888</xmax><ymax>690.2647276</ymax></bndbox></object></annotation>