<annotation><folder>test_xmls</folder><filename>host-a004_cam0_1233011744251064006.jpeg</filename><path>./imageshost-a004_cam0_1233011744251064006.jpeg</path><source><database>Unknown</database></source><size><width>1224</width><height>1024</height><depth>3</depth></size><segmented>0</segmented><object><name>car</name><pose>Unspecified</pose><truncated>0</truncated><difficult>0</difficult><bndbox><xmin>437.5078046</xmin><ymin>547.7119132</ymin><xmax>540.3948686</xmax><ymax>615.6786485</ymax></bndbox></object><object><name>car</name><pose>Unspecified</pose><truncated>0</truncated><difficult>0</difficult><bndbox><xmin>825.1731733</xmin><ymin>525.2661558</ymin><xmax>878.5034977</xmax><ymax>549.1148843</ymax></bndbox></object><object><name>car</name><pose>Unspecified</pose><truncated>0</truncated><difficult>0</difficult><bndbox><xmin>734.626139</xmin><ymin>536.7698936</ymin><xmax>792.7407855</xmax><ymax>555.9919047</ymax></bndbox></object><object><name>car</name><pose>Unspecified</pose><truncated>0</truncated><difficult>0</difficult><bndbox><xmin>614.4951629</xmin><ymin>543.3464419</ymin><xmax>642.6149506</xmax><ymax>571.1629871</ymax></bndbox></object><object><name>car</name><pose>Unspecified</pose><truncated>0</truncated><difficult>0</difficult><bndbox><xmin>540.4656308</xmin><ymin>539.2832294</ymin><xmax>582.4882783</xmax><ymax>573.1938069</ymax></bndbox></object></annotation>