<annotation><folder>test_xmls</folder><filename>host-a004_cam0_1233947131751064006.jpeg</filename><path>./imageshost-a004_cam0_1233947131751064006.jpeg</path><source><database>Unknown</database></source><size><width>1224</width><height>1024</height><depth>3</depth></size><segmented>0</segmented><object><name>truck</name><pose>Unspecified</pose><truncated>0</truncated><difficult>0</difficult><bndbox><xmin>0</xmin><ymin>439.5001861</ymin><xmax>226.9527484</xmax><ymax>621.7134284</ymax></bndbox></object><object><name>car</name><pose>Unspecified</pose><truncated>0</truncated><difficult>0</difficult><bndbox><xmin>528.8260535</xmin><ymin>534.7016859</ymin><xmax>576.3830167</xmax><ymax>573.7451097</ymax></bndbox></object><object><name>car</name><pose>Unspecified</pose><truncated>0</truncated><difficult>0</difficult><bndbox><xmin>680.2841041</xmin><ymin>535.7617473</ymin><xmax>722.4755064</xmax><ymax>568.7475711</ymax></bndbox></object><object><name>car</name><pose>Unspecified</pose><truncated>0</truncated><difficult>0</difficult><bndbox><xmin>168.7310238</xmin><ymin>539.9573544</ymin><xmax>231.0518233</xmax><ymax>567.6896319</ymax></bndbox></object><object><name>car</name><pose>Unspecified</pose><truncated>0</truncated><difficult>0</difficult><bndbox><xmin>671.454261</xmin><ymin>529.1416491</ymin><xmax>709.9237766</xmax><ymax>563.5291134</ymax></bndbox></object><object><name>car</name><pose>Unspecified</pose><truncated>0</truncated><difficult>0</difficult><bndbox><xmin>590.3150898</xmin><ymin>533.4355001</ymin><xmax>610.2942168</xmax><ymax>549.6513701</ymax></bndbox></object><object><name>car</name><pose>Unspecified</pose><truncated>0</truncated><difficult>0</difficult><bndbox><xmin>217.9786019</xmin><ymin>533.55587</ymin><xmax>330.0145513</xmax><ymax>583.0004366</ymax></bndbox></object><object><name>car</name><pose>Unspecified</pose><truncated>0</truncated><difficult>0</difficult><bndbox><xmin>495.3964896</xmin><ymin>534.5900888</ymin><xmax>536.4343807</xmax><ymax>561.5132976</ymax></bndbox></object><object><name>car</name><pose>Unspecified</pose><truncated>0</truncated><difficult>0</difficult><bndbox><xmin>971.3792466</xmin><ymin>517.9849464</ymin><xmax>1180.207443</xmax><ymax>595.1055557</ymax></bndbox></object><object><name>pedestrian</name><pose>Unspecified</pose><truncated>0</truncated><difficult>0</difficult><bndbox><xmin>642.8609692</xmin><ymin>532.156583</ymin><xmax>656.234031</xmax><ymax>556.4693394</ymax></bndbox></object><object><name>truck</name><pose>Unspecified</pose><truncated>0</truncated><difficult>0</difficult><bndbox><xmin>654.6961619</xmin><ymin>512.1962841</ymin><xmax>701.0230485</xmax><ymax>556.690783</ymax></bndbox></object></annotation>