<annotation><folder>test_xmls</folder><filename>host-a004_cam0_1233961199251064006.jpeg</filename><path>./imageshost-a004_cam0_1233961199251064006.jpeg</path><source><database>Unknown</database></source><size><width>1224</width><height>1024</height><depth>3</depth></size><segmented>0</segmented><object><name>other_vehicle</name><pose>Unspecified</pose><truncated>0</truncated><difficult>0</difficult><bndbox><xmin>660.6470867</xmin><ymin>504.0288139</ymin><xmax>708.5827673</xmax><ymax>563.1466728</ymax></bndbox></object><object><name>car</name><pose>Unspecified</pose><truncated>0</truncated><difficult>0</difficult><bndbox><xmin>618.7977268</xmin><ymin>534.2839894</ymin><xmax>645.6761838</xmax><ymax>557.1516565</ymax></bndbox></object><object><name>car</name><pose>Unspecified</pose><truncated>0</truncated><difficult>0</difficult><bndbox><xmin>494.9604337</xmin><ymin>535.8833954</ymin><xmax>539.7374869</xmax><ymax>566.524919</ymax></bndbox></object><object><name>car</name><pose>Unspecified</pose><truncated>0</truncated><difficult>0</difficult><bndbox><xmin>312.2028699</xmin><ymin>539.8651289</ymin><xmax>355.3541779</xmax><ymax>563.8501012</ymax></bndbox></object><object><name>car</name><pose>Unspecified</pose><truncated>0</truncated><difficult>0</difficult><bndbox><xmin>0</xmin><ymin>546.3573361</ymin><xmax>296.0566806</xmax><ymax>1024.0</ymax></bndbox></object><object><name>car</name><pose>Unspecified</pose><truncated>0</truncated><difficult>0</difficult><bndbox><xmin>532.3155799</xmin><ymin>533.0944034</ymin><xmax>585.3084988</xmax><ymax>573.2794004</ymax></bndbox></object><object><name>car</name><pose>Unspecified</pose><truncated>0</truncated><difficult>0</difficult><bndbox><xmin>64.79250163</xmin><ymin>538.3428827</ymin><xmax>188.6734398</xmax><ymax>589.6903882</ymax></bndbox></object><object><name>other_vehicle</name><pose>Unspecified</pose><truncated>0</truncated><difficult>0</difficult><bndbox><xmin>655.9557477</xmin><ymin>516.5809522</ymin><xmax>686.4948925</xmax><ymax>552.3013903</ymax></bndbox></object><object><name>car</name><pose>Unspecified</pose><truncated>0</truncated><difficult>0</difficult><bndbox><xmin>377.0302726</xmin><ymin>540.6589547</ymin><xmax>407.8418544</xmax><ymax>558.0516769</ymax></bndbox></object><object><name>other_vehicle</name><pose>Unspecified</pose><truncated>0</truncated><difficult>0</difficult><bndbox><xmin>666.4999725</xmin><ymin>498.3666593</ymin><xmax>736.3806974</xmax><ymax>572.0052881</ymax></bndbox></object></annotation>