<annotation><folder>test_xmls</folder><filename>host-a004_cam0_1233602025051064006.jpeg</filename><path>./imageshost-a004_cam0_1233602025051064006.jpeg</path><source><database>Unknown</database></source><size><width>1224</width><height>1024</height><depth>3</depth></size><segmented>0</segmented><object><name>car</name><pose>Unspecified</pose><truncated>0</truncated><difficult>0</difficult><bndbox><xmin>25.67265909</xmin><ymin>547.5872417</ymin><xmax>428.3871186</xmax><ymax>783.7011768</ymax></bndbox></object><object><name>car</name><pose>Unspecified</pose><truncated>0</truncated><difficult>0</difficult><bndbox><xmin>0</xmin><ymin>551.7294421</ymin><xmax>85.2619075</xmax><ymax>620.3666989</ymax></bndbox></object></annotation>