<annotation><folder>test_xmls</folder><filename>host-a004_cam0_1235944795351064006.jpeg</filename><path>./imageshost-a004_cam0_1235944795351064006.jpeg</path><source><database>Unknown</database></source><size><width>1224</width><height>1024</height><depth>3</depth></size><segmented>0</segmented><object><name>car</name><pose>Unspecified</pose><truncated>0</truncated><difficult>0</difficult><bndbox><xmin>621.411916</xmin><ymin>535.4181975</ymin><xmax>652.2336504</xmax><ymax>561.1542676</ymax></bndbox></object></annotation>