<annotation><folder>test_xmls</folder><filename>host-a004_cam0_1233422560451064006.jpeg</filename><path>./imageshost-a004_cam0_1233422560451064006.jpeg</path><source><database>Unknown</database></source><size><width>1224</width><height>1024</height><depth>3</depth></size><segmented>0</segmented><object><name>bicycle</name><pose>Unspecified</pose><truncated>0</truncated><difficult>0</difficult><bndbox><xmin>721.118143</xmin><ymin>538.4587478</ymin><xmax>746.3152786</xmax><ymax>568.021569</ymax></bndbox></object><object><name>car</name><pose>Unspecified</pose><truncated>0</truncated><difficult>0</difficult><bndbox><xmin>609.5199906</xmin><ymin>529.2322537</ymin><xmax>635.8363291</xmax><ymax>554.0132175</ymax></bndbox></object><object><name>car</name><pose>Unspecified</pose><truncated>0</truncated><difficult>0</difficult><bndbox><xmin>590.3839378</xmin><ymin>530.0042062</ymin><xmax>623.33635</xmax><ymax>560.8361361</ymax></bndbox></object><object><name>car</name><pose>Unspecified</pose><truncated>0</truncated><difficult>0</difficult><bndbox><xmin>0</xmin><ymin>551.9932736</ymin><xmax>103.9523145</xmax><ymax>612.8954306</ymax></bndbox></object></annotation>