<annotation><folder>test_xmls</folder><filename>host-a004_cam0_1232815261651064006.jpeg</filename><path>./imageshost-a004_cam0_1232815261651064006.jpeg</path><source><database>Unknown</database></source><size><width>1224</width><height>1024</height><depth>3</depth></size><segmented>0</segmented><object><name>car</name><pose>Unspecified</pose><truncated>0</truncated><difficult>0</difficult><bndbox><xmin>0</xmin><ymin>541.6754992</ymin><xmax>129.8811614</xmax><ymax>646.8242984</ymax></bndbox></object><object><name>car</name><pose>Unspecified</pose><truncated>0</truncated><difficult>0</difficult><bndbox><xmin>134.3086685</xmin><ymin>546.6442099</ymin><xmax>206.9028823</xmax><ymax>568.932001</ymax></bndbox></object><object><name>car</name><pose>Unspecified</pose><truncated>0</truncated><difficult>0</difficult><bndbox><xmin>715.6709313</xmin><ymin>540.4334624</ymin><xmax>764.2043155</xmax><ymax>579.244943</ymax></bndbox></object><object><name>bicycle</name><pose>Unspecified</pose><truncated>0</truncated><difficult>0</difficult><bndbox><xmin>102.9046171</xmin><ymin>547.6602162</ymin><xmax>141.5015542</xmax><ymax>576.3832784</ymax></bndbox></object><object><name>car</name><pose>Unspecified</pose><truncated>0</truncated><difficult>0</difficult><bndbox><xmin>189.8492375</xmin><ymin>533.5219354</ymin><xmax>271.4469377</xmax><ymax>575.6113883</ymax></bndbox></object><object><name>truck</name><pose>Unspecified</pose><truncated>0</truncated><difficult>0</difficult><bndbox><xmin>375.0441677</xmin><ymin>458.4891598</ymin><xmax>522.7940332</xmax><ymax>587.6049565</ymax></bndbox></object><object><name>truck</name><pose>Unspecified</pose><truncated>0</truncated><difficult>0</difficult><bndbox><xmin>0</xmin><ymin>529.7114839</ymin><xmax>81.30264794</xmax><ymax>579.7358983</ymax></bndbox></object><object><name>car</name><pose>Unspecified</pose><truncated>0</truncated><difficult>0</difficult><bndbox><xmin>722.5634772</xmin><ymin>532.381732</ymin><xmax>788.707263</xmax><ymax>588.2140562</ymax></bndbox></object></annotation>