<annotation><folder>test_xmls</folder><filename>host-a004_cam0_1233442994751064006.jpeg</filename><path>./imageshost-a004_cam0_1233442994751064006.jpeg</path><source><database>Unknown</database></source><size><width>1224</width><height>1024</height><depth>3</depth></size><segmented>0</segmented><object><name>car</name><pose>Unspecified</pose><truncated>0</truncated><difficult>0</difficult><bndbox><xmin>584.5684604</xmin><ymin>537.7716745</ymin><xmax>604.9767769</xmax><ymax>556.92252</ymax></bndbox></object><object><name>car</name><pose>Unspecified</pose><truncated>0</truncated><difficult>0</difficult><bndbox><xmin>964.8726228</xmin><ymin>533.6073844</ymin><xmax>1224.0</xmax><ymax>649.536041</ymax></bndbox></object><object><name>car</name><pose>Unspecified</pose><truncated>0</truncated><difficult>0</difficult><bndbox><xmin>65.75233541</xmin><ymin>550.2708038</ymin><xmax>189.7228003</xmax><ymax>602.1514374</ymax></bndbox></object><object><name>car</name><pose>Unspecified</pose><truncated>0</truncated><difficult>0</difficult><bndbox><xmin>357.4510971</xmin><ymin>546.2131783</ymin><xmax>411.3832637</xmax><ymax>573.9048694</ymax></bndbox></object><object><name>car</name><pose>Unspecified</pose><truncated>0</truncated><difficult>0</difficult><bndbox><xmin>349.8734469</xmin><ymin>544.5237021</ymin><xmax>391.6033774</xmax><ymax>568.619526</ymax></bndbox></object><object><name>car</name><pose>Unspecified</pose><truncated>0</truncated><difficult>0</difficult><bndbox><xmin>0</xmin><ymin>552.472206</ymin><xmax>109.3192616</xmax><ymax>625.6342975</ymax></bndbox></object><object><name>car</name><pose>Unspecified</pose><truncated>0</truncated><difficult>0</difficult><bndbox><xmin>510.0065894</xmin><ymin>537.8863866</ymin><xmax>552.4614918</xmax><ymax>568.0997644</ymax></bndbox></object><object><name>car</name><pose>Unspecified</pose><truncated>0</truncated><difficult>0</difficult><bndbox><xmin>228.1203083</xmin><ymin>549.0017922</ymin><xmax>316.878033</xmax><ymax>588.5259465</ymax></bndbox></object><object><name>car</name><pose>Unspecified</pose><truncated>0</truncated><difficult>0</difficult><bndbox><xmin>103.1491336</xmin><ymin>549.7282245</ymin><xmax>221.2871021</xmax><ymax>603.9661101</ymax></bndbox></object><object><name>car</name><pose>Unspecified</pose><truncated>0</truncated><difficult>0</difficult><bndbox><xmin>0</xmin><ymin>556.8901551</ymin><xmax>49.119537</xmax><ymax>623.3476594</ymax></bndbox></object><object><name>car</name><pose>Unspecified</pose><truncated>0</truncated><difficult>0</difficult><bndbox><xmin>403.3345857</xmin><ymin>546.0356748</ymin><xmax>447.5279992</xmax><ymax>567.3018848</ymax></bndbox></object><object><name>car</name><pose>Unspecified</pose><truncated>0</truncated><difficult>0</difficult><bndbox><xmin>599.7334711</xmin><ymin>544.6826923</ymin><xmax>640.720225</xmax><ymax>578.0027748</ymax></bndbox></object><object><name>car</name><pose>Unspecified</pose><truncated>0</truncated><difficult>0</difficult><bndbox><xmin>309.7416779</xmin><ymin>541.9982966</ymin><xmax>376.6627304</xmax><ymax>578.0851106</ymax></bndbox></object><object><name>car</name><pose>Unspecified</pose><truncated>0</truncated><difficult>0</difficult><bndbox><xmin>429.5819459</xmin><ymin>539.5520341</ymin><xmax>467.6722868</xmax><ymax>564.3384499</ymax></bndbox></object><object><name>car</name><pose>Unspecified</pose><truncated>0</truncated><difficult>0</difficult><bndbox><xmin>178.3774983</xmin><ymin>545.4215966</ymin><xmax>273.0584064</xmax><ymax>588.7945019</ymax></bndbox></object><object><name>car</name><pose>Unspecified</pose><truncated>0</truncated><difficult>0</difficult><bndbox><xmin>444.7833894</xmin><ymin>534.2413348</ymin><xmax>552.9869304</xmax><ymax>619.1763508</ymax></bndbox></object></annotation>