<annotation><folder>test_xmls</folder><filename>host-a004_cam0_1233685326551064006.jpeg</filename><path>./imageshost-a004_cam0_1233685326551064006.jpeg</path><source><database>Unknown</database></source><size><width>1224</width><height>1024</height><depth>3</depth></size><segmented>0</segmented><object><name>car</name><pose>Unspecified</pose><truncated>0</truncated><difficult>0</difficult><bndbox><xmin>454.2492832</xmin><ymin>527.2526002</ymin><xmax>496.1257479</xmax><ymax>554.0669547</ymax></bndbox></object><object><name>car</name><pose>Unspecified</pose><truncated>0</truncated><difficult>0</difficult><bndbox><xmin>786.8390422</xmin><ymin>525.7024742</ymin><xmax>986.579393</xmax><ymax>588.2451348</ymax></bndbox></object><object><name>car</name><pose>Unspecified</pose><truncated>0</truncated><difficult>0</difficult><bndbox><xmin>526.784485</xmin><ymin>528.5695312</ymin><xmax>562.5343829</xmax><ymax>555.4737206</ymax></bndbox></object><object><name>bus</name><pose>Unspecified</pose><truncated>0</truncated><difficult>0</difficult><bndbox><xmin>651.0618096</xmin><ymin>466.9547057</ymin><xmax>733.7275804</xmax><ymax>568.8232425</ymax></bndbox></object><object><name>car</name><pose>Unspecified</pose><truncated>0</truncated><difficult>0</difficult><bndbox><xmin>76.32096302</xmin><ymin>462.1997317</ymin><xmax>371.6753195</xmax><ymax>650.1351165</ymax></bndbox></object><object><name>car</name><pose>Unspecified</pose><truncated>0</truncated><difficult>0</difficult><bndbox><xmin>283.7586187</xmin><ymin>532.7264701</ymin><xmax>376.9658668</xmax><ymax>577.2688247</ymax></bndbox></object><object><name>car</name><pose>Unspecified</pose><truncated>0</truncated><difficult>0</difficult><bndbox><xmin>0</xmin><ymin>542.6319784</ymin><xmax>149.2128917</xmax><ymax>620.7844648</ymax></bndbox></object></annotation>