<annotation><folder>test_xmls</folder><filename>host-a004_cam0_1234051595651064006.jpeg</filename><path>./imageshost-a004_cam0_1234051595651064006.jpeg</path><source><database>Unknown</database></source><size><width>1224</width><height>1024</height><depth>3</depth></size><segmented>0</segmented><object><name>car</name><pose>Unspecified</pose><truncated>0</truncated><difficult>0</difficult><bndbox><xmin>500.6133781</xmin><ymin>531.6136028</ymin><xmax>588.0440133</xmax><ymax>593.1988097</ymax></bndbox></object><object><name>car</name><pose>Unspecified</pose><truncated>0</truncated><difficult>0</difficult><bndbox><xmin>608.4912663</xmin><ymin>532.4678769</ymin><xmax>631.2872621</xmax><ymax>550.5184038</ymax></bndbox></object><object><name>car</name><pose>Unspecified</pose><truncated>0</truncated><difficult>0</difficult><bndbox><xmin>753.9228187</xmin><ymin>538.5351116</ymin><xmax>913.6278096</xmax><ymax>640.6325746</ymax></bndbox></object><object><name>car</name><pose>Unspecified</pose><truncated>0</truncated><difficult>0</difficult><bndbox><xmin>0</xmin><ymin>503.0347384</ymin><xmax>256.8989706</xmax><ymax>695.4498154</ymax></bndbox></object></annotation>