<annotation><folder>test_xmls</folder><filename>host-a004_cam0_1233443007151064006.jpeg</filename><path>./imageshost-a004_cam0_1233443007151064006.jpeg</path><source><database>Unknown</database></source><size><width>1224</width><height>1024</height><depth>3</depth></size><segmented>0</segmented><object><name>car</name><pose>Unspecified</pose><truncated>0</truncated><difficult>0</difficult><bndbox><xmin>0</xmin><ymin>546.0240605</ymin><xmax>100.5210204</xmax><ymax>723.8620512</ymax></bndbox></object><object><name>car</name><pose>Unspecified</pose><truncated>0</truncated><difficult>0</difficult><bndbox><xmin>465.4939545</xmin><ymin>560.3872314</ymin><xmax>494.2611856</xmax><ymax>583.8580689</ymax></bndbox></object><object><name>car</name><pose>Unspecified</pose><truncated>0</truncated><difficult>0</difficult><bndbox><xmin>404.3389612</xmin><ymin>563.1673793</ymin><xmax>450.4153924</xmax><ymax>594.847998</ymax></bndbox></object><object><name>car</name><pose>Unspecified</pose><truncated>0</truncated><difficult>0</difficult><bndbox><xmin>281.216919</xmin><ymin>558.1487444</ymin><xmax>376.2691958</xmax><ymax>613.7228812</ymax></bndbox></object><object><name>car</name><pose>Unspecified</pose><truncated>0</truncated><difficult>0</difficult><bndbox><xmin>669.1327686</xmin><ymin>548.6365</ymin><xmax>696.8335366</xmax><ymax>571.0152912</ymax></bndbox></object></annotation>