<annotation><folder>test_xmls</folder><filename>host-a004_cam0_1233616008951064006.jpeg</filename><path>./imageshost-a004_cam0_1233616008951064006.jpeg</path><source><database>Unknown</database></source><size><width>1224</width><height>1024</height><depth>3</depth></size><segmented>0</segmented><object><name>car</name><pose>Unspecified</pose><truncated>0</truncated><difficult>0</difficult><bndbox><xmin>661.2993845</xmin><ymin>527.4588793</ymin><xmax>689.9932509</xmax><ymax>550.7713144</ymax></bndbox></object><object><name>pedestrian</name><pose>Unspecified</pose><truncated>0</truncated><difficult>0</difficult><bndbox><xmin>1206.141947</xmin><ymin>501.3385017</ymin><xmax>1224.0</xmax><ymax>594.6543808</ymax></bndbox></object><object><name>car</name><pose>Unspecified</pose><truncated>0</truncated><difficult>0</difficult><bndbox><xmin>531.794832</xmin><ymin>521.4771972</ymin><xmax>562.0460069</xmax><ymax>550.67657</ymax></bndbox></object><object><name>car</name><pose>Unspecified</pose><truncated>0</truncated><difficult>0</difficult><bndbox><xmin>553.0222542</xmin><ymin>525.7769785</ymin><xmax>597.0384025</xmax><ymax>562.0909019</ymax></bndbox></object><object><name>car</name><pose>Unspecified</pose><truncated>0</truncated><difficult>0</difficult><bndbox><xmin>466.2645909</xmin><ymin>520.4701618</ymin><xmax>498.3829339</xmax><ymax>543.2587824</ymax></bndbox></object><object><name>car</name><pose>Unspecified</pose><truncated>0</truncated><difficult>0</difficult><bndbox><xmin>582.5011744</xmin><ymin>529.7711365</ymin><xmax>607.4068595</xmax><ymax>550.595097</ymax></bndbox></object><object><name>truck</name><pose>Unspecified</pose><truncated>0</truncated><difficult>0</difficult><bndbox><xmin>363.5404192</xmin><ymin>480.6211506</ymin><xmax>496.729809</xmax><ymax>578.7082306</ymax></bndbox></object><object><name>car</name><pose>Unspecified</pose><truncated>0</truncated><difficult>0</difficult><bndbox><xmin>313.6202316</xmin><ymin>529.4166842</ymin><xmax>350.6154825</xmax><ymax>547.320698</ymax></bndbox></object><object><name>car</name><pose>Unspecified</pose><truncated>0</truncated><difficult>0</difficult><bndbox><xmin>616.2867273</xmin><ymin>526.6290173</ymin><xmax>662.7758524</xmax><ymax>567.8330709</ymax></bndbox></object></annotation>