<annotation><folder>test_xmls</folder><filename>host-a004_cam0_1233516150451064006.jpeg</filename><path>./imageshost-a004_cam0_1233516150451064006.jpeg</path><source><database>Unknown</database></source><size><width>1224</width><height>1024</height><depth>3</depth></size><segmented>0</segmented><object><name>car</name><pose>Unspecified</pose><truncated>0</truncated><difficult>0</difficult><bndbox><xmin>669.7837362</xmin><ymin>530.2947994</ymin><xmax>707.4104795</xmax><ymax>563.0478445</ymax></bndbox></object><object><name>car</name><pose>Unspecified</pose><truncated>0</truncated><difficult>0</difficult><bndbox><xmin>329.0444407</xmin><ymin>536.1030287</ymin><xmax>385.8690112</xmax><ymax>563.6052178</ymax></bndbox></object><object><name>car</name><pose>Unspecified</pose><truncated>0</truncated><difficult>0</difficult><bndbox><xmin>0</xmin><ymin>500.1639399</ymin><xmax>154.1001622</xmax><ymax>732.1379674</ymax></bndbox></object><object><name>car</name><pose>Unspecified</pose><truncated>0</truncated><difficult>0</difficult><bndbox><xmin>623.6379224</xmin><ymin>532.1493184</ymin><xmax>652.8800334</xmax><ymax>557.8232624</ymax></bndbox></object><object><name>pedestrian</name><pose>Unspecified</pose><truncated>0</truncated><difficult>0</difficult><bndbox><xmin>861.7193382</xmin><ymin>526.9993934</ymin><xmax>894.5825858</xmax><ymax>592.6654547</ymax></bndbox></object><object><name>car</name><pose>Unspecified</pose><truncated>0</truncated><difficult>0</difficult><bndbox><xmin>436.8923283</xmin><ymin>533.8270427</ymin><xmax>465.632942</xmax><ymax>548.9902934</ymax></bndbox></object><object><name>bicycle</name><pose>Unspecified</pose><truncated>0</truncated><difficult>0</difficult><bndbox><xmin>961.6633521</xmin><ymin>515.3070573</ymin><xmax>1002.970985</xmax><ymax>562.7951214</ymax></bndbox></object><object><name>car</name><pose>Unspecified</pose><truncated>0</truncated><difficult>0</difficult><bndbox><xmin>225.3895903</xmin><ymin>531.9957305</ymin><xmax>302.3077475</xmax><ymax>571.6444971</ymax></bndbox></object><object><name>car</name><pose>Unspecified</pose><truncated>0</truncated><difficult>0</difficult><bndbox><xmin>2.658479259</xmin><ymin>540.1833534</ymin><xmax>166.5748367</xmax><ymax>602.8312402</ymax></bndbox></object><object><name>car</name><pose>Unspecified</pose><truncated>0</truncated><difficult>0</difficult><bndbox><xmin>130.4141309</xmin><ymin>529.8934138</ymin><xmax>257.7644631</xmax><ymax>585.2326271</ymax></bndbox></object><object><name>car</name><pose>Unspecified</pose><truncated>0</truncated><difficult>0</difficult><bndbox><xmin>657.9716414</xmin><ymin>523.2894708</ymin><xmax>688.5090351</xmax><ymax>552.1005274</ymax></bndbox></object><object><name>car</name><pose>Unspecified</pose><truncated>0</truncated><difficult>0</difficult><bndbox><xmin>255.3099552</xmin><ymin>527.828542</ymin><xmax>342.7510254</xmax><ymax>572.2484484</ymax></bndbox></object><object><name>car</name><pose>Unspecified</pose><truncated>0</truncated><difficult>0</difficult><bndbox><xmin>385.5970431</xmin><ymin>532.0222409</ymin><xmax>424.9010325</xmax><ymax>555.2933963</ymax></bndbox></object><object><name>car</name><pose>Unspecified</pose><truncated>0</truncated><difficult>0</difficult><bndbox><xmin>542.2612596</xmin><ymin>530.9306583</ymin><xmax>587.8518956</xmax><ymax>564.8574123</ymax></bndbox></object></annotation>