<annotation><folder>test_xmls</folder><filename>host-a004_cam0_1233014849851064006.jpeg</filename><path>./imageshost-a004_cam0_1233014849851064006.jpeg</path><source><database>Unknown</database></source><size><width>1224</width><height>1024</height><depth>3</depth></size><segmented>0</segmented><object><name>car</name><pose>Unspecified</pose><truncated>0</truncated><difficult>0</difficult><bndbox><xmin>0</xmin><ymin>547.80158</ymin><xmax>34.56047794</xmax><ymax>597.5974398</ymax></bndbox></object><object><name>car</name><pose>Unspecified</pose><truncated>0</truncated><difficult>0</difficult><bndbox><xmin>670.324175</xmin><ymin>536.5285562</ymin><xmax>707.7752768</xmax><ymax>567.4114383</ymax></bndbox></object><object><name>car</name><pose>Unspecified</pose><truncated>0</truncated><difficult>0</difficult><bndbox><xmin>398.0288882</xmin><ymin>535.915425</ymin><xmax>427.5612946</xmax><ymax>553.3569736</ymax></bndbox></object><object><name>car</name><pose>Unspecified</pose><truncated>0</truncated><difficult>0</difficult><bndbox><xmin>340.8690705</xmin><ymin>536.2754901</ymin><xmax>398.2291185</xmax><ymax>563.7392779</ymax></bndbox></object><object><name>car</name><pose>Unspecified</pose><truncated>0</truncated><difficult>0</difficult><bndbox><xmin>529.7932499</xmin><ymin>537.0848829</ymin><xmax>574.5794897</xmax><ymax>572.3170095</ymax></bndbox></object><object><name>car</name><pose>Unspecified</pose><truncated>0</truncated><difficult>0</difficult><bndbox><xmin>638.6524065</xmin><ymin>533.4703272</ymin><xmax>664.4011879</xmax><ymax>552.7438409</ymax></bndbox></object><object><name>car</name><pose>Unspecified</pose><truncated>0</truncated><difficult>0</difficult><bndbox><xmin>1088.685447</xmin><ymin>524.6168853</ymin><xmax>1217.395947</xmax><ymax>578.0903</ymax></bndbox></object><object><name>car</name><pose>Unspecified</pose><truncated>0</truncated><difficult>0</difficult><bndbox><xmin>564.2398926</xmin><ymin>533.111065</ymin><xmax>582.4463059</xmax><ymax>548.9123243</ymax></bndbox></object><object><name>car</name><pose>Unspecified</pose><truncated>0</truncated><difficult>0</difficult><bndbox><xmin>757.6875848</xmin><ymin>531.9935838</ymin><xmax>807.4198188</xmax><ymax>558.7507574</ymax></bndbox></object><object><name>car</name><pose>Unspecified</pose><truncated>0</truncated><difficult>0</difficult><bndbox><xmin>77.14476571</xmin><ymin>538.3040745</ymin><xmax>317.3074595</xmax><ymax>664.8334046</ymax></bndbox></object><object><name>car</name><pose>Unspecified</pose><truncated>0</truncated><difficult>0</difficult><bndbox><xmin>718.953462</xmin><ymin>530.0480282</ymin><xmax>751.9275119</xmax><ymax>551.3550574</ymax></bndbox></object><object><name>car</name><pose>Unspecified</pose><truncated>0</truncated><difficult>0</difficult><bndbox><xmin>847.191629</xmin><ymin>528.0396337</ymin><xmax>946.9069677</xmax><ymax>578.0333685</ymax></bndbox></object><object><name>car</name><pose>Unspecified</pose><truncated>0</truncated><difficult>0</difficult><bndbox><xmin>1087.422526</xmin><ymin>496.8122657</ymin><xmax>1177.689928</xmax><ymax>526.4684506</ymax></bndbox></object><object><name>car</name><pose>Unspecified</pose><truncated>0</truncated><difficult>0</difficult><bndbox><xmin>673.738622</xmin><ymin>531.074571</ymin><xmax>722.0812066</xmax><ymax>570.875402</ymax></bndbox></object><object><name>car</name><pose>Unspecified</pose><truncated>0</truncated><difficult>0</difficult><bndbox><xmin>587.6223831</xmin><ymin>535.5947808</ymin><xmax>610.5547257</xmax><ymax>556.4912274</ymax></bndbox></object><object><name>car</name><pose>Unspecified</pose><truncated>0</truncated><difficult>0</difficult><bndbox><xmin>768.0876211</xmin><ymin>522.3422412</ymin><xmax>826.7646701</xmax><ymax>563.0676554</ymax></bndbox></object><object><name>car</name><pose>Unspecified</pose><truncated>0</truncated><difficult>0</difficult><bndbox><xmin>1024.871787</xmin><ymin>503.959591</ymin><xmax>1099.851018</xmax><ymax>526.2892329</ymax></bndbox></object><object><name>car</name><pose>Unspecified</pose><truncated>0</truncated><difficult>0</difficult><bndbox><xmin>927.2926284</xmin><ymin>528.2163149</ymin><xmax>1001.818074</xmax><ymax>558.1520072</ymax></bndbox></object><object><name>car</name><pose>Unspecified</pose><truncated>0</truncated><difficult>0</difficult><bndbox><xmin>292.7280615</xmin><ymin>538.8990936</ymin><xmax>340.316798</xmax><ymax>561.2642907</ymax></bndbox></object><object><name>car</name><pose>Unspecified</pose><truncated>0</truncated><difficult>0</difficult><bndbox><xmin>1007.892824</xmin><ymin>521.9234081</ymin><xmax>1092.424532</xmax><ymax>553.4870823</ymax></bndbox></object><object><name>car</name><pose>Unspecified</pose><truncated>0</truncated><difficult>0</difficult><bndbox><xmin>514.1383842</xmin><ymin>530.9802638</ymin><xmax>553.5854228</xmax><ymax>560.6609885</ymax></bndbox></object><object><name>car</name><pose>Unspecified</pose><truncated>0</truncated><difficult>0</difficult><bndbox><xmin>1155.684079</xmin><ymin>525.8415173</ymin><xmax>1224.0</xmax><ymax>578.2008625</ymax></bndbox></object><object><name>car</name><pose>Unspecified</pose><truncated>0</truncated><difficult>0</difficult><bndbox><xmin>1022.863193</xmin><ymin>527.5601569</ymin><xmax>1158.659267</xmax><ymax>581.725307</ymax></bndbox></object><object><name>car</name><pose>Unspecified</pose><truncated>0</truncated><difficult>0</difficult><bndbox><xmin>278.4277342</xmin><ymin>540.4336684</ymin><xmax>319.38806</xmax><ymax>563.6433883</ymax></bndbox></object><object><name>car</name><pose>Unspecified</pose><truncated>0</truncated><difficult>0</difficult><bndbox><xmin>626.3281526</xmin><ymin>532.4420486</ymin><xmax>647.1192955</xmax><ymax>551.8448663</ymax></bndbox></object><object><name>car</name><pose>Unspecified</pose><truncated>0</truncated><difficult>0</difficult><bndbox><xmin>573.9814629</xmin><ymin>533.2052116</ymin><xmax>600.1601077</xmax><ymax>555.7001912</ymax></bndbox></object></annotation>