<annotation><folder>test_xmls</folder><filename>host-a004_cam0_1232817656851064006.jpeg</filename><path>./imageshost-a004_cam0_1232817656851064006.jpeg</path><source><database>Unknown</database></source><size><width>1224</width><height>1024</height><depth>3</depth></size><segmented>0</segmented><object><name>car</name><pose>Unspecified</pose><truncated>0</truncated><difficult>0</difficult><bndbox><xmin>704.3106163</xmin><ymin>520.964812</ymin><xmax>810.5219133</xmax><ymax>604.0055651</ymax></bndbox></object><object><name>other_vehicle</name><pose>Unspecified</pose><truncated>0</truncated><difficult>0</difficult><bndbox><xmin>672.231363</xmin><ymin>505.6298044</ymin><xmax>725.9989164</xmax><ymax>563.8801462</ymax></bndbox></object><object><name>car</name><pose>Unspecified</pose><truncated>0</truncated><difficult>0</difficult><bndbox><xmin>298.585977</xmin><ymin>541.0973969</ymin><xmax>349.4143242</xmax><ymax>568.3013957</ymax></bndbox></object><object><name>car</name><pose>Unspecified</pose><truncated>0</truncated><difficult>0</difficult><bndbox><xmin>21.50714086</xmin><ymin>549.1934522</ymin><xmax>131.3174907</xmax><ymax>593.2627835</ymax></bndbox></object><object><name>car</name><pose>Unspecified</pose><truncated>0</truncated><difficult>0</difficult><bndbox><xmin>106.9993884</xmin><ymin>551.5622595</ymin><xmax>197.0401654</xmax><ymax>584.2101474</ymax></bndbox></object><object><name>car</name><pose>Unspecified</pose><truncated>0</truncated><difficult>0</difficult><bndbox><xmin>173.949082</xmin><ymin>543.2513843</ymin><xmax>254.5383555</xmax><ymax>580.3740703</ymax></bndbox></object><object><name>car</name><pose>Unspecified</pose><truncated>0</truncated><difficult>0</difficult><bndbox><xmin>267.6937998</xmin><ymin>545.976073</ymin><xmax>320.771678</xmax><ymax>571.406919</ymax></bndbox></object><object><name>car</name><pose>Unspecified</pose><truncated>0</truncated><difficult>0</difficult><bndbox><xmin>197.5241813</xmin><ymin>539.7906543</ymin><xmax>472.8589014</xmax><ymax>690.2988807</ymax></bndbox></object><object><name>car</name><pose>Unspecified</pose><truncated>0</truncated><difficult>0</difficult><bndbox><xmin>542.8047778</xmin><ymin>537.0195922</ymin><xmax>572.9562298</xmax><ymax>560.0347414</ymax></bndbox></object><object><name>car</name><pose>Unspecified</pose><truncated>0</truncated><difficult>0</difficult><bndbox><xmin>906.6887903</xmin><ymin>555.3742404</ymin><xmax>1224.0</xmax><ymax>1024.0</ymax></bndbox></object><object><name>car</name><pose>Unspecified</pose><truncated>0</truncated><difficult>0</difficult><bndbox><xmin>232.3330774</xmin><ymin>540.4385011</ymin><xmax>293.1078046</xmax><ymax>573.3250955</ymax></bndbox></object><object><name>car</name><pose>Unspecified</pose><truncated>0</truncated><difficult>0</difficult><bndbox><xmin>519.4897657</xmin><ymin>540.5874784</ymin><xmax>583.6779132</xmax><ymax>587.0987043</ymax></bndbox></object><object><name>other_vehicle</name><pose>Unspecified</pose><truncated>0</truncated><difficult>0</difficult><bndbox><xmin>688.3854264</xmin><ymin>496.5580909</ymin><xmax>783.840672</xmax><ymax>586.8540844</ymax></bndbox></object><object><name>other_vehicle</name><pose>Unspecified</pose><truncated>0</truncated><difficult>0</difficult><bndbox><xmin>713.3443935</xmin><ymin>437.0466461</ymin><xmax>1006.10151</xmax><ymax>671.5326599</ymax></bndbox></object><object><name>car</name><pose>Unspecified</pose><truncated>0</truncated><difficult>0</difficult><bndbox><xmin>332.5875063</xmin><ymin>542.7934884</ymin><xmax>445.8033314</xmax><ymax>603.9500583</ymax></bndbox></object></annotation>