<annotation><folder>test_xmls</folder><filename>host-a004_cam0_1232815272251064006.jpeg</filename><path>./imageshost-a004_cam0_1232815272251064006.jpeg</path><source><database>Unknown</database></source><size><width>1224</width><height>1024</height><depth>3</depth></size><segmented>0</segmented><object><name>car</name><pose>Unspecified</pose><truncated>0</truncated><difficult>0</difficult><bndbox><xmin>0</xmin><ymin>509.3562045</ymin><xmax>380.1627887</xmax><ymax>844.7696661</ymax></bndbox></object><object><name>car</name><pose>Unspecified</pose><truncated>0</truncated><difficult>0</difficult><bndbox><xmin>516.1569915</xmin><ymin>542.9896719</ymin><xmax>587.4515009</xmax><ymax>592.548311</ymax></bndbox></object><object><name>truck</name><pose>Unspecified</pose><truncated>0</truncated><difficult>0</difficult><bndbox><xmin>454.264963</xmin><ymin>484.1183899</ymin><xmax>548.7948509</xmax><ymax>573.0613716</ymax></bndbox></object></annotation>