<annotation><folder>test_xmls</folder><filename>host-a004_cam0_1233617957751064006.jpeg</filename><path>./imageshost-a004_cam0_1233617957751064006.jpeg</path><source><database>Unknown</database></source><size><width>1224</width><height>1024</height><depth>3</depth></size><segmented>0</segmented><object><name>car</name><pose>Unspecified</pose><truncated>0</truncated><difficult>0</difficult><bndbox><xmin>672.6936739</xmin><ymin>536.3548425</ymin><xmax>701.8815789</xmax><ymax>564.3695497</ymax></bndbox></object><object><name>car</name><pose>Unspecified</pose><truncated>0</truncated><difficult>0</difficult><bndbox><xmin>675.7787425</xmin><ymin>536.6020319</ymin><xmax>714.9063939</xmax><ymax>567.2912646</ymax></bndbox></object><object><name>car</name><pose>Unspecified</pose><truncated>0</truncated><difficult>0</difficult><bndbox><xmin>486.1441651</xmin><ymin>539.1769466</ymin><xmax>535.0034441</xmax><ymax>572.2022205</ymax></bndbox></object><object><name>car</name><pose>Unspecified</pose><truncated>0</truncated><difficult>0</difficult><bndbox><xmin>681.9949184</xmin><ymin>542.9371004</ymin><xmax>726.7403787</xmax><ymax>575.9393082</ymax></bndbox></object><object><name>car</name><pose>Unspecified</pose><truncated>0</truncated><difficult>0</difficult><bndbox><xmin>661.9903893</xmin><ymin>536.2409945</ymin><xmax>688.1987633</xmax><ymax>557.6764143</ymax></bndbox></object><object><name>car</name><pose>Unspecified</pose><truncated>0</truncated><difficult>0</difficult><bndbox><xmin>704.2423197</xmin><ymin>538.3222456</ymin><xmax>764.407141</xmax><ymax>583.4724569</ymax></bndbox></object><object><name>car</name><pose>Unspecified</pose><truncated>0</truncated><difficult>0</difficult><bndbox><xmin>597.5149413</xmin><ymin>538.4116696</ymin><xmax>619.0168706</xmax><ymax>558.6283669</ymax></bndbox></object><object><name>car</name><pose>Unspecified</pose><truncated>0</truncated><difficult>0</difficult><bndbox><xmin>718.0422161</xmin><ymin>541.2529904</ymin><xmax>809.5500905</xmax><ymax>606.6118327</ymax></bndbox></object><object><name>other_vehicle</name><pose>Unspecified</pose><truncated>0</truncated><difficult>0</difficult><bndbox><xmin>276.2154104</xmin><ymin>530.351969</ymin><xmax>345.2311585</xmax><ymax>563.4832593</ymax></bndbox></object><object><name>other_vehicle</name><pose>Unspecified</pose><truncated>0</truncated><difficult>0</difficult><bndbox><xmin>374.1922516</xmin><ymin>539.228057</ymin><xmax>417.8261172</xmax><ymax>561.7515274</ymax></bndbox></object><object><name>car</name><pose>Unspecified</pose><truncated>0</truncated><difficult>0</difficult><bndbox><xmin>544.9388557</xmin><ymin>538.1289716</ymin><xmax>591.680217</xmax><ymax>574.3977904</ymax></bndbox></object></annotation>