<annotation><folder>test_xmls</folder><filename>host-a004_cam0_1232842173651064006.jpeg</filename><path>./imageshost-a004_cam0_1232842173651064006.jpeg</path><source><database>Unknown</database></source><size><width>1224</width><height>1024</height><depth>3</depth></size><segmented>0</segmented><object><name>car</name><pose>Unspecified</pose><truncated>0</truncated><difficult>0</difficult><bndbox><xmin>403.435911</xmin><ymin>543.2312652</ymin><xmax>459.1469534</xmax><ymax>573.7186849</ymax></bndbox></object><object><name>car</name><pose>Unspecified</pose><truncated>0</truncated><difficult>0</difficult><bndbox><xmin>677.9688916</xmin><ymin>545.695358</ymin><xmax>738.1332666</xmax><ymax>602.7378154</ymax></bndbox></object><object><name>car</name><pose>Unspecified</pose><truncated>0</truncated><difficult>0</difficult><bndbox><xmin>494.4306396</xmin><ymin>543.3778883</ymin><xmax>560.8497604</xmax><ymax>583.9773486</ymax></bndbox></object><object><name>car</name><pose>Unspecified</pose><truncated>0</truncated><difficult>0</difficult><bndbox><xmin>258.615003</xmin><ymin>545.4003526</ymin><xmax>343.731218</xmax><ymax>582.6776127</ymax></bndbox></object><object><name>car</name><pose>Unspecified</pose><truncated>0</truncated><difficult>0</difficult><bndbox><xmin>739.7113617</xmin><ymin>541.7228209</ymin><xmax>764.5481333</xmax><ymax>563.0608373</ymax></bndbox></object><object><name>car</name><pose>Unspecified</pose><truncated>0</truncated><difficult>0</difficult><bndbox><xmin>294.5425522</xmin><ymin>546.8413133</ymin><xmax>385.2570116</xmax><ymax>583.766888</ymax></bndbox></object><object><name>car</name><pose>Unspecified</pose><truncated>0</truncated><difficult>0</difficult><bndbox><xmin>34.41322765</xmin><ymin>544.0118839</ymin><xmax>131.2425407</xmax><ymax>578.3298054</ymax></bndbox></object><object><name>car</name><pose>Unspecified</pose><truncated>0</truncated><difficult>0</difficult><bndbox><xmin>202.8205536</xmin><ymin>550.8669804</ymin><xmax>525.3877227</xmax><ymax>748.5962642</ymax></bndbox></object><object><name>car</name><pose>Unspecified</pose><truncated>0</truncated><difficult>0</difficult><bndbox><xmin>474.6727609</xmin><ymin>544.8845025</ymin><xmax>517.3047228</xmax><ymax>567.4433356</ymax></bndbox></object><object><name>car</name><pose>Unspecified</pose><truncated>0</truncated><difficult>0</difficult><bndbox><xmin>0</xmin><ymin>533.8318687</ymin><xmax>94.50973191</xmax><ymax>614.0153351</ymax></bndbox></object><object><name>car</name><pose>Unspecified</pose><truncated>0</truncated><difficult>0</difficult><bndbox><xmin>2.669313323</xmin><ymin>547.1048413</ymin><xmax>117.6948273</xmax><ymax>586.2357768</ymax></bndbox></object><object><name>motorcycle</name><pose>Unspecified</pose><truncated>0</truncated><difficult>0</difficult><bndbox><xmin>91.53692039</xmin><ymin>537.4604888</ymin><xmax>169.4330277</xmax><ymax>599.5698337</ymax></bndbox></object><object><name>car</name><pose>Unspecified</pose><truncated>0</truncated><difficult>0</difficult><bndbox><xmin>149.7011994</xmin><ymin>542.7649888</ymin><xmax>216.8536776</xmax><ymax>570.5227566</ymax></bndbox></object><object><name>car</name><pose>Unspecified</pose><truncated>0</truncated><difficult>0</difficult><bndbox><xmin>750.4652937</xmin><ymin>545.675932</ymin><xmax>787.3414655</xmax><ymax>579.0603278</ymax></bndbox></object></annotation>