<annotation><folder>test_xmls</folder><filename>host-a004_cam0_1233693270951064006.jpeg</filename><path>./imageshost-a004_cam0_1233693270951064006.jpeg</path><source><database>Unknown</database></source><size><width>1224</width><height>1024</height><depth>3</depth></size><segmented>0</segmented><object><name>car</name><pose>Unspecified</pose><truncated>0</truncated><difficult>0</difficult><bndbox><xmin>623.3151441</xmin><ymin>538.4620319</ymin><xmax>749.4662879</xmax><ymax>627.7047947</ymax></bndbox></object><object><name>car</name><pose>Unspecified</pose><truncated>0</truncated><difficult>0</difficult><bndbox><xmin>633.8668441</xmin><ymin>534.4807473</ymin><xmax>654.0690459</xmax><ymax>550.8149279</ymax></bndbox></object><object><name>car</name><pose>Unspecified</pose><truncated>0</truncated><difficult>0</difficult><bndbox><xmin>735.3366154</xmin><ymin>527.2941709</ymin><xmax>833.0928082</xmax><ymax>603.5045999</ymax></bndbox></object><object><name>car</name><pose>Unspecified</pose><truncated>0</truncated><difficult>0</difficult><bndbox><xmin>687.1833409</xmin><ymin>529.7665509</ymin><xmax>728.8124718</xmax><ymax>566.8238346</ymax></bndbox></object><object><name>car</name><pose>Unspecified</pose><truncated>0</truncated><difficult>0</difficult><bndbox><xmin>673.6971887</xmin><ymin>535.2571015</ymin><xmax>699.659286</xmax><ymax>555.4907849</ymax></bndbox></object><object><name>car</name><pose>Unspecified</pose><truncated>0</truncated><difficult>0</difficult><bndbox><xmin>67.3064207</xmin><ymin>542.3628713</ymin><xmax>314.2191587</xmax><ymax>664.6906118</ymax></bndbox></object><object><name>car</name><pose>Unspecified</pose><truncated>0</truncated><difficult>0</difficult><bndbox><xmin>515.7122377</xmin><ymin>517.997427</ymin><xmax>601.497675</xmax><ymax>590.8984145</ymax></bndbox></object><object><name>car</name><pose>Unspecified</pose><truncated>0</truncated><difficult>0</difficult><bndbox><xmin>718.1892454</xmin><ymin>537.7897009</ymin><xmax>786.5068698</xmax><ymax>590.3734715</ymax></bndbox></object><object><name>other_vehicle</name><pose>Unspecified</pose><truncated>0</truncated><difficult>0</difficult><bndbox><xmin>319.2144184</xmin><ymin>525.9506282</ymin><xmax>379.084152</xmax><ymax>566.7993167</ymax></bndbox></object><object><name>car</name><pose>Unspecified</pose><truncated>0</truncated><difficult>0</difficult><bndbox><xmin>666.3784254</xmin><ymin>535.4957292</ymin><xmax>685.1632277</xmax><ymax>550.3502445</ymax></bndbox></object><object><name>car</name><pose>Unspecified</pose><truncated>0</truncated><difficult>0</difficult><bndbox><xmin>761.7197812</xmin><ymin>516.6505151</ymin><xmax>929.4854589</xmax><ymax>641.084676</ymax></bndbox></object><object><name>car</name><pose>Unspecified</pose><truncated>0</truncated><difficult>0</difficult><bndbox><xmin>704.5370894</xmin><ymin>529.6629785</ymin><xmax>763.1858989</xmax><ymax>582.6039073</ymax></bndbox></object></annotation>