<annotation><folder>test_xmls</folder><filename>host-a004_cam0_1232815254051064006.jpeg</filename><path>./imageshost-a004_cam0_1232815254051064006.jpeg</path><source><database>Unknown</database></source><size><width>1224</width><height>1024</height><depth>3</depth></size><segmented>0</segmented><object><name>car</name><pose>Unspecified</pose><truncated>0</truncated><difficult>0</difficult><bndbox><xmin>657.6715447</xmin><ymin>536.4440463</ymin><xmax>677.5820987</xmax><ymax>556.6101868</ymax></bndbox></object><object><name>car</name><pose>Unspecified</pose><truncated>0</truncated><difficult>0</difficult><bndbox><xmin>547.9976348</xmin><ymin>539.5545427</ymin><xmax>570.247394</xmax><ymax>555.7814942</ymax></bndbox></object><object><name>car</name><pose>Unspecified</pose><truncated>0</truncated><difficult>0</difficult><bndbox><xmin>335.431934</xmin><ymin>539.2505518</ymin><xmax>401.0679657</xmax><ymax>571.0732355</ymax></bndbox></object><object><name>car</name><pose>Unspecified</pose><truncated>0</truncated><difficult>0</difficult><bndbox><xmin>0</xmin><ymin>556.0867845</ymin><xmax>108.4584129</xmax><ymax>607.0268949</ymax></bndbox></object><object><name>car</name><pose>Unspecified</pose><truncated>0</truncated><difficult>0</difficult><bndbox><xmin>81.05732522</xmin><ymin>554.5720967</ymin><xmax>169.3981862</xmax><ymax>587.6427354</ymax></bndbox></object><object><name>car</name><pose>Unspecified</pose><truncated>0</truncated><difficult>0</difficult><bndbox><xmin>296.9931847</xmin><ymin>540.4454228</ymin><xmax>352.9007621</xmax><ymax>569.9841774</ymax></bndbox></object><object><name>car</name><pose>Unspecified</pose><truncated>0</truncated><difficult>0</difficult><bndbox><xmin>0</xmin><ymin>560.4761552</ymin><xmax>54.51721904</xmax><ymax>603.5885083</ymax></bndbox></object><object><name>car</name><pose>Unspecified</pose><truncated>0</truncated><difficult>0</difficult><bndbox><xmin>681.7860141</xmin><ymin>537.1853171</ymin><xmax>715.6154492</xmax><ymax>571.288461</ymax></bndbox></object><object><name>car</name><pose>Unspecified</pose><truncated>0</truncated><difficult>0</difficult><bndbox><xmin>847.3622482</xmin><ymin>550.7166726</ymin><xmax>1224.0</xmax><ymax>812.0919246</ymax></bndbox></object><object><name>other_vehicle</name><pose>Unspecified</pose><truncated>0</truncated><difficult>0</difficult><bndbox><xmin>142.3402974</xmin><ymin>513.7838279</ymin><xmax>274.4384728</xmax><ymax>581.6412552</ymax></bndbox></object><object><name>car</name><pose>Unspecified</pose><truncated>0</truncated><difficult>0</difficult><bndbox><xmin>96.59249037</xmin><ymin>545.4973349</ymin><xmax>300.0498421</xmax><ymax>650.4020492</ymax></bndbox></object><object><name>truck</name><pose>Unspecified</pose><truncated>0</truncated><difficult>0</difficult><bndbox><xmin>361.8995779</xmin><ymin>455.3215638</ymin><xmax>522.4129093</xmax><ymax>598.8174209</ymax></bndbox></object><object><name>other_vehicle</name><pose>Unspecified</pose><truncated>0</truncated><difficult>0</difficult><bndbox><xmin>239.0279343</xmin><ymin>525.5470465</ymin><xmax>320.7107257</xmax><ymax>579.7122333</ymax></bndbox></object></annotation>