<annotation><folder>test_xmls</folder><filename>host-a004_cam0_1232833327651064006.jpeg</filename><path>./imageshost-a004_cam0_1232833327651064006.jpeg</path><source><database>Unknown</database></source><size><width>1224</width><height>1024</height><depth>3</depth></size><segmented>0</segmented><object><name>car</name><pose>Unspecified</pose><truncated>0</truncated><difficult>0</difficult><bndbox><xmin>736.8977098</xmin><ymin>545.6778064</ymin><xmax>860.4054062</xmax><ymax>630.6747123</ymax></bndbox></object><object><name>car</name><pose>Unspecified</pose><truncated>0</truncated><difficult>0</difficult><bndbox><xmin>0</xmin><ymin>549.6751138</ymin><xmax>68.3417098</xmax><ymax>591.6404453</ymax></bndbox></object><object><name>car</name><pose>Unspecified</pose><truncated>0</truncated><difficult>0</difficult><bndbox><xmin>677.0129062</xmin><ymin>535.4127388</ymin><xmax>740.5409217</xmax><ymax>580.4458152</ymax></bndbox></object><object><name>car</name><pose>Unspecified</pose><truncated>0</truncated><difficult>0</difficult><bndbox><xmin>683.5140596</xmin><ymin>544.2645847</ymin><xmax>765.9517398</xmax><ymax>591.0693807</ymax></bndbox></object><object><name>car</name><pose>Unspecified</pose><truncated>0</truncated><difficult>0</difficult><bndbox><xmin>64.81309033</xmin><ymin>545.6372505</ymin><xmax>160.223581</xmax><ymax>581.8166364</ymax></bndbox></object><object><name>car</name><pose>Unspecified</pose><truncated>0</truncated><difficult>0</difficult><bndbox><xmin>342.0328568</xmin><ymin>534.4152252</ymin><xmax>390.9239116</xmax><ymax>562.5505583</ymax></bndbox></object><object><name>car</name><pose>Unspecified</pose><truncated>0</truncated><difficult>0</difficult><bndbox><xmin>701.2344253</xmin><ymin>536.5995606</ymin><xmax>793.328846</xmax><ymax>602.9653953</ymax></bndbox></object><object><name>bicycle</name><pose>Unspecified</pose><truncated>0</truncated><difficult>0</difficult><bndbox><xmin>248.1442566</xmin><ymin>543.5783113</ymin><xmax>272.2390074</xmax><ymax>567.6934561</ymax></bndbox></object><object><name>car</name><pose>Unspecified</pose><truncated>0</truncated><difficult>0</difficult><bndbox><xmin>139.3048394</xmin><ymin>542.4033522</ymin><xmax>218.6479089</xmax><ymax>575.2878669</ymax></bndbox></object></annotation>