<annotation><folder>test_xmls</folder><filename>host-a004_cam0_1234051603451064006.jpeg</filename><path>./imageshost-a004_cam0_1234051603451064006.jpeg</path><source><database>Unknown</database></source><size><width>1224</width><height>1024</height><depth>3</depth></size><segmented>0</segmented><object><name>car</name><pose>Unspecified</pose><truncated>0</truncated><difficult>0</difficult><bndbox><xmin>618.9070158</xmin><ymin>532.9692604</ymin><xmax>649.5199779</xmax><ymax>559.4248136</ymax></bndbox></object><object><name>car</name><pose>Unspecified</pose><truncated>0</truncated><difficult>0</difficult><bndbox><xmin>559.2453136</xmin><ymin>530.8370379</ymin><xmax>598.9355779</xmax><ymax>565.4773279</ymax></bndbox></object><object><name>car</name><pose>Unspecified</pose><truncated>0</truncated><difficult>0</difficult><bndbox><xmin>458.2631304</xmin><ymin>536.5364053</ymin><xmax>554.2076227</xmax><ymax>603.4051156</ymax></bndbox></object><object><name>car</name><pose>Unspecified</pose><truncated>0</truncated><difficult>0</difficult><bndbox><xmin>522.671456</xmin><ymin>529.922742</ymin><xmax>559.942681</xmax><ymax>560.2389952</ymax></bndbox></object></annotation>