<annotation><folder>test_xmls</folder><filename>host-a004_cam0_1234051614651064006.jpeg</filename><path>./imageshost-a004_cam0_1234051614651064006.jpeg</path><source><database>Unknown</database></source><size><width>1224</width><height>1024</height><depth>3</depth></size><segmented>0</segmented><object><name>car</name><pose>Unspecified</pose><truncated>0</truncated><difficult>0</difficult><bndbox><xmin>384.9497648</xmin><ymin>540.0021731</ymin><xmax>441.3317126</xmax><ymax>570.6913731</ymax></bndbox></object><object><name>car</name><pose>Unspecified</pose><truncated>0</truncated><difficult>0</difficult><bndbox><xmin>665.7441325</xmin><ymin>537.5651537</ymin><xmax>690.377494</xmax><ymax>556.46933</ymax></bndbox></object><object><name>car</name><pose>Unspecified</pose><truncated>0</truncated><difficult>0</difficult><bndbox><xmin>429.306241</xmin><ymin>536.5204524</ymin><xmax>469.9447413</xmax><ymax>564.1950488</ymax></bndbox></object><object><name>car</name><pose>Unspecified</pose><truncated>0</truncated><difficult>0</difficult><bndbox><xmin>474.0610418</xmin><ymin>538.2367589</ymin><xmax>505.9396669</xmax><ymax>558.2567264</ymax></bndbox></object><object><name>car</name><pose>Unspecified</pose><truncated>0</truncated><difficult>0</difficult><bndbox><xmin>536.1673737</xmin><ymin>535.3367241</ymin><xmax>565.8727307</xmax><ymax>556.8734571</ymax></bndbox></object><object><name>car</name><pose>Unspecified</pose><truncated>0</truncated><difficult>0</difficult><bndbox><xmin>1026.004924</xmin><ymin>537.1415679</ymin><xmax>1224.0</xmax><ymax>624.9535357</ymax></bndbox></object><object><name>car</name><pose>Unspecified</pose><truncated>0</truncated><difficult>0</difficult><bndbox><xmin>255.7667357</xmin><ymin>541.5532238</ymin><xmax>347.1542911</xmax><ymax>587.164002</ymax></bndbox></object><object><name>car</name><pose>Unspecified</pose><truncated>0</truncated><difficult>0</difficult><bndbox><xmin>455.3802506</xmin><ymin>535.9967483</ymin><xmax>491.9301283</xmax><ymax>560.7637867</ymax></bndbox></object><object><name>car</name><pose>Unspecified</pose><truncated>0</truncated><difficult>0</difficult><bndbox><xmin>325.7801465</xmin><ymin>542.7077651</ymin><xmax>397.3113744</xmax><ymax>577.3832507</ymax></bndbox></object><object><name>car</name><pose>Unspecified</pose><truncated>0</truncated><difficult>0</difficult><bndbox><xmin>629.2573763</xmin><ymin>535.4768274</ymin><xmax>650.6868111</xmax><ymax>554.1807239</ymax></bndbox></object><object><name>car</name><pose>Unspecified</pose><truncated>0</truncated><difficult>0</difficult><bndbox><xmin>589.837193</xmin><ymin>536.1235281</ymin><xmax>612.3488402</xmax><ymax>553.7934506</ymax></bndbox></object></annotation>