<annotation><folder>test_xmls</folder><filename>host-a004_cam0_1232842381451064006.jpeg</filename><path>./imageshost-a004_cam0_1232842381451064006.jpeg</path><source><database>Unknown</database></source><size><width>1224</width><height>1024</height><depth>3</depth></size><segmented>0</segmented><object><name>car</name><pose>Unspecified</pose><truncated>0</truncated><difficult>0</difficult><bndbox><xmin>590.5734129</xmin><ymin>538.8075579</ymin><xmax>609.1379899</xmax><ymax>555.4978574</ymax></bndbox></object><object><name>car</name><pose>Unspecified</pose><truncated>0</truncated><difficult>0</difficult><bndbox><xmin>482.800004</xmin><ymin>535.6887213</ymin><xmax>510.5313265</xmax><ymax>557.2144464</ymax></bndbox></object><object><name>car</name><pose>Unspecified</pose><truncated>0</truncated><difficult>0</difficult><bndbox><xmin>0</xmin><ymin>557.1543483</ymin><xmax>25.01679035</xmax><ymax>612.7519881</ymax></bndbox></object><object><name>car</name><pose>Unspecified</pose><truncated>0</truncated><difficult>0</difficult><bndbox><xmin>773.1705939</xmin><ymin>530.1192958</ymin><xmax>849.3989334</xmax><ymax>558.1285191</ymax></bndbox></object><object><name>car</name><pose>Unspecified</pose><truncated>0</truncated><difficult>0</difficult><bndbox><xmin>566.2159816</xmin><ymin>537.5999646</ymin><xmax>596.8216365</xmax><ymax>564.0382973</ymax></bndbox></object><object><name>car</name><pose>Unspecified</pose><truncated>0</truncated><difficult>0</difficult><bndbox><xmin>0</xmin><ymin>391.0453576</ymin><xmax>447.5699856</xmax><ymax>807.223867</ymax></bndbox></object><object><name>car</name><pose>Unspecified</pose><truncated>0</truncated><difficult>0</difficult><bndbox><xmin>0</xmin><ymin>543.0173851</ymin><xmax>136.9330877</xmax><ymax>638.1850293</ymax></bndbox></object><object><name>car</name><pose>Unspecified</pose><truncated>0</truncated><difficult>0</difficult><bndbox><xmin>616.7813214</xmin><ymin>533.2162937</ymin><xmax>658.9613475</xmax><ymax>573.1112334</ymax></bndbox></object><object><name>car</name><pose>Unspecified</pose><truncated>0</truncated><difficult>0</difficult><bndbox><xmin>424.7913187</xmin><ymin>540.5247095</ymin><xmax>491.6956104</xmax><ymax>588.8891667</ymax></bndbox></object><object><name>car</name><pose>Unspecified</pose><truncated>0</truncated><difficult>0</difficult><bndbox><xmin>510.9231833</xmin><ymin>534.5035816</ymin><xmax>543.836647</xmax><ymax>562.2516379</ymax></bndbox></object><object><name>car</name><pose>Unspecified</pose><truncated>0</truncated><difficult>0</difficult><bndbox><xmin>17.2359783</xmin><ymin>543.6698112</ymin><xmax>166.1798653</xmax><ymax>608.6692191</ymax></bndbox></object><object><name>car</name><pose>Unspecified</pose><truncated>0</truncated><difficult>0</difficult><bndbox><xmin>778.5426682</xmin><ymin>534.1609557</ymin><xmax>863.3168042</xmax><ymax>565.6126794</ymax></bndbox></object><object><name>car</name><pose>Unspecified</pose><truncated>0</truncated><difficult>0</difficult><bndbox><xmin>818.0222571</xmin><ymin>522.5450752</ymin><xmax>929.7490337</xmax><ymax>562.3763594</ymax></bndbox></object><object><name>car</name><pose>Unspecified</pose><truncated>0</truncated><difficult>0</difficult><bndbox><xmin>540.9369166</xmin><ymin>538.6300606</ymin><xmax>580.514972</xmax><ymax>570.7276035</ymax></bndbox></object></annotation>