<annotation><folder>test_xmls</folder><filename>host-a004_cam0_1233014866051064006.jpeg</filename><path>./imageshost-a004_cam0_1233014866051064006.jpeg</path><source><database>Unknown</database></source><size><width>1224</width><height>1024</height><depth>3</depth></size><segmented>0</segmented><object><name>car</name><pose>Unspecified</pose><truncated>0</truncated><difficult>0</difficult><bndbox><xmin>602.0397453</xmin><ymin>522.1373978</ymin><xmax>663.7543153</xmax><ymax>581.3740022</ymax></bndbox></object><object><name>car</name><pose>Unspecified</pose><truncated>0</truncated><difficult>0</difficult><bndbox><xmin>429.7417676</xmin><ymin>527.1804175</ymin><xmax>468.2852262</xmax><ymax>551.9255763</ymax></bndbox></object><object><name>car</name><pose>Unspecified</pose><truncated>0</truncated><difficult>0</difficult><bndbox><xmin>827.1086793</xmin><ymin>531.5222022</ymin><xmax>972.2433758</xmax><ymax>587.4570615</ymax></bndbox></object><object><name>pedestrian</name><pose>Unspecified</pose><truncated>0</truncated><difficult>0</difficult><bndbox><xmin>760.6413383</xmin><ymin>530.2739307</ymin><xmax>779.8317933</xmax><ymax>571.9888214</ymax></bndbox></object><object><name>pedestrian</name><pose>Unspecified</pose><truncated>0</truncated><difficult>0</difficult><bndbox><xmin>774.1426449</xmin><ymin>523.0586392</ymin><xmax>795.5630631</xmax><ymax>563.3871127</ymax></bndbox></object><object><name>pedestrian</name><pose>Unspecified</pose><truncated>0</truncated><difficult>0</difficult><bndbox><xmin>819.5697278</xmin><ymin>530.6823916</ymin><xmax>843.8156985</xmax><ymax>573.1730696</ymax></bndbox></object><object><name>pedestrian</name><pose>Unspecified</pose><truncated>0</truncated><difficult>0</difficult><bndbox><xmin>871.6318652</xmin><ymin>530.4142422</ymin><xmax>896.6499529</xmax><ymax>573.8722485</ymax></bndbox></object><object><name>car</name><pose>Unspecified</pose><truncated>0</truncated><difficult>0</difficult><bndbox><xmin>655.8024104</xmin><ymin>525.8747156</ymin><xmax>685.1628967</xmax><ymax>552.2135043</ymax></bndbox></object><object><name>car</name><pose>Unspecified</pose><truncated>0</truncated><difficult>0</difficult><bndbox><xmin>235.642612</xmin><ymin>531.1271923</ymin><xmax>315.7971802</xmax><ymax>569.3256434</ymax></bndbox></object><object><name>car</name><pose>Unspecified</pose><truncated>0</truncated><difficult>0</difficult><bndbox><xmin>593.803895</xmin><ymin>532.4820426</ymin><xmax>618.1534094</xmax><ymax>550.2459501</ymax></bndbox></object><object><name>car</name><pose>Unspecified</pose><truncated>0</truncated><difficult>0</difficult><bndbox><xmin>544.0320721</xmin><ymin>524.8023915</ymin><xmax>588.7658053</xmax><ymax>563.1457102</ymax></bndbox></object><object><name>car</name><pose>Unspecified</pose><truncated>0</truncated><difficult>0</difficult><bndbox><xmin>461.9841718</xmin><ymin>520.384587</ymin><xmax>555.9234415</xmax><ymax>578.1525835</ymax></bndbox></object><object><name>bus</name><pose>Unspecified</pose><truncated>0</truncated><difficult>0</difficult><bndbox><xmin>0</xmin><ymin>469.8009616</ymin><xmax>258.776602</xmax><ymax>599.4666245</ymax></bndbox></object><object><name>car</name><pose>Unspecified</pose><truncated>0</truncated><difficult>0</difficult><bndbox><xmin>0</xmin><ymin>512.6017558</ymin><xmax>327.0770488</xmax><ymax>1024.0</ymax></bndbox></object><object><name>car</name><pose>Unspecified</pose><truncated>0</truncated><difficult>0</difficult><bndbox><xmin>326.8478887</xmin><ymin>527.374476</ymin><xmax>428.1672809</xmax><ymax>592.9220526</ymax></bndbox></object><object><name>car</name><pose>Unspecified</pose><truncated>0</truncated><difficult>0</difficult><bndbox><xmin>977.7408656</xmin><ymin>482.5664364</ymin><xmax>1224.0</xmax><ymax>591.0503125</ymax></bndbox></object></annotation>