<annotation><folder>test_xmls</folder><filename>host-a004_cam0_1233685239551064006.jpeg</filename><path>./imageshost-a004_cam0_1233685239551064006.jpeg</path><source><database>Unknown</database></source><size><width>1224</width><height>1024</height><depth>3</depth></size><segmented>0</segmented><object><name>car</name><pose>Unspecified</pose><truncated>0</truncated><difficult>0</difficult><bndbox><xmin>703.3689152</xmin><ymin>536.0692538</ymin><xmax>770.8126546</xmax><ymax>587.1342343</ymax></bndbox></object><object><name>car</name><pose>Unspecified</pose><truncated>0</truncated><difficult>0</difficult><bndbox><xmin>674.3716058</xmin><ymin>534.6832876</ymin><xmax>712.4571421</xmax><ymax>564.1198169</ymax></bndbox></object><object><name>car</name><pose>Unspecified</pose><truncated>0</truncated><difficult>0</difficult><bndbox><xmin>315.8980976</xmin><ymin>548.4130647</ymin><xmax>357.0461484</xmax><ymax>569.5375202</ymax></bndbox></object><object><name>other_vehicle</name><pose>Unspecified</pose><truncated>0</truncated><difficult>0</difficult><bndbox><xmin>0</xmin><ymin>532.1500843</ymin><xmax>150.022956</xmax><ymax>609.1096843</ymax></bndbox></object><object><name>car</name><pose>Unspecified</pose><truncated>0</truncated><difficult>0</difficult><bndbox><xmin>118.7386664</xmin><ymin>548.4847661</ymin><xmax>213.1419156</xmax><ymax>592.931878</ymax></bndbox></object><object><name>car</name><pose>Unspecified</pose><truncated>0</truncated><difficult>0</difficult><bndbox><xmin>656.5810873</xmin><ymin>535.7200968</ymin><xmax>681.3384947</xmax><ymax>554.7110938</ymax></bndbox></object><object><name>car</name><pose>Unspecified</pose><truncated>0</truncated><difficult>0</difficult><bndbox><xmin>978.6215026</xmin><ymin>550.8475977</ymin><xmax>1224.0</xmax><ymax>1024.0</ymax></bndbox></object><object><name>car</name><pose>Unspecified</pose><truncated>0</truncated><difficult>0</difficult><bndbox><xmin>0</xmin><ymin>573.6000577</ymin><xmax>2.1655251</xmax><ymax>622.0379898</ymax></bndbox></object><object><name>car</name><pose>Unspecified</pose><truncated>0</truncated><difficult>0</difficult><bndbox><xmin>733.0928551</xmin><ymin>520.4612949</ymin><xmax>880.6494437</xmax><ymax>628.0300525</ymax></bndbox></object><object><name>car</name><pose>Unspecified</pose><truncated>0</truncated><difficult>0</difficult><bndbox><xmin>579.000501</xmin><ymin>535.3381595</ymin><xmax>602.0907257</xmax><ymax>552.9987428</ymax></bndbox></object><object><name>car</name><pose>Unspecified</pose><truncated>0</truncated><difficult>0</difficult><bndbox><xmin>794.5313235</xmin><ymin>538.0099019</ymin><xmax>1044.080742</xmax><ymax>692.6715644</ymax></bndbox></object><object><name>car</name><pose>Unspecified</pose><truncated>0</truncated><difficult>0</difficult><bndbox><xmin>719.341339</xmin><ymin>535.5100774</ymin><xmax>809.5960587</xmax><ymax>602.3676929</ymax></bndbox></object><object><name>car</name><pose>Unspecified</pose><truncated>0</truncated><difficult>0</difficult><bndbox><xmin>257.8173899</xmin><ymin>548.782422</ymin><xmax>314.9677954</xmax><ymax>576.3283783</ymax></bndbox></object><object><name>bus</name><pose>Unspecified</pose><truncated>0</truncated><difficult>0</difficult><bndbox><xmin>609.1089694</xmin><ymin>503.4680197</ymin><xmax>654.2995521</xmax><ymax>560.008609</ymax></bndbox></object><object><name>other_vehicle</name><pose>Unspecified</pose><truncated>0</truncated><difficult>0</difficult><bndbox><xmin>174.3868525</xmin><ymin>529.1267735</ymin><xmax>287.2972078</xmax><ymax>582.122807</ymax></bndbox></object><object><name>car</name><pose>Unspecified</pose><truncated>0</truncated><difficult>0</difficult><bndbox><xmin>690.3945607</xmin><ymin>534.3484088</ymin><xmax>739.2992246</xmax><ymax>573.1547011</ymax></bndbox></object><object><name>car</name><pose>Unspecified</pose><truncated>0</truncated><difficult>0</difficult><bndbox><xmin>355.0915106</xmin><ymin>544.8394454</ymin><xmax>389.493315</xmax><ymax>564.7399077</ymax></bndbox></object></annotation>