<annotation><folder>test_xmls</folder><filename>host-a004_cam0_1233963870251064006.jpeg</filename><path>./imageshost-a004_cam0_1233963870251064006.jpeg</path><source><database>Unknown</database></source><size><width>1224</width><height>1024</height><depth>3</depth></size><segmented>0</segmented><object><name>car</name><pose>Unspecified</pose><truncated>0</truncated><difficult>0</difficult><bndbox><xmin>208.5232858</xmin><ymin>541.2246407</ymin><xmax>264.8979522</xmax><ymax>570.449766</ymax></bndbox></object><object><name>car</name><pose>Unspecified</pose><truncated>0</truncated><difficult>0</difficult><bndbox><xmin>0</xmin><ymin>550.8604015</ymin><xmax>25.75355916</xmax><ymax>598.9260012</ymax></bndbox></object><object><name>car</name><pose>Unspecified</pose><truncated>0</truncated><difficult>0</difficult><bndbox><xmin>713.6061767</xmin><ymin>539.7474741</ymin><xmax>784.929258</xmax><ymax>600.3790533</ymax></bndbox></object><object><name>car</name><pose>Unspecified</pose><truncated>0</truncated><difficult>0</difficult><bndbox><xmin>242.5583008</xmin><ymin>539.8671478</ymin><xmax>293.7363809</xmax><ymax>566.955734</ymax></bndbox></object><object><name>other_vehicle</name><pose>Unspecified</pose><truncated>0</truncated><difficult>0</difficult><bndbox><xmin>675.0383683</xmin><ymin>498.3527791</ymin><xmax>746.9994133</xmax><ymax>574.1166902</ymax></bndbox></object><object><name>car</name><pose>Unspecified</pose><truncated>0</truncated><difficult>0</difficult><bndbox><xmin>439.9123826</xmin><ymin>539.1000563</ymin><xmax>498.8921803</xmax><ymax>582.0237458</ymax></bndbox></object><object><name>car</name><pose>Unspecified</pose><truncated>0</truncated><difficult>0</difficult><bndbox><xmin>518.5785482</xmin><ymin>523.0685765</ymin><xmax>584.9410104</xmax><ymax>579.6473213</ymax></bndbox></object><object><name>other_vehicle</name><pose>Unspecified</pose><truncated>0</truncated><difficult>0</difficult><bndbox><xmin>664.0510199</xmin><ymin>512.5115509</ymin><xmax>713.6353146</xmax><ymax>562.3804909</ymax></bndbox></object><object><name>car</name><pose>Unspecified</pose><truncated>0</truncated><difficult>0</difficult><bndbox><xmin>113.8177785</xmin><ymin>547.2077901</ymin><xmax>191.9174603</xmax><ymax>578.5315032</ymax></bndbox></object></annotation>