<annotation><folder>test_xmls</folder><filename>host-a004_cam0_1232987674351064006.jpeg</filename><path>./imageshost-a004_cam0_1232987674351064006.jpeg</path><source><database>Unknown</database></source><size><width>1224</width><height>1024</height><depth>3</depth></size><segmented>0</segmented><object><name>car</name><pose>Unspecified</pose><truncated>0</truncated><difficult>0</difficult><bndbox><xmin>641.731478</xmin><ymin>528.3244216</ymin><xmax>716.0423266</xmax><ymax>587.206599</ymax></bndbox></object><object><name>car</name><pose>Unspecified</pose><truncated>0</truncated><difficult>0</difficult><bndbox><xmin>565.5849381</xmin><ymin>530.7504195</ymin><xmax>606.11536</xmax><ymax>563.2085369</ymax></bndbox></object><object><name>car</name><pose>Unspecified</pose><truncated>0</truncated><difficult>0</difficult><bndbox><xmin>321.4186671</xmin><ymin>533.9397284</ymin><xmax>506.9330579</xmax><ymax>657.4123019</ymax></bndbox></object><object><name>car</name><pose>Unspecified</pose><truncated>0</truncated><difficult>0</difficult><bndbox><xmin>56.89785089</xmin><ymin>537.560053</ymin><xmax>270.1437718</xmax><ymax>627.1428401</ymax></bndbox></object><object><name>car</name><pose>Unspecified</pose><truncated>0</truncated><difficult>0</difficult><bndbox><xmin>458.3472109</xmin><ymin>530.6742724</ymin><xmax>501.6702774</xmax><ymax>562.2363391</ymax></bndbox></object><object><name>car</name><pose>Unspecified</pose><truncated>0</truncated><difficult>0</difficult><bndbox><xmin>589.5238128</xmin><ymin>532.4282448</ymin><xmax>614.0457836</xmax><ymax>554.214249</ymax></bndbox></object><object><name>car</name><pose>Unspecified</pose><truncated>0</truncated><difficult>0</difficult><bndbox><xmin>329.6096598</xmin><ymin>529.1866388</ymin><xmax>413.5380691</xmax><ymax>580.8982892</ymax></bndbox></object><object><name>car</name><pose>Unspecified</pose><truncated>0</truncated><difficult>0</difficult><bndbox><xmin>261.8704623</xmin><ymin>532.347486</ymin><xmax>368.2761826</xmax><ymax>593.9694652</ymax></bndbox></object><object><name>car</name><pose>Unspecified</pose><truncated>0</truncated><difficult>0</difficult><bndbox><xmin>489.07827</xmin><ymin>529.0758829</ymin><xmax>531.2900892</xmax><ymax>559.0362786</ymax></bndbox></object><object><name>car</name><pose>Unspecified</pose><truncated>0</truncated><difficult>0</difficult><bndbox><xmin>619.0471203</xmin><ymin>534.5205648</ymin><xmax>665.6076421</xmax><ymax>576.7815367</ymax></bndbox></object><object><name>car</name><pose>Unspecified</pose><truncated>0</truncated><difficult>0</difficult><bndbox><xmin>628.1158154</xmin><ymin>529.6845796</ymin><xmax>659.3849314</xmax><ymax>560.6217177</ymax></bndbox></object><object><name>car</name><pose>Unspecified</pose><truncated>0</truncated><difficult>0</difficult><bndbox><xmin>536.7462957</xmin><ymin>535.5298908</ymin><xmax>568.5224417</xmax><ymax>556.952115</ymax></bndbox></object><object><name>car</name><pose>Unspecified</pose><truncated>0</truncated><difficult>0</difficult><bndbox><xmin>431.1394961</xmin><ymin>531.4624865</ymin><xmax>480.7401092</xmax><ymax>566.002599</ymax></bndbox></object><object><name>car</name><pose>Unspecified</pose><truncated>0</truncated><difficult>0</difficult><bndbox><xmin>327.9091079</xmin><ymin>538.3081684</ymin><xmax>442.2009623</xmax><ymax>602.9060228</ymax></bndbox></object><object><name>car</name><pose>Unspecified</pose><truncated>0</truncated><difficult>0</difficult><bndbox><xmin>0</xmin><ymin>557.5762403</ymin><xmax>101.8027006</xmax><ymax>602.5574087</ymax></bndbox></object><object><name>car</name><pose>Unspecified</pose><truncated>0</truncated><difficult>0</difficult><bndbox><xmin>453.812783</xmin><ymin>529.6321056</ymin><xmax>511.6832257</xmax><ymax>572.3456114</ymax></bndbox></object><object><name>car</name><pose>Unspecified</pose><truncated>0</truncated><difficult>0</difficult><bndbox><xmin>162.1576193</xmin><ymin>543.276581</ymin><xmax>245.8845321</xmax><ymax>583.5227884</ymax></bndbox></object><object><name>car</name><pose>Unspecified</pose><truncated>0</truncated><difficult>0</difficult><bndbox><xmin>396.3043005</xmin><ymin>537.0421115</ymin><xmax>455.1400093</xmax><ymax>570.8115486</ymax></bndbox></object></annotation>