<annotation><folder>test_xmls</folder><filename>host-a004_cam0_1233685244751064006.jpeg</filename><path>./imageshost-a004_cam0_1233685244751064006.jpeg</path><source><database>Unknown</database></source><size><width>1224</width><height>1024</height><depth>3</depth></size><segmented>0</segmented><object><name>other_vehicle</name><pose>Unspecified</pose><truncated>0</truncated><difficult>0</difficult><bndbox><xmin>0</xmin><ymin>530.2603877</ymin><xmax>42.88566639</xmax><ymax>608.0345733</ymax></bndbox></object><object><name>car</name><pose>Unspecified</pose><truncated>0</truncated><difficult>0</difficult><bndbox><xmin>677.9376281</xmin><ymin>538.8605297</ymin><xmax>728.6495326</xmax><ymax>572.7133501</ymax></bndbox></object><object><name>other_vehicle</name><pose>Unspecified</pose><truncated>0</truncated><difficult>0</difficult><bndbox><xmin>351.742998</xmin><ymin>525.0600893</ymin><xmax>406.5644937</xmax><ymax>562.2857938</ymax></bndbox></object><object><name>other_vehicle</name><pose>Unspecified</pose><truncated>0</truncated><difficult>0</difficult><bndbox><xmin>116.1827567</xmin><ymin>527.2708159</ymin><xmax>243.1568247</xmax><ymax>587.9282487</ymax></bndbox></object><object><name>bus</name><pose>Unspecified</pose><truncated>0</truncated><difficult>0</difficult><bndbox><xmin>607.821016</xmin><ymin>507.2909872</ymin><xmax>646.0588611</xmax><ymax>555.3529039</ymax></bndbox></object><object><name>car</name><pose>Unspecified</pose><truncated>0</truncated><difficult>0</difficult><bndbox><xmin>667.392156</xmin><ymin>530.094762</ymin><xmax>710.8523978</xmax><ymax>567.7888273</ymax></bndbox></object><object><name>car</name><pose>Unspecified</pose><truncated>0</truncated><difficult>0</difficult><bndbox><xmin>735.2622165</xmin><ymin>519.6429529</ymin><xmax>902.2294454</xmax><ymax>641.0550572</ymax></bndbox></object><object><name>car</name><pose>Unspecified</pose><truncated>0</truncated><difficult>0</difficult><bndbox><xmin>657.0640973</xmin><ymin>533.0571704</ymin><xmax>692.0288815</xmax><ymax>560.1241677</ymax></bndbox></object><object><name>car</name><pose>Unspecified</pose><truncated>0</truncated><difficult>0</difficult><bndbox><xmin>219.2726022</xmin><ymin>550.9762456</ymin><xmax>275.1955571</xmax><ymax>576.0880186</ymax></bndbox></object><object><name>car</name><pose>Unspecified</pose><truncated>0</truncated><difficult>0</difficult><bndbox><xmin>811.5814956</xmin><ymin>544.5986227</ymin><xmax>1168.259922</xmax><ymax>752.5160305</ymax></bndbox></object><object><name>car</name><pose>Unspecified</pose><truncated>0</truncated><difficult>0</difficult><bndbox><xmin>254.4687255</xmin><ymin>537.9895162</ymin><xmax>322.181947</xmax><ymax>571.9378345</ymax></bndbox></object><object><name>car</name><pose>Unspecified</pose><truncated>0</truncated><difficult>0</difficult><bndbox><xmin>49.08436482</xmin><ymin>554.3054717</ymin><xmax>150.0542828</xmax><ymax>594.1920052</ymax></bndbox></object><object><name>other_vehicle</name><pose>Unspecified</pose><truncated>0</truncated><difficult>0</difficult><bndbox><xmin>295.9888978</xmin><ymin>521.8349655</ymin><xmax>372.0213682</xmax><ymax>568.427246</ymax></bndbox></object></annotation>