<annotation><folder>test_xmls</folder><filename>host-a004_cam0_1233516160651064006.jpeg</filename><path>./imageshost-a004_cam0_1233516160651064006.jpeg</path><source><database>Unknown</database></source><size><width>1224</width><height>1024</height><depth>3</depth></size><segmented>0</segmented><object><name>car</name><pose>Unspecified</pose><truncated>0</truncated><difficult>0</difficult><bndbox><xmin>443.1225124</xmin><ymin>533.5371887</ymin><xmax>507.0325416</xmax><ymax>581.3765018</ymax></bndbox></object><object><name>car</name><pose>Unspecified</pose><truncated>0</truncated><difficult>0</difficult><bndbox><xmin>669.9750858</xmin><ymin>529.9217393</ymin><xmax>718.3803275</xmax><ymax>568.4343322</ymax></bndbox></object><object><name>car</name><pose>Unspecified</pose><truncated>0</truncated><difficult>0</difficult><bndbox><xmin>750.0681464</xmin><ymin>546.6836741</ymin><xmax>914.6156812</xmax><ymax>651.468414</ymax></bndbox></object><object><name>other_vehicle</name><pose>Unspecified</pose><truncated>0</truncated><difficult>0</difficult><bndbox><xmin>811.1061777</xmin><ymin>0</ymin><xmax>1224.0</xmax><ymax>1024.0</ymax></bndbox></object><object><name>car</name><pose>Unspecified</pose><truncated>0</truncated><difficult>0</difficult><bndbox><xmin>699.7097145</xmin><ymin>542.3830746</ymin><xmax>770.5696287</xmax><ymax>588.47606</ymax></bndbox></object><object><name>other_vehicle</name><pose>Unspecified</pose><truncated>0</truncated><difficult>0</difficult><bndbox><xmin>703.8935586</xmin><ymin>491.8277344</ymin><xmax>830.7276433</xmax><ymax>610.4891078</ymax></bndbox></object><object><name>other_vehicle</name><pose>Unspecified</pose><truncated>0</truncated><difficult>0</difficult><bndbox><xmin>680.5589364</xmin><ymin>502.4567657</ymin><xmax>753.4528689</xmax><ymax>576.1438939</ymax></bndbox></object><object><name>car</name><pose>Unspecified</pose><truncated>0</truncated><difficult>0</difficult><bndbox><xmin>691.9574918</xmin><ymin>539.6976952</ymin><xmax>748.4359162</xmax><ymax>579.3340131</ymax></bndbox></object><object><name>car</name><pose>Unspecified</pose><truncated>0</truncated><difficult>0</difficult><bndbox><xmin>663.6899285</xmin><ymin>534.1813472</ymin><xmax>701.9962861</xmax><ymax>561.2727238</ymax></bndbox></object><object><name>other_vehicle</name><pose>Unspecified</pose><truncated>0</truncated><difficult>0</difficult><bndbox><xmin>659.8429419</xmin><ymin>524.0186703</ymin><xmax>689.8986292</xmax><ymax>557.3665192</ymax></bndbox></object><object><name>car</name><pose>Unspecified</pose><truncated>0</truncated><difficult>0</difficult><bndbox><xmin>109.42663</xmin><ymin>525.1744339</ymin><xmax>344.4510481</xmax><ymax>655.6050116</ymax></bndbox></object><object><name>car</name><pose>Unspecified</pose><truncated>0</truncated><difficult>0</difficult><bndbox><xmin>0</xmin><ymin>471.8975887</ymin><xmax>279.0429288</xmax><ymax>1024.0</ymax></bndbox></object><object><name>car</name><pose>Unspecified</pose><truncated>0</truncated><difficult>0</difficult><bndbox><xmin>483.785417</xmin><ymin>541.2749841</ymin><xmax>574.4532116</xmax><ymax>602.0545849</ymax></bndbox></object></annotation>