<annotation><folder>test_xmls</folder><filename>host-a004_cam0_1232905219351064006.jpeg</filename><path>./imageshost-a004_cam0_1232905219351064006.jpeg</path><source><database>Unknown</database></source><size><width>1224</width><height>1024</height><depth>3</depth></size><segmented>0</segmented><object><name>car</name><pose>Unspecified</pose><truncated>0</truncated><difficult>0</difficult><bndbox><xmin>655.5349831</xmin><ymin>529.3395602</ymin><xmax>690.4396446</xmax><ymax>560.2148294</ymax></bndbox></object><object><name>car</name><pose>Unspecified</pose><truncated>0</truncated><difficult>0</difficult><bndbox><xmin>1139.849387</xmin><ymin>526.83517</ymin><xmax>1224.0</xmax><ymax>572.1792191</ymax></bndbox></object><object><name>car</name><pose>Unspecified</pose><truncated>0</truncated><difficult>0</difficult><bndbox><xmin>221.4876932</xmin><ymin>547.9632219</ymin><xmax>276.5288257</xmax><ymax>579.0242425</ymax></bndbox></object><object><name>pedestrian</name><pose>Unspecified</pose><truncated>0</truncated><difficult>0</difficult><bndbox><xmin>980.2512152</xmin><ymin>517.7459323</ymin><xmax>1029.794152</xmax><ymax>582.7850162</ymax></bndbox></object><object><name>car</name><pose>Unspecified</pose><truncated>0</truncated><difficult>0</difficult><bndbox><xmin>72.21128735</xmin><ymin>554.7094173</ymin><xmax>171.6399772</xmax><ymax>593.6188736</ymax></bndbox></object><object><name>car</name><pose>Unspecified</pose><truncated>0</truncated><difficult>0</difficult><bndbox><xmin>1072.567503</xmin><ymin>530.9759666</ymin><xmax>1224.0</xmax><ymax>590.0750408</ymax></bndbox></object><object><name>car</name><pose>Unspecified</pose><truncated>0</truncated><difficult>0</difficult><bndbox><xmin>956.4334534</xmin><ymin>532.8799576</ymin><xmax>1068.934723</xmax><ymax>574.4218485</ymax></bndbox></object><object><name>car</name><pose>Unspecified</pose><truncated>0</truncated><difficult>0</difficult><bndbox><xmin>993.5755755</xmin><ymin>519.4496707</ymin><xmax>1145.825067</xmax><ymax>574.8179505</ymax></bndbox></object><object><name>other_vehicle</name><pose>Unspecified</pose><truncated>0</truncated><difficult>0</difficult><bndbox><xmin>134.4257223</xmin><ymin>525.4734265</ymin><xmax>245.234301</xmax><ymax>587.5092695</ymax></bndbox></object><object><name>car</name><pose>Unspecified</pose><truncated>0</truncated><difficult>0</difficult><bndbox><xmin>768.8913014</xmin><ymin>523.0175133</ymin><xmax>903.7024832</xmax><ymax>575.0715548</ymax></bndbox></object><object><name>car</name><pose>Unspecified</pose><truncated>0</truncated><difficult>0</difficult><bndbox><xmin>509.7292923</xmin><ymin>529.680639</ymin><xmax>582.2709697</xmax><ymax>584.3477152</ymax></bndbox></object><object><name>car</name><pose>Unspecified</pose><truncated>0</truncated><difficult>0</difficult><bndbox><xmin>0</xmin><ymin>553.5752224</ymin><xmax>32.71829759</xmax><ymax>617.3310652</ymax></bndbox></object><object><name>car</name><pose>Unspecified</pose><truncated>0</truncated><difficult>0</difficult><bndbox><xmin>659.5799596</xmin><ymin>538.2204468</ymin><xmax>785.577292</xmax><ymax>606.5657587</ymax></bndbox></object></annotation>