<annotation><folder>test_xmls</folder><filename>host-a004_cam0_1235944798951064006.jpeg</filename><path>./imageshost-a004_cam0_1235944798951064006.jpeg</path><source><database>Unknown</database></source><size><width>1224</width><height>1024</height><depth>3</depth></size><segmented>0</segmented><object><name>car</name><pose>Unspecified</pose><truncated>0</truncated><difficult>0</difficult><bndbox><xmin>624.4959832</xmin><ymin>541.3550449</ymin><xmax>660.2559513</xmax><ymax>571.8552635</ymax></bndbox></object></annotation>