<annotation><folder>test_xmls</folder><filename>host-a004_cam0_1232817661851064006.jpeg</filename><path>./imageshost-a004_cam0_1232817661851064006.jpeg</path><source><database>Unknown</database></source><size><width>1224</width><height>1024</height><depth>3</depth></size><segmented>0</segmented><object><name>car</name><pose>Unspecified</pose><truncated>0</truncated><difficult>0</difficult><bndbox><xmin>0</xmin><ymin>528.924322</ymin><xmax>368.0363118</xmax><ymax>844.9501658</ymax></bndbox></object><object><name>truck</name><pose>Unspecified</pose><truncated>0</truncated><difficult>0</difficult><bndbox><xmin>140.5412917</xmin><ymin>505.6497588</ymin><xmax>337.8120529</xmax><ymax>576.5869178</ymax></bndbox></object><object><name>car</name><pose>Unspecified</pose><truncated>0</truncated><difficult>0</difficult><bndbox><xmin>756.370754</xmin><ymin>511.8038902</ymin><xmax>979.9552252</xmax><ymax>671.3236215</ymax></bndbox></object><object><name>other_vehicle</name><pose>Unspecified</pose><truncated>0</truncated><difficult>0</difficult><bndbox><xmin>658.0731572</xmin><ymin>516.0749538</ymin><xmax>695.3610799</xmax><ymax>551.4848341</ymax></bndbox></object><object><name>car</name><pose>Unspecified</pose><truncated>0</truncated><difficult>0</difficult><bndbox><xmin>0</xmin><ymin>544.8840043</ymin><xmax>16.53357974</xmax><ymax>602.9769452</ymax></bndbox></object><object><name>bus</name><pose>Unspecified</pose><truncated>0</truncated><difficult>0</difficult><bndbox><xmin>649.8764678</xmin><ymin>512.1927756</ymin><xmax>680.3606697</xmax><ymax>549.0215948</ymax></bndbox></object><object><name>car</name><pose>Unspecified</pose><truncated>0</truncated><difficult>0</difficult><bndbox><xmin>694.2930011</xmin><ymin>538.2493164</ymin><xmax>759.4199215</xmax><ymax>584.6795651</ymax></bndbox></object><object><name>car</name><pose>Unspecified</pose><truncated>0</truncated><difficult>0</difficult><bndbox><xmin>710.5314711</xmin><ymin>539.0297731</ymin><xmax>791.5061167</xmax><ymax>594.323773</ymax></bndbox></object><object><name>car</name><pose>Unspecified</pose><truncated>0</truncated><difficult>0</difficult><bndbox><xmin>512.5681538</xmin><ymin>536.5371181</ymin><xmax>580.8354066</xmax><ymax>582.7465963</ymax></bndbox></object><object><name>car</name><pose>Unspecified</pose><truncated>0</truncated><difficult>0</difficult><bndbox><xmin>439.5128757</xmin><ymin>537.9474726</ymin><xmax>495.1302748</xmax><ymax>572.4596643</ymax></bndbox></object><object><name>other_vehicle</name><pose>Unspecified</pose><truncated>0</truncated><difficult>0</difficult><bndbox><xmin>668.0289667</xmin><ymin>495.4422782</ymin><xmax>747.1553007</xmax><ymax>573.0088864</ymax></bndbox></object><object><name>car</name><pose>Unspecified</pose><truncated>0</truncated><difficult>0</difficult><bndbox><xmin>728.2164104</xmin><ymin>539.135294</ymin><xmax>855.4086809</xmax><ymax>619.8451046</ymax></bndbox></object><object><name>car</name><pose>Unspecified</pose><truncated>0</truncated><difficult>0</difficult><bndbox><xmin>307.3287543</xmin><ymin>529.0902537</ymin><xmax>443.3363286</xmax><ymax>607.3037389</ymax></bndbox></object><object><name>car</name><pose>Unspecified</pose><truncated>0</truncated><difficult>0</difficult><bndbox><xmin>560.8657229</xmin><ymin>536.9973659</ymin><xmax>594.3090782</xmax><ymax>562.6488546</ymax></bndbox></object><object><name>car</name><pose>Unspecified</pose><truncated>0</truncated><difficult>0</difficult><bndbox><xmin>71.40871661</xmin><ymin>540.5637895</ymin><xmax>185.5751164</xmax><ymax>587.4658263</ymax></bndbox></object></annotation>