<annotation><folder>test_xmls</folder><filename>host-a004_cam0_1233693281551064006.jpeg</filename><path>./imageshost-a004_cam0_1233693281551064006.jpeg</path><source><database>Unknown</database></source><size><width>1224</width><height>1024</height><depth>3</depth></size><segmented>0</segmented><object><name>car</name><pose>Unspecified</pose><truncated>0</truncated><difficult>0</difficult><bndbox><xmin>356.8071199</xmin><ymin>546.4128417</ymin><xmax>390.9938425</xmax><ymax>563.3041873</ymax></bndbox></object><object><name>other_vehicle</name><pose>Unspecified</pose><truncated>0</truncated><difficult>0</difficult><bndbox><xmin>174.5360138</xmin><ymin>526.7784301</ymin><xmax>272.0324119</xmax><ymax>580.8957218</ymax></bndbox></object><object><name>car</name><pose>Unspecified</pose><truncated>0</truncated><difficult>0</difficult><bndbox><xmin>0</xmin><ymin>517.5013567</ymin><xmax>209.8699215</xmax><ymax>710.420754</ymax></bndbox></object><object><name>car</name><pose>Unspecified</pose><truncated>0</truncated><difficult>0</difficult><bndbox><xmin>954.3421095</xmin><ymin>484.4304615</ymin><xmax>1224.0</xmax><ymax>1024.0</ymax></bndbox></object><object><name>other_vehicle</name><pose>Unspecified</pose><truncated>0</truncated><difficult>0</difficult><bndbox><xmin>0</xmin><ymin>520.9112726</ymin><xmax>150.178607</xmax><ymax>600.7501903</ymax></bndbox></object><object><name>car</name><pose>Unspecified</pose><truncated>0</truncated><difficult>0</difficult><bndbox><xmin>671.3147345</xmin><ymin>532.96395</ymin><xmax>707.0791517</xmax><ymax>562.1624161</ymax></bndbox></object><object><name>car</name><pose>Unspecified</pose><truncated>0</truncated><difficult>0</difficult><bndbox><xmin>504.447577</xmin><ymin>536.8528435</ymin><xmax>539.1909039</xmax><ymax>562.6150913</ymax></bndbox></object><object><name>car</name><pose>Unspecified</pose><truncated>0</truncated><difficult>0</difficult><bndbox><xmin>433.6820326</xmin><ymin>539.5686507</ymin><xmax>476.5325442</xmax><ymax>569.4240703</ymax></bndbox></object><object><name>car</name><pose>Unspecified</pose><truncated>0</truncated><difficult>0</difficult><bndbox><xmin>319.5985589</xmin><ymin>540.9015049</ymin><xmax>363.6062952</xmax><ymax>566.1786706</ymax></bndbox></object><object><name>car</name><pose>Unspecified</pose><truncated>0</truncated><difficult>0</difficult><bndbox><xmin>448.6558977</xmin><ymin>538.6662745</ymin><xmax>543.6966143</xmax><ymax>604.7599045</ymax></bndbox></object><object><name>car</name><pose>Unspecified</pose><truncated>0</truncated><difficult>0</difficult><bndbox><xmin>591.7372726</xmin><ymin>531.3833493</ymin><xmax>611.4896317</xmax><ymax>550.8486179</ymax></bndbox></object><object><name>car</name><pose>Unspecified</pose><truncated>0</truncated><difficult>0</difficult><bndbox><xmin>685.0741452</xmin><ymin>530.9476722</ymin><xmax>734.0458829</xmax><ymax>572.9229609</ymax></bndbox></object><object><name>car</name><pose>Unspecified</pose><truncated>0</truncated><difficult>0</difficult><bndbox><xmin>543.9495267</xmin><ymin>533.6970773</ymin><xmax>569.6256418</xmax><ymax>554.8879646</ymax></bndbox></object><object><name>car</name><pose>Unspecified</pose><truncated>0</truncated><difficult>0</difficult><bndbox><xmin>702.1263252</xmin><ymin>537.8489301</ymin><xmax>777.0235088</xmax><ymax>594.0683381</ymax></bndbox></object><object><name>car</name><pose>Unspecified</pose><truncated>0</truncated><difficult>0</difficult><bndbox><xmin>566.4095923</xmin><ymin>527.6971685</ymin><xmax>603.9772544</xmax><ymax>562.541984</ymax></bndbox></object><object><name>car</name><pose>Unspecified</pose><truncated>0</truncated><difficult>0</difficult><bndbox><xmin>665.3872502</xmin><ymin>532.3748269</ymin><xmax>696.4796093</xmax><ymax>560.376976</ymax></bndbox></object><object><name>car</name><pose>Unspecified</pose><truncated>0</truncated><difficult>0</difficult><bndbox><xmin>807.5537458</xmin><ymin>518.2991309</ymin><xmax>1182.646327</xmax><ymax>756.3582693</ymax></bndbox></object><object><name>car</name><pose>Unspecified</pose><truncated>0</truncated><difficult>0</difficult><bndbox><xmin>602.7122679</xmin><ymin>535.5675999</ymin><xmax>656.6887179</xmax><ymax>583.6806375</ymax></bndbox></object><object><name>car</name><pose>Unspecified</pose><truncated>0</truncated><difficult>0</difficult><bndbox><xmin>692.3067881</xmin><ymin>535.6738926</ymin><xmax>741.9348253</xmax><ymax>579.163441</ymax></bndbox></object></annotation>