<annotation><folder>test_xmls</folder><filename>host-a004_cam0_1232923282651064006.jpeg</filename><path>./imageshost-a004_cam0_1232923282651064006.jpeg</path><source><database>Unknown</database></source><size><width>1224</width><height>1024</height><depth>3</depth></size><segmented>0</segmented><object><name>car</name><pose>Unspecified</pose><truncated>0</truncated><difficult>0</difficult><bndbox><xmin>592.3094688</xmin><ymin>537.7409496</ymin><xmax>614.7339579</xmax><ymax>554.4577236</ymax></bndbox></object><object><name>bicycle</name><pose>Unspecified</pose><truncated>0</truncated><difficult>0</difficult><bndbox><xmin>1189.085488</xmin><ymin>541.8611269</ymin><xmax>1224.0</xmax><ymax>621.0290049</ymax></bndbox></object><object><name>bicycle</name><pose>Unspecified</pose><truncated>0</truncated><difficult>0</difficult><bndbox><xmin>1214.872855</xmin><ymin>540.4070126</ymin><xmax>1224.0</xmax><ymax>618.6565529</ymax></bndbox></object><object><name>bicycle</name><pose>Unspecified</pose><truncated>0</truncated><difficult>0</difficult><bndbox><xmin>1140.723547</xmin><ymin>545.950947</ymin><xmax>1224.0</xmax><ymax>626.0877043</ymax></bndbox></object><object><name>car</name><pose>Unspecified</pose><truncated>0</truncated><difficult>0</difficult><bndbox><xmin>102.4357761</xmin><ymin>554.965927</ymin><xmax>228.6631546</xmax><ymax>610.2645954</ymax></bndbox></object><object><name>bicycle</name><pose>Unspecified</pose><truncated>0</truncated><difficult>0</difficult><bndbox><xmin>1123.256511</xmin><ymin>547.544886</ymin><xmax>1217.736493</xmax><ymax>628.3909844</ymax></bndbox></object><object><name>car</name><pose>Unspecified</pose><truncated>0</truncated><difficult>0</difficult><bndbox><xmin>321.2150277</xmin><ymin>547.5731287</ymin><xmax>366.5947124</xmax><ymax>572.5088441</ymax></bndbox></object><object><name>car</name><pose>Unspecified</pose><truncated>0</truncated><difficult>0</difficult><bndbox><xmin>680.6209002</xmin><ymin>529.533525</ymin><xmax>732.7572467</xmax><ymax>573.4892756</ymax></bndbox></object><object><name>car</name><pose>Unspecified</pose><truncated>0</truncated><difficult>0</difficult><bndbox><xmin>192.8206137</xmin><ymin>536.0981759</ymin><xmax>283.7677799</xmax><ymax>586.5372696</ymax></bndbox></object><object><name>car</name><pose>Unspecified</pose><truncated>0</truncated><difficult>0</difficult><bndbox><xmin>0</xmin><ymin>549.1766459</ymin><xmax>61.26567032</xmax><ymax>621.438576</ymax></bndbox></object><object><name>car</name><pose>Unspecified</pose><truncated>0</truncated><difficult>0</difficult><bndbox><xmin>35.38249252</xmin><ymin>556.9751354</ymin><xmax>143.1090012</xmax><ymax>605.0457707</ymax></bndbox></object><object><name>car</name><pose>Unspecified</pose><truncated>0</truncated><difficult>0</difficult><bndbox><xmin>287.7199225</xmin><ymin>549.4379219</ymin><xmax>333.0603925</xmax><ymax>575.881375</ymax></bndbox></object><object><name>car</name><pose>Unspecified</pose><truncated>0</truncated><difficult>0</difficult><bndbox><xmin>263.2352604</xmin><ymin>554.5679581</ymin><xmax>314.5995372</xmax><ymax>578.700877</ymax></bndbox></object><object><name>car</name><pose>Unspecified</pose><truncated>0</truncated><difficult>0</difficult><bndbox><xmin>699.9417057</xmin><ymin>528.6491484</ymin><xmax>773.5623502</xmax><ymax>592.244964</ymax></bndbox></object><object><name>other_vehicle</name><pose>Unspecified</pose><truncated>0</truncated><difficult>0</difficult><bndbox><xmin>344.8374628</xmin><ymin>534.042111</ymin><xmax>398.6352892</xmax><ymax>568.6658477</ymax></bndbox></object><object><name>bicycle</name><pose>Unspecified</pose><truncated>0</truncated><difficult>0</difficult><bndbox><xmin>1162.93808</xmin><ymin>543.6421503</ymin><xmax>1224.0</xmax><ymax>623.3172354</ymax></bndbox></object><object><name>bicycle</name><pose>Unspecified</pose><truncated>0</truncated><difficult>0</difficult><bndbox><xmin>1069.986135</xmin><ymin>557.3502412</ymin><xmax>1164.180549</xmax><ymax>630.9658634</ymax></bndbox></object><object><name>bicycle</name><pose>Unspecified</pose><truncated>0</truncated><difficult>0</difficult><bndbox><xmin>1096.951685</xmin><ymin>555.8819071</ymin><xmax>1190.353273</xmax><ymax>628.5590109</ymax></bndbox></object></annotation>