<annotation><folder>test_xmls</folder><filename>host-a004_cam0_1233444839551064006.jpeg</filename><path>./imageshost-a004_cam0_1233444839551064006.jpeg</path><source><database>Unknown</database></source><size><width>1224</width><height>1024</height><depth>3</depth></size><segmented>0</segmented><object><name>car</name><pose>Unspecified</pose><truncated>0</truncated><difficult>0</difficult><bndbox><xmin>514.9384543</xmin><ymin>532.9055504</ymin><xmax>587.3911227</xmax><ymax>591.4674388</ymax></bndbox></object><object><name>truck</name><pose>Unspecified</pose><truncated>0</truncated><difficult>0</difficult><bndbox><xmin>724.9103984</xmin><ymin>522.1157236</ymin><xmax>770.9864963</xmax><ymax>561.3302118</ymax></bndbox></object><object><name>car</name><pose>Unspecified</pose><truncated>0</truncated><difficult>0</difficult><bndbox><xmin>995.987805</xmin><ymin>537.3965578</ymin><xmax>1118.796957</xmax><ymax>575.1115328</ymax></bndbox></object><object><name>car</name><pose>Unspecified</pose><truncated>0</truncated><difficult>0</difficult><bndbox><xmin>630.288944</xmin><ymin>535.7894716</ymin><xmax>663.4747602</xmax><ymax>562.0231887</ymax></bndbox></object><object><name>car</name><pose>Unspecified</pose><truncated>0</truncated><difficult>0</difficult><bndbox><xmin>594.7392824</xmin><ymin>539.5782495</ymin><xmax>614.412285</xmax><ymax>554.1319516</ymax></bndbox></object><object><name>other_vehicle</name><pose>Unspecified</pose><truncated>0</truncated><difficult>0</difficult><bndbox><xmin>736.1564442</xmin><ymin>529.7297258</ymin><xmax>778.291226</xmax><ymax>563.4529264</ymax></bndbox></object></annotation>