<annotation><folder>test_xmls</folder><filename>host-a004_cam0_1233961188251064006.jpeg</filename><path>./imageshost-a004_cam0_1233961188251064006.jpeg</path><source><database>Unknown</database></source><size><width>1224</width><height>1024</height><depth>3</depth></size><segmented>0</segmented><object><name>other_vehicle</name><pose>Unspecified</pose><truncated>0</truncated><difficult>0</difficult><bndbox><xmin>665.957491</xmin><ymin>511.6746703</ymin><xmax>706.8111058</xmax><ymax>559.2559835</ymax></bndbox></object><object><name>car</name><pose>Unspecified</pose><truncated>0</truncated><difficult>0</difficult><bndbox><xmin>295.5991306</xmin><ymin>536.8589083</ymin><xmax>419.4175191</xmax><ymax>607.4540082</ymax></bndbox></object><object><name>car</name><pose>Unspecified</pose><truncated>0</truncated><difficult>0</difficult><bndbox><xmin>811.1666692</xmin><ymin>517.3103233</ymin><xmax>1142.988626</xmax><ymax>733.0948501</ymax></bndbox></object><object><name>other_vehicle</name><pose>Unspecified</pose><truncated>0</truncated><difficult>0</difficult><bndbox><xmin>693.9191804</xmin><ymin>499.09203</ymin><xmax>782.7198055</xmax><ymax>583.7557207</ymax></bndbox></object><object><name>truck</name><pose>Unspecified</pose><truncated>0</truncated><difficult>0</difficult><bndbox><xmin>549.5031923</xmin><ymin>483.3994835</ymin><xmax>609.7105216</xmax><ymax>561.5800256</ymax></bndbox></object><object><name>car</name><pose>Unspecified</pose><truncated>0</truncated><difficult>0</difficult><bndbox><xmin>708.6082732</xmin><ymin>530.1180887</ymin><xmax>789.6720942</xmax><ymax>594.743684</ymax></bndbox></object><object><name>car</name><pose>Unspecified</pose><truncated>0</truncated><difficult>0</difficult><bndbox><xmin>24.86079265</xmin><ymin>536.4327824</ymin><xmax>443.3001333</xmax><ymax>770.2997076</ymax></bndbox></object><object><name>pedestrian</name><pose>Unspecified</pose><truncated>0</truncated><difficult>0</difficult><bndbox><xmin>804.8748296</xmin><ymin>530.7047566</ymin><xmax>837.5566778</xmax><ymax>585.9285359</ymax></bndbox></object><object><name>car</name><pose>Unspecified</pose><truncated>0</truncated><difficult>0</difficult><bndbox><xmin>686.4433828</xmin><ymin>534.3414728</ymin><xmax>728.9143376</xmax><ymax>572.6352463</ymax></bndbox></object></annotation>