<annotation><folder>test_xmls</folder><filename>host-a004_cam0_1232825400451064006.jpeg</filename><path>./imageshost-a004_cam0_1232825400451064006.jpeg</path><source><database>Unknown</database></source><size><width>1224</width><height>1024</height><depth>3</depth></size><segmented>0</segmented><object><name>car</name><pose>Unspecified</pose><truncated>0</truncated><difficult>0</difficult><bndbox><xmin>190.0383341</xmin><ymin>524.0528021</ymin><xmax>372.3844398</xmax><ymax>630.3878069</ymax></bndbox></object><object><name>car</name><pose>Unspecified</pose><truncated>0</truncated><difficult>0</difficult><bndbox><xmin>715.2445501</xmin><ymin>514.1090261</ymin><xmax>862.0240939</xmax><ymax>622.8750711</ymax></bndbox></object><object><name>car</name><pose>Unspecified</pose><truncated>0</truncated><difficult>0</difficult><bndbox><xmin>0</xmin><ymin>533.0354776</ymin><xmax>3.267367889</xmax><ymax>595.213752</ymax></bndbox></object><object><name>car</name><pose>Unspecified</pose><truncated>0</truncated><difficult>0</difficult><bndbox><xmin>618.569058</xmin><ymin>534.0481</ymin><xmax>646.4529088</xmax><ymax>557.5299447</ymax></bndbox></object><object><name>other_vehicle</name><pose>Unspecified</pose><truncated>0</truncated><difficult>0</difficult><bndbox><xmin>740.25081</xmin><ymin>173.6707822</ymin><xmax>1224.0</xmax><ymax>924.6443486</ymax></bndbox></object><object><name>car</name><pose>Unspecified</pose><truncated>0</truncated><difficult>0</difficult><bndbox><xmin>561.8451379</xmin><ymin>534.3388997</ymin><xmax>586.4273244</xmax><ymax>551.9934148</ymax></bndbox></object><object><name>car</name><pose>Unspecified</pose><truncated>0</truncated><difficult>0</difficult><bndbox><xmin>468.6809696</xmin><ymin>533.6739101</ymin><xmax>522.0410017</xmax><ymax>572.0388526</ymax></bndbox></object><object><name>other_vehicle</name><pose>Unspecified</pose><truncated>0</truncated><difficult>0</difficult><bndbox><xmin>685.9780744</xmin><ymin>499.5611376</ymin><xmax>783.2537829</xmax><ymax>581.3900817</ymax></bndbox></object><object><name>car</name><pose>Unspecified</pose><truncated>0</truncated><difficult>0</difficult><bndbox><xmin>660.9005607</xmin><ymin>533.4358632</ymin><xmax>679.3132838</xmax><ymax>551.2811412</ymax></bndbox></object><object><name>car</name><pose>Unspecified</pose><truncated>0</truncated><difficult>0</difficult><bndbox><xmin>582.2585461</xmin><ymin>533.104327</ymin><xmax>609.4653465</xmax><ymax>554.1984725</ymax></bndbox></object><object><name>car</name><pose>Unspecified</pose><truncated>0</truncated><difficult>0</difficult><bndbox><xmin>714.8624995</xmin><ymin>541.9162742</ymin><xmax>793.8372257</xmax><ymax>598.1140668</ymax></bndbox></object></annotation>