<annotation><folder>test_xmls</folder><filename>host-a004_cam0_1232825409251064006.jpeg</filename><path>./imageshost-a004_cam0_1232825409251064006.jpeg</path><source><database>Unknown</database></source><size><width>1224</width><height>1024</height><depth>3</depth></size><segmented>0</segmented><object><name>car</name><pose>Unspecified</pose><truncated>0</truncated><difficult>0</difficult><bndbox><xmin>668.8268424</xmin><ymin>534.4582066</ymin><xmax>706.5494443</xmax><ymax>564.9737202</ymax></bndbox></object><object><name>car</name><pose>Unspecified</pose><truncated>0</truncated><difficult>0</difficult><bndbox><xmin>755.8594481</xmin><ymin>530.0371501</ymin><xmax>961.8492812</xmax><ymax>671.2766325</ymax></bndbox></object><object><name>car</name><pose>Unspecified</pose><truncated>0</truncated><difficult>0</difficult><bndbox><xmin>160.6350701</xmin><ymin>539.7603232</ymin><xmax>458.8878567</xmax><ymax>700.1708095</ymax></bndbox></object><object><name>car</name><pose>Unspecified</pose><truncated>0</truncated><difficult>0</difficult><bndbox><xmin>544.4803694</xmin><ymin>536.0578391</ymin><xmax>572.7719466</xmax><ymax>558.0299395</ymax></bndbox></object><object><name>car</name><pose>Unspecified</pose><truncated>0</truncated><difficult>0</difficult><bndbox><xmin>661.8953066</xmin><ymin>538.2765233</ymin><xmax>689.0017067</xmax><ymax>556.7365711</ymax></bndbox></object><object><name>car</name><pose>Unspecified</pose><truncated>0</truncated><difficult>0</difficult><bndbox><xmin>708.710827</xmin><ymin>539.3189674</ymin><xmax>800.2575639</xmax><ymax>600.0391875</ymax></bndbox></object><object><name>car</name><pose>Unspecified</pose><truncated>0</truncated><difficult>0</difficult><bndbox><xmin>691.7985243</xmin><ymin>523.0846475</ymin><xmax>772.9676567</xmax><ymax>588.6106836</ymax></bndbox></object><object><name>car</name><pose>Unspecified</pose><truncated>0</truncated><difficult>0</difficult><bndbox><xmin>724.0632707</xmin><ymin>544.9223193</ymin><xmax>853.6538404</xmax><ymax>619.4705015</ymax></bndbox></object><object><name>car</name><pose>Unspecified</pose><truncated>0</truncated><difficult>0</difficult><bndbox><xmin>684.7508836</xmin><ymin>540.3668948</ymin><xmax>739.3429408</xmax><ymax>581.9273878</ymax></bndbox></object><object><name>car</name><pose>Unspecified</pose><truncated>0</truncated><difficult>0</difficult><bndbox><xmin>868.4899844</xmin><ymin>447.2795882</ymin><xmax>1224.0</xmax><ymax>964.4488637</ymax></bndbox></object><object><name>other_vehicle</name><pose>Unspecified</pose><truncated>0</truncated><difficult>0</difficult><bndbox><xmin>675.1140204</xmin><ymin>510.464201</ymin><xmax>743.1663488</xmax><ymax>573.4071116</ymax></bndbox></object><object><name>car</name><pose>Unspecified</pose><truncated>0</truncated><difficult>0</difficult><bndbox><xmin>489.1937664</xmin><ymin>533.2610831</ymin><xmax>534.8575718</xmax><ymax>567.6547048</ymax></bndbox></object><object><name>other_vehicle</name><pose>Unspecified</pose><truncated>0</truncated><difficult>0</difficult><bndbox><xmin>653.202349</xmin><ymin>521.6395706</ymin><xmax>691.5092847</xmax><ymax>556.5687718</ymax></bndbox></object></annotation>