<annotation><folder>test_xmls</folder><filename>host-a004_cam0_1232815273851064006.jpeg</filename><path>./imageshost-a004_cam0_1232815273851064006.jpeg</path><source><database>Unknown</database></source><size><width>1224</width><height>1024</height><depth>3</depth></size><segmented>0</segmented><object><name>truck</name><pose>Unspecified</pose><truncated>0</truncated><difficult>0</difficult><bndbox><xmin>466.2427348</xmin><ymin>490.8705448</ymin><xmax>552.8214069</xmax><ymax>574.2757907</ymax></bndbox></object><object><name>truck</name><pose>Unspecified</pose><truncated>0</truncated><difficult>0</difficult><bndbox><xmin>331.0475482</xmin><ymin>516.285347</ymin><xmax>422.0600183</xmax><ymax>571.8253565</ymax></bndbox></object><object><name>car</name><pose>Unspecified</pose><truncated>0</truncated><difficult>0</difficult><bndbox><xmin>564.850224</xmin><ymin>544.255064</ymin><xmax>619.9214726</xmax><ymax>585.0673194</ymax></bndbox></object><object><name>car</name><pose>Unspecified</pose><truncated>0</truncated><difficult>0</difficult><bndbox><xmin>283.5985211</xmin><ymin>529.7621398</ymin><xmax>499.9150318</xmax><ymax>668.6863892</ymax></bndbox></object></annotation>