<annotation><folder>test_xmls</folder><filename>host-a004_cam0_1233516154451064006.jpeg</filename><path>./imageshost-a004_cam0_1233516154451064006.jpeg</path><source><database>Unknown</database></source><size><width>1224</width><height>1024</height><depth>3</depth></size><segmented>0</segmented><object><name>car</name><pose>Unspecified</pose><truncated>0</truncated><difficult>0</difficult><bndbox><xmin>0</xmin><ymin>552.2494785</ymin><xmax>45.64531337</xmax><ymax>608.5458851</ymax></bndbox></object><object><name>car</name><pose>Unspecified</pose><truncated>0</truncated><difficult>0</difficult><bndbox><xmin>628.0089381</xmin><ymin>537.2189925</ymin><xmax>648.5818266</xmax><ymax>555.1785303</ymax></bndbox></object><object><name>car</name><pose>Unspecified</pose><truncated>0</truncated><difficult>0</difficult><bndbox><xmin>248.5529556</xmin><ymin>535.206871</ymin><xmax>333.6593039</xmax><ymax>579.8840491</ymax></bndbox></object><object><name>car</name><pose>Unspecified</pose><truncated>0</truncated><difficult>0</difficult><bndbox><xmin>264.9949021</xmin><ymin>525.8833016</ymin><xmax>403.7610979</xmax><ymax>613.740679</ymax></bndbox></object><object><name>car</name><pose>Unspecified</pose><truncated>0</truncated><difficult>0</difficult><bndbox><xmin>189.2435377</xmin><ymin>546.094209</ymin><xmax>263.9326474</xmax><ymax>578.0440605</ymax></bndbox></object><object><name>car</name><pose>Unspecified</pose><truncated>0</truncated><difficult>0</difficult><bndbox><xmin>588.2658517</xmin><ymin>536.2740949</ymin><xmax>612.6376001</xmax><ymax>555.1039123</ymax></bndbox></object><object><name>car</name><pose>Unspecified</pose><truncated>0</truncated><difficult>0</difficult><bndbox><xmin>762.576526</xmin><ymin>521.0340708</ymin><xmax>1032.804884</xmax><ymax>682.6595845</ymax></bndbox></object><object><name>car</name><pose>Unspecified</pose><truncated>0</truncated><difficult>0</difficult><bndbox><xmin>692.6599768</xmin><ymin>517.1946482</ymin><xmax>775.72992</xmax><ymax>589.9817276</ymax></bndbox></object><object><name>other_vehicle</name><pose>Unspecified</pose><truncated>0</truncated><difficult>0</difficult><bndbox><xmin>664.5737317</xmin><ymin>514.9907241</ymin><xmax>705.7370226</xmax><ymax>561.4809287</ymax></bndbox></object><object><name>car</name><pose>Unspecified</pose><truncated>0</truncated><difficult>0</difficult><bndbox><xmin>728.2479092</xmin><ymin>527.4504156</ymin><xmax>884.5388645</xmax><ymax>627.8939094</ymax></bndbox></object><object><name>car</name><pose>Unspecified</pose><truncated>0</truncated><difficult>0</difficult><bndbox><xmin>346.1233327</xmin><ymin>530.1116847</ymin><xmax>408.7155834</xmax><ymax>568.7292627</ymax></bndbox></object><object><name>car</name><pose>Unspecified</pose><truncated>0</truncated><difficult>0</difficult><bndbox><xmin>0</xmin><ymin>549.6739755</ymin><xmax>339.0133686</xmax><ymax>1024.0</ymax></bndbox></object><object><name>car</name><pose>Unspecified</pose><truncated>0</truncated><difficult>0</difficult><bndbox><xmin>840.7277325</xmin><ymin>526.6877349</ymin><xmax>1224.0</xmax><ymax>821.9820697</ymax></bndbox></object><object><name>car</name><pose>Unspecified</pose><truncated>0</truncated><difficult>0</difficult><bndbox><xmin>105.462861</xmin><ymin>544.7170696</ymin><xmax>194.5310081</xmax><ymax>582.1352985</ymax></bndbox></object><object><name>car</name><pose>Unspecified</pose><truncated>0</truncated><difficult>0</difficult><bndbox><xmin>684.9001011</xmin><ymin>526.8876924</ymin><xmax>748.3044974</xmax><ymax>577.1233688</ymax></bndbox></object><object><name>other_vehicle</name><pose>Unspecified</pose><truncated>0</truncated><difficult>0</difficult><bndbox><xmin>656.8982588</xmin><ymin>520.8936692</ymin><xmax>688.5593292</xmax><ymax>554.3652206</ymax></bndbox></object><object><name>car</name><pose>Unspecified</pose><truncated>0</truncated><difficult>0</difficult><bndbox><xmin>14.14758203</xmin><ymin>550.8056167</ymin><xmax>132.1201038</xmax><ymax>593.6804673</ymax></bndbox></object><object><name>other_vehicle</name><pose>Unspecified</pose><truncated>0</truncated><difficult>0</difficult><bndbox><xmin>665.5924915</xmin><ymin>511.0848659</ymin><xmax>728.7306893</xmax><ymax>565.8002458</ymax></bndbox></object><object><name>car</name><pose>Unspecified</pose><truncated>0</truncated><difficult>0</difficult><bndbox><xmin>413.291138</xmin><ymin>537.4355449</ymin><xmax>452.9138918</xmax><ymax>561.7312301</ymax></bndbox></object><object><name>car</name><pose>Unspecified</pose><truncated>0</truncated><difficult>0</difficult><bndbox><xmin>710.0892762</xmin><ymin>542.7051104</ymin><xmax>807.3930176</xmax><ymax>602.7975893</ymax></bndbox></object><object><name>car</name><pose>Unspecified</pose><truncated>0</truncated><difficult>0</difficult><bndbox><xmin>169.6791569</xmin><ymin>548.3337441</ymin><xmax>245.1658671</xmax><ymax>578.0592631</ymax></bndbox></object></annotation>