<annotation><folder>test_xmls</folder><filename>host-a004_cam0_1233961187251064006.jpeg</filename><path>./imageshost-a004_cam0_1233961187251064006.jpeg</path><source><database>Unknown</database></source><size><width>1224</width><height>1024</height><depth>3</depth></size><segmented>0</segmented><object><name>car</name><pose>Unspecified</pose><truncated>0</truncated><difficult>0</difficult><bndbox><xmin>0</xmin><ymin>545.5239126</ymin><xmax>320.722876</xmax><ymax>1024.0</ymax></bndbox></object><object><name>truck</name><pose>Unspecified</pose><truncated>0</truncated><difficult>0</difficult><bndbox><xmin>537.6274761</xmin><ymin>479.3490916</ymin><xmax>607.2148617</xmax><ymax>568.5022245</ymax></bndbox></object><object><name>car</name><pose>Unspecified</pose><truncated>0</truncated><difficult>0</difficult><bndbox><xmin>883.86568</xmin><ymin>560.2376306</ymin><xmax>1224.0</xmax><ymax>939.4894448</ymax></bndbox></object><object><name>other_vehicle</name><pose>Unspecified</pose><truncated>0</truncated><difficult>0</difficult><bndbox><xmin>680.0027258</xmin><ymin>510.727594</ymin><xmax>740.4355073</xmax><ymax>570.5009256</ymax></bndbox></object><object><name>other_vehicle</name><pose>Unspecified</pose><truncated>0</truncated><difficult>0</difficult><bndbox><xmin>662.0500928</xmin><ymin>516.7476606</ymin><xmax>695.3079712</xmax><ymax>556.0267484</ymax></bndbox></object><object><name>car</name><pose>Unspecified</pose><truncated>0</truncated><difficult>0</difficult><bndbox><xmin>195.6020449</xmin><ymin>538.9863373</ymin><xmax>372.3954592</xmax><ymax>632.5898825</ymax></bndbox></object><object><name>car</name><pose>Unspecified</pose><truncated>0</truncated><difficult>0</difficult><bndbox><xmin>723.0964732</xmin><ymin>529.6845103</ymin><xmax>826.1619477</xmax><ymax>610.2278001</ymax></bndbox></object><object><name>car</name><pose>Unspecified</pose><truncated>0</truncated><difficult>0</difficult><bndbox><xmin>687.4457174</xmin><ymin>532.8951843</ymin><xmax>737.7732386</xmax><ymax>575.3384921</ymax></bndbox></object><object><name>other_vehicle</name><pose>Unspecified</pose><truncated>0</truncated><difficult>0</difficult><bndbox><xmin>751.5903742</xmin><ymin>380.0866368</ymin><xmax>1102.135969</xmax><ymax>697.267089</ymax></bndbox></object><object><name>car</name><pose>Unspecified</pose><truncated>0</truncated><difficult>0</difficult><bndbox><xmin>676.0001345</xmin><ymin>535.5091751</ymin><xmax>707.3526353</xmax><ymax>564.5730694</ymax></bndbox></object></annotation>