<annotation><folder>test_xmls</folder><filename>host-a004_cam0_1232905127551064006.jpeg</filename><path>./imageshost-a004_cam0_1232905127551064006.jpeg</path><source><database>Unknown</database></source><size><width>1224</width><height>1024</height><depth>3</depth></size><segmented>0</segmented><object><name>car</name><pose>Unspecified</pose><truncated>0</truncated><difficult>0</difficult><bndbox><xmin>539.6175636</xmin><ymin>535.7835558</ymin><xmax>591.6722036</xmax><ymax>571.2481012</ymax></bndbox></object><object><name>car</name><pose>Unspecified</pose><truncated>0</truncated><difficult>0</difficult><bndbox><xmin>581.4053638</xmin><ymin>532.1123073</ymin><xmax>609.464493</xmax><ymax>556.2596552</ymax></bndbox></object><object><name>car</name><pose>Unspecified</pose><truncated>0</truncated><difficult>0</difficult><bndbox><xmin>400.9538889</xmin><ymin>515.0847032</ymin><xmax>541.7308561</xmax><ymax>623.4880944</ymax></bndbox></object><object><name>car</name><pose>Unspecified</pose><truncated>0</truncated><difficult>0</difficult><bndbox><xmin>309.4144887</xmin><ymin>539.4416088</ymin><xmax>430.3481639</xmax><ymax>605.3522256</ymax></bndbox></object><object><name>car</name><pose>Unspecified</pose><truncated>0</truncated><difficult>0</difficult><bndbox><xmin>522.5668053</xmin><ymin>536.1716798</ymin><xmax>554.3367991</xmax><ymax>559.2727741</ymax></bndbox></object><object><name>car</name><pose>Unspecified</pose><truncated>0</truncated><difficult>0</difficult><bndbox><xmin>743.3773128</xmin><ymin>534.900179</ymin><xmax>779.3306521</xmax><ymax>557.6524379</ymax></bndbox></object><object><name>car</name><pose>Unspecified</pose><truncated>0</truncated><difficult>0</difficult><bndbox><xmin>640.6007038</xmin><ymin>530.3510963</ymin><xmax>662.8810576</xmax><ymax>551.1995708</ymax></bndbox></object><object><name>car</name><pose>Unspecified</pose><truncated>0</truncated><difficult>0</difficult><bndbox><xmin>752.4064844</xmin><ymin>535.6286256</ymin><xmax>790.5528835</xmax><ymax>560.7640011</ymax></bndbox></object></annotation>