<annotation><folder>test_xmls</folder><filename>host-a004_cam0_1232842169051064006.jpeg</filename><path>./imageshost-a004_cam0_1232842169051064006.jpeg</path><source><database>Unknown</database></source><size><width>1224</width><height>1024</height><depth>3</depth></size><segmented>0</segmented><object><name>car</name><pose>Unspecified</pose><truncated>0</truncated><difficult>0</difficult><bndbox><xmin>204.4388321</xmin><ymin>540.7643838</ymin><xmax>288.9786059</xmax><ymax>586.1369289</ymax></bndbox></object><object><name>car</name><pose>Unspecified</pose><truncated>0</truncated><difficult>0</difficult><bndbox><xmin>500.1988899</xmin><ymin>539.088063</ymin><xmax>649.3917105</xmax><ymax>681.4913464</ymax></bndbox></object><object><name>car</name><pose>Unspecified</pose><truncated>0</truncated><difficult>0</difficult><bndbox><xmin>514.9726856</xmin><ymin>540.2271044</ymin><xmax>544.3954261</xmax><ymax>556.6793389</ymax></bndbox></object><object><name>car</name><pose>Unspecified</pose><truncated>0</truncated><difficult>0</difficult><bndbox><xmin>0</xmin><ymin>542.9229714</ymin><xmax>161.6739615</xmax><ymax>619.8847616</ymax></bndbox></object><object><name>car</name><pose>Unspecified</pose><truncated>0</truncated><difficult>0</difficult><bndbox><xmin>706.2431076</xmin><ymin>535.8670964</ymin><xmax>733.7292974</xmax><ymax>559.0461682</ymax></bndbox></object><object><name>car</name><pose>Unspecified</pose><truncated>0</truncated><difficult>0</difficult><bndbox><xmin>0</xmin><ymin>557.8160974</ymin><xmax>14.45294603</xmax><ymax>634.6978379</ymax></bndbox></object><object><name>car</name><pose>Unspecified</pose><truncated>0</truncated><difficult>0</difficult><bndbox><xmin>391.2869877</xmin><ymin>545.7036428</ymin><xmax>428.4357744</xmax><ymax>567.265557</ymax></bndbox></object><object><name>car</name><pose>Unspecified</pose><truncated>0</truncated><difficult>0</difficult><bndbox><xmin>177.0491219</xmin><ymin>545.628043</ymin><xmax>248.0175394</xmax><ymax>580.0292079</ymax></bndbox></object><object><name>car</name><pose>Unspecified</pose><truncated>0</truncated><difficult>0</difficult><bndbox><xmin>0</xmin><ymin>546.6117019</ymin><xmax>185.7072496</xmax><ymax>707.0932301</ymax></bndbox></object><object><name>car</name><pose>Unspecified</pose><truncated>0</truncated><difficult>0</difficult><bndbox><xmin>233.84576</xmin><ymin>546.2349711</ymin><xmax>325.7487972</xmax><ymax>589.302325</ymax></bndbox></object><object><name>car</name><pose>Unspecified</pose><truncated>0</truncated><difficult>0</difficult><bndbox><xmin>447.4599218</xmin><ymin>540.6242482</ymin><xmax>487.5082203</xmax><ymax>564.7751073</ymax></bndbox></object><object><name>car</name><pose>Unspecified</pose><truncated>0</truncated><difficult>0</difficult><bndbox><xmin>352.4504235</xmin><ymin>543.9565478</ymin><xmax>408.3774698</xmax><ymax>571.6340503</ymax></bndbox></object><object><name>car</name><pose>Unspecified</pose><truncated>0</truncated><difficult>0</difficult><bndbox><xmin>417.6729021</xmin><ymin>545.0900997</ymin><xmax>467.1087784</xmax><ymax>571.7034843</ymax></bndbox></object><object><name>car</name><pose>Unspecified</pose><truncated>0</truncated><difficult>0</difficult><bndbox><xmin>0</xmin><ymin>551.5452508</ymin><xmax>336.3449302</xmax><ymax>806.8581148</ymax></bndbox></object></annotation>