<annotation><folder>test_xmls</folder><filename>host-a004_cam0_1233615994751064006.jpeg</filename><path>./imageshost-a004_cam0_1233615994751064006.jpeg</path><source><database>Unknown</database></source><size><width>1224</width><height>1024</height><depth>3</depth></size><segmented>0</segmented><object><name>car</name><pose>Unspecified</pose><truncated>0</truncated><difficult>0</difficult><bndbox><xmin>384.655654</xmin><ymin>540.6905814</ymin><xmax>445.7074933</xmax><ymax>574.3424362</ymax></bndbox></object><object><name>car</name><pose>Unspecified</pose><truncated>0</truncated><difficult>0</difficult><bndbox><xmin>823.4730247</xmin><ymin>533.3586786</ymin><xmax>953.7312818</xmax><ymax>578.2178428</ymax></bndbox></object><object><name>car</name><pose>Unspecified</pose><truncated>0</truncated><difficult>0</difficult><bndbox><xmin>502.0136207</xmin><ymin>541.9035202</ymin><xmax>583.490913</xmax><ymax>602.1959299</ymax></bndbox></object><object><name>car</name><pose>Unspecified</pose><truncated>0</truncated><difficult>0</difficult><bndbox><xmin>223.6836409</xmin><ymin>523.0168242</ymin><xmax>309.4456937</xmax><ymax>573.6420231</ymax></bndbox></object><object><name>car</name><pose>Unspecified</pose><truncated>0</truncated><difficult>0</difficult><bndbox><xmin>1006.282866</xmin><ymin>533.1115579</ymin><xmax>1141.781528</xmax><ymax>576.2998761</ymax></bndbox></object><object><name>car</name><pose>Unspecified</pose><truncated>0</truncated><difficult>0</difficult><bndbox><xmin>527.72608</xmin><ymin>528.490713</ymin><xmax>570.5020208</xmax><ymax>566.7817903</ymax></bndbox></object><object><name>bicycle</name><pose>Unspecified</pose><truncated>0</truncated><difficult>0</difficult><bndbox><xmin>783.4526936</xmin><ymin>542.5000027</ymin><xmax>818.7974467</xmax><ymax>564.1903849</ymax></bndbox></object><object><name>car</name><pose>Unspecified</pose><truncated>0</truncated><difficult>0</difficult><bndbox><xmin>428.7897267</xmin><ymin>536.3687883</ymin><xmax>478.4114983</xmax><ymax>567.9896018</ymax></bndbox></object><object><name>car</name><pose>Unspecified</pose><truncated>0</truncated><difficult>0</difficult><bndbox><xmin>610.6604582</xmin><ymin>537.8640424</ymin><xmax>635.1691318</xmax><ymax>562.1627358</ymax></bndbox></object><object><name>car</name><pose>Unspecified</pose><truncated>0</truncated><difficult>0</difficult><bndbox><xmin>617.8351187</xmin><ymin>538.4433198</ymin><xmax>702.3076881</xmax><ymax>614.4816708</ymax></bndbox></object><object><name>car</name><pose>Unspecified</pose><truncated>0</truncated><difficult>0</difficult><bndbox><xmin>586.4915653</xmin><ymin>540.9819903</ymin><xmax>620.160045</xmax><ymax>570.4022054</ymax></bndbox></object><object><name>truck</name><pose>Unspecified</pose><truncated>0</truncated><difficult>0</difficult><bndbox><xmin>0</xmin><ymin>0</ymin><xmax>146.9998411</xmax><ymax>1024.0</ymax></bndbox></object><object><name>car</name><pose>Unspecified</pose><truncated>0</truncated><difficult>0</difficult><bndbox><xmin>916.3566483</xmin><ymin>533.9646928</ymin><xmax>1069.145269</xmax><ymax>583.0177992</ymax></bndbox></object><object><name>car</name><pose>Unspecified</pose><truncated>0</truncated><difficult>0</difficult><bndbox><xmin>183.8736785</xmin><ymin>539.7854477</ymin><xmax>296.7990663</xmax><ymax>587.9267818</ymax></bndbox></object><object><name>car</name><pose>Unspecified</pose><truncated>0</truncated><difficult>0</difficult><bndbox><xmin>682.0244739</xmin><ymin>539.7026248</ymin><xmax>701.6780978</xmax><ymax>555.4428716</ymax></bndbox></object><object><name>pedestrian</name><pose>Unspecified</pose><truncated>0</truncated><difficult>0</difficult><bndbox><xmin>1210.120665</xmin><ymin>544.0260098</ymin><xmax>1224.0</xmax><ymax>600.3387485</ymax></bndbox></object><object><name>car</name><pose>Unspecified</pose><truncated>0</truncated><difficult>0</difficult><bndbox><xmin>1098.480955</xmin><ymin>535.0907653</ymin><xmax>1224.0</xmax><ymax>578.6654224</ymax></bndbox></object><object><name>car</name><pose>Unspecified</pose><truncated>0</truncated><difficult>0</difficult><bndbox><xmin>466.5206066</xmin><ymin>537.9071427</ymin><xmax>505.7484237</xmax><ymax>562.5756361</ymax></bndbox></object><object><name>pedestrian</name><pose>Unspecified</pose><truncated>0</truncated><difficult>0</difficult><bndbox><xmin>814.2578008</xmin><ymin>536.8652238</ymin><xmax>832.6278543</xmax><ymax>575.2977947</ymax></bndbox></object><object><name>car</name><pose>Unspecified</pose><truncated>0</truncated><difficult>0</difficult><bndbox><xmin>0</xmin><ymin>526.969799</ymin><xmax>433.5328832</xmax><ymax>830.4190908</ymax></bndbox></object></annotation>