<annotation><folder>test_xmls</folder><filename>host-a004_cam0_1232825386451064006.jpeg</filename><path>./imageshost-a004_cam0_1232825386451064006.jpeg</path><source><database>Unknown</database></source><size><width>1224</width><height>1024</height><depth>3</depth></size><segmented>0</segmented><object><name>car</name><pose>Unspecified</pose><truncated>0</truncated><difficult>0</difficult><bndbox><xmin>97.72086314</xmin><ymin>533.5883028</ymin><xmax>346.6168381</xmax><ymax>663.0444968</ymax></bndbox></object><object><name>car</name><pose>Unspecified</pose><truncated>0</truncated><difficult>0</difficult><bndbox><xmin>801.0334169</xmin><ymin>543.2601037</ymin><xmax>1176.561933</xmax><ymax>755.6459528</ymax></bndbox></object><object><name>other_vehicle</name><pose>Unspecified</pose><truncated>0</truncated><difficult>0</difficult><bndbox><xmin>646.3056973</xmin><ymin>520.9855392</ymin><xmax>677.0232633</xmax><ymax>552.6827924</ymax></bndbox></object><object><name>car</name><pose>Unspecified</pose><truncated>0</truncated><difficult>0</difficult><bndbox><xmin>719.2746028</xmin><ymin>542.4602255</ymin><xmax>823.787228</xmax><ymax>613.8703055</ymax></bndbox></object><object><name>car</name><pose>Unspecified</pose><truncated>0</truncated><difficult>0</difficult><bndbox><xmin>545.4160546</xmin><ymin>536.0873222</ymin><xmax>591.6788128</xmax><ymax>570.659874</ymax></bndbox></object><object><name>car</name><pose>Unspecified</pose><truncated>0</truncated><difficult>0</difficult><bndbox><xmin>749.2298411</xmin><ymin>524.9114664</ymin><xmax>913.0251352</xmax><ymax>639.7384965</ymax></bndbox></object><object><name>car</name><pose>Unspecified</pose><truncated>0</truncated><difficult>0</difficult><bndbox><xmin>602.6507965</xmin><ymin>534.1478795</ymin><xmax>648.7244167</xmax><ymax>572.0261371</ymax></bndbox></object><object><name>car</name><pose>Unspecified</pose><truncated>0</truncated><difficult>0</difficult><bndbox><xmin>513.8647833</xmin><ymin>537.4341752</ymin><xmax>554.1667239</xmax><ymax>565.1225425</ymax></bndbox></object><object><name>other_vehicle</name><pose>Unspecified</pose><truncated>0</truncated><difficult>0</difficult><bndbox><xmin>673.4920984</xmin><ymin>504.9360746</ymin><xmax>747.8077263</xmax><ymax>581.1174073</ymax></bndbox></object><object><name>other_vehicle</name><pose>Unspecified</pose><truncated>0</truncated><difficult>0</difficult><bndbox><xmin>663.3717146</xmin><ymin>506.986808</ymin><xmax>720.3525289</xmax><ymax>566.5230089</ymax></bndbox></object><object><name>other_vehicle</name><pose>Unspecified</pose><truncated>0</truncated><difficult>0</difficult><bndbox><xmin>925.9788655</xmin><ymin>510.3616914</ymin><xmax>1112.067248</xmax><ymax>595.9522664</ymax></bndbox></object><object><name>car</name><pose>Unspecified</pose><truncated>0</truncated><difficult>0</difficult><bndbox><xmin>697.8264657</xmin><ymin>540.2162896</ymin><xmax>773.8542139</xmax><ymax>592.5364955</ymax></bndbox></object><object><name>car</name><pose>Unspecified</pose><truncated>0</truncated><difficult>0</difficult><bndbox><xmin>652.0333177</xmin><ymin>532.3707051</ymin><xmax>678.3678745</xmax><ymax>556.9835571</ymax></bndbox></object><object><name>car</name><pose>Unspecified</pose><truncated>0</truncated><difficult>0</difficult><bndbox><xmin>659.2124185</xmin><ymin>530.3555089</ymin><xmax>694.8098259</xmax><ymax>560.7165494</ymax></bndbox></object><object><name>car</name><pose>Unspecified</pose><truncated>0</truncated><difficult>0</difficult><bndbox><xmin>576.2247317</xmin><ymin>535.537958</ymin><xmax>606.5345518</xmax><ymax>558.9697992</ymax></bndbox></object></annotation>