<annotation><folder>test_xmls</folder><filename>host-a004_cam0_1232923271451064006.jpeg</filename><path>./imageshost-a004_cam0_1232923271451064006.jpeg</path><source><database>Unknown</database></source><size><width>1224</width><height>1024</height><depth>3</depth></size><segmented>0</segmented><object><name>car</name><pose>Unspecified</pose><truncated>0</truncated><difficult>0</difficult><bndbox><xmin>219.1139573</xmin><ymin>541.8266425</ymin><xmax>319.7085513</xmax><ymax>591.3456694</ymax></bndbox></object><object><name>other_vehicle</name><pose>Unspecified</pose><truncated>0</truncated><difficult>0</difficult><bndbox><xmin>258.2256066</xmin><ymin>522.1518169</ymin><xmax>341.0790611</xmax><ymax>572.0037111</ymax></bndbox></object><object><name>car</name><pose>Unspecified</pose><truncated>0</truncated><difficult>0</difficult><bndbox><xmin>471.8245917</xmin><ymin>536.5074165</ymin><xmax>597.4728853</xmax><ymax>588.9201464</ymax></bndbox></object><object><name>bicycle</name><pose>Unspecified</pose><truncated>0</truncated><difficult>0</difficult><bndbox><xmin>736.1764926</xmin><ymin>541.5414825</ymin><xmax>758.1891063</xmax><ymax>556.7743863</ymax></bndbox></object><object><name>car</name><pose>Unspecified</pose><truncated>0</truncated><difficult>0</difficult><bndbox><xmin>1155.083652</xmin><ymin>523.6374189</ymin><xmax>1224.0</xmax><ymax>558.4176696</ymax></bndbox></object><object><name>pedestrian</name><pose>Unspecified</pose><truncated>0</truncated><difficult>0</difficult><bndbox><xmin>988.5380879</xmin><ymin>491.7738154</ymin><xmax>1109.870739</xmax><ymax>719.2658932</ymax></bndbox></object><object><name>car</name><pose>Unspecified</pose><truncated>0</truncated><difficult>0</difficult><bndbox><xmin>66.0298969</xmin><ymin>549.4999885</ymin><xmax>175.0688696</xmax><ymax>592.9264663</ymax></bndbox></object><object><name>car</name><pose>Unspecified</pose><truncated>0</truncated><difficult>0</difficult><bndbox><xmin>388.7208232</xmin><ymin>536.6162781</ymin><xmax>427.0625666</xmax><ymax>559.4513481</ymax></bndbox></object><object><name>car</name><pose>Unspecified</pose><truncated>0</truncated><difficult>0</difficult><bndbox><xmin>295.7466889</xmin><ymin>531.1005063</ymin><xmax>371.1800649</xmax><ymax>568.0501217</ymax></bndbox></object><object><name>car</name><pose>Unspecified</pose><truncated>0</truncated><difficult>0</difficult><bndbox><xmin>315.2412645</xmin><ymin>542.6737645</ymin><xmax>390.0829902</xmax><ymax>575.460217</ymax></bndbox></object><object><name>car</name><pose>Unspecified</pose><truncated>0</truncated><difficult>0</difficult><bndbox><xmin>100.7256398</xmin><ymin>545.1079714</ymin><xmax>191.2204095</xmax><ymax>586.3347451</ymax></bndbox></object><object><name>car</name><pose>Unspecified</pose><truncated>0</truncated><difficult>0</difficult><bndbox><xmin>676.3785977</xmin><ymin>533.2975384</ymin><xmax>696.2668457</xmax><ymax>552.3961629</ymax></bndbox></object><object><name>car</name><pose>Unspecified</pose><truncated>0</truncated><difficult>0</difficult><bndbox><xmin>156.4571372</xmin><ymin>541.0717234</ymin><xmax>251.8328347</xmax><ymax>583.5635987</ymax></bndbox></object><object><name>bicycle</name><pose>Unspecified</pose><truncated>0</truncated><difficult>0</difficult><bndbox><xmin>737.6437836</xmin><ymin>541.5231331</ymin><xmax>759.7969092</xmax><ymax>556.8498326</ymax></bndbox></object><object><name>car</name><pose>Unspecified</pose><truncated>0</truncated><difficult>0</difficult><bndbox><xmin>149.4926558</xmin><ymin>546.0290931</ymin><xmax>262.2479909</xmax><ymax>589.313548</ymax></bndbox></object><object><name>car</name><pose>Unspecified</pose><truncated>0</truncated><difficult>0</difficult><bndbox><xmin>1127.139198</xmin><ymin>520.533498</ymin><xmax>1224.0</xmax><ymax>555.4259864</ymax></bndbox></object><object><name>car</name><pose>Unspecified</pose><truncated>0</truncated><difficult>0</difficult><bndbox><xmin>369.5120777</xmin><ymin>542.4564627</ymin><xmax>418.9861781</xmax><ymax>567.0930729</ymax></bndbox></object></annotation>