<annotation><folder>test_xmls</folder><filename>host-a004_cam0_1233693281951064006.jpeg</filename><path>./imageshost-a004_cam0_1233693281951064006.jpeg</path><source><database>Unknown</database></source><size><width>1224</width><height>1024</height><depth>3</depth></size><segmented>0</segmented><object><name>car</name><pose>Unspecified</pose><truncated>0</truncated><difficult>0</difficult><bndbox><xmin>449.3844273</xmin><ymin>538.0784745</ymin><xmax>544.3686705</xmax><ymax>604.03718</ymax></bndbox></object><object><name>car</name><pose>Unspecified</pose><truncated>0</truncated><difficult>0</difficult><bndbox><xmin>690.632085</xmin><ymin>530.4129082</ymin><xmax>745.1165321</xmax><ymax>576.5848294</ymax></bndbox></object><object><name>other_vehicle</name><pose>Unspecified</pose><truncated>0</truncated><difficult>0</difficult><bndbox><xmin>0</xmin><ymin>517.9406496</ymin><xmax>111.0639367</xmax><ymax>605.8219736</ymax></bndbox></object><object><name>car</name><pose>Unspecified</pose><truncated>0</truncated><difficult>0</difficult><bndbox><xmin>262.9595618</xmin><ymin>540.9969064</ymin><xmax>317.1903409</xmax><ymax>570.6958036</ymax></bndbox></object><object><name>car</name><pose>Unspecified</pose><truncated>0</truncated><difficult>0</difficult><bndbox><xmin>436.6922661</xmin><ymin>538.5588369</ymin><xmax>479.2955188</xmax><ymax>567.293183</ymax></bndbox></object><object><name>car</name><pose>Unspecified</pose><truncated>0</truncated><difficult>0</difficult><bndbox><xmin>346.3750722</xmin><ymin>545.6543325</ymin><xmax>382.5070982</xmax><ymax>563.2100113</ymax></bndbox></object><object><name>car</name><pose>Unspecified</pose><truncated>0</truncated><difficult>0</difficult><bndbox><xmin>668.3101574</xmin><ymin>531.7423325</ymin><xmax>701.4874035</xmax><ymax>561.4879327</ymax></bndbox></object><object><name>car</name><pose>Unspecified</pose><truncated>0</truncated><difficult>0</difficult><bndbox><xmin>365.2993593</xmin><ymin>540.073468</ymin><xmax>400.8217709</xmax><ymax>560.8127417</ymax></bndbox></object><object><name>car</name><pose>Unspecified</pose><truncated>0</truncated><difficult>0</difficult><bndbox><xmin>0</xmin><ymin>520.1503987</ymin><xmax>248.3325589</xmax><ymax>684.1773264</ymax></bndbox></object><object><name>car</name><pose>Unspecified</pose><truncated>0</truncated><difficult>0</difficult><bndbox><xmin>540.8407908</xmin><ymin>532.8027676</ymin><xmax>567.8591493</xmax><ymax>554.9367124</ymax></bndbox></object><object><name>car</name><pose>Unspecified</pose><truncated>0</truncated><difficult>0</difficult><bndbox><xmin>604.1781984</xmin><ymin>535.5029102</ymin><xmax>657.5699957</xmax><ymax>583.1877938</ymax></bndbox></object><object><name>car</name><pose>Unspecified</pose><truncated>0</truncated><difficult>0</difficult><bndbox><xmin>712.2958036</xmin><ymin>538.4617984</ymin><xmax>801.5544192</xmax><ymax>604.2146029</ymax></bndbox></object><object><name>other_vehicle</name><pose>Unspecified</pose><truncated>0</truncated><difficult>0</difficult><bndbox><xmin>143.0232295</xmin><ymin>524.8385034</ymin><xmax>251.2880438</xmax><ymax>582.7005038</ymax></bndbox></object><object><name>car</name><pose>Unspecified</pose><truncated>0</truncated><difficult>0</difficult><bndbox><xmin>305.7918078</xmin><ymin>539.9376781</ymin><xmax>352.6746993</xmax><ymax>566.3500611</ymax></bndbox></object><object><name>car</name><pose>Unspecified</pose><truncated>0</truncated><difficult>0</difficult><bndbox><xmin>502.6539693</xmin><ymin>536.013945</ymin><xmax>538.1558677</xmax><ymax>562.1907602</ymax></bndbox></object><object><name>car</name><pose>Unspecified</pose><truncated>0</truncated><difficult>0</difficult><bndbox><xmin>879.4031053</xmin><ymin>509.5845181</ymin><xmax>1224.0</xmax><ymax>983.0973293</ymax></bndbox></object><object><name>car</name><pose>Unspecified</pose><truncated>0</truncated><difficult>0</difficult><bndbox><xmin>657.6583933</xmin><ymin>535.5347034</ymin><xmax>685.0497064</xmax><ymax>556.4271045</ymax></bndbox></object><object><name>car</name><pose>Unspecified</pose><truncated>0</truncated><difficult>0</difficult><bndbox><xmin>674.8846711</xmin><ymin>532.4392098</ymin><xmax>713.4282008</xmax><ymax>563.7345029</ymax></bndbox></object><object><name>car</name><pose>Unspecified</pose><truncated>0</truncated><difficult>0</difficult><bndbox><xmin>567.0535108</xmin><ymin>526.8811854</ymin><xmax>604.0579503</xmax><ymax>561.9917167</ymax></bndbox></object><object><name>car</name><pose>Unspecified</pose><truncated>0</truncated><difficult>0</difficult><bndbox><xmin>699.3241446</xmin><ymin>535.6697618</ymin><xmax>755.6188006</xmax><ymax>584.3501041</ymax></bndbox></object><object><name>car</name><pose>Unspecified</pose><truncated>0</truncated><difficult>0</difficult><bndbox><xmin>591.7719175</xmin><ymin>530.4442709</ymin><xmax>612.082561</xmax><ymax>550.4271895</ymax></bndbox></object></annotation>