<annotation><folder>test_xmls</folder><filename>host-a004_cam0_1233422002651064006.jpeg</filename><path>./imageshost-a004_cam0_1233422002651064006.jpeg</path><source><database>Unknown</database></source><size><width>1224</width><height>1024</height><depth>3</depth></size><segmented>0</segmented><object><name>other_vehicle</name><pose>Unspecified</pose><truncated>0</truncated><difficult>0</difficult><bndbox><xmin>288.9408933</xmin><ymin>533.8271217</ymin><xmax>360.404971</xmax><ymax>573.3999157</ymax></bndbox></object><object><name>car</name><pose>Unspecified</pose><truncated>0</truncated><difficult>0</difficult><bndbox><xmin>257.8416924</xmin><ymin>549.8344769</ymin><xmax>316.9363411</xmax><ymax>577.6407372</ymax></bndbox></object><object><name>car</name><pose>Unspecified</pose><truncated>0</truncated><difficult>0</difficult><bndbox><xmin>0</xmin><ymin>568.911705</ymin><xmax>88.50370862</xmax><ymax>610.0947988</ymax></bndbox></object><object><name>car</name><pose>Unspecified</pose><truncated>0</truncated><difficult>0</difficult><bndbox><xmin>615.8525674</xmin><ymin>537.0164207</ymin><xmax>645.1999258</xmax><ymax>562.5038888</ymax></bndbox></object><object><name>car</name><pose>Unspecified</pose><truncated>0</truncated><difficult>0</difficult><bndbox><xmin>213.7740692</xmin><ymin>552.4094211</ymin><xmax>267.2311253</xmax><ymax>584.3482468</ymax></bndbox></object><object><name>car</name><pose>Unspecified</pose><truncated>0</truncated><difficult>0</difficult><bndbox><xmin>441.6659223</xmin><ymin>526.6371387</ymin><xmax>545.5526746</xmax><ymax>605.8465237</ymax></bndbox></object><object><name>car</name><pose>Unspecified</pose><truncated>0</truncated><difficult>0</difficult><bndbox><xmin>546.2088351</xmin><ymin>542.7623733</ymin><xmax>585.6721851</xmax><ymax>569.5306851</ymax></bndbox></object><object><name>car</name><pose>Unspecified</pose><truncated>0</truncated><difficult>0</difficult><bndbox><xmin>587.8975718</xmin><ymin>537.1003303</ymin><xmax>610.2421985</xmax><ymax>553.3956238</ymax></bndbox></object><object><name>car</name><pose>Unspecified</pose><truncated>0</truncated><difficult>0</difficult><bndbox><xmin>678.9545351</xmin><ymin>536.7524936</ymin><xmax>718.2694794</xmax><ymax>569.372933</ymax></bndbox></object><object><name>car</name><pose>Unspecified</pose><truncated>0</truncated><difficult>0</difficult><bndbox><xmin>160.3919207</xmin><ymin>551.1606191</ymin><xmax>236.9697978</xmax><ymax>588.416818</ymax></bndbox></object><object><name>other_vehicle</name><pose>Unspecified</pose><truncated>0</truncated><difficult>0</difficult><bndbox><xmin>328.3250273</xmin><ymin>532.7140752</ymin><xmax>385.9378218</xmax><ymax>568.9218589</ymax></bndbox></object><object><name>car</name><pose>Unspecified</pose><truncated>0</truncated><difficult>0</difficult><bndbox><xmin>659.8600372</xmin><ymin>536.5381159</ymin><xmax>687.2747829</xmax><ymax>556.671388</ymax></bndbox></object><object><name>car</name><pose>Unspecified</pose><truncated>0</truncated><difficult>0</difficult><bndbox><xmin>571.0866594</xmin><ymin>544.5749302</ymin><xmax>598.9788619</xmax><ymax>564.9948948</ymax></bndbox></object><object><name>car</name><pose>Unspecified</pose><truncated>0</truncated><difficult>0</difficult><bndbox><xmin>58.67951842</xmin><ymin>536.1668903</ymin><xmax>191.1760775</xmax><ymax>600.6203854</ymax></bndbox></object></annotation>