<annotation><folder>test_xmls</folder><filename>host-a004_cam0_1232817651451064006.jpeg</filename><path>./imageshost-a004_cam0_1232817651451064006.jpeg</path><source><database>Unknown</database></source><size><width>1224</width><height>1024</height><depth>3</depth></size><segmented>0</segmented><object><name>car</name><pose>Unspecified</pose><truncated>0</truncated><difficult>0</difficult><bndbox><xmin>811.1744359</xmin><ymin>537.2829565</ymin><xmax>1160.592183</xmax><ymax>749.6820216</ymax></bndbox></object><object><name>car</name><pose>Unspecified</pose><truncated>0</truncated><difficult>0</difficult><bndbox><xmin>716.2441596</xmin><ymin>523.4251771</ymin><xmax>811.2104323</xmax><ymax>598.9076175</ymax></bndbox></object><object><name>car</name><pose>Unspecified</pose><truncated>0</truncated><difficult>0</difficult><bndbox><xmin>762.7104048</xmin><ymin>550.8205851</ymin><xmax>931.883437</xmax><ymax>648.1573789</ymax></bndbox></object><object><name>car</name><pose>Unspecified</pose><truncated>0</truncated><difficult>0</difficult><bndbox><xmin>474.1813273</xmin><ymin>537.1795731</ymin><xmax>532.0704673</xmax><ymax>575.0929301</ymax></bndbox></object><object><name>car</name><pose>Unspecified</pose><truncated>0</truncated><difficult>0</difficult><bndbox><xmin>707.1145186</xmin><ymin>542.6934816</ymin><xmax>772.3995418</xmax><ymax>587.3538602</ymax></bndbox></object><object><name>car</name><pose>Unspecified</pose><truncated>0</truncated><difficult>0</difficult><bndbox><xmin>611.3437331</xmin><ymin>537.6698117</ymin><xmax>632.4309433</xmax><ymax>553.3301128</ymax></bndbox></object><object><name>other_vehicle</name><pose>Unspecified</pose><truncated>0</truncated><difficult>0</difficult><bndbox><xmin>695.9534614</xmin><ymin>512.2960015</ymin><xmax>771.224201</xmax><ymax>581.1408453</ymax></bndbox></object><object><name>car</name><pose>Unspecified</pose><truncated>0</truncated><difficult>0</difficult><bndbox><xmin>686.8790597</xmin><ymin>532.2188803</ymin><xmax>731.5845979</xmax><ymax>567.894929</ymax></bndbox></object><object><name>other_vehicle</name><pose>Unspecified</pose><truncated>0</truncated><difficult>0</difficult><bndbox><xmin>671.5886799</xmin><ymin>522.2265218</ymin><xmax>705.4075597</xmax><ymax>556.0842696</ymax></bndbox></object><object><name>pedestrian</name><pose>Unspecified</pose><truncated>0</truncated><difficult>0</difficult><bndbox><xmin>787.8672378</xmin><ymin>533.3717101</ymin><xmax>838.3068226</xmax><ymax>609.0287391</ymax></bndbox></object><object><name>car</name><pose>Unspecified</pose><truncated>0</truncated><difficult>0</difficult><bndbox><xmin>739.5603992</xmin><ymin>513.8916671</ymin><xmax>853.7483051</xmax><ymax>616.1676992</ymax></bndbox></object><object><name>pedestrian</name><pose>Unspecified</pose><truncated>0</truncated><difficult>0</difficult><bndbox><xmin>713.3855627</xmin><ymin>528.3998926</ymin><xmax>747.3277437</xmax><ymax>602.1229619</ymax></bndbox></object><object><name>car</name><pose>Unspecified</pose><truncated>0</truncated><difficult>0</difficult><bndbox><xmin>179.7072198</xmin><ymin>547.8891526</ymin><xmax>481.6092904</xmax><ymax>722.6299679</ymax></bndbox></object></annotation>