<annotation><folder>test_xmls</folder><filename>host-a004_cam0_1233685333551064006.jpeg</filename><path>./imageshost-a004_cam0_1233685333551064006.jpeg</path><source><database>Unknown</database></source><size><width>1224</width><height>1024</height><depth>3</depth></size><segmented>0</segmented><object><name>bus</name><pose>Unspecified</pose><truncated>0</truncated><difficult>0</difficult><bndbox><xmin>755.6429974</xmin><ymin>393.7987533</ymin><xmax>1010.74943</xmax><ymax>632.481468</ymax></bndbox></object><object><name>car</name><pose>Unspecified</pose><truncated>0</truncated><difficult>0</difficult><bndbox><xmin>437.0046518</xmin><ymin>542.2250303</ymin><xmax>492.1651178</xmax><ymax>582.7950622</ymax></bndbox></object><object><name>car</name><pose>Unspecified</pose><truncated>0</truncated><difficult>0</difficult><bndbox><xmin>497.1898534</xmin><ymin>557.7507825</ymin><xmax>516.759127</xmax><ymax>573.1168637</ymax></bndbox></object><object><name>car</name><pose>Unspecified</pose><truncated>0</truncated><difficult>0</difficult><bndbox><xmin>437.9865735</xmin><ymin>539.6545034</ymin><xmax>481.7880113</xmax><ymax>576.4713279</ymax></bndbox></object><object><name>car</name><pose>Unspecified</pose><truncated>0</truncated><difficult>0</difficult><bndbox><xmin>1093.00811</xmin><ymin>533.9734841</ymin><xmax>1174.756463</xmax><ymax>558.4253402</ymax></bndbox></object><object><name>bus</name><pose>Unspecified</pose><truncated>0</truncated><difficult>0</difficult><bndbox><xmin>705.2618696</xmin><ymin>509.8517307</ymin><xmax>760.1102335</xmax><ymax>563.8879087</ymax></bndbox></object></annotation>