<annotation><folder>test_xmls</folder><filename>host-a004_cam0_1233516170651064006.jpeg</filename><path>./imageshost-a004_cam0_1233516170651064006.jpeg</path><source><database>Unknown</database></source><size><width>1224</width><height>1024</height><depth>3</depth></size><segmented>0</segmented><object><name>car</name><pose>Unspecified</pose><truncated>0</truncated><difficult>0</difficult><bndbox><xmin>148.1531368</xmin><ymin>548.3270968</ymin><xmax>223.6222504</xmax><ymax>580.1274392</ymax></bndbox></object><object><name>car</name><pose>Unspecified</pose><truncated>0</truncated><difficult>0</difficult><bndbox><xmin>535.4073226</xmin><ymin>534.1557519</ymin><xmax>566.0364197</xmax><ymax>559.285832</ymax></bndbox></object><object><name>car</name><pose>Unspecified</pose><truncated>0</truncated><difficult>0</difficult><bndbox><xmin>745.1199241</xmin><ymin>545.4832806</ymin><xmax>888.6990697</xmax><ymax>633.3357212</ymax></bndbox></object><object><name>car</name><pose>Unspecified</pose><truncated>0</truncated><difficult>0</difficult><bndbox><xmin>782.3089488</xmin><ymin>514.7861314</ymin><xmax>1136.910194</xmax><ymax>723.3332463</ymax></bndbox></object><object><name>car</name><pose>Unspecified</pose><truncated>0</truncated><difficult>0</difficult><bndbox><xmin>564.508018</xmin><ymin>534.3229017</ymin><xmax>607.3107192</xmax><ymax>571.1221204</ymax></bndbox></object><object><name>other_vehicle</name><pose>Unspecified</pose><truncated>0</truncated><difficult>0</difficult><bndbox><xmin>673.1916224</xmin><ymin>498.5585067</ymin><xmax>750.0189228</xmax><ymax>577.4614903</ymax></bndbox></object><object><name>car</name><pose>Unspecified</pose><truncated>0</truncated><difficult>0</difficult><bndbox><xmin>287.6020533</xmin><ymin>533.2432884</ymin><xmax>423.6472031</xmax><ymax>616.7567554</ymax></bndbox></object><object><name>car</name><pose>Unspecified</pose><truncated>0</truncated><difficult>0</difficult><bndbox><xmin>936.8648557</xmin><ymin>529.5083244</ymin><xmax>1039.100444</xmax><ymax>558.6687559</ymax></bndbox></object><object><name>car</name><pose>Unspecified</pose><truncated>0</truncated><difficult>0</difficult><bndbox><xmin>694.2056908</xmin><ymin>541.1181873</ymin><xmax>761.7136289</xmax><ymax>585.4928779</ymax></bndbox></object><object><name>car</name><pose>Unspecified</pose><truncated>0</truncated><difficult>0</difficult><bndbox><xmin>493.3875877</xmin><ymin>532.8962917</ymin><xmax>538.4224229</xmax><ymax>568.812414</ymax></bndbox></object><object><name>other_vehicle</name><pose>Unspecified</pose><truncated>0</truncated><difficult>0</difficult><bndbox><xmin>699.7377321</xmin><ymin>469.9739352</ymin><xmax>849.9068732</xmax><ymax>608.2785762</ymax></bndbox></object><object><name>car</name><pose>Unspecified</pose><truncated>0</truncated><difficult>0</difficult><bndbox><xmin>916.2846698</xmin><ymin>524.4084834</ymin><xmax>1004.439533</xmax><ymax>556.3571647</ymax></bndbox></object><object><name>car</name><pose>Unspecified</pose><truncated>0</truncated><difficult>0</difficult><bndbox><xmin>92.76990238</xmin><ymin>548.8922731</ymin><xmax>169.9853981</xmax><ymax>584.361271</ymax></bndbox></object><object><name>car</name><pose>Unspecified</pose><truncated>0</truncated><difficult>0</difficult><bndbox><xmin>1150.027445</xmin><ymin>518.5765859</ymin><xmax>1224.0</xmax><ymax>590.0410496</ymax></bndbox></object><object><name>car</name><pose>Unspecified</pose><truncated>0</truncated><difficult>0</difficult><bndbox><xmin>898.2100663</xmin><ymin>524.5417092</ymin><xmax>981.7923797</xmax><ymax>555.1780788</ymax></bndbox></object><object><name>car</name><pose>Unspecified</pose><truncated>0</truncated><difficult>0</difficult><bndbox><xmin>1119.162941</xmin><ymin>527.3746586</ymin><xmax>1224.0</xmax><ymax>582.7903591</ymax></bndbox></object><object><name>car</name><pose>Unspecified</pose><truncated>0</truncated><difficult>0</difficult><bndbox><xmin>4.442779864</xmin><ymin>545.4316948</ymin><xmax>113.2504245</xmax><ymax>592.4721616</ymax></bndbox></object></annotation>