<annotation><folder>test_xmls</folder><filename>host-a004_cam0_1233443010751064006.jpeg</filename><path>./imageshost-a004_cam0_1233443010751064006.jpeg</path><source><database>Unknown</database></source><size><width>1224</width><height>1024</height><depth>3</depth></size><segmented>0</segmented><object><name>car</name><pose>Unspecified</pose><truncated>0</truncated><difficult>0</difficult><bndbox><xmin>367.8268032</xmin><ymin>572.0747067</ymin><xmax>415.3481171</xmax><ymax>602.3643052</ymax></bndbox></object><object><name>car</name><pose>Unspecified</pose><truncated>0</truncated><difficult>0</difficult><bndbox><xmin>148.2590692</xmin><ymin>566.5359883</ymin><xmax>264.2812907</xmax><ymax>626.9726966</ymax></bndbox></object><object><name>car</name><pose>Unspecified</pose><truncated>0</truncated><difficult>0</difficult><bndbox><xmin>286.2480724</xmin><ymin>580.5190934</ymin><xmax>321.8948089</xmax><ymax>599.9465223</ymax></bndbox></object><object><name>car</name><pose>Unspecified</pose><truncated>0</truncated><difficult>0</difficult><bndbox><xmin>688.2405103</xmin><ymin>548.687486</ymin><xmax>717.4375</xmax><ymax>571.8492825</ymax></bndbox></object></annotation>