<annotation><folder>test_xmls</folder><filename>host-a004_cam0_1232905212551064006.jpeg</filename><path>./imageshost-a004_cam0_1232905212551064006.jpeg</path><source><database>Unknown</database></source><size><width>1224</width><height>1024</height><depth>3</depth></size><segmented>0</segmented><object><name>car</name><pose>Unspecified</pose><truncated>0</truncated><difficult>0</difficult><bndbox><xmin>0</xmin><ymin>527.1786122</ymin><xmax>132.148866</xmax><ymax>590.7107903</ymax></bndbox></object><object><name>car</name><pose>Unspecified</pose><truncated>0</truncated><difficult>0</difficult><bndbox><xmin>568.5518041</xmin><ymin>539.9168587</ymin><xmax>624.9145886</xmax><ymax>583.781153</ymax></bndbox></object><object><name>truck</name><pose>Unspecified</pose><truncated>0</truncated><difficult>0</difficult><bndbox><xmin>291.4184148</xmin><ymin>515.3188448</ymin><xmax>348.6132818</xmax><ymax>561.0367005</ymax></bndbox></object><object><name>car</name><pose>Unspecified</pose><truncated>0</truncated><difficult>0</difficult><bndbox><xmin>534.2596962</xmin><ymin>536.7772629</ymin><xmax>561.8569118</xmax><ymax>558.3089117</ymax></bndbox></object><object><name>car</name><pose>Unspecified</pose><truncated>0</truncated><difficult>0</difficult><bndbox><xmin>357.4719572</xmin><ymin>534.429919</ymin><xmax>403.74236</xmax><ymax>560.7614584</ymax></bndbox></object><object><name>car</name><pose>Unspecified</pose><truncated>0</truncated><difficult>0</difficult><bndbox><xmin>662.6513235</xmin><ymin>536.7521708</ymin><xmax>712.0496537</xmax><ymax>555.7929337</ymax></bndbox></object><object><name>pedestrian</name><pose>Unspecified</pose><truncated>0</truncated><difficult>0</difficult><bndbox><xmin>1041.674262</xmin><ymin>519.8890472</ymin><xmax>1148.696905</xmax><ymax>670.9100598</ymax></bndbox></object><object><name>car</name><pose>Unspecified</pose><truncated>0</truncated><difficult>0</difficult><bndbox><xmin>61.58741017</xmin><ymin>547.975401</ymin><xmax>141.3727772</xmax><ymax>580.0550845</ymax></bndbox></object><object><name>car</name><pose>Unspecified</pose><truncated>0</truncated><difficult>0</difficult><bndbox><xmin>221.9758635</xmin><ymin>539.4140086</ymin><xmax>295.4748961</xmax><ymax>569.9861686</ymax></bndbox></object><object><name>car</name><pose>Unspecified</pose><truncated>0</truncated><difficult>0</difficult><bndbox><xmin>127.5576417</xmin><ymin>535.394248</ymin><xmax>238.654938</xmax><ymax>579.7490753</ymax></bndbox></object><object><name>car</name><pose>Unspecified</pose><truncated>0</truncated><difficult>0</difficult><bndbox><xmin>571.7287082</xmin><ymin>531.2727137</ymin><xmax>605.4386012</xmax><ymax>561.5731482</ymax></bndbox></object><object><name>car</name><pose>Unspecified</pose><truncated>0</truncated><difficult>0</difficult><bndbox><xmin>517.169215</xmin><ymin>536.9761995</ymin><xmax>541.6892741</xmax><ymax>552.2344423</ymax></bndbox></object><object><name>car</name><pose>Unspecified</pose><truncated>0</truncated><difficult>0</difficult><bndbox><xmin>423.3039904</xmin><ymin>534.2054337</ymin><xmax>453.0215049</xmax><ymax>553.9057928</ymax></bndbox></object></annotation>