<annotation><folder>test_xmls</folder><filename>host-a004_cam0_1233685325751064006.jpeg</filename><path>./imageshost-a004_cam0_1233685325751064006.jpeg</path><source><database>Unknown</database></source><size><width>1224</width><height>1024</height><depth>3</depth></size><segmented>0</segmented><object><name>car</name><pose>Unspecified</pose><truncated>0</truncated><difficult>0</difficult><bndbox><xmin>0</xmin><ymin>405.0601109</ymin><xmax>202.0710404</xmax><ymax>811.4941395</ymax></bndbox></object><object><name>bus</name><pose>Unspecified</pose><truncated>0</truncated><difficult>0</difficult><bndbox><xmin>626.7817078</xmin><ymin>471.7835675</ymin><xmax>709.8537196</xmax><ymax>572.0394885</ymax></bndbox></object><object><name>car</name><pose>Unspecified</pose><truncated>0</truncated><difficult>0</difficult><bndbox><xmin>509.7261212</xmin><ymin>532.486678</ymin><xmax>549.806706</xmax><ymax>562.0473722</ymax></bndbox></object><object><name>car</name><pose>Unspecified</pose><truncated>0</truncated><difficult>0</difficult><bndbox><xmin>743.2607801</xmin><ymin>527.0122037</ymin><xmax>888.466744</xmax><ymax>574.7393667</ymax></bndbox></object><object><name>car</name><pose>Unspecified</pose><truncated>0</truncated><difficult>0</difficult><bndbox><xmin>494.572915</xmin><ymin>530.8592829</ymin><xmax>525.4223487</xmax><ymax>551.9263442</ymax></bndbox></object><object><name>car</name><pose>Unspecified</pose><truncated>0</truncated><difficult>0</difficult><bndbox><xmin>270.9810399</xmin><ymin>543.4029313</ymin><xmax>350.7845374</xmax><ymax>586.3495111</ymax></bndbox></object><object><name>car</name><pose>Unspecified</pose><truncated>0</truncated><difficult>0</difficult><bndbox><xmin>398.7125561</xmin><ymin>535.5918614</ymin><xmax>453.6229959</xmax><ymax>566.110436</ymax></bndbox></object></annotation>