<annotation><folder>test_xmls</folder><filename>host-a004_cam0_1233602021451064006.jpeg</filename><path>./imageshost-a004_cam0_1233602021451064006.jpeg</path><source><database>Unknown</database></source><size><width>1224</width><height>1024</height><depth>3</depth></size><segmented>0</segmented><object><name>car</name><pose>Unspecified</pose><truncated>0</truncated><difficult>0</difficult><bndbox><xmin>808.6720067</xmin><ymin>491.1871173</ymin><xmax>1224.0</xmax><ymax>778.0651363</ymax></bndbox></object><object><name>car</name><pose>Unspecified</pose><truncated>0</truncated><difficult>0</difficult><bndbox><xmin>17.40357872</xmin><ymin>541.0897117</ymin><xmax>222.533131</xmax><ymax>623.6599321</ymax></bndbox></object><object><name>car</name><pose>Unspecified</pose><truncated>0</truncated><difficult>0</difficult><bndbox><xmin>710.0521104</xmin><ymin>537.2527438</ymin><xmax>797.8610949</xmax><ymax>597.7900781</ymax></bndbox></object><object><name>car</name><pose>Unspecified</pose><truncated>0</truncated><difficult>0</difficult><bndbox><xmin>19.68308566</xmin><ymin>539.0931681</ymin><xmax>288.6705504</xmax><ymax>663.9795146</ymax></bndbox></object><object><name>car</name><pose>Unspecified</pose><truncated>0</truncated><difficult>0</difficult><bndbox><xmin>438.1578566</xmin><ymin>539.5981643</ymin><xmax>544.2643334</xmax><ymax>613.9762109</ymax></bndbox></object><object><name>car</name><pose>Unspecified</pose><truncated>0</truncated><difficult>0</difficult><bndbox><xmin>260.6407319</xmin><ymin>532.7925442</ymin><xmax>396.441914</xmax><ymax>618.0679761</ymax></bndbox></object><object><name>car</name><pose>Unspecified</pose><truncated>0</truncated><difficult>0</difficult><bndbox><xmin>159.7716123</xmin><ymin>533.3582515</ymin><xmax>446.9675317</xmax><ymax>710.1246897</ymax></bndbox></object><object><name>truck</name><pose>Unspecified</pose><truncated>0</truncated><difficult>0</difficult><bndbox><xmin>98.20991855</xmin><ymin>531.2012123</ymin><xmax>222.5412958</xmax><ymax>581.9012035</ymax></bndbox></object><object><name>pedestrian</name><pose>Unspecified</pose><truncated>0</truncated><difficult>0</difficult><bndbox><xmin>1189.437067</xmin><ymin>518.2928963</ymin><xmax>1224.0</xmax><ymax>592.9448244</ymax></bndbox></object><object><name>car</name><pose>Unspecified</pose><truncated>0</truncated><difficult>0</difficult><bndbox><xmin>733.1489688</xmin><ymin>537.498827</ymin><xmax>839.7662418</xmax><ymax>616.0107414</ymax></bndbox></object></annotation>