<annotation><folder>test_xmls</folder><filename>host-a004_cam0_1233947113751064006.jpeg</filename><path>./imageshost-a004_cam0_1233947113751064006.jpeg</path><source><database>Unknown</database></source><size><width>1224</width><height>1024</height><depth>3</depth></size><segmented>0</segmented><object><name>car</name><pose>Unspecified</pose><truncated>0</truncated><difficult>0</difficult><bndbox><xmin>690.7302255</xmin><ymin>536.7857821</ymin><xmax>729.2662764</xmax><ymax>570.5024055</ymax></bndbox></object><object><name>car</name><pose>Unspecified</pose><truncated>0</truncated><difficult>0</difficult><bndbox><xmin>717.8183079</xmin><ymin>529.257836</ymin><xmax>801.6215712</xmax><ymax>602.1408168</ymax></bndbox></object><object><name>car</name><pose>Unspecified</pose><truncated>0</truncated><difficult>0</difficult><bndbox><xmin>579.0771411</xmin><ymin>536.3048475</ymin><xmax>611.3572952</xmax><ymax>562.1203509</ymax></bndbox></object><object><name>car</name><pose>Unspecified</pose><truncated>0</truncated><difficult>0</difficult><bndbox><xmin>520.6617485</xmin><ymin>537.1528991</ymin><xmax>555.2810912</xmax><ymax>564.5492014</ymax></bndbox></object><object><name>car</name><pose>Unspecified</pose><truncated>0</truncated><difficult>0</difficult><bndbox><xmin>695.1189781</xmin><ymin>526.8499232</ymin><xmax>757.0024907</xmax><ymax>578.0854242</ymax></bndbox></object><object><name>car</name><pose>Unspecified</pose><truncated>0</truncated><difficult>0</difficult><bndbox><xmin>741.6285223</xmin><ymin>536.6178015</ymin><xmax>888.6653105</xmax><ymax>627.9745579</ymax></bndbox></object><object><name>car</name><pose>Unspecified</pose><truncated>0</truncated><difficult>0</difficult><bndbox><xmin>278.5905975</xmin><ymin>547.3612569</ymin><xmax>322.2510728</xmax><ymax>568.8774668</ymax></bndbox></object><object><name>car</name><pose>Unspecified</pose><truncated>0</truncated><difficult>0</difficult><bndbox><xmin>22.53052927</xmin><ymin>554.621846</ymin><xmax>126.6918828</xmax><ymax>592.9859349</ymax></bndbox></object><object><name>car</name><pose>Unspecified</pose><truncated>0</truncated><difficult>0</difficult><bndbox><xmin>850.927488</xmin><ymin>545.1831245</ymin><xmax>1224.0</xmax><ymax>852.1123837</ymax></bndbox></object><object><name>car</name><pose>Unspecified</pose><truncated>0</truncated><difficult>0</difficult><bndbox><xmin>0</xmin><ymin>552.6952177</ymin><xmax>125.5315606</xmax><ymax>854.016249</ymax></bndbox></object><object><name>car</name><pose>Unspecified</pose><truncated>0</truncated><difficult>0</difficult><bndbox><xmin>310.2290554</xmin><ymin>542.5447009</ymin><xmax>359.4768459</xmax><ymax>565.9902702</ymax></bndbox></object><object><name>car</name><pose>Unspecified</pose><truncated>0</truncated><difficult>0</difficult><bndbox><xmin>711.5908422</xmin><ymin>529.4991464</ymin><xmax>778.291941</xmax><ymax>586.4991544</ymax></bndbox></object><object><name>car</name><pose>Unspecified</pose><truncated>0</truncated><difficult>0</difficult><bndbox><xmin>774.2232419</xmin><ymin>542.009937</ymin><xmax>976.8976288</xmax><ymax>678.6873926</ymax></bndbox></object><object><name>bus</name><pose>Unspecified</pose><truncated>0</truncated><difficult>0</difficult><bndbox><xmin>671.3670791</xmin><ymin>509.4253973</ymin><xmax>723.4830553</xmax><ymax>564.5565</ymax></bndbox></object><object><name>car</name><pose>Unspecified</pose><truncated>0</truncated><difficult>0</difficult><bndbox><xmin>345.9848556</xmin><ymin>542.9377273</ymin><xmax>389.2661324</xmax><ymax>563.1050548</ymax></bndbox></object></annotation>