<annotation><folder>test_xmls</folder><filename>host-a004_cam0_1233602025251064006.jpeg</filename><path>./imageshost-a004_cam0_1233602025251064006.jpeg</path><source><database>Unknown</database></source><size><width>1224</width><height>1024</height><depth>3</depth></size><segmented>0</segmented><object><name>car</name><pose>Unspecified</pose><truncated>0</truncated><difficult>0</difficult><bndbox><xmin>0</xmin><ymin>553.0085282</ymin><xmax>44.64928304</xmax><ymax>627.6466562</ymax></bndbox></object><object><name>car</name><pose>Unspecified</pose><truncated>0</truncated><difficult>0</difficult><bndbox><xmin>13.30600375</xmin><ymin>547.5645124</ymin><xmax>421.6402191</xmax><ymax>784.8595001</ymax></bndbox></object></annotation>