<annotation><folder>test_xmls</folder><filename>host-a004_cam0_1233620264751064006.jpeg</filename><path>./imageshost-a004_cam0_1233620264751064006.jpeg</path><source><database>Unknown</database></source><size><width>1224</width><height>1024</height><depth>3</depth></size><segmented>0</segmented><object><name>car</name><pose>Unspecified</pose><truncated>0</truncated><difficult>0</difficult><bndbox><xmin>66.46718344</xmin><ymin>548.8227028</ymin><xmax>179.1744411</xmax><ymax>595.5116555</ymax></bndbox></object><object><name>car</name><pose>Unspecified</pose><truncated>0</truncated><difficult>0</difficult><bndbox><xmin>408.0969368</xmin><ymin>537.6741691</ymin><xmax>446.158567</xmax><ymax>562.3659806</ymax></bndbox></object><object><name>car</name><pose>Unspecified</pose><truncated>0</truncated><difficult>0</difficult><bndbox><xmin>171.8995785</xmin><ymin>549.5094943</ymin><xmax>244.3474813</xmax><ymax>582.459241</ymax></bndbox></object><object><name>car</name><pose>Unspecified</pose><truncated>0</truncated><difficult>0</difficult><bndbox><xmin>0</xmin><ymin>547.6924843</ymin><xmax>122.6903327</xmax><ymax>614.8022695</ymax></bndbox></object><object><name>car</name><pose>Unspecified</pose><truncated>0</truncated><difficult>0</difficult><bndbox><xmin>261.9674698</xmin><ymin>544.2778527</ymin><xmax>334.021197</xmax><ymax>599.3489551</ymax></bndbox></object><object><name>car</name><pose>Unspecified</pose><truncated>0</truncated><difficult>0</difficult><bndbox><xmin>1027.239791</xmin><ymin>522.485138</ymin><xmax>1224.0</xmax><ymax>601.3133093</ymax></bndbox></object><object><name>car</name><pose>Unspecified</pose><truncated>0</truncated><difficult>0</difficult><bndbox><xmin>713.9420025</xmin><ymin>487.9170159</ymin><xmax>1152.607804</xmax><ymax>661.3354588</ymax></bndbox></object><object><name>car</name><pose>Unspecified</pose><truncated>0</truncated><difficult>0</difficult><bndbox><xmin>248.6680744</xmin><ymin>542.7528266</ymin><xmax>312.9679245</xmax><ymax>576.3083644</ymax></bndbox></object><object><name>car</name><pose>Unspecified</pose><truncated>0</truncated><difficult>0</difficult><bndbox><xmin>925.6937828</xmin><ymin>531.7484259</ymin><xmax>1146.362932</xmax><ymax>594.5349746</ymax></bndbox></object><object><name>car</name><pose>Unspecified</pose><truncated>0</truncated><difficult>0</difficult><bndbox><xmin>318.9757011</xmin><ymin>537.6206154</ymin><xmax>388.7195511</xmax><ymax>580.039433</ymax></bndbox></object></annotation>