<annotation><folder>test_xmls</folder><filename>host-a004_cam0_1233693265551064006.jpeg</filename><path>./imageshost-a004_cam0_1233693265551064006.jpeg</path><source><database>Unknown</database></source><size><width>1224</width><height>1024</height><depth>3</depth></size><segmented>0</segmented><object><name>car</name><pose>Unspecified</pose><truncated>0</truncated><difficult>0</difficult><bndbox><xmin>664.4661989</xmin><ymin>530.1190871</ymin><xmax>714.8985824</xmax><ymax>566.144631</ymax></bndbox></object><object><name>car</name><pose>Unspecified</pose><truncated>0</truncated><difficult>0</difficult><bndbox><xmin>690.5336165</xmin><ymin>524.8239754</ymin><xmax>752.8552803</xmax><ymax>578.6285894</ymax></bndbox></object><object><name>car</name><pose>Unspecified</pose><truncated>0</truncated><difficult>0</difficult><bndbox><xmin>700.4001908</xmin><ymin>528.3760829</ymin><xmax>774.0495536</xmax><ymax>588.4809493</ymax></bndbox></object><object><name>car</name><pose>Unspecified</pose><truncated>0</truncated><difficult>0</difficult><bndbox><xmin>616.435377</xmin><ymin>534.2952119</ymin><xmax>639.3624491</xmax><ymax>553.5289291</ymax></bndbox></object><object><name>car</name><pose>Unspecified</pose><truncated>0</truncated><difficult>0</difficult><bndbox><xmin>0</xmin><ymin>546.1270384</ymin><xmax>87.6589661</xmax><ymax>595.2576106</ymax></bndbox></object><object><name>car</name><pose>Unspecified</pose><truncated>0</truncated><difficult>0</difficult><bndbox><xmin>662.6767594</xmin><ymin>528.4621148</ymin><xmax>692.9652956</xmax><ymax>556.1899529</ymax></bndbox></object><object><name>car</name><pose>Unspecified</pose><truncated>0</truncated><difficult>0</difficult><bndbox><xmin>17.04234017</xmin><ymin>546.4555105</ymin><xmax>158.9065782</xmax><ymax>597.1724091</ymax></bndbox></object><object><name>car</name><pose>Unspecified</pose><truncated>0</truncated><difficult>0</difficult><bndbox><xmin>596.6323758</xmin><ymin>529.5867033</ymin><xmax>615.7161481</xmax><ymax>548.7165031</ymax></bndbox></object><object><name>car</name><pose>Unspecified</pose><truncated>0</truncated><difficult>0</difficult><bndbox><xmin>718.2854715</xmin><ymin>539.4140723</ymin><xmax>809.7642897</xmax><ymax>607.6113732</ymax></bndbox></object><object><name>car</name><pose>Unspecified</pose><truncated>0</truncated><difficult>0</difficult><bndbox><xmin>737.6795288</xmin><ymin>529.7138367</ymin><xmax>884.9096978</xmax><ymax>636.8864055</ymax></bndbox></object><object><name>car</name><pose>Unspecified</pose><truncated>0</truncated><difficult>0</difficult><bndbox><xmin>802.7447633</xmin><ymin>545.1570133</ymin><xmax>1090.697834</xmax><ymax>730.1725584</ymax></bndbox></object><object><name>other_vehicle</name><pose>Unspecified</pose><truncated>0</truncated><difficult>0</difficult><bndbox><xmin>171.9181122</xmin><ymin>523.4400965</ymin><xmax>265.9795188</xmax><ymax>576.7137337</ymax></bndbox></object></annotation>