<annotation><folder>test_xmls</folder><filename>host-a004_cam0_1232817662051064006.jpeg</filename><path>./imageshost-a004_cam0_1232817662051064006.jpeg</path><source><database>Unknown</database></source><size><width>1224</width><height>1024</height><depth>3</depth></size><segmented>0</segmented><object><name>car</name><pose>Unspecified</pose><truncated>0</truncated><difficult>0</difficult><bndbox><xmin>438.7221034</xmin><ymin>538.2644549</ymin><xmax>492.8196289</xmax><ymax>572.290404</ymax></bndbox></object><object><name>car</name><pose>Unspecified</pose><truncated>0</truncated><difficult>0</difficult><bndbox><xmin>516.3503424</xmin><ymin>536.8430974</ymin><xmax>582.756515</xmax><ymax>581.9722403</ymax></bndbox></object><object><name>bus</name><pose>Unspecified</pose><truncated>0</truncated><difficult>0</difficult><bndbox><xmin>650.2687507</xmin><ymin>511.9265423</ymin><xmax>681.8064016</xmax><ymax>549.9490219</ymax></bndbox></object><object><name>car</name><pose>Unspecified</pose><truncated>0</truncated><difficult>0</difficult><bndbox><xmin>0</xmin><ymin>541.4206859</ymin><xmax>98.62576223</xmax><ymax>598.9938179</ymax></bndbox></object><object><name>other_vehicle</name><pose>Unspecified</pose><truncated>0</truncated><difficult>0</difficult><bndbox><xmin>658.8777878</xmin><ymin>515.8738605</ymin><xmax>697.6992925</xmax><ymax>552.6391252</ymax></bndbox></object><object><name>car</name><pose>Unspecified</pose><truncated>0</truncated><difficult>0</difficult><bndbox><xmin>561.9020896</xmin><ymin>537.3576672</ymin><xmax>594.7435382</xmax><ymax>562.5850719</ymax></bndbox></object><object><name>car</name><pose>Unspecified</pose><truncated>0</truncated><difficult>0</difficult><bndbox><xmin>699.4324817</xmin><ymin>539.3568159</ymin><xmax>771.7695073</xmax><ymax>590.4067648</ymax></bndbox></object><object><name>truck</name><pose>Unspecified</pose><truncated>0</truncated><difficult>0</difficult><bndbox><xmin>13.87607286</xmin><ymin>498.5819342</ymin><xmax>285.3420597</xmax><ymax>587.3412732</ymax></bndbox></object><object><name>car</name><pose>Unspecified</pose><truncated>0</truncated><difficult>0</difficult><bndbox><xmin>318.9009225</xmin><ymin>530.3864979</ymin><xmax>448.1122947</xmax><ymax>605.6281648</ymax></bndbox></object><object><name>car</name><pose>Unspecified</pose><truncated>0</truncated><difficult>0</difficult><bndbox><xmin>741.718253</xmin><ymin>540.937986</ymin><xmax>897.0891592</xmax><ymax>637.1116606</ymax></bndbox></object><object><name>other_vehicle</name><pose>Unspecified</pose><truncated>0</truncated><difficult>0</difficult><bndbox><xmin>670.2062054</xmin><ymin>493.2447389</ymin><xmax>755.7977261</xmax><ymax>576.6188901</ymax></bndbox></object><object><name>car</name><pose>Unspecified</pose><truncated>0</truncated><difficult>0</difficult><bndbox><xmin>781.9876187</xmin><ymin>506.660661</ymin><xmax>1096.097664</xmax><ymax>718.7386085</ymax></bndbox></object><object><name>car</name><pose>Unspecified</pose><truncated>0</truncated><difficult>0</difficult><bndbox><xmin>718.567527</xmin><ymin>540.4209562</ymin><xmax>811.4906988</xmax><ymax>602.8046702</ymax></bndbox></object><object><name>car</name><pose>Unspecified</pose><truncated>0</truncated><difficult>0</difficult><bndbox><xmin>0</xmin><ymin>532.4309989</ymin><xmax>391.7854711</xmax><ymax>804.5249998</ymax></bndbox></object></annotation>