<annotation><folder>test_xmls</folder><filename>host-a004_cam0_1232842172051064006.jpeg</filename><path>./imageshost-a004_cam0_1232842172051064006.jpeg</path><source><database>Unknown</database></source><size><width>1224</width><height>1024</height><depth>3</depth></size><segmented>0</segmented><object><name>car</name><pose>Unspecified</pose><truncated>0</truncated><difficult>0</difficult><bndbox><xmin>578.019303</xmin><ymin>550.0403713</ymin><xmax>608.5738645</xmax><ymax>567.7067107</ymax></bndbox></object><object><name>car</name><pose>Unspecified</pose><truncated>0</truncated><difficult>0</difficult><bndbox><xmin>663.3077866</xmin><ymin>546.0081416</ymin><xmax>739.5969903</xmax><ymax>615.7773071</ymax></bndbox></object><object><name>car</name><pose>Unspecified</pose><truncated>0</truncated><difficult>0</difficult><bndbox><xmin>604.8419005</xmin><ymin>549.2453871</ymin><xmax>630.3058886</xmax><ymax>564.2467582</ymax></bndbox></object><object><name>car</name><pose>Unspecified</pose><truncated>0</truncated><difficult>0</difficult><bndbox><xmin>169.3643516</xmin><ymin>553.7764592</ymin><xmax>253.2359267</xmax><ymax>592.6133822</ymax></bndbox></object><object><name>car</name><pose>Unspecified</pose><truncated>0</truncated><difficult>0</difficult><bndbox><xmin>0</xmin><ymin>562.1738976</ymin><xmax>97.51656138</xmax><ymax>636.213696</ymax></bndbox></object><object><name>car</name><pose>Unspecified</pose><truncated>0</truncated><difficult>0</difficult><bndbox><xmin>162.3154347</xmin><ymin>557.5871258</ymin><xmax>295.7828591</xmax><ymax>614.4431243</ymax></bndbox></object><object><name>car</name><pose>Unspecified</pose><truncated>0</truncated><difficult>0</difficult><bndbox><xmin>547.8756185</xmin><ymin>549.138105</ymin><xmax>582.1161927</xmax><ymax>570.2860459</ymax></bndbox></object><object><name>car</name><pose>Unspecified</pose><truncated>0</truncated><difficult>0</difficult><bndbox><xmin>76.3921282</xmin><ymin>553.9695565</ymin><xmax>477.4086476</xmax><ymax>761.095066</ymax></bndbox></object><object><name>car</name><pose>Unspecified</pose><truncated>0</truncated><difficult>0</difficult><bndbox><xmin>364.9579756</xmin><ymin>547.7104511</ymin><xmax>437.5865173</xmax><ymax>584.8951166</ymax></bndbox></object><object><name>car</name><pose>Unspecified</pose><truncated>0</truncated><difficult>0</difficult><bndbox><xmin>495.8856709</xmin><ymin>551.4302167</ymin><xmax>542.4667044</xmax><ymax>574.8429418</ymax></bndbox></object><object><name>car</name><pose>Unspecified</pose><truncated>0</truncated><difficult>0</difficult><bndbox><xmin>418.8903683</xmin><ymin>554.6259851</ymin><xmax>460.7866945</xmax><ymax>578.40511</ymax></bndbox></object><object><name>car</name><pose>Unspecified</pose><truncated>0</truncated><difficult>0</difficult><bndbox><xmin>432.772958</xmin><ymin>548.979265</ymin><xmax>530.8856136</xmax><ymax>604.4476114</ymax></bndbox></object><object><name>car</name><pose>Unspecified</pose><truncated>0</truncated><difficult>0</difficult><bndbox><xmin>52.15836519</xmin><ymin>546.7270917</ymin><xmax>114.9851122</xmax><ymax>567.3207073</ymax></bndbox></object><object><name>car</name><pose>Unspecified</pose><truncated>0</truncated><difficult>0</difficult><bndbox><xmin>292.6392081</xmin><ymin>555.4317363</ymin><xmax>342.4287326</xmax><ymax>579.2097043</ymax></bndbox></object><object><name>car</name><pose>Unspecified</pose><truncated>0</truncated><difficult>0</difficult><bndbox><xmin>775.7195327</xmin><ymin>544.8172949</ymin><xmax>806.5832904</xmax><ymax>571.8851047</ymax></bndbox></object></annotation>