<annotation><folder>test_xmls</folder><filename>host-a004_cam0_1233011765651064006.jpeg</filename><path>./imageshost-a004_cam0_1233011765651064006.jpeg</path><source><database>Unknown</database></source><size><width>1224</width><height>1024</height><depth>3</depth></size><segmented>0</segmented><object><name>bicycle</name><pose>Unspecified</pose><truncated>0</truncated><difficult>0</difficult><bndbox><xmin>783.8680782</xmin><ymin>533.6292587</ymin><xmax>797.4211836</xmax><ymax>555.9634889</ymax></bndbox></object><object><name>car</name><pose>Unspecified</pose><truncated>0</truncated><difficult>0</difficult><bndbox><xmin>0</xmin><ymin>563.8663103</ymin><xmax>68.62877683</xmax><ymax>603.0473649</ymax></bndbox></object><object><name>pedestrian</name><pose>Unspecified</pose><truncated>0</truncated><difficult>0</difficult><bndbox><xmin>789.58335</xmin><ymin>538.8723821</ymin><xmax>799.9179569</xmax><ymax>557.4335858</ymax></bndbox></object><object><name>car</name><pose>Unspecified</pose><truncated>0</truncated><difficult>0</difficult><bndbox><xmin>0</xmin><ymin>559.9370777</ymin><xmax>14.52139461</xmax><ymax>619.5036851</ymax></bndbox></object><object><name>car</name><pose>Unspecified</pose><truncated>0</truncated><difficult>0</difficult><bndbox><xmin>383.7672972</xmin><ymin>558.75468</ymin><xmax>432.9996356</xmax><ymax>589.070548</ymax></bndbox></object></annotation>