<annotation><folder>test_xmls</folder><filename>host-a004_cam0_1232825398851064006.jpeg</filename><path>./imageshost-a004_cam0_1232825398851064006.jpeg</path><source><database>Unknown</database></source><size><width>1224</width><height>1024</height><depth>3</depth></size><segmented>0</segmented><object><name>other_vehicle</name><pose>Unspecified</pose><truncated>0</truncated><difficult>0</difficult><bndbox><xmin>677.223493</xmin><ymin>475.4455163</ymin><xmax>806.6760203</xmax><ymax>593.216153</ymax></bndbox></object><object><name>other_vehicle</name><pose>Unspecified</pose><truncated>0</truncated><difficult>0</difficult><bndbox><xmin>666.3883316</xmin><ymin>512.0613514</ymin><xmax>721.6492004</xmax><ymax>560.7851912</ymax></bndbox></object><object><name>car</name><pose>Unspecified</pose><truncated>0</truncated><difficult>0</difficult><bndbox><xmin>724.500849</xmin><ymin>541.5354842</ymin><xmax>844.8037868</xmax><ymax>616.3424924</ymax></bndbox></object><object><name>car</name><pose>Unspecified</pose><truncated>0</truncated><difficult>0</difficult><bndbox><xmin>578.2626108</xmin><ymin>532.9576751</ymin><xmax>607.8015707</xmax><ymax>555.3172686</ymax></bndbox></object><object><name>car</name><pose>Unspecified</pose><truncated>0</truncated><difficult>0</difficult><bndbox><xmin>675.2484779</xmin><ymin>523.4626815</ymin><xmax>733.5384426</xmax><ymax>571.260947</ymax></bndbox></object><object><name>car</name><pose>Unspecified</pose><truncated>0</truncated><difficult>0</difficult><bndbox><xmin>937.125692</xmin><ymin>553.2062094</ymin><xmax>1224.0</xmax><ymax>1024.0</ymax></bndbox></object><object><name>car</name><pose>Unspecified</pose><truncated>0</truncated><difficult>0</difficult><bndbox><xmin>555.6927814</xmin><ymin>533.6841631</ymin><xmax>582.0099074</xmax><ymax>552.6004374</ymax></bndbox></object><object><name>car</name><pose>Unspecified</pose><truncated>0</truncated><difficult>0</difficult><bndbox><xmin>91.27503607</xmin><ymin>526.2381886</ymin><xmax>331.8280085</xmax><ymax>659.1395869</ymax></bndbox></object><object><name>car</name><pose>Unspecified</pose><truncated>0</truncated><difficult>0</difficult><bndbox><xmin>456.8251416</xmin><ymin>534.4114741</ymin><xmax>516.9083411</xmax><ymax>576.9635413</ymax></bndbox></object><object><name>other_vehicle</name><pose>Unspecified</pose><truncated>0</truncated><difficult>0</difficult><bndbox><xmin>749.7446587</xmin><ymin>347.4289755</ymin><xmax>1210.198296</xmax><ymax>712.4198598</ymax></bndbox></object><object><name>car</name><pose>Unspecified</pose><truncated>0</truncated><difficult>0</difficult><bndbox><xmin>603.3908456</xmin><ymin>533.4590439</ymin><xmax>636.9894151</xmax><ymax>561.8402305</ymax></bndbox></object></annotation>