<annotation><folder>test_xmls</folder><filename>host-a004_cam0_1233955747251064006.jpeg</filename><path>./imageshost-a004_cam0_1233955747251064006.jpeg</path><source><database>Unknown</database></source><size><width>1224</width><height>1024</height><depth>3</depth></size><segmented>0</segmented><object><name>car</name><pose>Unspecified</pose><truncated>0</truncated><difficult>0</difficult><bndbox><xmin>418.2708485</xmin><ymin>538.2367339</ymin><xmax>488.4273441</xmax><ymax>580.1908842</ymax></bndbox></object><object><name>car</name><pose>Unspecified</pose><truncated>0</truncated><difficult>0</difficult><bndbox><xmin>146.7210916</xmin><ymin>539.3182331</ymin><xmax>235.7584967</xmax><ymax>580.4916981</ymax></bndbox></object><object><name>car</name><pose>Unspecified</pose><truncated>0</truncated><difficult>0</difficult><bndbox><xmin>320.4551341</xmin><ymin>532.4988751</ymin><xmax>384.088142</xmax><ymax>569.3748098</ymax></bndbox></object><object><name>other_vehicle</name><pose>Unspecified</pose><truncated>0</truncated><difficult>0</difficult><bndbox><xmin>661.0496678</xmin><ymin>505.7759464</ymin><xmax>721.4785215</xmax><ymax>566.3871694</ymax></bndbox></object><object><name>car</name><pose>Unspecified</pose><truncated>0</truncated><difficult>0</difficult><bndbox><xmin>278.783143</xmin><ymin>545.6838016</ymin><xmax>328.5048461</xmax><ymax>566.6370316</ymax></bndbox></object><object><name>other_vehicle</name><pose>Unspecified</pose><truncated>0</truncated><difficult>0</difficult><bndbox><xmin>652.8910438</xmin><ymin>521.6551787</ymin><xmax>681.1521314</xmax><ymax>551.8831252</ymax></bndbox></object><object><name>car</name><pose>Unspecified</pose><truncated>0</truncated><difficult>0</difficult><bndbox><xmin>520.2637447</xmin><ymin>537.5005743</ymin><xmax>552.0164534</xmax><ymax>558.8288817</ymax></bndbox></object><object><name>other_vehicle</name><pose>Unspecified</pose><truncated>0</truncated><difficult>0</difficult><bndbox><xmin>656.0689372</xmin><ymin>508.5519754</ymin><xmax>697.5730136</xmax><ymax>559.5250372</ymax></bndbox></object></annotation>