<annotation><folder>test_xmls</folder><filename>host-a004_cam0_1232817654051064006.jpeg</filename><path>./imageshost-a004_cam0_1232817654051064006.jpeg</path><source><database>Unknown</database></source><size><width>1224</width><height>1024</height><depth>3</depth></size><segmented>0</segmented><object><name>car</name><pose>Unspecified</pose><truncated>0</truncated><difficult>0</difficult><bndbox><xmin>0</xmin><ymin>549.837661</ymin><xmax>39.62940343</xmax><ymax>601.8133588</ymax></bndbox></object><object><name>car</name><pose>Unspecified</pose><truncated>0</truncated><difficult>0</difficult><bndbox><xmin>504.7610938</xmin><ymin>540.4662185</ymin><xmax>545.477657</xmax><ymax>569.4941304</ymax></bndbox></object><object><name>car</name><pose>Unspecified</pose><truncated>0</truncated><difficult>0</difficult><bndbox><xmin>782.5169017</xmin><ymin>515.0609835</ymin><xmax>1123.175896</xmax><ymax>711.1959175</ymax></bndbox></object><object><name>car</name><pose>Unspecified</pose><truncated>0</truncated><difficult>0</difficult><bndbox><xmin>182.6851024</xmin><ymin>548.6158769</ymin><xmax>252.5029845</xmax><ymax>576.9217018</ymax></bndbox></object><object><name>car</name><pose>Unspecified</pose><truncated>0</truncated><difficult>0</difficult><bndbox><xmin>693.2051115</xmin><ymin>539.2169628</ymin><xmax>762.3066135</xmax><ymax>589.975565</ymax></bndbox></object><object><name>car</name><pose>Unspecified</pose><truncated>0</truncated><difficult>0</difficult><bndbox><xmin>333.4572602</xmin><ymin>544.6591719</ymin><xmax>373.2357963</xmax><ymax>562.5160239</ymax></bndbox></object><object><name>car</name><pose>Unspecified</pose><truncated>0</truncated><difficult>0</difficult><bndbox><xmin>690.7988295</xmin><ymin>537.7320309</ymin><xmax>743.1197518</xmax><ymax>580.7748752</ymax></bndbox></object><object><name>car</name><pose>Unspecified</pose><truncated>0</truncated><difficult>0</difficult><bndbox><xmin>706.5466752</xmin><ymin>540.0908559</ymin><xmax>809.7988567</xmax><ymax>605.7128479</ymax></bndbox></object><object><name>car</name><pose>Unspecified</pose><truncated>0</truncated><difficult>0</difficult><bndbox><xmin>683.2881026</xmin><ymin>540.0408105</ymin><xmax>735.5374405</xmax><ymax>575.3491765</ymax></bndbox></object><object><name>car</name><pose>Unspecified</pose><truncated>0</truncated><difficult>0</difficult><bndbox><xmin>431.7078704</xmin><ymin>543.1058258</ymin><xmax>548.1675192</xmax><ymax>621.8258826</ymax></bndbox></object><object><name>car</name><pose>Unspecified</pose><truncated>0</truncated><difficult>0</difficult><bndbox><xmin>0</xmin><ymin>548.941824</ymin><xmax>208.1058342</xmax><ymax>724.7710595</ymax></bndbox></object><object><name>car</name><pose>Unspecified</pose><truncated>0</truncated><difficult>0</difficult><bndbox><xmin>379.1465168</xmin><ymin>538.5472755</ymin><xmax>411.2332074</xmax><ymax>558.967417</ymax></bndbox></object><object><name>other_vehicle</name><pose>Unspecified</pose><truncated>0</truncated><difficult>0</difficult><bndbox><xmin>656.5116236</xmin><ymin>518.5384002</ymin><xmax>687.159995</xmax><ymax>553.4165743</ymax></bndbox></object><object><name>car</name><pose>Unspecified</pose><truncated>0</truncated><difficult>0</difficult><bndbox><xmin>356.052984</xmin><ymin>540.0935427</ymin><xmax>395.657548</xmax><ymax>561.9540335</ymax></bndbox></object><object><name>other_vehicle</name><pose>Unspecified</pose><truncated>0</truncated><difficult>0</difficult><bndbox><xmin>663.7866595</xmin><ymin>511.9867012</ymin><xmax>724.9863185</xmax><ymax>569.9134146</ymax></bndbox></object><object><name>other_vehicle</name><pose>Unspecified</pose><truncated>0</truncated><difficult>0</difficult><bndbox><xmin>872.5750592</xmin><ymin>169.4790394</ymin><xmax>1224.0</xmax><ymax>1024.0</ymax></bndbox></object><object><name>car</name><pose>Unspecified</pose><truncated>0</truncated><difficult>0</difficult><bndbox><xmin>729.1120476</xmin><ymin>522.522843</ymin><xmax>894.0091167</xmax><ymax>635.9092246</ymax></bndbox></object><object><name>car</name><pose>Unspecified</pose><truncated>0</truncated><difficult>0</difficult><bndbox><xmin>45.2934814</xmin><ymin>543.7959583</ymin><xmax>153.0324249</xmax><ymax>589.8525231</ymax></bndbox></object><object><name>other_vehicle</name><pose>Unspecified</pose><truncated>0</truncated><difficult>0</difficult><bndbox><xmin>660.8199259</xmin><ymin>518.4981802</ymin><xmax>701.3676009</xmax><ymax>559.9628288</ymax></bndbox></object><object><name>car</name><pose>Unspecified</pose><truncated>0</truncated><difficult>0</difficult><bndbox><xmin>255.3770432</xmin><ymin>546.246643</ymin><xmax>310.1809098</xmax><ymax>570.0976184</ymax></bndbox></object><object><name>car</name><pose>Unspecified</pose><truncated>0</truncated><difficult>0</difficult><bndbox><xmin>307.1118867</xmin><ymin>542.6791681</ymin><xmax>351.1897723</xmax><ymax>565.4297278</ymax></bndbox></object><object><name>car</name><pose>Unspecified</pose><truncated>0</truncated><difficult>0</difficult><bndbox><xmin>128.6832189</xmin><ymin>549.2964939</ymin><xmax>209.5230393</xmax><ymax>581.1390027</ymax></bndbox></object></annotation>