<annotation><folder>test_xmls</folder><filename>host-a004_cam0_1235944814951064006.jpeg</filename><path>./imageshost-a004_cam0_1235944814951064006.jpeg</path><source><database>Unknown</database></source><size><width>1224</width><height>1024</height><depth>3</depth></size><segmented>0</segmented><object><name>car</name><pose>Unspecified</pose><truncated>0</truncated><difficult>0</difficult><bndbox><xmin>470.6089691</xmin><ymin>544.3122507</ymin><xmax>529.6620848</xmax><ymax>571.2154911</ymax></bndbox></object><object><name>car</name><pose>Unspecified</pose><truncated>0</truncated><difficult>0</difficult><bndbox><xmin>3.295015536</xmin><ymin>527.4929221</ymin><xmax>143.7951966</xmax><ymax>575.0044479</ymax></bndbox></object><object><name>car</name><pose>Unspecified</pose><truncated>0</truncated><difficult>0</difficult><bndbox><xmin>1012.266473</xmin><ymin>523.2613023</ymin><xmax>1126.830411</xmax><ymax>560.1787433</ymax></bndbox></object><object><name>car</name><pose>Unspecified</pose><truncated>0</truncated><difficult>0</difficult><bndbox><xmin>501.7743328</xmin><ymin>537.7135941</ymin><xmax>749.9216365</xmax><ymax>742.2105159</ymax></bndbox></object><object><name>car</name><pose>Unspecified</pose><truncated>0</truncated><difficult>0</difficult><bndbox><xmin>917.0583304</xmin><ymin>511.7805622</ymin><xmax>1061.80584</xmax><ymax>600.252777</ymax></bndbox></object><object><name>truck</name><pose>Unspecified</pose><truncated>0</truncated><difficult>0</difficult><bndbox><xmin>0</xmin><ymin>495.1130782</ymin><xmax>15.27735889</xmax><ymax>579.1084186</ymax></bndbox></object><object><name>car</name><pose>Unspecified</pose><truncated>0</truncated><difficult>0</difficult><bndbox><xmin>944.09763</xmin><ymin>517.2371493</ymin><xmax>1075.84307</xmax><ymax>564.6654092</ymax></bndbox></object><object><name>bicycle</name><pose>Unspecified</pose><truncated>0</truncated><difficult>0</difficult><bndbox><xmin>1120.356499</xmin><ymin>526.5200516</ymin><xmax>1217.007803</xmax><ymax>598.1197519</ymax></bndbox></object><object><name>car</name><pose>Unspecified</pose><truncated>0</truncated><difficult>0</difficult><bndbox><xmin>17.2587488</xmin><ymin>521.2278984</ymin><xmax>192.6620913</xmax><ymax>578.1130249</ymax></bndbox></object><object><name>car</name><pose>Unspecified</pose><truncated>0</truncated><difficult>0</difficult><bndbox><xmin>1127.444385</xmin><ymin>525.1883231</ymin><xmax>1224.0</xmax><ymax>558.2203552</ymax></bndbox></object><object><name>car</name><pose>Unspecified</pose><truncated>0</truncated><difficult>0</difficult><bndbox><xmin>905.9764852</xmin><ymin>524.9943519</ymin><xmax>1019.010521</xmax><ymax>562.3211939</ymax></bndbox></object><object><name>car</name><pose>Unspecified</pose><truncated>0</truncated><difficult>0</difficult><bndbox><xmin>858.2548877</xmin><ymin>531.1685829</ymin><xmax>969.9514363</xmax><ymax>565.4449714</ymax></bndbox></object><object><name>car</name><pose>Unspecified</pose><truncated>0</truncated><difficult>0</difficult><bndbox><xmin>1151.236442</xmin><ymin>521.2790473</ymin><xmax>1224.0</xmax><ymax>560.2242984</ymax></bndbox></object><object><name>car</name><pose>Unspecified</pose><truncated>0</truncated><difficult>0</difficult><bndbox><xmin>559.9072106</xmin><ymin>537.5332317</ymin><xmax>701.0731552</xmax><ymax>646.2693466</ymax></bndbox></object><object><name>car</name><pose>Unspecified</pose><truncated>0</truncated><difficult>0</difficult><bndbox><xmin>102.359568</xmin><ymin>525.5279462</ymin><xmax>233.3073283</xmax><ymax>574.7868439</ymax></bndbox></object></annotation>