<annotation><folder>test_xmls</folder><filename>host-a004_cam0_1235947097151064006.jpeg</filename><path>./imageshost-a004_cam0_1235947097151064006.jpeg</path><source><database>Unknown</database></source><size><width>1224</width><height>1024</height><depth>3</depth></size><segmented>0</segmented><object><name>car</name><pose>Unspecified</pose><truncated>0</truncated><difficult>0</difficult><bndbox><xmin>245.7579428</xmin><ymin>524.4798171</ymin><xmax>344.6988374</xmax><ymax>584.643093</ymax></bndbox></object><object><name>car</name><pose>Unspecified</pose><truncated>0</truncated><difficult>0</difficult><bndbox><xmin>232.5776749</xmin><ymin>531.0574959</ymin><xmax>293.812095</xmax><ymax>563.1419432</ymax></bndbox></object><object><name>car</name><pose>Unspecified</pose><truncated>0</truncated><difficult>0</difficult><bndbox><xmin>528.8596694</xmin><ymin>530.9004331</ymin><xmax>554.6267405</xmax><ymax>553.303647</ymax></bndbox></object><object><name>car</name><pose>Unspecified</pose><truncated>0</truncated><difficult>0</difficult><bndbox><xmin>896.5342241</xmin><ymin>522.3820354</ymin><xmax>958.222678</xmax><ymax>549.6186314</ymax></bndbox></object><object><name>car</name><pose>Unspecified</pose><truncated>0</truncated><difficult>0</difficult><bndbox><xmin>807.5814587</xmin><ymin>529.0852556</ymin><xmax>1033.327603</xmax><ymax>602.4380215</ymax></bndbox></object><object><name>car</name><pose>Unspecified</pose><truncated>0</truncated><difficult>0</difficult><bndbox><xmin>21.48349772</xmin><ymin>536.4722784</ymin><xmax>137.5639972</xmax><ymax>578.6000143</ymax></bndbox></object><object><name>car</name><pose>Unspecified</pose><truncated>0</truncated><difficult>0</difficult><bndbox><xmin>603.519524</xmin><ymin>539.819092</ymin><xmax>641.3030996</xmax><ymax>576.2542597</ymax></bndbox></object><object><name>car</name><pose>Unspecified</pose><truncated>0</truncated><difficult>0</difficult><bndbox><xmin>1023.728034</xmin><ymin>520.5533583</ymin><xmax>1133.939084</xmax><ymax>574.5060326</ymax></bndbox></object><object><name>car</name><pose>Unspecified</pose><truncated>0</truncated><difficult>0</difficult><bndbox><xmin>543.7256604</xmin><ymin>534.1863976</ymin><xmax>579.9290411</xmax><ymax>565.6356765</ymax></bndbox></object><object><name>car</name><pose>Unspecified</pose><truncated>0</truncated><difficult>0</difficult><bndbox><xmin>478.6295775</xmin><ymin>531.5346252</ymin><xmax>522.9610013</xmax><ymax>565.321073</ymax></bndbox></object><object><name>car</name><pose>Unspecified</pose><truncated>0</truncated><difficult>0</difficult><bndbox><xmin>733.7592137</xmin><ymin>534.6850248</ymin><xmax>760.7368041</xmax><ymax>553.2508873</ymax></bndbox></object><object><name>car</name><pose>Unspecified</pose><truncated>0</truncated><difficult>0</difficult><bndbox><xmin>276.7031734</xmin><ymin>533.6139677</ymin><xmax>471.4411529</xmax><ymax>660.9710542</ymax></bndbox></object><object><name>car</name><pose>Unspecified</pose><truncated>0</truncated><difficult>0</difficult><bndbox><xmin>670.566183</xmin><ymin>538.3512036</ymin><xmax>708.8089837</xmax><ymax>569.6915252</ymax></bndbox></object><object><name>car</name><pose>Unspecified</pose><truncated>0</truncated><difficult>0</difficult><bndbox><xmin>409.7741458</xmin><ymin>538.7955566</ymin><xmax>485.6577532</xmax><ymax>583.087817</ymax></bndbox></object><object><name>car</name><pose>Unspecified</pose><truncated>0</truncated><difficult>0</difficult><bndbox><xmin>1192.471453</xmin><ymin>535.973306</ymin><xmax>1224.0</xmax><ymax>588.6830735</ymax></bndbox></object><object><name>car</name><pose>Unspecified</pose><truncated>0</truncated><difficult>0</difficult><bndbox><xmin>577.6822084</xmin><ymin>537.6356087</ymin><xmax>601.3400443</xmax><ymax>556.3441527</ymax></bndbox></object><object><name>pedestrian</name><pose>Unspecified</pose><truncated>0</truncated><difficult>0</difficult><bndbox><xmin>1019.875471</xmin><ymin>524.3523449</ymin><xmax>1038.462916</xmax><ymax>551.5236899</ymax></bndbox></object><object><name>car</name><pose>Unspecified</pose><truncated>0</truncated><difficult>0</difficult><bndbox><xmin>179.8409613</xmin><ymin>537.3772971</ymin><xmax>248.5455361</xmax><ymax>567.5544657</ymax></bndbox></object><object><name>car</name><pose>Unspecified</pose><truncated>0</truncated><difficult>0</difficult><bndbox><xmin>0</xmin><ymin>532.8203084</ymin><xmax>25.70354481</xmax><ymax>589.1126314</ymax></bndbox></object><object><name>car</name><pose>Unspecified</pose><truncated>0</truncated><difficult>0</difficult><bndbox><xmin>970.5871502</xmin><ymin>528.1857606</ymin><xmax>1032.41477</xmax><ymax>554.9220533</ymax></bndbox></object></annotation>