<annotation><folder>test_xmls</folder><filename>host-a004_cam0_1233011754851064006.jpeg</filename><path>./imageshost-a004_cam0_1233011754851064006.jpeg</path><source><database>Unknown</database></source><size><width>1224</width><height>1024</height><depth>3</depth></size><segmented>0</segmented><object><name>car</name><pose>Unspecified</pose><truncated>0</truncated><difficult>0</difficult><bndbox><xmin>789.7008437</xmin><ymin>530.3850633</ymin><xmax>817.1563203</xmax><ymax>553.1526255</ymax></bndbox></object><object><name>car</name><pose>Unspecified</pose><truncated>0</truncated><difficult>0</difficult><bndbox><xmin>594.2328759</xmin><ymin>539.4389845</ymin><xmax>618.708077</xmax><ymax>558.4162209</ymax></bndbox></object><object><name>car</name><pose>Unspecified</pose><truncated>0</truncated><difficult>0</difficult><bndbox><xmin>437.7490034</xmin><ymin>541.9176731</ymin><xmax>472.5583989</xmax><ymax>563.6206876</ymax></bndbox></object><object><name>car</name><pose>Unspecified</pose><truncated>0</truncated><difficult>0</difficult><bndbox><xmin>539.2609779</xmin><ymin>532.0778699</ymin><xmax>591.0903071</xmax><ymax>576.3859631</ymax></bndbox></object><object><name>car</name><pose>Unspecified</pose><truncated>0</truncated><difficult>0</difficult><bndbox><xmin>499.0845988</xmin><ymin>537.6324524</ymin><xmax>526.4241564</xmax><ymax>557.3167101</ymax></bndbox></object></annotation>