<annotation><folder>test_xmls</folder><filename>host-a004_cam0_1232905128551064006.jpeg</filename><path>./imageshost-a004_cam0_1232905128551064006.jpeg</path><source><database>Unknown</database></source><size><width>1224</width><height>1024</height><depth>3</depth></size><segmented>0</segmented><object><name>car</name><pose>Unspecified</pose><truncated>0</truncated><difficult>0</difficult><bndbox><xmin>781.6617233</xmin><ymin>536.6547414</ymin><xmax>832.8234767</xmax><ymax>568.4956253</ymax></bndbox></object><object><name>car</name><pose>Unspecified</pose><truncated>0</truncated><difficult>0</difficult><bndbox><xmin>448.9531897</xmin><ymin>520.4877015</ymin><xmax>559.3625618</xmax><ymax>608.3783125</ymax></bndbox></object><object><name>car</name><pose>Unspecified</pose><truncated>0</truncated><difficult>0</difficult><bndbox><xmin>639.6538497</xmin><ymin>531.2741125</ymin><xmax>661.3416296</xmax><ymax>551.6913165</ymax></bndbox></object><object><name>car</name><pose>Unspecified</pose><truncated>0</truncated><difficult>0</difficult><bndbox><xmin>546.1400956</xmin><ymin>537.5597648</ymin><xmax>595.1088456</xmax><ymax>571.1095729</ymax></bndbox></object><object><name>car</name><pose>Unspecified</pose><truncated>0</truncated><difficult>0</difficult><bndbox><xmin>377.7877269</xmin><ymin>541.3787456</ymin><xmax>468.9744527</xmax><ymax>594.7582122</ymax></bndbox></object><object><name>car</name><pose>Unspecified</pose><truncated>0</truncated><difficult>0</difficult><bndbox><xmin>584.6886402</xmin><ymin>533.6081877</ymin><xmax>611.5118791</xmax><ymax>556.7493865</ymax></bndbox></object><object><name>car</name><pose>Unspecified</pose><truncated>0</truncated><difficult>0</difficult><bndbox><xmin>767.6766838</xmin><ymin>535.6718012</ymin><xmax>814.1387086</xmax><ymax>563.7904285</ymax></bndbox></object></annotation>