<annotation><folder>test_xmls</folder><filename>host-a004_cam0_1233693270351064006.jpeg</filename><path>./imageshost-a004_cam0_1233693270351064006.jpeg</path><source><database>Unknown</database></source><size><width>1224</width><height>1024</height><depth>3</depth></size><segmented>0</segmented><object><name>car</name><pose>Unspecified</pose><truncated>0</truncated><difficult>0</difficult><bndbox><xmin>728.046246</xmin><ymin>527.6798272</ymin><xmax>808.339651</xmax><ymax>592.1788798</ymax></bndbox></object><object><name>car</name><pose>Unspecified</pose><truncated>0</truncated><difficult>0</difficult><bndbox><xmin>677.7268902</xmin><ymin>534.7282927</ymin><xmax>702.1872519</xmax><ymax>553.8779373</ymax></bndbox></object><object><name>car</name><pose>Unspecified</pose><truncated>0</truncated><difficult>0</difficult><bndbox><xmin>746.1489921</xmin><ymin>519.584144</ymin><xmax>872.500989</xmax><ymax>617.5863594</ymax></bndbox></object><object><name>car</name><pose>Unspecified</pose><truncated>0</truncated><difficult>0</difficult><bndbox><xmin>641.3423849</xmin><ymin>534.2003624</ymin><xmax>661.8068882</xmax><ymax>551.1034148</ymax></bndbox></object><object><name>car</name><pose>Unspecified</pose><truncated>0</truncated><difficult>0</difficult><bndbox><xmin>689.4720808</xmin><ymin>529.576215</ymin><xmax>727.6132873</xmax><ymax>563.8263859</ymax></bndbox></object><object><name>car</name><pose>Unspecified</pose><truncated>0</truncated><difficult>0</difficult><bndbox><xmin>626.6410808</xmin><ymin>538.01492</ymin><xmax>783.6388925</xmax><ymax>624.6223615</ymax></bndbox></object><object><name>other_vehicle</name><pose>Unspecified</pose><truncated>0</truncated><difficult>0</difficult><bndbox><xmin>341.1613781</xmin><ymin>525.7532356</ymin><xmax>396.8268703</xmax><ymax>564.5128873</ymax></bndbox></object><object><name>car</name><pose>Unspecified</pose><truncated>0</truncated><difficult>0</difficult><bndbox><xmin>0</xmin><ymin>545.5266685</ymin><xmax>129.7246683</xmax><ymax>786.3875423</ymax></bndbox></object><object><name>car</name><pose>Unspecified</pose><truncated>0</truncated><difficult>0</difficult><bndbox><xmin>487.447163</xmin><ymin>513.9610276</ymin><xmax>599.6291298</xmax><ymax>603.0107587</ymax></bndbox></object><object><name>car</name><pose>Unspecified</pose><truncated>0</truncated><difficult>0</difficult><bndbox><xmin>715.0350521</xmin><ymin>536.8183748</ymin><xmax>773.6999093</xmax><ymax>582.8658591</ymax></bndbox></object></annotation>