<annotation><folder>test_xmls</folder><filename>host-a004_cam0_1233617957151064006.jpeg</filename><path>./imageshost-a004_cam0_1233617957151064006.jpeg</path><source><database>Unknown</database></source><size><width>1224</width><height>1024</height><depth>3</depth></size><segmented>0</segmented><object><name>car</name><pose>Unspecified</pose><truncated>0</truncated><difficult>0</difficult><bndbox><xmin>0</xmin><ymin>571.4404941</ymin><xmax>43.68616521</xmax><ymax>620.798352</ymax></bndbox></object><object><name>car</name><pose>Unspecified</pose><truncated>0</truncated><difficult>0</difficult><bndbox><xmin>636.1961132</xmin><ymin>534.9622952</ymin><xmax>653.82224</xmax><ymax>551.3138675</ymax></bndbox></object><object><name>car</name><pose>Unspecified</pose><truncated>0</truncated><difficult>0</difficult><bndbox><xmin>693.053169</xmin><ymin>537.6154888</ymin><xmax>739.0412914</xmax><ymax>573.4477659</ymax></bndbox></object><object><name>car</name><pose>Unspecified</pose><truncated>0</truncated><difficult>0</difficult><bndbox><xmin>670.0661483</xmin><ymin>535.4094089</ymin><xmax>695.2654942</xmax><ymax>559.9695285</ymax></bndbox></object><object><name>other_vehicle</name><pose>Unspecified</pose><truncated>0</truncated><difficult>0</difficult><bndbox><xmin>318.0201968</xmin><ymin>528.9813613</ymin><xmax>376.3115445</xmax><ymax>558.2844723</ymax></bndbox></object><object><name>car</name><pose>Unspecified</pose><truncated>0</truncated><difficult>0</difficult><bndbox><xmin>676.1845131</xmin><ymin>541.2871558</ymin><xmax>712.2577152</xmax><ymax>568.4747731</ymax></bndbox></object><object><name>car</name><pose>Unspecified</pose><truncated>0</truncated><difficult>0</difficult><bndbox><xmin>700.1891763</xmin><ymin>540.1655806</ymin><xmax>763.6886151</xmax><ymax>587.8513502</ymax></bndbox></object><object><name>car</name><pose>Unspecified</pose><truncated>0</truncated><difficult>0</difficult><bndbox><xmin>477.9703916</xmin><ymin>537.5477113</ymin><xmax>530.0234789</xmax><ymax>572.4620279</ymax></bndbox></object><object><name>car</name><pose>Unspecified</pose><truncated>0</truncated><difficult>0</difficult><bndbox><xmin>533.2702602</xmin><ymin>537.107213</ymin><xmax>585.9359241</xmax><ymax>577.5052412</ymax></bndbox></object><object><name>car</name><pose>Unspecified</pose><truncated>0</truncated><difficult>0</difficult><bndbox><xmin>597.3157374</xmin><ymin>536.6666985</ymin><xmax>619.7506466</xmax><ymax>557.4098</ymax></bndbox></object><object><name>car</name><pose>Unspecified</pose><truncated>0</truncated><difficult>0</difficult><bndbox><xmin>661.2385286</xmin><ymin>535.151397</ymin><xmax>684.7182683</xmax><ymax>554.4529332</ymax></bndbox></object></annotation>