<annotation><folder>test_xmls</folder><filename>host-a004_cam0_1234051600051064006.jpeg</filename><path>./imageshost-a004_cam0_1234051600051064006.jpeg</path><source><database>Unknown</database></source><size><width>1224</width><height>1024</height><depth>3</depth></size><segmented>0</segmented><object><name>car</name><pose>Unspecified</pose><truncated>0</truncated><difficult>0</difficult><bndbox><xmin>504.5253041</xmin><ymin>529.9997599</ymin><xmax>578.531947</xmax><ymax>591.186417</ymax></bndbox></object><object><name>car</name><pose>Unspecified</pose><truncated>0</truncated><difficult>0</difficult><bndbox><xmin>0</xmin><ymin>538.7003229</ymin><xmax>383.6660784</xmax><ymax>892.0560241</ymax></bndbox></object><object><name>car</name><pose>Unspecified</pose><truncated>0</truncated><difficult>0</difficult><bndbox><xmin>466.3719498</xmin><ymin>529.1270744</ymin><xmax>527.1931235</xmax><ymax>574.7578024</ymax></bndbox></object><object><name>car</name><pose>Unspecified</pose><truncated>0</truncated><difficult>0</difficult><bndbox><xmin>612.0051878</xmin><ymin>535.3471137</ymin><xmax>650.999166</xmax><ymax>568.788957</ymax></bndbox></object><object><name>bicycle</name><pose>Unspecified</pose><truncated>0</truncated><difficult>0</difficult><bndbox><xmin>1007.457806</xmin><ymin>512.7114817</ymin><xmax>1045.337307</xmax><ymax>562.9923321</ymax></bndbox></object></annotation>