<annotation><folder>test_xmls</folder><filename>host-a004_cam0_1233955747651064006.jpeg</filename><path>./imageshost-a004_cam0_1233955747651064006.jpeg</path><source><database>Unknown</database></source><size><width>1224</width><height>1024</height><depth>3</depth></size><segmented>0</segmented><object><name>car</name><pose>Unspecified</pose><truncated>0</truncated><difficult>0</difficult><bndbox><xmin>524.3629715</xmin><ymin>538.8610668</ymin><xmax>555.5302659</xmax><ymax>559.7747743</ymax></bndbox></object><object><name>car</name><pose>Unspecified</pose><truncated>0</truncated><difficult>0</difficult><bndbox><xmin>317.9833676</xmin><ymin>543.3369074</ymin><xmax>358.6366221</xmax><ymax>566.3284402</ymax></bndbox></object><object><name>other_vehicle</name><pose>Unspecified</pose><truncated>0</truncated><difficult>0</difficult><bndbox><xmin>655.8638348</xmin><ymin>521.9006487</ymin><xmax>686.096767</xmax><ymax>554.1336127</ymax></bndbox></object><object><name>car</name><pose>Unspecified</pose><truncated>0</truncated><difficult>0</difficult><bndbox><xmin>0</xmin><ymin>542.7412781</ymin><xmax>102.018353</xmax><ymax>601.1586104</ymax></bndbox></object><object><name>car</name><pose>Unspecified</pose><truncated>0</truncated><difficult>0</difficult><bndbox><xmin>427.2604896</xmin><ymin>540.1141143</ymin><xmax>494.304914</xmax><ymax>580.6890545</ymax></bndbox></object><object><name>other_vehicle</name><pose>Unspecified</pose><truncated>0</truncated><difficult>0</difficult><bndbox><xmin>665.4649422</xmin><ymin>503.3916009</ymin><xmax>734.1863912</xmax><ymax>571.7867518</ymax></bndbox></object><object><name>other_vehicle</name><pose>Unspecified</pose><truncated>0</truncated><difficult>0</difficult><bndbox><xmin>659.58559</xmin><ymin>507.2252082</ymin><xmax>705.456404</xmax><ymax>563.1841945</ymax></bndbox></object><object><name>car</name><pose>Unspecified</pose><truncated>0</truncated><difficult>0</difficult><bndbox><xmin>210.4632008</xmin><ymin>533.7825991</ymin><xmax>308.9645487</xmax><ymax>584.0813417</ymax></bndbox></object></annotation>