<annotation><folder>test_xmls</folder><filename>host-a004_cam0_1233693279751064006.jpeg</filename><path>./imageshost-a004_cam0_1233693279751064006.jpeg</path><source><database>Unknown</database></source><size><width>1224</width><height>1024</height><depth>3</depth></size><segmented>0</segmented><object><name>car</name><pose>Unspecified</pose><truncated>0</truncated><difficult>0</difficult><bndbox><xmin>670.5439184</xmin><ymin>534.7571308</ymin><xmax>702.3234889</xmax><ymax>563.8742332</ymax></bndbox></object><object><name>car</name><pose>Unspecified</pose><truncated>0</truncated><difficult>0</difficult><bndbox><xmin>554.9264746</xmin><ymin>533.3881091</ymin><xmax>575.6655066</xmax><ymax>550.9911882</ymax></bndbox></object><object><name>car</name><pose>Unspecified</pose><truncated>0</truncated><difficult>0</difficult><bndbox><xmin>507.933506</xmin><ymin>536.8631843</ymin><xmax>541.1668904</xmax><ymax>561.514383</ymax></bndbox></object><object><name>car</name><pose>Unspecified</pose><truncated>0</truncated><difficult>0</difficult><bndbox><xmin>658.5059115</xmin><ymin>532.775431</ymin><xmax>685.17702</xmax><ymax>554.9253881</ymax></bndbox></object><object><name>car</name><pose>Unspecified</pose><truncated>0</truncated><difficult>0</difficult><bndbox><xmin>564.7654092</xmin><ymin>527.5159198</ymin><xmax>600.9214207</xmax><ymax>561.4074735</ymax></bndbox></object><object><name>car</name><pose>Unspecified</pose><truncated>0</truncated><difficult>0</difficult><bndbox><xmin>724.1048951</xmin><ymin>528.4581072</ymin><xmax>831.3220578</xmax><ymax>613.9611907</ymax></bndbox></object><object><name>other_vehicle</name><pose>Unspecified</pose><truncated>0</truncated><difficult>0</difficult><bndbox><xmin>278.6611618</xmin><ymin>528.6967517</ymin><xmax>343.4145963</xmax><ymax>570.1105993</ymax></bndbox></object><object><name>car</name><pose>Unspecified</pose><truncated>0</truncated><difficult>0</difficult><bndbox><xmin>432.009948</xmin><ymin>539.0601704</ymin><xmax>482.8243596</xmax><ymax>575.8403498</ymax></bndbox></object><object><name>car</name><pose>Unspecified</pose><truncated>0</truncated><difficult>0</difficult><bndbox><xmin>673.943519</xmin><ymin>536.1018113</ymin><xmax>716.3289729</xmax><ymax>569.8153541</ymax></bndbox></object><object><name>other_vehicle</name><pose>Unspecified</pose><truncated>0</truncated><difficult>0</difficult><bndbox><xmin>169.4571207</xmin><ymin>525.352153</ymin><xmax>273.3050095</xmax><ymax>581.1183406</ymax></bndbox></object><object><name>car</name><pose>Unspecified</pose><truncated>0</truncated><difficult>0</difficult><bndbox><xmin>595.3527051</xmin><ymin>534.5899169</ymin><xmax>654.5269511</xmax><ymax>587.3616533</ymax></bndbox></object><object><name>car</name><pose>Unspecified</pose><truncated>0</truncated><difficult>0</difficult><bndbox><xmin>704.8033111</xmin><ymin>529.2201261</ymin><xmax>797.1890652</xmax><ymax>600.9963256</ymax></bndbox></object><object><name>car</name><pose>Unspecified</pose><truncated>0</truncated><difficult>0</difficult><bndbox><xmin>753.4847045</xmin><ymin>543.8089705</ymin><xmax>919.9491031</xmax><ymax>650.7040781</ymax></bndbox></object><object><name>car</name><pose>Unspecified</pose><truncated>0</truncated><difficult>0</difficult><bndbox><xmin>438.7725479</xmin><ymin>540.047083</ymin><xmax>537.9890975</xmax><ymax>609.9841275</ymax></bndbox></object></annotation>