<annotation><folder>test_xmls</folder><filename>host-a004_cam0_1233421992651064006.jpeg</filename><path>./imageshost-a004_cam0_1233421992651064006.jpeg</path><source><database>Unknown</database></source><size><width>1224</width><height>1024</height><depth>3</depth></size><segmented>0</segmented><object><name>other_vehicle</name><pose>Unspecified</pose><truncated>0</truncated><difficult>0</difficult><bndbox><xmin>311.8005711</xmin><ymin>523.2081965</ymin><xmax>374.034117</xmax><ymax>560.9228698</ymax></bndbox></object><object><name>car</name><pose>Unspecified</pose><truncated>0</truncated><difficult>0</difficult><bndbox><xmin>579.0211808</xmin><ymin>533.714467</ymin><xmax>603.5013404</xmax><ymax>551.8283428</ymax></bndbox></object><object><name>car</name><pose>Unspecified</pose><truncated>0</truncated><difficult>0</difficult><bndbox><xmin>460.3858353</xmin><ymin>533.6525214</ymin><xmax>512.8957113</xmax><ymax>571.2208534</ymax></bndbox></object><object><name>car</name><pose>Unspecified</pose><truncated>0</truncated><difficult>0</difficult><bndbox><xmin>379.4556015</xmin><ymin>538.8948285</ymin><xmax>426.0135234</xmax><ymax>561.7581989</ymax></bndbox></object><object><name>car</name><pose>Unspecified</pose><truncated>0</truncated><difficult>0</difficult><bndbox><xmin>358.3760522</xmin><ymin>548.5657981</ymin><xmax>511.0742119</xmax><ymax>638.2324905</ymax></bndbox></object><object><name>car</name><pose>Unspecified</pose><truncated>0</truncated><difficult>0</difficult><bndbox><xmin>506.9602154</xmin><ymin>541.1859056</ymin><xmax>563.4730122</xmax><ymax>580.3316254</ymax></bndbox></object><object><name>car</name><pose>Unspecified</pose><truncated>0</truncated><difficult>0</difficult><bndbox><xmin>593.9154594</xmin><ymin>536.9397881</ymin><xmax>652.6320491</xmax><ymax>587.7166499</ymax></bndbox></object><object><name>car</name><pose>Unspecified</pose><truncated>0</truncated><difficult>0</difficult><bndbox><xmin>269.3872509</xmin><ymin>536.0299204</ymin><xmax>338.5486632</xmax><ymax>570.1460719</ymax></bndbox></object><object><name>car</name><pose>Unspecified</pose><truncated>0</truncated><difficult>0</difficult><bndbox><xmin>193.2173797</xmin><ymin>515.1510632</ymin><xmax>285.3717817</xmax><ymax>603.2120373</ymax></bndbox></object><object><name>car</name><pose>Unspecified</pose><truncated>0</truncated><difficult>0</difficult><bndbox><xmin>331.0615803</xmin><ymin>541.7474289</ymin><xmax>386.6118844</xmax><ymax>569.091782</ymax></bndbox></object><object><name>pedestrian</name><pose>Unspecified</pose><truncated>0</truncated><difficult>0</difficult><bndbox><xmin>874.0065632</xmin><ymin>529.9199047</ymin><xmax>917.6867286</xmax><ymax>585.6411758</ymax></bndbox></object><object><name>car</name><pose>Unspecified</pose><truncated>0</truncated><difficult>0</difficult><bndbox><xmin>0</xmin><ymin>381.4333501</ymin><xmax>263.1611446</xmax><ymax>1024.0</ymax></bndbox></object><object><name>car</name><pose>Unspecified</pose><truncated>0</truncated><difficult>0</difficult><bndbox><xmin>799.6468403</xmin><ymin>523.8444022</ymin><xmax>857.7416073</xmax><ymax>554.3131536</ymax></bndbox></object><object><name>car</name><pose>Unspecified</pose><truncated>0</truncated><difficult>0</difficult><bndbox><xmin>0</xmin><ymin>547.8035964</ymin><xmax>218.1326168</xmax><ymax>721.5019909</ymax></bndbox></object></annotation>