<annotation><folder>test_xmls</folder><filename>host-a004_cam0_1232825395451064006.jpeg</filename><path>./imageshost-a004_cam0_1232825395451064006.jpeg</path><source><database>Unknown</database></source><size><width>1224</width><height>1024</height><depth>3</depth></size><segmented>0</segmented><object><name>other_vehicle</name><pose>Unspecified</pose><truncated>0</truncated><difficult>0</difficult><bndbox><xmin>785.4714998</xmin><ymin>422.665921</ymin><xmax>1121.033855</xmax><ymax>690.8341888</ymax></bndbox></object><object><name>car</name><pose>Unspecified</pose><truncated>0</truncated><difficult>0</difficult><bndbox><xmin>703.604387</xmin><ymin>524.0665348</ymin><xmax>803.8346348</xmax><ymax>597.4168953</ymax></bndbox></object><object><name>car</name><pose>Unspecified</pose><truncated>0</truncated><difficult>0</difficult><bndbox><xmin>699.5142924</xmin><ymin>529.5875974</ymin><xmax>761.2584106</xmax><ymax>580.0705774</ymax></bndbox></object><object><name>car</name><pose>Unspecified</pose><truncated>0</truncated><difficult>0</difficult><bndbox><xmin>601.3119828</xmin><ymin>535.5797061</ymin><xmax>625.2430131</xmax><ymax>553.7874225</ymax></bndbox></object><object><name>car</name><pose>Unspecified</pose><truncated>0</truncated><difficult>0</difficult><bndbox><xmin>406.7850448</xmin><ymin>533.8916156</ymin><xmax>489.1506041</xmax><ymax>588.2385727</ymax></bndbox></object><object><name>other_vehicle</name><pose>Unspecified</pose><truncated>0</truncated><difficult>0</difficult><bndbox><xmin>660.2962176</xmin><ymin>513.8154488</ymin><xmax>702.6436572</xmax><ymax>555.4499136</ymax></bndbox></object><object><name>car</name><pose>Unspecified</pose><truncated>0</truncated><difficult>0</difficult><bndbox><xmin>70.84851878</xmin><ymin>518.6368857</ymin><xmax>333.7140662</xmax><ymax>660.3380231</ymax></bndbox></object><object><name>car</name><pose>Unspecified</pose><truncated>0</truncated><difficult>0</difficult><bndbox><xmin>583.1738224</xmin><ymin>533.2628285</ymin><xmax>614.665216</xmax><ymax>557.2417385</ymax></bndbox></object><object><name>car</name><pose>Unspecified</pose><truncated>0</truncated><difficult>0</difficult><bndbox><xmin>736.0757</xmin><ymin>534.603148</ymin><xmax>850.1406554</xmax><ymax>615.6446573</ymax></bndbox></object><object><name>other_vehicle</name><pose>Unspecified</pose><truncated>0</truncated><difficult>0</difficult><bndbox><xmin>671.8841059</xmin><ymin>507.5517025</ymin><xmax>725.2869244</xmax><ymax>560.1092717</ymax></bndbox></object><object><name>car</name><pose>Unspecified</pose><truncated>0</truncated><difficult>0</difficult><bndbox><xmin>547.781031</xmin><ymin>533.6312815</ymin><xmax>606.2257407</xmax><ymax>578.7409058</ymax></bndbox></object><object><name>car</name><pose>Unspecified</pose><truncated>0</truncated><difficult>0</difficult><bndbox><xmin>686.5502689</xmin><ymin>537.7919516</ymin><xmax>735.4686491</xmax><ymax>573.370616</ymax></bndbox></object></annotation>