<annotation><folder>test_xmls</folder><filename>host-a004_cam0_1234051597451064006.jpeg</filename><path>./imageshost-a004_cam0_1234051597451064006.jpeg</path><source><database>Unknown</database></source><size><width>1224</width><height>1024</height><depth>3</depth></size><segmented>0</segmented><object><name>car</name><pose>Unspecified</pose><truncated>0</truncated><difficult>0</difficult><bndbox><xmin>108.0428496</xmin><ymin>507.4681599</ymin><xmax>465.0979119</xmax><ymax>738.1019142</ymax></bndbox></object><object><name>car</name><pose>Unspecified</pose><truncated>0</truncated><difficult>0</difficult><bndbox><xmin>288.4922886</xmin><ymin>516.4503989</ymin><xmax>429.832145</xmax><ymax>604.5308418</ymax></bndbox></object><object><name>car</name><pose>Unspecified</pose><truncated>0</truncated><difficult>0</difficult><bndbox><xmin>565.1892216</xmin><ymin>527.0682639</ymin><xmax>628.087102</xmax><ymax>575.5439501</ymax></bndbox></object></annotation>