<annotation><folder>test_xmls</folder><filename>host-a004_cam0_1233444835151064006.jpeg</filename><path>./imageshost-a004_cam0_1233444835151064006.jpeg</path><source><database>Unknown</database></source><size><width>1224</width><height>1024</height><depth>3</depth></size><segmented>0</segmented><object><name>car</name><pose>Unspecified</pose><truncated>0</truncated><difficult>0</difficult><bndbox><xmin>462.7588537</xmin><ymin>533.6322181</ymin><xmax>517.1985612</xmax><ymax>574.9916761</ymax></bndbox></object><object><name>car</name><pose>Unspecified</pose><truncated>0</truncated><difficult>0</difficult><bndbox><xmin>886.6421612</xmin><ymin>551.2545101</ymin><xmax>982.2838029</xmax><ymax>599.7216877</ymax></bndbox></object><object><name>car</name><pose>Unspecified</pose><truncated>0</truncated><difficult>0</difficult><bndbox><xmin>279.4338497</xmin><ymin>523.0153178</ymin><xmax>487.9747354</xmax><ymax>666.5865285</ymax></bndbox></object><object><name>car</name><pose>Unspecified</pose><truncated>0</truncated><difficult>0</difficult><bndbox><xmin>573.7956654</xmin><ymin>539.6128455</ymin><xmax>601.0858689</xmax><ymax>559.6119773</ymax></bndbox></object><object><name>bus</name><pose>Unspecified</pose><truncated>0</truncated><difficult>0</difficult><bndbox><xmin>327.2414262</xmin><ymin>537.664107</ymin><xmax>385.2698365</xmax><ymax>571.6512503</ymax></bndbox></object><object><name>car</name><pose>Unspecified</pose><truncated>0</truncated><difficult>0</difficult><bndbox><xmin>628.1258294</xmin><ymin>534.7180968</ymin><xmax>666.5691088</xmax><ymax>565.0940833</ymax></bndbox></object></annotation>