<annotation><folder>test_xmls</folder><filename>host-a004_cam0_1233427011451064006.jpeg</filename><path>./imageshost-a004_cam0_1233427011451064006.jpeg</path><source><database>Unknown</database></source><size><width>1224</width><height>1024</height><depth>3</depth></size><segmented>0</segmented><object><name>car</name><pose>Unspecified</pose><truncated>0</truncated><difficult>0</difficult><bndbox><xmin>201.3224098</xmin><ymin>546.1587267</ymin><xmax>383.0964316</xmax><ymax>640.8280548</ymax></bndbox></object><object><name>car</name><pose>Unspecified</pose><truncated>0</truncated><difficult>0</difficult><bndbox><xmin>340.6693348</xmin><ymin>550.7801407</ymin><xmax>381.4141072</xmax><ymax>574.0809631</ymax></bndbox></object><object><name>car</name><pose>Unspecified</pose><truncated>0</truncated><difficult>0</difficult><bndbox><xmin>370.7092086</xmin><ymin>553.6534536</ymin><xmax>405.8046227</xmax><ymax>571.5358328</ymax></bndbox></object><object><name>car</name><pose>Unspecified</pose><truncated>0</truncated><difficult>0</difficult><bndbox><xmin>706.4197372</xmin><ymin>528.9271989</ymin><xmax>756.2111042</xmax><ymax>579.171482</ymax></bndbox></object><object><name>car</name><pose>Unspecified</pose><truncated>0</truncated><difficult>0</difficult><bndbox><xmin>730.0284395</xmin><ymin>540.2010138</ymin><xmax>833.0886036</xmax><ymax>606.4822525</ymax></bndbox></object><object><name>other_vehicle</name><pose>Unspecified</pose><truncated>0</truncated><difficult>0</difficult><bndbox><xmin>0</xmin><ymin>520.5689754</ymin><xmax>81.69667918</xmax><ymax>630.3897332</ymax></bndbox></object><object><name>truck</name><pose>Unspecified</pose><truncated>0</truncated><difficult>0</difficult><bndbox><xmin>462.1449104</xmin><ymin>496.9589499</ymin><xmax>581.6178874</xmax><ymax>587.4356907</ymax></bndbox></object><object><name>car</name><pose>Unspecified</pose><truncated>0</truncated><difficult>0</difficult><bndbox><xmin>718.2308737</xmin><ymin>529.7365814</ymin><xmax>795.9845194</xmax><ymax>591.0316911</ymax></bndbox></object><object><name>motorcycle</name><pose>Unspecified</pose><truncated>0</truncated><difficult>0</difficult><bndbox><xmin>206.3168032</xmin><ymin>563.965267</ymin><xmax>228.5254483</xmax><ymax>589.4945347</ymax></bndbox></object><object><name>car</name><pose>Unspecified</pose><truncated>0</truncated><difficult>0</difficult><bndbox><xmin>638.0418308</xmin><ymin>535.6091357</ymin><xmax>673.5721313</xmax><ymax>569.4383051</ymax></bndbox></object><object><name>car</name><pose>Unspecified</pose><truncated>0</truncated><difficult>0</difficult><bndbox><xmin>139.3700024</xmin><ymin>563.8455849</ymin><xmax>215.7756404</xmax><ymax>596.5691272</ymax></bndbox></object><object><name>car</name><pose>Unspecified</pose><truncated>0</truncated><difficult>0</difficult><bndbox><xmin>57.46360188</xmin><ymin>555.65767</ymin><xmax>194.6186555</xmax><ymax>612.8361334</ymax></bndbox></object><object><name>car</name><pose>Unspecified</pose><truncated>0</truncated><difficult>0</difficult><bndbox><xmin>694.059435</xmin><ymin>532.9247473</ymin><xmax>733.0297157</xmax><ymax>567.1791751</ymax></bndbox></object></annotation>