<annotation><folder>test_xmls</folder><filename>host-a004_cam0_1232825390251064006.jpeg</filename><path>./imageshost-a004_cam0_1232825390251064006.jpeg</path><source><database>Unknown</database></source><size><width>1224</width><height>1024</height><depth>3</depth></size><segmented>0</segmented><object><name>car</name><pose>Unspecified</pose><truncated>0</truncated><difficult>0</difficult><bndbox><xmin>626.1488443</xmin><ymin>533.1927825</ymin><xmax>652.8214339</xmax><ymax>555.0674555</ymax></bndbox></object><object><name>car</name><pose>Unspecified</pose><truncated>0</truncated><difficult>0</difficult><bndbox><xmin>598.7100283</xmin><ymin>535.1159418</ymin><xmax>624.390754</xmax><ymax>555.2178947</ymax></bndbox></object><object><name>other_vehicle</name><pose>Unspecified</pose><truncated>0</truncated><difficult>0</difficult><bndbox><xmin>664.8805762</xmin><ymin>520.2128683</ymin><xmax>697.3232768</xmax><ymax>554.1169871</ymax></bndbox></object><object><name>other_vehicle</name><pose>Unspecified</pose><truncated>0</truncated><difficult>0</difficult><bndbox><xmin>674.04077</xmin><ymin>504.2338203</ymin><xmax>739.480429</xmax><ymax>569.0601501</ymax></bndbox></object><object><name>car</name><pose>Unspecified</pose><truncated>0</truncated><difficult>0</difficult><bndbox><xmin>736.7451992</xmin><ymin>513.9353312</ymin><xmax>897.0494024</xmax><ymax>631.53687</ymax></bndbox></object><object><name>other_vehicle</name><pose>Unspecified</pose><truncated>0</truncated><difficult>0</difficult><bndbox><xmin>785.0239004</xmin><ymin>295.9791075</ymin><xmax>1224.0</xmax><ymax>790.2042077</ymax></bndbox></object><object><name>car</name><pose>Unspecified</pose><truncated>0</truncated><difficult>0</difficult><bndbox><xmin>541.8559118</xmin><ymin>535.7483175</ymin><xmax>575.3864239</xmax><ymax>559.3196969</ymax></bndbox></object><object><name>car</name><pose>Unspecified</pose><truncated>0</truncated><difficult>0</difficult><bndbox><xmin>0</xmin><ymin>500.6188659</ymin><xmax>89.8454199</xmax><ymax>839.0477692</ymax></bndbox></object><object><name>car</name><pose>Unspecified</pose><truncated>0</truncated><difficult>0</difficult><bndbox><xmin>694.5397243</xmin><ymin>525.8116081</ymin><xmax>769.2019675</xmax><ymax>589.3960703</ymax></bndbox></object><object><name>car</name><pose>Unspecified</pose><truncated>0</truncated><difficult>0</difficult><bndbox><xmin>371.7883</xmin><ymin>527.8587865</ymin><xmax>545.1537232</xmax><ymax>648.7864895</ymax></bndbox></object><object><name>car</name><pose>Unspecified</pose><truncated>0</truncated><difficult>0</difficult><bndbox><xmin>710.541145</xmin><ymin>528.7195424</ymin><xmax>810.1409718</xmax><ymax>602.3942619</ymax></bndbox></object><object><name>car</name><pose>Unspecified</pose><truncated>0</truncated><difficult>0</difficult><bndbox><xmin>571.7719609</xmin><ymin>534.2706259</ymin><xmax>607.8628577</xmax><ymax>561.4576086</ymax></bndbox></object><object><name>car</name><pose>Unspecified</pose><truncated>0</truncated><difficult>0</difficult><bndbox><xmin>345.8461522</xmin><ymin>534.5863281</ymin><xmax>450.6718901</xmax><ymax>602.2360504</ymax></bndbox></object></annotation>