<annotation><folder>test_xmls</folder><filename>host-a004_cam0_1232987659151064006.jpeg</filename><path>./imageshost-a004_cam0_1232987659151064006.jpeg</path><source><database>Unknown</database></source><size><width>1224</width><height>1024</height><depth>3</depth></size><segmented>0</segmented><object><name>car</name><pose>Unspecified</pose><truncated>0</truncated><difficult>0</difficult><bndbox><xmin>666.5314504</xmin><ymin>529.3433465</ymin><xmax>702.5972327</xmax><ymax>563.971772</ymax></bndbox></object><object><name>car</name><pose>Unspecified</pose><truncated>0</truncated><difficult>0</difficult><bndbox><xmin>0</xmin><ymin>545.7520094</ymin><xmax>352.1295432</xmax><ymax>879.5771746</ymax></bndbox></object><object><name>other_vehicle</name><pose>Unspecified</pose><truncated>0</truncated><difficult>0</difficult><bndbox><xmin>309.3700703</xmin><ymin>527.3655999</ymin><xmax>364.705527</xmax><ymax>553.4274663</ymax></bndbox></object><object><name>car</name><pose>Unspecified</pose><truncated>0</truncated><difficult>0</difficult><bndbox><xmin>872.9760936</xmin><ymin>545.8537909</ymin><xmax>1224.0</xmax><ymax>911.1965964</ymax></bndbox></object><object><name>car</name><pose>Unspecified</pose><truncated>0</truncated><difficult>0</difficult><bndbox><xmin>467.6458186</xmin><ymin>532.7621757</ymin><xmax>517.0754925</xmax><ymax>569.3884551</ymax></bndbox></object><object><name>car</name><pose>Unspecified</pose><truncated>0</truncated><difficult>0</difficult><bndbox><xmin>387.0896814</xmin><ymin>539.8315869</ymin><xmax>470.7129717</xmax><ymax>590.1830036</ymax></bndbox></object><object><name>car</name><pose>Unspecified</pose><truncated>0</truncated><difficult>0</difficult><bndbox><xmin>658.4271608</xmin><ymin>537.3500001</ymin><xmax>684.4138431</xmax><ymax>557.3982184</ymax></bndbox></object><object><name>car</name><pose>Unspecified</pose><truncated>0</truncated><difficult>0</difficult><bndbox><xmin>589.7614068</xmin><ymin>533.5849854</ymin><xmax>613.0434027</xmax><ymax>553.2417836</ymax></bndbox></object><object><name>car</name><pose>Unspecified</pose><truncated>0</truncated><difficult>0</difficult><bndbox><xmin>765.3422042</xmin><ymin>540.3933746</ymin><xmax>973.7971637</xmax><ymax>682.0016806</ymax></bndbox></object><object><name>car</name><pose>Unspecified</pose><truncated>0</truncated><difficult>0</difficult><bndbox><xmin>712.1573012</xmin><ymin>537.6621437</ymin><xmax>831.1332975</xmax><ymax>622.5499769</ymax></bndbox></object><object><name>car</name><pose>Unspecified</pose><truncated>0</truncated><difficult>0</difficult><bndbox><xmin>672.8059408</xmin><ymin>531.7521266</ymin><xmax>712.9492651</xmax><ymax>566.8262633</ymax></bndbox></object><object><name>car</name><pose>Unspecified</pose><truncated>0</truncated><difficult>0</difficult><bndbox><xmin>498.7495957</xmin><ymin>531.2061422</ymin><xmax>571.9539158</xmax><ymax>591.7949811</ymax></bndbox></object></annotation>