<annotation><folder>test_xmls</folder><filename>host-a004_cam0_1233693203751064006.jpeg</filename><path>./imageshost-a004_cam0_1233693203751064006.jpeg</path><source><database>Unknown</database></source><size><width>1224</width><height>1024</height><depth>3</depth></size><segmented>0</segmented><object><name>car</name><pose>Unspecified</pose><truncated>0</truncated><difficult>0</difficult><bndbox><xmin>190.7391735</xmin><ymin>546.7568202</ymin><xmax>264.9126567</xmax><ymax>583.765689</ymax></bndbox></object><object><name>car</name><pose>Unspecified</pose><truncated>0</truncated><difficult>0</difficult><bndbox><xmin>0</xmin><ymin>551.4256359</ymin><xmax>109.6347054</xmax><ymax>773.9049515</ymax></bndbox></object><object><name>car</name><pose>Unspecified</pose><truncated>0</truncated><difficult>0</difficult><bndbox><xmin>539.8935443</xmin><ymin>536.3564121</ymin><xmax>588.2050628</xmax><ymax>580.8915907</ymax></bndbox></object><object><name>car</name><pose>Unspecified</pose><truncated>0</truncated><difficult>0</difficult><bndbox><xmin>622.1510721</xmin><ymin>544.3372486</ymin><xmax>670.7629593</xmax><ymax>588.7850427</ymax></bndbox></object><object><name>car</name><pose>Unspecified</pose><truncated>0</truncated><difficult>0</difficult><bndbox><xmin>308.37434</xmin><ymin>550.9826871</ymin><xmax>358.0031395</xmax><ymax>571.9160808</ymax></bndbox></object><object><name>car</name><pose>Unspecified</pose><truncated>0</truncated><difficult>0</difficult><bndbox><xmin>415.3673107</xmin><ymin>544.1314214</ymin><xmax>536.1510002</xmax><ymax>626.2477931</ymax></bndbox></object><object><name>car</name><pose>Unspecified</pose><truncated>0</truncated><difficult>0</difficult><bndbox><xmin>582.9048148</xmin><ymin>534.6173118</ymin><xmax>609.8215585</xmax><ymax>558.1892277</ymax></bndbox></object><object><name>car</name><pose>Unspecified</pose><truncated>0</truncated><difficult>0</difficult><bndbox><xmin>716.4364843</xmin><ymin>540.8812098</ymin><xmax>742.2677344</xmax><ymax>563.3434492</ymax></bndbox></object></annotation>