<annotation><folder>test_xmls</folder><filename>host-a004_cam0_1233011752851064006.jpeg</filename><path>./imageshost-a004_cam0_1233011752851064006.jpeg</path><source><database>Unknown</database></source><size><width>1224</width><height>1024</height><depth>3</depth></size><segmented>0</segmented><object><name>car</name><pose>Unspecified</pose><truncated>0</truncated><difficult>0</difficult><bndbox><xmin>407.9100034</xmin><ymin>552.2772529</ymin><xmax>452.3115036</xmax><ymax>579.3720156</ymax></bndbox></object><object><name>car</name><pose>Unspecified</pose><truncated>0</truncated><difficult>0</difficult><bndbox><xmin>515.1676984</xmin><ymin>542.8185347</ymin><xmax>582.3693438</xmax><ymax>599.174707</ymax></bndbox></object><object><name>car</name><pose>Unspecified</pose><truncated>0</truncated><difficult>0</difficult><bndbox><xmin>222.4453769</xmin><ymin>566.7765599</ymin><xmax>299.5705707</xmax><ymax>597.5324197</ymax></bndbox></object><object><name>bus</name><pose>Unspecified</pose><truncated>0</truncated><difficult>0</difficult><bndbox><xmin>0</xmin><ymin>533.4650898</ymin><xmax>156.1054567</xmax><ymax>648.1149066</ymax></bndbox></object><object><name>car</name><pose>Unspecified</pose><truncated>0</truncated><difficult>0</difficult><bndbox><xmin>315.1032627</xmin><ymin>557.2660663</ymin><xmax>383.9102769</xmax><ymax>595.4165812</ymax></bndbox></object><object><name>car</name><pose>Unspecified</pose><truncated>0</truncated><difficult>0</difficult><bndbox><xmin>590.3011872</xmin><ymin>548.6837245</ymin><xmax>617.5274672</xmax><ymax>570.1572939</ymax></bndbox></object><object><name>car</name><pose>Unspecified</pose><truncated>0</truncated><difficult>0</difficult><bndbox><xmin>43.05330401</xmin><ymin>569.5069688</ymin><xmax>182.1527717</xmax><ymax>622.4159683</ymax></bndbox></object></annotation>