<annotation><folder>test_xmls</folder><filename>host-a004_cam0_1233014867451064006.jpeg</filename><path>./imageshost-a004_cam0_1233014867451064006.jpeg</path><source><database>Unknown</database></source><size><width>1224</width><height>1024</height><depth>3</depth></size><segmented>0</segmented><object><name>pedestrian</name><pose>Unspecified</pose><truncated>0</truncated><difficult>0</difficult><bndbox><xmin>650.2438552</xmin><ymin>524.8957408</ymin><xmax>677.0165405</xmax><ymax>577.6112454</ymax></bndbox></object><object><name>car</name><pose>Unspecified</pose><truncated>0</truncated><difficult>0</difficult><bndbox><xmin>981.9905199</xmin><ymin>465.8965517</ymin><xmax>1224.0</xmax><ymax>644.3002984</ymax></bndbox></object><object><name>car</name><pose>Unspecified</pose><truncated>0</truncated><difficult>0</difficult><bndbox><xmin>81.03798855</xmin><ymin>522.4160875</ymin><xmax>167.998235</xmax><ymax>564.5892311</ymax></bndbox></object><object><name>car</name><pose>Unspecified</pose><truncated>0</truncated><difficult>0</difficult><bndbox><xmin>720.0363096</xmin><ymin>538.5212402</ymin><xmax>939.0901406</xmax><ymax>625.1172394</ymax></bndbox></object><object><name>car</name><pose>Unspecified</pose><truncated>0</truncated><difficult>0</difficult><bndbox><xmin>272.8606878</xmin><ymin>518.7464876</ymin><xmax>380.4091365</xmax><ymax>583.1789846</ymax></bndbox></object><object><name>pedestrian</name><pose>Unspecified</pose><truncated>0</truncated><difficult>0</difficult><bndbox><xmin>776.4125967</xmin><ymin>535.4800474</ymin><xmax>812.5172664</xmax><ymax>598.4747985</ymax></bndbox></object><object><name>car</name><pose>Unspecified</pose><truncated>0</truncated><difficult>0</difficult><bndbox><xmin>361.0135458</xmin><ymin>523.660668</ymin><xmax>403.942375</xmax><ymax>558.7432164</ymax></bndbox></object><object><name>car</name><pose>Unspecified</pose><truncated>0</truncated><difficult>0</difficult><bndbox><xmin>141.8503527</xmin><ymin>523.4356597</ymin><xmax>238.709209</xmax><ymax>582.0042397</ymax></bndbox></object><object><name>car</name><pose>Unspecified</pose><truncated>0</truncated><difficult>0</difficult><bndbox><xmin>0</xmin><ymin>509.6749562</ymin><xmax>124.7420065</xmax><ymax>820.3539067</ymax></bndbox></object><object><name>pedestrian</name><pose>Unspecified</pose><truncated>0</truncated><difficult>0</difficult><bndbox><xmin>639.2932604</xmin><ymin>522.9837077</ymin><xmax>670.1437382</xmax><ymax>580.2598369</ymax></bndbox></object><object><name>pedestrian</name><pose>Unspecified</pose><truncated>0</truncated><difficult>0</difficult><bndbox><xmin>698.9433244</xmin><ymin>534.7666726</ymin><xmax>733.0726078</xmax><ymax>595.385015</ymax></bndbox></object><object><name>car</name><pose>Unspecified</pose><truncated>0</truncated><difficult>0</difficult><bndbox><xmin>477.2604733</xmin><ymin>525.0634237</ymin><xmax>511.7715956</xmax><ymax>556.4047311</ymax></bndbox></object><object><name>pedestrian</name><pose>Unspecified</pose><truncated>0</truncated><difficult>0</difficult><bndbox><xmin>615.8652293</xmin><ymin>533.1126263</ymin><xmax>641.446289</xmax><ymax>592.5133817</ymax></bndbox></object><object><name>car</name><pose>Unspecified</pose><truncated>0</truncated><difficult>0</difficult><bndbox><xmin>407.5253524</xmin><ymin>522.9090003</ymin><xmax>463.9759887</xmax><ymax>576.206629</ymax></bndbox></object><object><name>car</name><pose>Unspecified</pose><truncated>0</truncated><difficult>0</difficult><bndbox><xmin>36.98353505</xmin><ymin>529.2498051</ymin><xmax>108.405389</xmax><ymax>549.3538145</ymax></bndbox></object></annotation>