<annotation><folder>test_xmls</folder><filename>host-a004_cam0_1232815267451064006.jpeg</filename><path>./imageshost-a004_cam0_1232815267451064006.jpeg</path><source><database>Unknown</database></source><size><width>1224</width><height>1024</height><depth>3</depth></size><segmented>0</segmented><object><name>car</name><pose>Unspecified</pose><truncated>0</truncated><difficult>0</difficult><bndbox><xmin>280.9752333</xmin><ymin>540.8742919</ymin><xmax>479.0611399</xmax><ymax>660.9883605</ymax></bndbox></object><object><name>pedestrian</name><pose>Unspecified</pose><truncated>0</truncated><difficult>0</difficult><bndbox><xmin>1149.652398</xmin><ymin>546.4257248</ymin><xmax>1224.0</xmax><ymax>647.3487148</ymax></bndbox></object><object><name>car</name><pose>Unspecified</pose><truncated>0</truncated><difficult>0</difficult><bndbox><xmin>383.1414256</xmin><ymin>543.176095</ymin><xmax>416.3935811</xmax><ymax>563.2707749</ymax></bndbox></object><object><name>car</name><pose>Unspecified</pose><truncated>0</truncated><difficult>0</difficult><bndbox><xmin>733.5047699</xmin><ymin>536.3980033</ymin><xmax>753.6209498</xmax><ymax>552.7463916</ymax></bndbox></object><object><name>pedestrian</name><pose>Unspecified</pose><truncated>0</truncated><difficult>0</difficult><bndbox><xmin>794.2219383</xmin><ymin>518.9583747</ymin><xmax>846.1469741</xmax><ymax>598.2656948</ymax></bndbox></object><object><name>truck</name><pose>Unspecified</pose><truncated>0</truncated><difficult>0</difficult><bndbox><xmin>417.4525305</xmin><ymin>467.8084213</ymin><xmax>541.8872363</xmax><ymax>579.7869551</ymax></bndbox></object><object><name>car</name><pose>Unspecified</pose><truncated>0</truncated><difficult>0</difficult><bndbox><xmin>753.5272174</xmin><ymin>516.0994188</ymin><xmax>866.6785099</xmax><ymax>584.8913309</ymax></bndbox></object><object><name>car</name><pose>Unspecified</pose><truncated>0</truncated><difficult>0</difficult><bndbox><xmin>325.0492805</xmin><ymin>542.1369714</ymin><xmax>384.6053327</xmax><ymax>571.5302914</ymax></bndbox></object><object><name>car</name><pose>Unspecified</pose><truncated>0</truncated><difficult>0</difficult><bndbox><xmin>746.5690017</xmin><ymin>529.2228875</ymin><xmax>791.2841175</xmax><ymax>566.785232</ymax></bndbox></object></annotation>