<annotation><folder>test_xmls</folder><filename>host-a004_cam0_1232838144851064006.jpeg</filename><path>./imageshost-a004_cam0_1232838144851064006.jpeg</path><source><database>Unknown</database></source><size><width>1224</width><height>1024</height><depth>3</depth></size><segmented>0</segmented><object><name>car</name><pose>Unspecified</pose><truncated>0</truncated><difficult>0</difficult><bndbox><xmin>474.4411252</xmin><ymin>531.72445</ymin><xmax>503.097973</xmax><ymax>556.022737</ymax></bndbox></object><object><name>car</name><pose>Unspecified</pose><truncated>0</truncated><difficult>0</difficult><bndbox><xmin>552.9970295</xmin><ymin>539.3058403</ymin><xmax>580.0066413</xmax><ymax>559.176662</ymax></bndbox></object><object><name>bus</name><pose>Unspecified</pose><truncated>0</truncated><difficult>0</difficult><bndbox><xmin>647.6109177</xmin><ymin>489.9202153</ymin><xmax>724.8867751</xmax><ymax>571.0306186</ymax></bndbox></object><object><name>car</name><pose>Unspecified</pose><truncated>0</truncated><difficult>0</difficult><bndbox><xmin>390.517196</xmin><ymin>534.6440139</ymin><xmax>508.3966238</xmax><ymax>608.8217198</ymax></bndbox></object><object><name>bus</name><pose>Unspecified</pose><truncated>0</truncated><difficult>0</difficult><bndbox><xmin>580.3350691</xmin><ymin>499.1566645</ymin><xmax>640.4878389</xmax><ymax>565.3294235</ymax></bndbox></object><object><name>car</name><pose>Unspecified</pose><truncated>0</truncated><difficult>0</difficult><bndbox><xmin>519.638586</xmin><ymin>529.2187163</ymin><xmax>562.0039744</xmax><ymax>565.6608112</ymax></bndbox></object><object><name>car</name><pose>Unspecified</pose><truncated>0</truncated><difficult>0</difficult><bndbox><xmin>450.0527102</xmin><ymin>536.0378337</ymin><xmax>499.2268903</xmax><ymax>566.7444536</ymax></bndbox></object><object><name>car</name><pose>Unspecified</pose><truncated>0</truncated><difficult>0</difficult><bndbox><xmin>403.7441167</xmin><ymin>537.104362</ymin><xmax>453.159806</xmax><ymax>566.3440628</ymax></bndbox></object><object><name>car</name><pose>Unspecified</pose><truncated>0</truncated><difficult>0</difficult><bndbox><xmin>312.969455</xmin><ymin>536.7547742</ymin><xmax>394.1261995</xmax><ymax>582.9539732</ymax></bndbox></object><object><name>car</name><pose>Unspecified</pose><truncated>0</truncated><difficult>0</difficult><bndbox><xmin>0</xmin><ymin>521.7753692</ymin><xmax>238.0564168</xmax><ymax>685.4884194</ymax></bndbox></object><object><name>car</name><pose>Unspecified</pose><truncated>0</truncated><difficult>0</difficult><bndbox><xmin>366.8818247</xmin><ymin>536.4657288</ymin><xmax>424.0355853</xmax><ymax>573.4046642</ymax></bndbox></object><object><name>car</name><pose>Unspecified</pose><truncated>0</truncated><difficult>0</difficult><bndbox><xmin>573.1141975</xmin><ymin>537.6890608</ymin><xmax>596.5750173</xmax><ymax>554.1568016</ymax></bndbox></object><object><name>car</name><pose>Unspecified</pose><truncated>0</truncated><difficult>0</difficult><bndbox><xmin>698.678327</xmin><ymin>538.9753114</ymin><xmax>796.1771385</xmax><ymax>610.4430539</ymax></bndbox></object><object><name>motorcycle</name><pose>Unspecified</pose><truncated>0</truncated><difficult>0</difficult><bndbox><xmin>1066.826901</xmin><ymin>546.9106793</ymin><xmax>1224.0</xmax><ymax>1024.0</ymax></bndbox></object><object><name>other_vehicle</name><pose>Unspecified</pose><truncated>0</truncated><difficult>0</difficult><bndbox><xmin>673.6180562</xmin><ymin>481.023546</ymin><xmax>774.5611077</xmax><ymax>589.4545075</ymax></bndbox></object></annotation>