<annotation><folder>test_xmls</folder><filename>host-a004_cam0_1233955731251064006.jpeg</filename><path>./imageshost-a004_cam0_1233955731251064006.jpeg</path><source><database>Unknown</database></source><size><width>1224</width><height>1024</height><depth>3</depth></size><segmented>0</segmented><object><name>car</name><pose>Unspecified</pose><truncated>0</truncated><difficult>0</difficult><bndbox><xmin>769.1717701</xmin><ymin>544.3188489</ymin><xmax>976.611621</xmax><ymax>684.0745212</ymax></bndbox></object><object><name>other_vehicle</name><pose>Unspecified</pose><truncated>0</truncated><difficult>0</difficult><bndbox><xmin>705.5884166</xmin><ymin>475.8063026</ymin><xmax>852.8499589</xmax><ymax>622.9401546</ymax></bndbox></object><object><name>car</name><pose>Unspecified</pose><truncated>0</truncated><difficult>0</difficult><bndbox><xmin>570.6054613</xmin><ymin>541.3182493</ymin><xmax>603.2831567</xmax><ymax>565.7342971</ymax></bndbox></object><object><name>car</name><pose>Unspecified</pose><truncated>0</truncated><difficult>0</difficult><bndbox><xmin>839.4816633</xmin><ymin>540.6041227</ymin><xmax>1224.0</xmax><ymax>814.6651465</ymax></bndbox></object><object><name>car</name><pose>Unspecified</pose><truncated>0</truncated><difficult>0</difficult><bndbox><xmin>456.3896804</xmin><ymin>535.6537413</ymin><xmax>522.2696219</xmax><ymax>581.8439216</ymax></bndbox></object><object><name>car</name><pose>Unspecified</pose><truncated>0</truncated><difficult>0</difficult><bndbox><xmin>499.4215489</xmin><ymin>536.9827664</ymin><xmax>579.512362</xmax><ymax>588.8873702</ymax></bndbox></object><object><name>car</name><pose>Unspecified</pose><truncated>0</truncated><difficult>0</difficult><bndbox><xmin>672.4421071</xmin><ymin>535.615481</ymin><xmax>707.5389263</xmax><ymax>564.6795487</ymax></bndbox></object><object><name>other_vehicle</name><pose>Unspecified</pose><truncated>0</truncated><difficult>0</difficult><bndbox><xmin>676.4659989</xmin><ymin>493.7135527</ymin><xmax>757.7777456</xmax><ymax>576.4632655</ymax></bndbox></object><object><name>other_vehicle</name><pose>Unspecified</pose><truncated>0</truncated><difficult>0</difficult><bndbox><xmin>659.4444635</xmin><ymin>512.9197656</ymin><xmax>696.2136662</xmax><ymax>553.7899587</ymax></bndbox></object><object><name>car</name><pose>Unspecified</pose><truncated>0</truncated><difficult>0</difficult><bndbox><xmin>701.5040585</xmin><ymin>538.6154667</ymin><xmax>772.6698374</xmax><ymax>592.7426149</ymax></bndbox></object><object><name>car</name><pose>Unspecified</pose><truncated>0</truncated><difficult>0</difficult><bndbox><xmin>0</xmin><ymin>546.5694695</ymin><xmax>248.5186357</xmax><ymax>695.7545396</ymax></bndbox></object></annotation>