<annotation><folder>test_xmls</folder><filename>host-a004_cam0_1233444829551064006.jpeg</filename><path>./imageshost-a004_cam0_1233444829551064006.jpeg</path><source><database>Unknown</database></source><size><width>1224</width><height>1024</height><depth>3</depth></size><segmented>0</segmented><object><name>car</name><pose>Unspecified</pose><truncated>0</truncated><difficult>0</difficult><bndbox><xmin>924.8203888</xmin><ymin>549.9687261</ymin><xmax>1118.705318</xmax><ymax>651.6634481</ymax></bndbox></object><object><name>car</name><pose>Unspecified</pose><truncated>0</truncated><difficult>0</difficult><bndbox><xmin>782.3033219</xmin><ymin>546.6433474</ymin><xmax>824.1482198</xmax><ymax>573.7665738</ymax></bndbox></object><object><name>car</name><pose>Unspecified</pose><truncated>0</truncated><difficult>0</difficult><bndbox><xmin>175.1903361</xmin><ymin>524.540788</ymin><xmax>367.4974527</xmax><ymax>640.6027511</ymax></bndbox></object><object><name>car</name><pose>Unspecified</pose><truncated>0</truncated><difficult>0</difficult><bndbox><xmin>22.37334889</xmin><ymin>563.9281719</ymin><xmax>141.4458189</xmax><ymax>607.0931628</ymax></bndbox></object><object><name>car</name><pose>Unspecified</pose><truncated>0</truncated><difficult>0</difficult><bndbox><xmin>0</xmin><ymin>561.449964</ymin><xmax>126.3836159</xmax><ymax>616.4934234</ymax></bndbox></object><object><name>car</name><pose>Unspecified</pose><truncated>0</truncated><difficult>0</difficult><bndbox><xmin>635.8043111</xmin><ymin>534.8722286</ymin><xmax>683.2175577</xmax><ymax>571.6637692</ymax></bndbox></object><object><name>car</name><pose>Unspecified</pose><truncated>0</truncated><difficult>0</difficult><bndbox><xmin>884.3790708</xmin><ymin>549.1988466</ymin><xmax>1012.669181</xmax><ymax>623.531772</ymax></bndbox></object><object><name>car</name><pose>Unspecified</pose><truncated>0</truncated><difficult>0</difficult><bndbox><xmin>520.3109911</xmin><ymin>542.8984093</ymin><xmax>578.1427753</xmax><ymax>582.8252954</ymax></bndbox></object></annotation>