<annotation><folder>test_xmls</folder><filename>host-a004_cam0_1233618029551064006.jpeg</filename><path>./imageshost-a004_cam0_1233618029551064006.jpeg</path><source><database>Unknown</database></source><size><width>1224</width><height>1024</height><depth>3</depth></size><segmented>0</segmented><object><name>bicycle</name><pose>Unspecified</pose><truncated>0</truncated><difficult>0</difficult><bndbox><xmin>714.4439467</xmin><ymin>535.80941</ymin><xmax>735.4343213</xmax><ymax>567.4697489</ymax></bndbox></object><object><name>car</name><pose>Unspecified</pose><truncated>0</truncated><difficult>0</difficult><bndbox><xmin>456.412287</xmin><ymin>540.2340835</ymin><xmax>490.4398302</xmax><ymax>561.6864523</ymax></bndbox></object><object><name>car</name><pose>Unspecified</pose><truncated>0</truncated><difficult>0</difficult><bndbox><xmin>623.058171</xmin><ymin>526.8696857</ymin><xmax>671.2048236</xmax><ymax>579.2747852</ymax></bndbox></object><object><name>car</name><pose>Unspecified</pose><truncated>0</truncated><difficult>0</difficult><bndbox><xmin>429.7990851</xmin><ymin>541.4528002</ymin><xmax>470.3416927</xmax><ymax>564.8991874</ymax></bndbox></object><object><name>car</name><pose>Unspecified</pose><truncated>0</truncated><difficult>0</difficult><bndbox><xmin>788.2173663</xmin><ymin>537.2625661</ymin><xmax>849.239983</xmax><ymax>562.8683665</ymax></bndbox></object><object><name>car</name><pose>Unspecified</pose><truncated>0</truncated><difficult>0</difficult><bndbox><xmin>816.0368366</xmin><ymin>533.8590445</ymin><xmax>964.7227378</xmax><ymax>584.2883792</ymax></bndbox></object><object><name>car</name><pose>Unspecified</pose><truncated>0</truncated><difficult>0</difficult><bndbox><xmin>1029.13655</xmin><ymin>532.8904159</ymin><xmax>1224.0</xmax><ymax>592.2589468</ymax></bndbox></object><object><name>car</name><pose>Unspecified</pose><truncated>0</truncated><difficult>0</difficult><bndbox><xmin>333.3103765</xmin><ymin>540.9211644</ymin><xmax>384.6985413</xmax><ymax>568.8141822</ymax></bndbox></object><object><name>car</name><pose>Unspecified</pose><truncated>0</truncated><difficult>0</difficult><bndbox><xmin>377.7159354</xmin><ymin>535.7806028</ymin><xmax>428.1581941</xmax><ymax>567.2292314</ymax></bndbox></object><object><name>car</name><pose>Unspecified</pose><truncated>0</truncated><difficult>0</difficult><bndbox><xmin>593.8997815</xmin><ymin>536.9815065</ymin><xmax>614.8442296</xmax><ymax>556.2952726</ymax></bndbox></object><object><name>car</name><pose>Unspecified</pose><truncated>0</truncated><difficult>0</difficult><bndbox><xmin>1000.835027</xmin><ymin>519.0940759</ymin><xmax>1198.030466</xmax><ymax>588.5130901</ymax></bndbox></object><object><name>car</name><pose>Unspecified</pose><truncated>0</truncated><difficult>0</difficult><bndbox><xmin>467.420879</xmin><ymin>545.4603991</ymin><xmax>554.0827202</xmax><ymax>606.114803</ymax></bndbox></object><object><name>car</name><pose>Unspecified</pose><truncated>0</truncated><difficult>0</difficult><bndbox><xmin>809.5918895</xmin><ymin>537.2139476</ymin><xmax>882.2586778</xmax><ymax>566.7535048</ymax></bndbox></object><object><name>bus</name><pose>Unspecified</pose><truncated>0</truncated><difficult>0</difficult><bndbox><xmin>362.2107835</xmin><ymin>523.263639</ymin><xmax>432.3512736</xmax><ymax>563.8610795</ymax></bndbox></object><object><name>car</name><pose>Unspecified</pose><truncated>0</truncated><difficult>0</difficult><bndbox><xmin>685.4765897</xmin><ymin>534.5788836</ymin><xmax>734.443888</xmax><ymax>553.5314847</ymax></bndbox></object><object><name>car</name><pose>Unspecified</pose><truncated>0</truncated><difficult>0</difficult><bndbox><xmin>606.7018084</xmin><ymin>541.3012788</ymin><xmax>636.4330376</xmax><ymax>566.3526637</ymax></bndbox></object><object><name>car</name><pose>Unspecified</pose><truncated>0</truncated><difficult>0</difficult><bndbox><xmin>19.4112434</xmin><ymin>550.9247323</ymin><xmax>177.2117536</xmax><ymax>607.3830583</ymax></bndbox></object><object><name>car</name><pose>Unspecified</pose><truncated>0</truncated><difficult>0</difficult><bndbox><xmin>0</xmin><ymin>537.0300946</ymin><xmax>188.0185125</xmax><ymax>641.7873473</ymax></bndbox></object><object><name>bus</name><pose>Unspecified</pose><truncated>0</truncated><difficult>0</difficult><bndbox><xmin>0</xmin><ymin>500.5053602</ymin><xmax>210.7344917</xmax><ymax>621.9226937</ymax></bndbox></object><object><name>car</name><pose>Unspecified</pose><truncated>0</truncated><difficult>0</difficult><bndbox><xmin>548.2494991</xmin><ymin>534.19277</ymin><xmax>589.1378001</xmax><ymax>569.8981222</ymax></bndbox></object><object><name>car</name><pose>Unspecified</pose><truncated>0</truncated><difficult>0</difficult><bndbox><xmin>1212.705612</xmin><ymin>521.2304974</ymin><xmax>1224.0</xmax><ymax>593.2788344</ymax></bndbox></object><object><name>car</name><pose>Unspecified</pose><truncated>0</truncated><difficult>0</difficult><bndbox><xmin>309.3245556</xmin><ymin>549.8116209</ymin><xmax>348.9115351</xmax><ymax>570.1126821</ymax></bndbox></object><object><name>car</name><pose>Unspecified</pose><truncated>0</truncated><difficult>0</difficult><bndbox><xmin>232.4590676</xmin><ymin>543.943579</ymin><xmax>309.777818</xmax><ymax>585.2681369</ymax></bndbox></object><object><name>car</name><pose>Unspecified</pose><truncated>0</truncated><difficult>0</difficult><bndbox><xmin>796.4684534</xmin><ymin>530.6349945</ymin><xmax>884.3793672</xmax><ymax>565.4175115</ymax></bndbox></object><object><name>car</name><pose>Unspecified</pose><truncated>0</truncated><difficult>0</difficult><bndbox><xmin>576.4854949</xmin><ymin>540.2495093</ymin><xmax>600.1101328</xmax><ymax>559.7015934</ymax></bndbox></object><object><name>car</name><pose>Unspecified</pose><truncated>0</truncated><difficult>0</difficult><bndbox><xmin>937.9737926</xmin><ymin>537.0136682</ymin><xmax>1108.165904</xmax><ymax>587.1722212</ymax></bndbox></object><object><name>car</name><pose>Unspecified</pose><truncated>0</truncated><difficult>0</difficult><bndbox><xmin>157.5892221</xmin><ymin>551.2644122</ymin><xmax>244.2114883</xmax><ymax>585.8576787</ymax></bndbox></object><object><name>car</name><pose>Unspecified</pose><truncated>0</truncated><difficult>0</difficult><bndbox><xmin>404.1512915</xmin><ymin>538.2333975</ymin><xmax>452.561763</xmax><ymax>569.4926749</ymax></bndbox></object></annotation>