<annotation><folder>test_xmls</folder><filename>host-a004_cam0_1232905207951064006.jpeg</filename><path>./imageshost-a004_cam0_1232905207951064006.jpeg</path><source><database>Unknown</database></source><size><width>1224</width><height>1024</height><depth>3</depth></size><segmented>0</segmented><object><name>car</name><pose>Unspecified</pose><truncated>0</truncated><difficult>0</difficult><bndbox><xmin>442.9694873</xmin><ymin>542.7406894</ymin><xmax>484.5674823</xmax><ymax>566.3156539</ymax></bndbox></object><object><name>car</name><pose>Unspecified</pose><truncated>0</truncated><difficult>0</difficult><bndbox><xmin>141.1405656</xmin><ymin>542.8449838</ymin><xmax>244.7773072</xmax><ymax>588.7000329</ymax></bndbox></object><object><name>car</name><pose>Unspecified</pose><truncated>0</truncated><difficult>0</difficult><bndbox><xmin>629.7434528</xmin><ymin>542.5636989</ymin><xmax>673.1983811</xmax><ymax>576.4088661</ymax></bndbox></object><object><name>car</name><pose>Unspecified</pose><truncated>0</truncated><difficult>0</difficult><bndbox><xmin>308.7071516</xmin><ymin>550.7454011</ymin><xmax>364.301746</xmax><ymax>577.5034865</ymax></bndbox></object><object><name>other_vehicle</name><pose>Unspecified</pose><truncated>0</truncated><difficult>0</difficult><bndbox><xmin>0</xmin><ymin>506.0835321</ymin><xmax>77.51230925</xmax><ymax>619.8531714</ymax></bndbox></object><object><name>car</name><pose>Unspecified</pose><truncated>0</truncated><difficult>0</difficult><bndbox><xmin>338.8385018</xmin><ymin>543.4348432</ymin><xmax>404.4855446</xmax><ymax>573.3534765</ymax></bndbox></object><object><name>car</name><pose>Unspecified</pose><truncated>0</truncated><difficult>0</difficult><bndbox><xmin>270.8503116</xmin><ymin>542.9786386</ymin><xmax>331.8308635</xmax><ymax>580.2336891</ymax></bndbox></object><object><name>car</name><pose>Unspecified</pose><truncated>0</truncated><difficult>0</difficult><bndbox><xmin>319.7482425</xmin><ymin>540.3298131</ymin><xmax>366.6763178</xmax><ymax>569.6384074</ymax></bndbox></object><object><name>car</name><pose>Unspecified</pose><truncated>0</truncated><difficult>0</difficult><bndbox><xmin>503.2098153</xmin><ymin>541.9885963</ymin><xmax>547.5216548</xmax><ymax>567.9337041</ymax></bndbox></object><object><name>other_vehicle</name><pose>Unspecified</pose><truncated>0</truncated><difficult>0</difficult><bndbox><xmin>274.9022135</xmin><ymin>527.1733562</ymin><xmax>344.8561901</xmax><ymax>576.5662213</ymax></bndbox></object><object><name>truck</name><pose>Unspecified</pose><truncated>0</truncated><difficult>0</difficult><bndbox><xmin>857.8458045</xmin><ymin>493.3800823</ymin><xmax>1071.331903</xmax><ymax>578.2763698</ymax></bndbox></object><object><name>car</name><pose>Unspecified</pose><truncated>0</truncated><difficult>0</difficult><bndbox><xmin>553.5426234</xmin><ymin>537.6573664</ymin><xmax>598.9678277</xmax><ymax>572.7009255</ymax></bndbox></object><object><name>pedestrian</name><pose>Unspecified</pose><truncated>0</truncated><difficult>0</difficult><bndbox><xmin>716.0153189</xmin><ymin>537.8494858</ymin><xmax>727.6587408</xmax><ymax>560.3388439</ymax></bndbox></object><object><name>car</name><pose>Unspecified</pose><truncated>0</truncated><difficult>0</difficult><bndbox><xmin>403.7042031</xmin><ymin>542.4411109</ymin><xmax>443.0267061</xmax><ymax>567.1612214</ymax></bndbox></object><object><name>bus</name><pose>Unspecified</pose><truncated>0</truncated><difficult>0</difficult><bndbox><xmin>181.8964877</xmin><ymin>525.8894617</ymin><xmax>304.8871635</xmax><ymax>583.1102387</ymax></bndbox></object><object><name>car</name><pose>Unspecified</pose><truncated>0</truncated><difficult>0</difficult><bndbox><xmin>29.60276471</xmin><ymin>548.7752241</ymin><xmax>169.8961153</xmax><ymax>597.6887815</ymax></bndbox></object><object><name>car</name><pose>Unspecified</pose><truncated>0</truncated><difficult>0</difficult><bndbox><xmin>116.0328479</xmin><ymin>541.6743925</ymin><xmax>208.6070883</xmax><ymax>590.1154257</ymax></bndbox></object><object><name>car</name><pose>Unspecified</pose><truncated>0</truncated><difficult>0</difficult><bndbox><xmin>576.1444473</xmin><ymin>536.752194</ymin><xmax>604.486691</xmax><ymax>560.1250782</ymax></bndbox></object><object><name>car</name><pose>Unspecified</pose><truncated>0</truncated><difficult>0</difficult><bndbox><xmin>244.0130922</xmin><ymin>546.4061594</ymin><xmax>315.6667846</xmax><ymax>578.3239891</ymax></bndbox></object><object><name>car</name><pose>Unspecified</pose><truncated>0</truncated><difficult>0</difficult><bndbox><xmin>623.2412551</xmin><ymin>535.2950132</ymin><xmax>651.2825721</xmax><ymax>560.5526104</ymax></bndbox></object></annotation>