<annotation><folder>test_xmls</folder><filename>host-a004_cam0_1233422004251064006.jpeg</filename><path>./imageshost-a004_cam0_1233422004251064006.jpeg</path><source><database>Unknown</database></source><size><width>1224</width><height>1024</height><depth>3</depth></size><segmented>0</segmented><object><name>car</name><pose>Unspecified</pose><truncated>0</truncated><difficult>0</difficult><bndbox><xmin>840.2355828</xmin><ymin>525.2571413</ymin><xmax>990.8214071</xmax><ymax>584.4826886</ymax></bndbox></object><object><name>car</name><pose>Unspecified</pose><truncated>0</truncated><difficult>0</difficult><bndbox><xmin>672.6227047</xmin><ymin>535.0665864</ymin><xmax>712.8972158</xmax><ymax>563.7028022</ymax></bndbox></object><object><name>car</name><pose>Unspecified</pose><truncated>0</truncated><difficult>0</difficult><bndbox><xmin>590.5421</xmin><ymin>533.8571998</ymin><xmax>613.5591764</xmax><ymax>550.6264824</ymax></bndbox></object><object><name>car</name><pose>Unspecified</pose><truncated>0</truncated><difficult>0</difficult><bndbox><xmin>716.2395124</xmin><ymin>537.2253278</ymin><xmax>797.0576316</xmax><ymax>599.2100115</ymax></bndbox></object><object><name>other_vehicle</name><pose>Unspecified</pose><truncated>0</truncated><difficult>0</difficult><bndbox><xmin>293.8320404</xmin><ymin>523.5738186</ymin><xmax>361.8894953</xmax><ymax>566.2048247</ymax></bndbox></object><object><name>car</name><pose>Unspecified</pose><truncated>0</truncated><difficult>0</difficult><bndbox><xmin>547.405243</xmin><ymin>539.712434</ymin><xmax>588.0506257</xmax><ymax>566.7821777</ymax></bndbox></object><object><name>car</name><pose>Unspecified</pose><truncated>0</truncated><difficult>0</difficult><bndbox><xmin>662.7817516</xmin><ymin>530.0937323</ymin><xmax>700.9308196</xmax><ymax>560.5155359</ymax></bndbox></object><object><name>other_vehicle</name><pose>Unspecified</pose><truncated>0</truncated><difficult>0</difficult><bndbox><xmin>142.9610261</xmin><ymin>523.4318365</ymin><xmax>262.5895764</xmax><ymax>579.2728936</ymax></bndbox></object><object><name>car</name><pose>Unspecified</pose><truncated>0</truncated><difficult>0</difficult><bndbox><xmin>571.3022054</xmin><ymin>540.8238778</ymin><xmax>600.3810212</xmax><ymax>561.7599726</ymax></bndbox></object><object><name>car</name><pose>Unspecified</pose><truncated>0</truncated><difficult>0</difficult><bndbox><xmin>620.2200462</xmin><ymin>534.6804088</ymin><xmax>648.2208211</xmax><ymax>558.8891576</ymax></bndbox></object><object><name>other_vehicle</name><pose>Unspecified</pose><truncated>0</truncated><difficult>0</difficult><bndbox><xmin>220.1383663</xmin><ymin>523.0523333</ymin><xmax>309.1593406</xmax><ymax>571.7599434</ymax></bndbox></object><object><name>car</name><pose>Unspecified</pose><truncated>0</truncated><difficult>0</difficult><bndbox><xmin>462.5032295</xmin><ymin>524.0212784</ymin><xmax>557.7801572</xmax><ymax>596.8106622</ymax></bndbox></object></annotation>