<annotation><folder>test_xmls</folder><filename>host-a004_cam0_1232825392251064006.jpeg</filename><path>./imageshost-a004_cam0_1232825392251064006.jpeg</path><source><database>Unknown</database></source><size><width>1224</width><height>1024</height><depth>3</depth></size><segmented>0</segmented><object><name>car</name><pose>Unspecified</pose><truncated>0</truncated><difficult>0</difficult><bndbox><xmin>576.3589919</xmin><ymin>533.4413738</ymin><xmax>610.6108378</xmax><ymax>559.448324</ymax></bndbox></object><object><name>car</name><pose>Unspecified</pose><truncated>0</truncated><difficult>0</difficult><bndbox><xmin>370.3734562</xmin><ymin>535.538116</ymin><xmax>468.9910964</xmax><ymax>598.7995226</ymax></bndbox></object><object><name>car</name><pose>Unspecified</pose><truncated>0</truncated><difficult>0</difficult><bndbox><xmin>548.7714209</xmin><ymin>534.3185153</ymin><xmax>581.7287613</xmax><ymax>557.1562482</ymax></bndbox></object><object><name>car</name><pose>Unspecified</pose><truncated>0</truncated><difficult>0</difficult><bndbox><xmin>633.843579</xmin><ymin>531.74183</ymin><xmax>656.6265556</xmax><ymax>550.4536271</ymax></bndbox></object><object><name>car</name><pose>Unspecified</pose><truncated>0</truncated><difficult>0</difficult><bndbox><xmin>0</xmin><ymin>524.5967953</ymin><xmax>267.3816236</xmax><ymax>706.9863799</ymax></bndbox></object><object><name>car</name><pose>Unspecified</pose><truncated>0</truncated><difficult>0</difficult><bndbox><xmin>906.2205836</xmin><ymin>388.5289817</ymin><xmax>1224.0</xmax><ymax>1024.0</ymax></bndbox></object><object><name>car</name><pose>Unspecified</pose><truncated>0</truncated><difficult>0</difficult><bndbox><xmin>708.5450148</xmin><ymin>536.7057497</ymin><xmax>782.0592008</xmax><ymax>591.3388385</ymax></bndbox></object><object><name>other_vehicle</name><pose>Unspecified</pose><truncated>0</truncated><difficult>0</difficult><bndbox><xmin>677.8103107</xmin><ymin>511.7124186</ymin><xmax>728.3270327</xmax><ymax>562.8867276</ymax></bndbox></object><object><name>car</name><pose>Unspecified</pose><truncated>0</truncated><difficult>0</difficult><bndbox><xmin>601.2287227</xmin><ymin>534.3382489</ymin><xmax>625.618052</xmax><ymax>553.9078064</ymax></bndbox></object><object><name>car</name><pose>Unspecified</pose><truncated>0</truncated><difficult>0</difficult><bndbox><xmin>470.4341319</xmin><ymin>533.0569537</ymin><xmax>573.7229799</xmax><ymax>609.7983621</ymax></bndbox></object><object><name>car</name><pose>Unspecified</pose><truncated>0</truncated><difficult>0</difficult><bndbox><xmin>804.0312582</xmin><ymin>546.9313792</ymin><xmax>1102.637497</xmax><ymax>711.6470555</ymax></bndbox></object><object><name>other_vehicle</name><pose>Unspecified</pose><truncated>0</truncated><difficult>0</difficult><bndbox><xmin>717.5688877</xmin><ymin>453.9941943</ymin><xmax>911.9511646</xmax><ymax>628.0066427</ymax></bndbox></object></annotation>