<annotation><folder>test_xmls</folder><filename>host-a004_cam0_1233617936751064006.jpeg</filename><path>./imageshost-a004_cam0_1233617936751064006.jpeg</path><source><database>Unknown</database></source><size><width>1224</width><height>1024</height><depth>3</depth></size><segmented>0</segmented><object><name>car</name><pose>Unspecified</pose><truncated>0</truncated><difficult>0</difficult><bndbox><xmin>465.8437352</xmin><ymin>530.2790073</ymin><xmax>560.3753233</xmax><ymax>609.6069623</ymax></bndbox></object><object><name>car</name><pose>Unspecified</pose><truncated>0</truncated><difficult>0</difficult><bndbox><xmin>195.5469556</xmin><ymin>535.678603</ymin><xmax>370.4057432</xmax><ymax>636.695303</ymax></bndbox></object><object><name>pedestrian</name><pose>Unspecified</pose><truncated>0</truncated><difficult>0</difficult><bndbox><xmin>946.1479194</xmin><ymin>532.8743066</ymin><xmax>976.7196181</xmax><ymax>570.9258684</ymax></bndbox></object><object><name>car</name><pose>Unspecified</pose><truncated>0</truncated><difficult>0</difficult><bndbox><xmin>550.2419713</xmin><ymin>535.3144905</ymin><xmax>594.4968649</xmax><ymax>571.9173513</ymax></bndbox></object><object><name>car</name><pose>Unspecified</pose><truncated>0</truncated><difficult>0</difficult><bndbox><xmin>583.5728524</xmin><ymin>541.5678795</ymin><xmax>610.5054057</xmax><ymax>563.3164709</ymax></bndbox></object><object><name>car</name><pose>Unspecified</pose><truncated>0</truncated><difficult>0</difficult><bndbox><xmin>635.097708</xmin><ymin>538.2878025</ymin><xmax>654.8909948</xmax><ymax>555.1327938</ymax></bndbox></object></annotation>