<annotation><folder>test_xmls</folder><filename>host-a004_cam0_1233620274151064006.jpeg</filename><path>./imageshost-a004_cam0_1233620274151064006.jpeg</path><source><database>Unknown</database></source><size><width>1224</width><height>1024</height><depth>3</depth></size><segmented>0</segmented><object><name>car</name><pose>Unspecified</pose><truncated>0</truncated><difficult>0</difficult><bndbox><xmin>652.3763372</xmin><ymin>530.3668532</ymin><xmax>675.7996294</xmax><ymax>553.1203026</ymax></bndbox></object><object><name>car</name><pose>Unspecified</pose><truncated>0</truncated><difficult>0</difficult><bndbox><xmin>31.64553461</xmin><ymin>541.9506254</ymin><xmax>143.0352225</xmax><ymax>587.6108587</ymax></bndbox></object><object><name>car</name><pose>Unspecified</pose><truncated>0</truncated><difficult>0</difficult><bndbox><xmin>385.6580536</xmin><ymin>540.3393018</ymin><xmax>431.112327</xmax><ymax>562.3707827</ymax></bndbox></object><object><name>car</name><pose>Unspecified</pose><truncated>0</truncated><difficult>0</difficult><bndbox><xmin>221.1727907</xmin><ymin>538.5844739</ymin><xmax>286.6433259</xmax><ymax>571.3361668</ymax></bndbox></object><object><name>car</name><pose>Unspecified</pose><truncated>0</truncated><difficult>0</difficult><bndbox><xmin>0</xmin><ymin>541.6743405</ymin><xmax>122.2536465</xmax><ymax>614.4212372</ymax></bndbox></object><object><name>car</name><pose>Unspecified</pose><truncated>0</truncated><difficult>0</difficult><bndbox><xmin>312.5646197</xmin><ymin>541.3799523</ymin><xmax>366.5180822</xmax><ymax>565.5167934</ymax></bndbox></object><object><name>car</name><pose>Unspecified</pose><truncated>0</truncated><difficult>0</difficult><bndbox><xmin>450.4279778</xmin><ymin>537.9018777</ymin><xmax>481.3526354</xmax><ymax>557.3649054</ymax></bndbox></object><object><name>car</name><pose>Unspecified</pose><truncated>0</truncated><difficult>0</difficult><bndbox><xmin>585.4378034</xmin><ymin>533.0049493</ymin><xmax>639.8860145</xmax><ymax>580.3576398</ymax></bndbox></object><object><name>car</name><pose>Unspecified</pose><truncated>0</truncated><difficult>0</difficult><bndbox><xmin>360.1056158</xmin><ymin>539.5194055</ymin><xmax>396.3131386</xmax><ymax>556.1676758</ymax></bndbox></object><object><name>car</name><pose>Unspecified</pose><truncated>0</truncated><difficult>0</difficult><bndbox><xmin>181.8699749</xmin><ymin>545.3421213</ymin><xmax>265.4358182</xmax><ymax>577.9909113</ymax></bndbox></object><object><name>car</name><pose>Unspecified</pose><truncated>0</truncated><difficult>0</difficult><bndbox><xmin>0</xmin><ymin>541.2457009</ymin><xmax>100.6072387</xmax><ymax>604.1817247</ymax></bndbox></object><object><name>car</name><pose>Unspecified</pose><truncated>0</truncated><difficult>0</difficult><bndbox><xmin>656.3407604</xmin><ymin>538.4589149</ymin><xmax>678.7656088</xmax><ymax>555.7814437</ymax></bndbox></object></annotation>