<annotation><folder>test_xmls</folder><filename>host-a004_cam0_1233602013051064006.jpeg</filename><path>./imageshost-a004_cam0_1233602013051064006.jpeg</path><source><database>Unknown</database></source><size><width>1224</width><height>1024</height><depth>3</depth></size><segmented>0</segmented><object><name>car</name><pose>Unspecified</pose><truncated>0</truncated><difficult>0</difficult><bndbox><xmin>719.4897788</xmin><ymin>539.1426539</ymin><xmax>831.6834828</xmax><ymax>612.6434873</ymax></bndbox></object><object><name>bus</name><pose>Unspecified</pose><truncated>0</truncated><difficult>0</difficult><bndbox><xmin>639.9161324</xmin><ymin>503.5705428</ymin><xmax>687.7657996</xmax><ymax>550.4319159</ymax></bndbox></object><object><name>other_vehicle</name><pose>Unspecified</pose><truncated>0</truncated><difficult>0</difficult><bndbox><xmin>651.1455935</xmin><ymin>493.3238262</ymin><xmax>720.4089178</xmax><ymax>562.6711232</ymax></bndbox></object><object><name>car</name><pose>Unspecified</pose><truncated>0</truncated><difficult>0</difficult><bndbox><xmin>683.364925</xmin><ymin>534.4501039</ymin><xmax>761.2343859</xmax><ymax>580.4008547</ymax></bndbox></object><object><name>car</name><pose>Unspecified</pose><truncated>0</truncated><difficult>0</difficult><bndbox><xmin>741.1949955</xmin><ymin>539.079462</ymin><xmax>948.9765554</xmax><ymax>669.858782</ymax></bndbox></object><object><name>car</name><pose>Unspecified</pose><truncated>0</truncated><difficult>0</difficult><bndbox><xmin>560.7712265</xmin><ymin>528.9428485</ymin><xmax>586.4853773</xmax><ymax>551.1148767</ymax></bndbox></object><object><name>car</name><pose>Unspecified</pose><truncated>0</truncated><difficult>0</difficult><bndbox><xmin>669.3016306</xmin><ymin>534.3103686</ymin><xmax>717.6862155</xmax><ymax>567.4666014</ymax></bndbox></object><object><name>car</name><pose>Unspecified</pose><truncated>0</truncated><difficult>0</difficult><bndbox><xmin>525.9151638</xmin><ymin>526.4719987</ymin><xmax>573.7044812</xmax><ymax>563.8926076</ymax></bndbox></object><object><name>motorcycle</name><pose>Unspecified</pose><truncated>0</truncated><difficult>0</difficult><bndbox><xmin>704.2499647</xmin><ymin>536.2357903</ymin><xmax>781.8959171</xmax><ymax>583.2055411</ymax></bndbox></object><object><name>car</name><pose>Unspecified</pose><truncated>0</truncated><difficult>0</difficult><bndbox><xmin>134.3637787</xmin><ymin>494.0394009</ymin><xmax>465.0954733</xmax><ymax>701.159645</ymax></bndbox></object><object><name>truck</name><pose>Unspecified</pose><truncated>0</truncated><difficult>0</difficult><bndbox><xmin>495.8247924</xmin><ymin>503.1318183</ymin><xmax>547.3222399</xmax><ymax>554.3591204</ymax></bndbox></object><object><name>car</name><pose>Unspecified</pose><truncated>0</truncated><difficult>0</difficult><bndbox><xmin>862.6656254</xmin><ymin>553.0732547</ymin><xmax>1224.0</xmax><ymax>888.2142927</ymax></bndbox></object></annotation>