<annotation><folder>test_xmls</folder><filename>host-a004_cam0_1232842177651064006.jpeg</filename><path>./imageshost-a004_cam0_1232842177651064006.jpeg</path><source><database>Unknown</database></source><size><width>1224</width><height>1024</height><depth>3</depth></size><segmented>0</segmented><object><name>car</name><pose>Unspecified</pose><truncated>0</truncated><difficult>0</difficult><bndbox><xmin>97.87941131</xmin><ymin>551.0347415</ymin><xmax>172.8641196</xmax><ymax>579.2923915</ymax></bndbox></object><object><name>car</name><pose>Unspecified</pose><truncated>0</truncated><difficult>0</difficult><bndbox><xmin>507.0752182</xmin><ymin>542.6368042</ymin><xmax>547.0096374</xmax><ymax>569.6929441</ymax></bndbox></object><object><name>car</name><pose>Unspecified</pose><truncated>0</truncated><difficult>0</difficult><bndbox><xmin>100.7207515</xmin><ymin>555.0961667</ymin><xmax>199.1009162</xmax><ymax>596.2116017</ymax></bndbox></object><object><name>car</name><pose>Unspecified</pose><truncated>0</truncated><difficult>0</difficult><bndbox><xmin>675.4501102</xmin><ymin>541.9758097</ymin><xmax>695.8179214</xmax><ymax>561.367247</ymax></bndbox></object><object><name>car</name><pose>Unspecified</pose><truncated>0</truncated><difficult>0</difficult><bndbox><xmin>0</xmin><ymin>553.5192845</ymin><xmax>53.48344635</xmax><ymax>622.2379985</ymax></bndbox></object><object><name>car</name><pose>Unspecified</pose><truncated>0</truncated><difficult>0</difficult><bndbox><xmin>120.8685296</xmin><ymin>554.1345843</ymin><xmax>213.4027289</xmax><ymax>583.6180739</ymax></bndbox></object><object><name>car</name><pose>Unspecified</pose><truncated>0</truncated><difficult>0</difficult><bndbox><xmin>233.3114277</xmin><ymin>553.6059721</ymin><xmax>302.5119255</xmax><ymax>583.3028527</ymax></bndbox></object><object><name>car</name><pose>Unspecified</pose><truncated>0</truncated><difficult>0</difficult><bndbox><xmin>632.5334051</xmin><ymin>542.7610313</ymin><xmax>674.6416874</xmax><ymax>582.6711931</ymax></bndbox></object><object><name>car</name><pose>Unspecified</pose><truncated>0</truncated><difficult>0</difficult><bndbox><xmin>670.0822368</xmin><ymin>539.6582445</ymin><xmax>694.2452635</xmax><ymax>559.4708465</ymax></bndbox></object><object><name>car</name><pose>Unspecified</pose><truncated>0</truncated><difficult>0</difficult><bndbox><xmin>19.30990364</xmin><ymin>558.1326678</ymin><xmax>87.64153854</xmax><ymax>581.4985587</ymax></bndbox></object><object><name>car</name><pose>Unspecified</pose><truncated>0</truncated><difficult>0</difficult><bndbox><xmin>692.3226466</xmin><ymin>538.1492906</ymin><xmax>743.2657512</xmax><ymax>579.6471778</ymax></bndbox></object><object><name>car</name><pose>Unspecified</pose><truncated>0</truncated><difficult>0</difficult><bndbox><xmin>379.4349762</xmin><ymin>546.4517636</ymin><xmax>521.9987229</xmax><ymax>640.0601625</ymax></bndbox></object><object><name>car</name><pose>Unspecified</pose><truncated>0</truncated><difficult>0</difficult><bndbox><xmin>828.4760338</xmin><ymin>549.3760083</ymin><xmax>1224.0</xmax><ymax>821.3309968</ymax></bndbox></object><object><name>car</name><pose>Unspecified</pose><truncated>0</truncated><difficult>0</difficult><bndbox><xmin>296.8685184</xmin><ymin>551.1707887</ymin><xmax>349.1368416</xmax><ymax>574.7966371</ymax></bndbox></object><object><name>car</name><pose>Unspecified</pose><truncated>0</truncated><difficult>0</difficult><bndbox><xmin>331.677484</xmin><ymin>547.6718099</ymin><xmax>394.0241848</xmax><ymax>580.987606</ymax></bndbox></object></annotation>