<annotation><folder>test_xmls</folder><filename>host-a004_cam0_1233955752451064006.jpeg</filename><path>./imageshost-a004_cam0_1233955752451064006.jpeg</path><source><database>Unknown</database></source><size><width>1224</width><height>1024</height><depth>3</depth></size><segmented>0</segmented><object><name>car</name><pose>Unspecified</pose><truncated>0</truncated><difficult>0</difficult><bndbox><xmin>663.0312025</xmin><ymin>526.7234819</ymin><xmax>705.4899479</xmax><ymax>562.1039985</ymax></bndbox></object><object><name>car</name><pose>Unspecified</pose><truncated>0</truncated><difficult>0</difficult><bndbox><xmin>751.5849733</xmin><ymin>537.943681</ymin><xmax>948.3408559</xmax><ymax>662.5995101</ymax></bndbox></object><object><name>other_vehicle</name><pose>Unspecified</pose><truncated>0</truncated><difficult>0</difficult><bndbox><xmin>648.0602763</xmin><ymin>520.2656695</ymin><xmax>685.3182464</xmax><ymax>553.1501397</ymax></bndbox></object><object><name>car</name><pose>Unspecified</pose><truncated>0</truncated><difficult>0</difficult><bndbox><xmin>243.7077767</xmin><ymin>539.7098722</ymin><xmax>395.6923349</xmax><ymax>615.6327484</ymax></bndbox></object><object><name>car</name><pose>Unspecified</pose><truncated>0</truncated><difficult>0</difficult><bndbox><xmin>495.9329068</xmin><ymin>536.2901258</ymin><xmax>537.4361994</xmax><ymax>563.2236259</ymax></bndbox></object><object><name>car</name><pose>Unspecified</pose><truncated>0</truncated><difficult>0</difficult><bndbox><xmin>685.5449775</xmin><ymin>532.4796485</ymin><xmax>751.0781064</xmax><ymax>582.9433397</ymax></bndbox></object><object><name>other_vehicle</name><pose>Unspecified</pose><truncated>0</truncated><difficult>0</difficult><bndbox><xmin>674.6123802</xmin><ymin>508.6446066</ymin><xmax>738.5664091</xmax><ymax>572.2013385</ymax></bndbox></object><object><name>car</name><pose>Unspecified</pose><truncated>0</truncated><difficult>0</difficult><bndbox><xmin>551.0597497</xmin><ymin>535.8167319</ymin><xmax>576.1869259</xmax><ymax>552.1528726</ymax></bndbox></object><object><name>car</name><pose>Unspecified</pose><truncated>0</truncated><difficult>0</difficult><bndbox><xmin>861.2783802</xmin><ymin>541.8935877</ymin><xmax>1224.0</xmax><ymax>914.9826122</ymax></bndbox></object><object><name>other_vehicle</name><pose>Unspecified</pose><truncated>0</truncated><difficult>0</difficult><bndbox><xmin>694.727714</xmin><ymin>468.0986685</ymin><xmax>851.286118</xmax><ymax>613.1186321</ymax></bndbox></object></annotation>