<annotation><folder>test_xmls</folder><filename>host-a004_cam0_1233685339151064006.jpeg</filename><path>./imageshost-a004_cam0_1233685339151064006.jpeg</path><source><database>Unknown</database></source><size><width>1224</width><height>1024</height><depth>3</depth></size><segmented>0</segmented><object><name>car</name><pose>Unspecified</pose><truncated>0</truncated><difficult>0</difficult><bndbox><xmin>50.37991009</xmin><ymin>578.9475266</ymin><xmax>134.4078142</xmax><ymax>621.8858313</ymax></bndbox></object><object><name>car</name><pose>Unspecified</pose><truncated>0</truncated><difficult>0</difficult><bndbox><xmin>0</xmin><ymin>590.1680464</ymin><xmax>81.51681707</xmax><ymax>662.0214245</ymax></bndbox></object></annotation>