<annotation><folder>test_xmls</folder><filename>host-a004_cam0_1232842384651064006.jpeg</filename><path>./imageshost-a004_cam0_1232842384651064006.jpeg</path><source><database>Unknown</database></source><size><width>1224</width><height>1024</height><depth>3</depth></size><segmented>0</segmented><object><name>car</name><pose>Unspecified</pose><truncated>0</truncated><difficult>0</difficult><bndbox><xmin>0</xmin><ymin>541.7757948</ymin><xmax>32.23500376</xmax><ymax>662.2896325</ymax></bndbox></object><object><name>car</name><pose>Unspecified</pose><truncated>0</truncated><difficult>0</difficult><bndbox><xmin>294.3801918</xmin><ymin>537.9666164</ymin><xmax>380.8190815</xmax><ymax>581.6727572</ymax></bndbox></object><object><name>other_vehicle</name><pose>Unspecified</pose><truncated>0</truncated><difficult>0</difficult><bndbox><xmin>147.4721154</xmin><ymin>540.8423495</ymin><xmax>231.2832193</xmax><ymax>582.0773743</ymax></bndbox></object><object><name>car</name><pose>Unspecified</pose><truncated>0</truncated><difficult>0</difficult><bndbox><xmin>333.1559926</xmin><ymin>477.2114356</ymin><xmax>534.1915105</xmax><ymax>646.1107182</ymax></bndbox></object><object><name>car</name><pose>Unspecified</pose><truncated>0</truncated><difficult>0</difficult><bndbox><xmin>212.9507192</xmin><ymin>536.1716718</ymin><xmax>333.4767535</xmax><ymax>591.4984018</ymax></bndbox></object><object><name>bus</name><pose>Unspecified</pose><truncated>0</truncated><difficult>0</difficult><bndbox><xmin>208.2723662</xmin><ymin>524.7228475</ymin><xmax>317.0423262</xmax><ymax>577.2932347</ymax></bndbox></object><object><name>other_vehicle</name><pose>Unspecified</pose><truncated>0</truncated><difficult>0</difficult><bndbox><xmin>294.3529773</xmin><ymin>524.9923145</ymin><xmax>353.4992031</xmax><ymax>568.7981953</ymax></bndbox></object><object><name>car</name><pose>Unspecified</pose><truncated>0</truncated><difficult>0</difficult><bndbox><xmin>572.8114936</xmin><ymin>536.1836499</ymin><xmax>604.5362207</xmax><ymax>563.216574</ymax></bndbox></object><object><name>car</name><pose>Unspecified</pose><truncated>0</truncated><difficult>0</difficult><bndbox><xmin>144.4558908</xmin><ymin>541.1844403</ymin><xmax>254.2532256</xmax><ymax>591.1685891</ymax></bndbox></object><object><name>car</name><pose>Unspecified</pose><truncated>0</truncated><difficult>0</difficult><bndbox><xmin>548.1079734</xmin><ymin>537.2336976</ymin><xmax>587.4266825</xmax><ymax>568.8751778</ymax></bndbox></object><object><name>car</name><pose>Unspecified</pose><truncated>0</truncated><difficult>0</difficult><bndbox><xmin>51.35665583</xmin><ymin>539.6371786</ymin><xmax>226.2941238</xmax><ymax>612.0690031</ymax></bndbox></object><object><name>car</name><pose>Unspecified</pose><truncated>0</truncated><difficult>0</difficult><bndbox><xmin>1100.115369</xmin><ymin>513.4287972</ymin><xmax>1224.0</xmax><ymax>609.5143261</ymax></bndbox></object><object><name>car</name><pose>Unspecified</pose><truncated>0</truncated><difficult>0</difficult><bndbox><xmin>623.8144954</xmin><ymin>532.1765727</ymin><xmax>664.1363525</xmax><ymax>570.2724586</ymax></bndbox></object><object><name>other_vehicle</name><pose>Unspecified</pose><truncated>0</truncated><difficult>0</difficult><bndbox><xmin>0</xmin><ymin>505.0186026</ymin><xmax>116.0294544</xmax><ymax>604.6585747</ymax></bndbox></object></annotation>