<annotation><folder>test_xmls</folder><filename>host-a004_cam0_1233693268351064006.jpeg</filename><path>./imageshost-a004_cam0_1233693268351064006.jpeg</path><source><database>Unknown</database></source><size><width>1224</width><height>1024</height><depth>3</depth></size><segmented>0</segmented><object><name>car</name><pose>Unspecified</pose><truncated>0</truncated><difficult>0</difficult><bndbox><xmin>703.9431456</xmin><ymin>516.776289</ymin><xmax>767.1995834</xmax><ymax>571.4647086</ymax></bndbox></object><object><name>car</name><pose>Unspecified</pose><truncated>0</truncated><difficult>0</difficult><bndbox><xmin>978.4342064</xmin><ymin>246.1096437</ymin><xmax>1224.0</xmax><ymax>1024.0</ymax></bndbox></object><object><name>car</name><pose>Unspecified</pose><truncated>0</truncated><difficult>0</difficult><bndbox><xmin>698.8508772</xmin><ymin>521.3083265</ymin><xmax>745.8662757</xmax><ymax>562.3948458</ymax></bndbox></object><object><name>car</name><pose>Unspecified</pose><truncated>0</truncated><difficult>0</difficult><bndbox><xmin>693.7594373</xmin><ymin>527.8513159</ymin><xmax>731.5088728</xmax><ymax>559.2755552</ymax></bndbox></object><object><name>car</name><pose>Unspecified</pose><truncated>0</truncated><difficult>0</difficult><bndbox><xmin>680.7627693</xmin><ymin>522.846392</ymin><xmax>709.6362579</xmax><ymax>549.6627235</ymax></bndbox></object><object><name>car</name><pose>Unspecified</pose><truncated>0</truncated><difficult>0</difficult><bndbox><xmin>641.2654949</xmin><ymin>527.765781</ymin><xmax>664.2564249</xmax><ymax>546.7657739</ymax></bndbox></object><object><name>car</name><pose>Unspecified</pose><truncated>0</truncated><difficult>0</difficult><bndbox><xmin>688.1621445</xmin><ymin>522.7003018</ymin><xmax>723.4447883</xmax><ymax>556.8926809</ymax></bndbox></object><object><name>car</name><pose>Unspecified</pose><truncated>0</truncated><difficult>0</difficult><bndbox><xmin>680.383418</xmin><ymin>524.733327</ymin><xmax>836.5633584</xmax><ymax>578.209594</ymax></bndbox></object><object><name>car</name><pose>Unspecified</pose><truncated>0</truncated><difficult>0</difficult><bndbox><xmin>58.5537148</xmin><ymin>454.0531111</ymin><xmax>528.5586577</xmax><ymax>744.1340167</ymax></bndbox></object><object><name>car</name><pose>Unspecified</pose><truncated>0</truncated><difficult>0</difficult><bndbox><xmin>757.8694278</xmin><ymin>513.9165258</ymin><xmax>914.6745415</xmax><ymax>642.1528801</ymax></bndbox></object></annotation>