<annotation><folder>test_xmls</folder><filename>host-a004_cam0_1233963854051064006.jpeg</filename><path>./imageshost-a004_cam0_1233963854051064006.jpeg</path><source><database>Unknown</database></source><size><width>1224</width><height>1024</height><depth>3</depth></size><segmented>0</segmented><object><name>car</name><pose>Unspecified</pose><truncated>0</truncated><difficult>0</difficult><bndbox><xmin>0</xmin><ymin>462.2076609</ymin><xmax>437.4409539</xmax><ymax>838.4386533</ymax></bndbox></object><object><name>car</name><pose>Unspecified</pose><truncated>0</truncated><difficult>0</difficult><bndbox><xmin>738.6253092</xmin><ymin>528.9670611</ymin><xmax>794.1281718</xmax><ymax>548.5252607</ymax></bndbox></object><object><name>car</name><pose>Unspecified</pose><truncated>0</truncated><difficult>0</difficult><bndbox><xmin>0</xmin><ymin>551.4881264</ymin><xmax>42.69379931</xmax><ymax>621.4203163</ymax></bndbox></object></annotation>