<annotation><folder>test_xmls</folder><filename>host-a004_cam0_1233516168051064006.jpeg</filename><path>./imageshost-a004_cam0_1233516168051064006.jpeg</path><source><database>Unknown</database></source><size><width>1224</width><height>1024</height><depth>3</depth></size><segmented>0</segmented><object><name>other_vehicle</name><pose>Unspecified</pose><truncated>0</truncated><difficult>0</difficult><bndbox><xmin>767.1143437</xmin><ymin>447.5293353</ymin><xmax>1037.779563</xmax><ymax>667.499547</ymax></bndbox></object><object><name>car</name><pose>Unspecified</pose><truncated>0</truncated><difficult>0</difficult><bndbox><xmin>580.5415723</xmin><ymin>537.3002988</ymin><xmax>613.7110196</xmax><ymax>561.6969553</ymax></bndbox></object><object><name>car</name><pose>Unspecified</pose><truncated>0</truncated><difficult>0</difficult><bndbox><xmin>853.5275914</xmin><ymin>509.2079632</ymin><xmax>1224.0</xmax><ymax>773.7671694</ymax></bndbox></object><object><name>other_vehicle</name><pose>Unspecified</pose><truncated>0</truncated><difficult>0</difficult><bndbox><xmin>668.8188352</xmin><ymin>510.8431871</ymin><xmax>720.1471017</xmax><ymax>562.6085611</ymax></bndbox></object><object><name>car</name><pose>Unspecified</pose><truncated>0</truncated><difficult>0</difficult><bndbox><xmin>0</xmin><ymin>525.2587868</ymin><xmax>259.7389001</xmax><ymax>702.9070555</ymax></bndbox></object><object><name>car</name><pose>Unspecified</pose><truncated>0</truncated><difficult>0</difficult><bndbox><xmin>694.7894761</xmin><ymin>538.1684932</ymin><xmax>747.7369891</xmax><ymax>581.726169</ymax></bndbox></object><object><name>car</name><pose>Unspecified</pose><truncated>0</truncated><difficult>0</difficult><bndbox><xmin>960.9804648</xmin><ymin>519.3754344</ymin><xmax>1098.4292</xmax><ymax>563.5236958</ymax></bndbox></object><object><name>car</name><pose>Unspecified</pose><truncated>0</truncated><difficult>0</difficult><bndbox><xmin>463.9535356</xmin><ymin>530.1514639</ymin><xmax>523.753501</xmax><ymax>575.1023194</ymax></bndbox></object><object><name>car</name><pose>Unspecified</pose><truncated>0</truncated><difficult>0</difficult><bndbox><xmin>710.3744937</xmin><ymin>532.9744639</ymin><xmax>800.5629933</xmax><ymax>598.0039164</ymax></bndbox></object><object><name>car</name><pose>Unspecified</pose><truncated>0</truncated><difficult>0</difficult><bndbox><xmin>1125.797676</xmin><ymin>522.8323292</ymin><xmax>1224.0</xmax><ymax>577.1800199</ymax></bndbox></object><object><name>other_vehicle</name><pose>Unspecified</pose><truncated>0</truncated><difficult>0</difficult><bndbox><xmin>660.9536758</xmin><ymin>515.8343705</ymin><xmax>698.6088227</xmax><ymax>556.7192946</ymax></bndbox></object><object><name>car</name><pose>Unspecified</pose><truncated>0</truncated><difficult>0</difficult><bndbox><xmin>1000.838037</xmin><ymin>513.1911833</ymin><xmax>1163.839694</xmax><ymax>564.2797296</ymax></bndbox></object><object><name>car</name><pose>Unspecified</pose><truncated>0</truncated><difficult>0</difficult><bndbox><xmin>518.2699812</xmin><ymin>531.95752</ymin><xmax>553.6071163</xmax><ymax>560.6498334</ymax></bndbox></object><object><name>car</name><pose>Unspecified</pose><truncated>0</truncated><difficult>0</difficult><bndbox><xmin>531.1679031</xmin><ymin>531.0823408</ymin><xmax>596.3413545</xmax><ymax>584.2775891</ymax></bndbox></object><object><name>car</name><pose>Unspecified</pose><truncated>0</truncated><difficult>0</difficult><bndbox><xmin>682.4380943</xmin><ymin>531.9708945</ymin><xmax>736.7672827</xmax><ymax>571.9263272</ymax></bndbox></object></annotation>