<annotation><folder>test_xmls</folder><filename>host-a004_cam0_1233616003351064006.jpeg</filename><path>./imageshost-a004_cam0_1233616003351064006.jpeg</path><source><database>Unknown</database></source><size><width>1224</width><height>1024</height><depth>3</depth></size><segmented>0</segmented><object><name>truck</name><pose>Unspecified</pose><truncated>0</truncated><difficult>0</difficult><bndbox><xmin>51.94677469</xmin><ymin>498.506354</ymin><xmax>231.3010628</xmax><ymax>583.385702</ymax></bndbox></object><object><name>car</name><pose>Unspecified</pose><truncated>0</truncated><difficult>0</difficult><bndbox><xmin>573.6452059</xmin><ymin>538.2237783</ymin><xmax>602.9441179</xmax><ymax>562.9069786</ymax></bndbox></object><object><name>car</name><pose>Unspecified</pose><truncated>0</truncated><difficult>0</difficult><bndbox><xmin>0</xmin><ymin>546.0119049</ymin><xmax>5.628963792</xmax><ymax>582.0458169</ymax></bndbox></object><object><name>car</name><pose>Unspecified</pose><truncated>0</truncated><difficult>0</difficult><bndbox><xmin>597.4015424</xmin><ymin>539.2095157</ymin><xmax>616.2722725</xmax><ymax>555.8343716</ymax></bndbox></object><object><name>car</name><pose>Unspecified</pose><truncated>0</truncated><difficult>0</difficult><bndbox><xmin>618.5094187</xmin><ymin>536.6674189</ymin><xmax>668.6525067</xmax><ymax>581.502303</ymax></bndbox></object><object><name>car</name><pose>Unspecified</pose><truncated>0</truncated><difficult>0</difficult><bndbox><xmin>539.2295651</xmin><ymin>535.9610977</ymin><xmax>590.1423091</xmax><ymax>579.0931933</ymax></bndbox></object><object><name>car</name><pose>Unspecified</pose><truncated>0</truncated><difficult>0</difficult><bndbox><xmin>750.9629297</xmin><ymin>541.5843472</ymin><xmax>896.3984462</xmax><ymax>635.1316338</ymax></bndbox></object><object><name>car</name><pose>Unspecified</pose><truncated>0</truncated><difficult>0</difficult><bndbox><xmin>531.1272119</xmin><ymin>532.5356047</ymin><xmax>561.8114651</xmax><ymax>562.620992</ymax></bndbox></object><object><name>car</name><pose>Unspecified</pose><truncated>0</truncated><difficult>0</difficult><bndbox><xmin>721.403804</xmin><ymin>534.4782628</ymin><xmax>805.6513026</xmax><ymax>602.0768887</ymax></bndbox></object><object><name>truck</name><pose>Unspecified</pose><truncated>0</truncated><difficult>0</difficult><bndbox><xmin>376.2814254</xmin><ymin>494.2919957</ymin><xmax>505.7726923</xmax><ymax>591.9622085</ymax></bndbox></object><object><name>car</name><pose>Unspecified</pose><truncated>0</truncated><difficult>0</difficult><bndbox><xmin>0</xmin><ymin>549.3145958</ymin><xmax>95.03044556</xmax><ymax>590.8495611</ymax></bndbox></object></annotation>