<annotation><folder>test_xmls</folder><filename>host-a004_cam0_1232842173251064006.jpeg</filename><path>./imageshost-a004_cam0_1232842173251064006.jpeg</path><source><database>Unknown</database></source><size><width>1224</width><height>1024</height><depth>3</depth></size><segmented>0</segmented><object><name>car</name><pose>Unspecified</pose><truncated>0</truncated><difficult>0</difficult><bndbox><xmin>0</xmin><ymin>533.7380138</ymin><xmax>4.232356173</xmax><ymax>556.3483834</ymax></bndbox></object><object><name>car</name><pose>Unspecified</pose><truncated>0</truncated><difficult>0</difficult><bndbox><xmin>498.6755954</xmin><ymin>546.9822396</ymin><xmax>571.1838058</xmax><ymax>590.4615239</ymax></bndbox></object><object><name>car</name><pose>Unspecified</pose><truncated>0</truncated><difficult>0</difficult><bndbox><xmin>170.3936004</xmin><ymin>551.9406903</ymin><xmax>526.4673717</xmax><ymax>759.0677531</ymax></bndbox></object><object><name>car</name><pose>Unspecified</pose><truncated>0</truncated><difficult>0</difficult><bndbox><xmin>561.374461</xmin><ymin>548.6495554</ymin><xmax>590.6863071</xmax><ymax>565.4707982</ymax></bndbox></object><object><name>car</name><pose>Unspecified</pose><truncated>0</truncated><difficult>0</difficult><bndbox><xmin>464.8608701</xmin><ymin>547.8062621</ymin><xmax>512.1897243</xmax><ymax>574.7986672</ymax></bndbox></object><object><name>car</name><pose>Unspecified</pose><truncated>0</truncated><difficult>0</difficult><bndbox><xmin>690.0105192</xmin><ymin>547.7727973</ymin><xmax>753.8297344</xmax><ymax>607.6313563</ymax></bndbox></object><object><name>car</name><pose>Unspecified</pose><truncated>0</truncated><difficult>0</difficult><bndbox><xmin>770.6765003</xmin><ymin>547.8582577</ymin><xmax>805.5586223</xmax><ymax>579.0824135</ymax></bndbox></object><object><name>car</name><pose>Unspecified</pose><truncated>0</truncated><difficult>0</difficult><bndbox><xmin>346.4724186</xmin><ymin>550.1690257</ymin><xmax>414.6896064</xmax><ymax>582.3264736</ymax></bndbox></object><object><name>car</name><pose>Unspecified</pose><truncated>0</truncated><difficult>0</difficult><bndbox><xmin>379.6511623</xmin><ymin>550.8001135</ymin><xmax>451.9913776</xmax><ymax>582.3568132</ymax></bndbox></object><object><name>car</name><pose>Unspecified</pose><truncated>0</truncated><difficult>0</difficult><bndbox><xmin>39.85673969</xmin><ymin>545.4481816</ymin><xmax>150.4888719</xmax><ymax>590.4699844</ymax></bndbox></object><object><name>car</name><pose>Unspecified</pose><truncated>0</truncated><difficult>0</difficult><bndbox><xmin>104.5811044</xmin><ymin>541.7205127</ymin><xmax>248.0722647</xmax><ymax>601.4321145</ymax></bndbox></object><object><name>car</name><pose>Unspecified</pose><truncated>0</truncated><difficult>0</difficult><bndbox><xmin>764.9823321</xmin><ymin>544.6781451</ymin><xmax>788.9247397</xmax><ymax>565.3934981</ymax></bndbox></object><object><name>car</name><pose>Unspecified</pose><truncated>0</truncated><difficult>0</difficult><bndbox><xmin>88.70625528</xmin><ymin>553.540521</ymin><xmax>187.7437567</xmax><ymax>589.5100084</ymax></bndbox></object><object><name>motorcycle</name><pose>Unspecified</pose><truncated>0</truncated><difficult>0</difficult><bndbox><xmin>269.2543501</xmin><ymin>543.3858683</ymin><xmax>317.7510241</xmax><ymax>589.3190767</ymax></bndbox></object><object><name>car</name><pose>Unspecified</pose><truncated>0</truncated><difficult>0</difficult><bndbox><xmin>210.6453931</xmin><ymin>549.2587645</ymin><xmax>270.8687951</xmax><ymax>575.5065633</ymax></bndbox></object></annotation>