<annotation><folder>test_xmls</folder><filename>host-a004_cam0_1232987669151064006.jpeg</filename><path>./imageshost-a004_cam0_1232987669151064006.jpeg</path><source><database>Unknown</database></source><size><width>1224</width><height>1024</height><depth>3</depth></size><segmented>0</segmented><object><name>car</name><pose>Unspecified</pose><truncated>0</truncated><difficult>0</difficult><bndbox><xmin>621.5924596</xmin><ymin>538.1881593</ymin><xmax>651.8916748</xmax><ymax>565.5386689</ymax></bndbox></object><object><name>car</name><pose>Unspecified</pose><truncated>0</truncated><difficult>0</difficult><bndbox><xmin>0</xmin><ymin>548.4730356</ymin><xmax>180.8166849</xmax><ymax>752.0016642</ymax></bndbox></object><object><name>car</name><pose>Unspecified</pose><truncated>0</truncated><difficult>0</difficult><bndbox><xmin>315.4248343</xmin><ymin>539.5321301</ymin><xmax>512.2869514</xmax><ymax>671.8865081</ymax></bndbox></object><object><name>other_vehicle</name><pose>Unspecified</pose><truncated>0</truncated><difficult>0</difficult><bndbox><xmin>238.4335635</xmin><ymin>525.6274988</ymin><xmax>323.3797618</xmax><ymax>574.9623828</ymax></bndbox></object><object><name>car</name><pose>Unspecified</pose><truncated>0</truncated><difficult>0</difficult><bndbox><xmin>560.4034189</xmin><ymin>534.9976575</ymin><xmax>597.9840388</xmax><ymax>567.3932753</ymax></bndbox></object><object><name>car</name><pose>Unspecified</pose><truncated>0</truncated><difficult>0</difficult><bndbox><xmin>439.9028098</xmin><ymin>542.8129972</ymin><xmax>504.7226159</xmax><ymax>583.8441453</ymax></bndbox></object><object><name>car</name><pose>Unspecified</pose><truncated>0</truncated><difficult>0</difficult><bndbox><xmin>706.7855522</xmin><ymin>541.9327086</ymin><xmax>784.781444</xmax><ymax>604.0504847</ymax></bndbox></object><object><name>car</name><pose>Unspecified</pose><truncated>0</truncated><difficult>0</difficult><bndbox><xmin>674.4632787</xmin><ymin>535.3557453</ymin><xmax>710.0785196</xmax><ymax>567.2095976</ymax></bndbox></object><object><name>car</name><pose>Unspecified</pose><truncated>0</truncated><difficult>0</difficult><bndbox><xmin>594.8632693</xmin><ymin>535.7684513</ymin><xmax>617.7777407</xmax><ymax>555.50429</ymax></bndbox></object><object><name>other_vehicle</name><pose>Unspecified</pose><truncated>0</truncated><difficult>0</difficult><bndbox><xmin>96.47378742</xmin><ymin>519.6511688</ymin><xmax>226.5513856</xmax><ymax>588.7217924</ymax></bndbox></object><object><name>car</name><pose>Unspecified</pose><truncated>0</truncated><difficult>0</difficult><bndbox><xmin>682.4790826</xmin><ymin>540.4921513</ymin><xmax>720.7104488</xmax><ymax>572.9651175</ymax></bndbox></object><object><name>car</name><pose>Unspecified</pose><truncated>0</truncated><difficult>0</difficult><bndbox><xmin>699.2246433</xmin><ymin>540.112161</ymin><xmax>756.2679033</xmax><ymax>589.407066</ymax></bndbox></object><object><name>car</name><pose>Unspecified</pose><truncated>0</truncated><difficult>0</difficult><bndbox><xmin>492.8362426</xmin><ymin>534.7298139</ymin><xmax>534.9739409</xmax><ymax>567.1967441</ymax></bndbox></object><object><name>car</name><pose>Unspecified</pose><truncated>0</truncated><difficult>0</difficult><bndbox><xmin>457.9167112</xmin><ymin>539.546925</ymin><xmax>494.9938572</xmax><ymax>564.6313046</ymax></bndbox></object></annotation>