<annotation><folder>test_xmls</folder><filename>host-a004_cam0_1233961202451064006.jpeg</filename><path>./imageshost-a004_cam0_1233961202451064006.jpeg</path><source><database>Unknown</database></source><size><width>1224</width><height>1024</height><depth>3</depth></size><segmented>0</segmented><object><name>car</name><pose>Unspecified</pose><truncated>0</truncated><difficult>0</difficult><bndbox><xmin>294.1596311</xmin><ymin>541.2883823</ymin><xmax>339.6271426</xmax><ymax>564.4241507</ymax></bndbox></object><object><name>other_vehicle</name><pose>Unspecified</pose><truncated>0</truncated><difficult>0</difficult><bndbox><xmin>688.3049348</xmin><ymin>452.2639678</ymin><xmax>829.3544089</xmax><ymax>608.0888765</ymax></bndbox></object><object><name>other_vehicle</name><pose>Unspecified</pose><truncated>0</truncated><difficult>0</difficult><bndbox><xmin>661.5284376</xmin><ymin>519.0050631</ymin><xmax>691.0441272</xmax><ymax>553.6208432</ymax></bndbox></object><object><name>car</name><pose>Unspecified</pose><truncated>0</truncated><difficult>0</difficult><bndbox><xmin>227.6989295</xmin><ymin>542.7718771</ymin><xmax>286.364517</xmax><ymax>570.5170288</ymax></bndbox></object><object><name>other_vehicle</name><pose>Unspecified</pose><truncated>0</truncated><difficult>0</difficult><bndbox><xmin>729.9097398</xmin><ymin>329.0041375</ymin><xmax>1206.025422</xmax><ymax>742.3113526</ymax></bndbox></object><object><name>car</name><pose>Unspecified</pose><truncated>0</truncated><difficult>0</difficult><bndbox><xmin>477.6243378</xmin><ymin>533.1575185</ymin><xmax>558.7581998</xmax><ymax>592.7669181</ymax></bndbox></object><object><name>car</name><pose>Unspecified</pose><truncated>0</truncated><difficult>0</difficult><bndbox><xmin>627.8065662</xmin><ymin>531.8735513</ymin><xmax>647.9435564</xmax><ymax>548.9662356</ymax></bndbox></object><object><name>car</name><pose>Unspecified</pose><truncated>0</truncated><difficult>0</difficult><bndbox><xmin>36.59536308</xmin><ymin>542.8580811</ymin><xmax>142.8271727</xmax><ymax>587.8615496</ymax></bndbox></object><object><name>car</name><pose>Unspecified</pose><truncated>0</truncated><difficult>0</difficult><bndbox><xmin>542.2379494</xmin><ymin>531.6705451</ymin><xmax>573.7591107</xmax><ymax>556.6302822</ymax></bndbox></object><object><name>other_vehicle</name><pose>Unspecified</pose><truncated>0</truncated><difficult>0</difficult><bndbox><xmin>668.5150604</xmin><ymin>502.3271763</ymin><xmax>722.8932642</xmax><ymax>563.2451636</ymax></bndbox></object></annotation>