<annotation><folder>test_xmls</folder><filename>host-a004_cam0_1233427014051064006.jpeg</filename><path>./imageshost-a004_cam0_1233427014051064006.jpeg</path><source><database>Unknown</database></source><size><width>1224</width><height>1024</height><depth>3</depth></size><segmented>0</segmented><object><name>car</name><pose>Unspecified</pose><truncated>0</truncated><difficult>0</difficult><bndbox><xmin>673.6278145</xmin><ymin>537.8625266</ymin><xmax>702.3729897</xmax><ymax>559.0385325</ymax></bndbox></object><object><name>car</name><pose>Unspecified</pose><truncated>0</truncated><difficult>0</difficult><bndbox><xmin>706.7664595</xmin><ymin>541.1610644</ymin><xmax>768.7577699</xmax><ymax>586.1913823</ymax></bndbox></object><object><name>other_vehicle</name><pose>Unspecified</pose><truncated>0</truncated><difficult>0</difficult><bndbox><xmin>301.2409965</xmin><ymin>527.9097151</ymin><xmax>373.3193567</xmax><ymax>571.9340016</ymax></bndbox></object><object><name>car</name><pose>Unspecified</pose><truncated>0</truncated><difficult>0</difficult><bndbox><xmin>681.096264</xmin><ymin>537.2952643</ymin><xmax>717.4000208</xmax><ymax>565.1304572</ymax></bndbox></object><object><name>car</name><pose>Unspecified</pose><truncated>0</truncated><difficult>0</difficult><bndbox><xmin>976.2211858</xmin><ymin>349.4667062</ymin><xmax>1224.0</xmax><ymax>1024.0</ymax></bndbox></object><object><name>truck</name><pose>Unspecified</pose><truncated>0</truncated><difficult>0</difficult><bndbox><xmin>442.8969066</xmin><ymin>490.9204037</ymin><xmax>564.6954682</xmax><ymax>586.9833302</ymax></bndbox></object><object><name>car</name><pose>Unspecified</pose><truncated>0</truncated><difficult>0</difficult><bndbox><xmin>805.884724</xmin><ymin>545.9108536</ymin><xmax>1113.466905</xmax><ymax>708.5333059</ymax></bndbox></object><object><name>car</name><pose>Unspecified</pose><truncated>0</truncated><difficult>0</difficult><bndbox><xmin>107.8236576</xmin><ymin>543.6323243</ymin><xmax>331.9041435</xmax><ymax>654.5533971</ymax></bndbox></object><object><name>car</name><pose>Unspecified</pose><truncated>0</truncated><difficult>0</difficult><bndbox><xmin>743.4249217</xmin><ymin>521.8259874</ymin><xmax>888.9629164</xmax><ymax>630.0330167</ymax></bndbox></object><object><name>car</name><pose>Unspecified</pose><truncated>0</truncated><difficult>0</difficult><bndbox><xmin>698.8779919</xmin><ymin>535.2965442</ymin><xmax>745.4806772</xmax><ymax>575.2424463</ymax></bndbox></object><object><name>car</name><pose>Unspecified</pose><truncated>0</truncated><difficult>0</difficult><bndbox><xmin>715.3063258</xmin><ymin>542.7295798</ymin><xmax>801.250656</xmax><ymax>599.9799264</ymax></bndbox></object><object><name>car</name><pose>Unspecified</pose><truncated>0</truncated><difficult>0</difficult><bndbox><xmin>685.7255986</xmin><ymin>536.1448536</ymin><xmax>728.42798</xmax><ymax>571.3853269</ymax></bndbox></object><object><name>car</name><pose>Unspecified</pose><truncated>0</truncated><difficult>0</difficult><bndbox><xmin>627.2006117</xmin><ymin>533.1824853</ymin><xmax>659.2548404</xmax><ymax>563.7148148</ymax></bndbox></object></annotation>