<annotation><folder>test_xmls</folder><filename>host-a004_cam0_1233080772551064006.jpeg</filename><path>./imageshost-a004_cam0_1233080772551064006.jpeg</path><source><database>Unknown</database></source><size><width>1224</width><height>1024</height><depth>3</depth></size><segmented>0</segmented><object><name>emergency_vehicle</name><pose>Unspecified</pose><truncated>0</truncated><difficult>0</difficult><bndbox><xmin>524.2555053</xmin><ymin>496.720423</ymin><xmax>590.2803258</xmax><ymax>568.9315489</ymax></bndbox></object><object><name>car</name><pose>Unspecified</pose><truncated>0</truncated><difficult>0</difficult><bndbox><xmin>1050.111864</xmin><ymin>522.935802</ymin><xmax>1106.121047</xmax><ymax>541.511636</ymax></bndbox></object><object><name>car</name><pose>Unspecified</pose><truncated>0</truncated><difficult>0</difficult><bndbox><xmin>1000.837295</xmin><ymin>522.156749</ymin><xmax>1054.343989</xmax><ymax>542.8181746</ymax></bndbox></object><object><name>car</name><pose>Unspecified</pose><truncated>0</truncated><difficult>0</difficult><bndbox><xmin>389.5117432</xmin><ymin>531.6225187</ymin><xmax>444.5938492</xmax><ymax>564.4501379</ymax></bndbox></object><object><name>car</name><pose>Unspecified</pose><truncated>0</truncated><difficult>0</difficult><bndbox><xmin>684.2437567</xmin><ymin>528.1112524</ymin><xmax>728.0392622</xmax><ymax>542.3718465</ymax></bndbox></object><object><name>car</name><pose>Unspecified</pose><truncated>0</truncated><difficult>0</difficult><bndbox><xmin>452.7624586</xmin><ymin>518.8411842</ymin><xmax>552.6446646</xmax><ymax>596.3938929</ymax></bndbox></object><object><name>car</name><pose>Unspecified</pose><truncated>0</truncated><difficult>0</difficult><bndbox><xmin>441.7089229</xmin><ymin>530.4595909</ymin><xmax>501.8892435</xmax><ymax>566.7400675</ymax></bndbox></object><object><name>car</name><pose>Unspecified</pose><truncated>0</truncated><difficult>0</difficult><bndbox><xmin>0</xmin><ymin>538.81746</ymin><xmax>106.2922573</xmax><ymax>657.1535256</ymax></bndbox></object><object><name>car</name><pose>Unspecified</pose><truncated>0</truncated><difficult>0</difficult><bndbox><xmin>927.800472</xmin><ymin>527.9012451</ymin><xmax>976.6114294</xmax><ymax>545.983513</ymax></bndbox></object><object><name>car</name><pose>Unspecified</pose><truncated>0</truncated><difficult>0</difficult><bndbox><xmin>497.1267383</xmin><ymin>531.8335216</ymin><xmax>559.4144364</xmax><ymax>578.9058813</ymax></bndbox></object><object><name>car</name><pose>Unspecified</pose><truncated>0</truncated><difficult>0</difficult><bndbox><xmin>263.7014445</xmin><ymin>534.1555479</ymin><xmax>361.9383717</xmax><ymax>583.4872219</ymax></bndbox></object><object><name>car</name><pose>Unspecified</pose><truncated>0</truncated><difficult>0</difficult><bndbox><xmin>709.7927701</xmin><ymin>532.6573766</ymin><xmax>833.6148269</xmax><ymax>618.6720678</ymax></bndbox></object><object><name>car</name><pose>Unspecified</pose><truncated>0</truncated><difficult>0</difficult><bndbox><xmin>311.8294844</xmin><ymin>530.7859006</ymin><xmax>507.7354141</xmax><ymax>654.4818411</ymax></bndbox></object><object><name>car</name><pose>Unspecified</pose><truncated>0</truncated><difficult>0</difficult><bndbox><xmin>1082.936561</xmin><ymin>520.1208102</ymin><xmax>1143.169301</xmax><ymax>541.4115299</ymax></bndbox></object><object><name>car</name><pose>Unspecified</pose><truncated>0</truncated><difficult>0</difficult><bndbox><xmin>830.2489326</xmin><ymin>526.5236285</ymin><xmax>891.3869424</xmax><ymax>549.5500886</ymax></bndbox></object><object><name>truck</name><pose>Unspecified</pose><truncated>0</truncated><difficult>0</difficult><bndbox><xmin>589.279494</xmin><ymin>487.0867348</ymin><xmax>662.3275005</xmax><ymax>579.7105428</ymax></bndbox></object></annotation>