<annotation><folder>test_xmls</folder><filename>host-a004_cam0_1233947118951064006.jpeg</filename><path>./imageshost-a004_cam0_1233947118951064006.jpeg</path><source><database>Unknown</database></source><size><width>1224</width><height>1024</height><depth>3</depth></size><segmented>0</segmented><object><name>car</name><pose>Unspecified</pose><truncated>0</truncated><difficult>0</difficult><bndbox><xmin>264.9137406</xmin><ymin>542.1021144</ymin><xmax>420.6425973</xmax><ymax>624.0690065</ymax></bndbox></object><object><name>car</name><pose>Unspecified</pose><truncated>0</truncated><difficult>0</difficult><bndbox><xmin>587.2124748</xmin><ymin>535.6035325</ymin><xmax>614.3517038</xmax><ymax>557.101059</ymax></bndbox></object><object><name>other_vehicle</name><pose>Unspecified</pose><truncated>0</truncated><difficult>0</difficult><bndbox><xmin>783.1249319</xmin><ymin>138.0178949</ymin><xmax>1224.0</xmax><ymax>1024.0</ymax></bndbox></object><object><name>car</name><pose>Unspecified</pose><truncated>0</truncated><difficult>0</difficult><bndbox><xmin>536.3191347</xmin><ymin>534.8248798</ymin><xmax>563.3564202</xmax><ymax>556.9357225</ymax></bndbox></object><object><name>car</name><pose>Unspecified</pose><truncated>0</truncated><difficult>0</difficult><bndbox><xmin>707.8901378</xmin><ymin>532.5183969</ymin><xmax>787.3763866</xmax><ymax>593.9377669</ymax></bndbox></object><object><name>car</name><pose>Unspecified</pose><truncated>0</truncated><difficult>0</difficult><bndbox><xmin>757.1558601</xmin><ymin>518.1407399</ymin><xmax>960.3419721</xmax><ymax>664.1846461</ymax></bndbox></object><object><name>other_vehicle</name><pose>Unspecified</pose><truncated>0</truncated><difficult>0</difficult><bndbox><xmin>656.2538495</xmin><ymin>521.8605745</ymin><xmax>685.4466651</xmax><ymax>552.6308141</ymax></bndbox></object><object><name>car</name><pose>Unspecified</pose><truncated>0</truncated><difficult>0</difficult><bndbox><xmin>692.8064637</xmin><ymin>508.163951</ymin><xmax>763.2553284</xmax><ymax>583.4003486</ymax></bndbox></object><object><name>car</name><pose>Unspecified</pose><truncated>0</truncated><difficult>0</difficult><bndbox><xmin>666.1076811</xmin><ymin>527.6033233</ymin><xmax>690.6952867</xmax><ymax>554.4939224</ymax></bndbox></object><object><name>car</name><pose>Unspecified</pose><truncated>0</truncated><difficult>0</difficult><bndbox><xmin>0</xmin><ymin>553.1728668</ymin><xmax>62.89830312</xmax><ymax>596.7729116</ymax></bndbox></object><object><name>car</name><pose>Unspecified</pose><truncated>0</truncated><difficult>0</difficult><bndbox><xmin>734.8796333</xmin><ymin>529.0180871</ymin><xmax>826.2201741</xmax><ymax>604.7645952</ymax></bndbox></object><object><name>car</name><pose>Unspecified</pose><truncated>0</truncated><difficult>0</difficult><bndbox><xmin>679.9452394</xmin><ymin>527.8124883</ymin><xmax>722.6470598</xmax><ymax>567.215428</ymax></bndbox></object></annotation>