<annotation><folder>test_xmls</folder><filename>host-a004_cam0_1233080754151064006.jpeg</filename><path>./imageshost-a004_cam0_1233080754151064006.jpeg</path><source><database>Unknown</database></source><size><width>1224</width><height>1024</height><depth>3</depth></size><segmented>0</segmented><object><name>other_vehicle</name><pose>Unspecified</pose><truncated>0</truncated><difficult>0</difficult><bndbox><xmin>319.4101475</xmin><ymin>534.7842808</ymin><xmax>370.8252188</xmax><ymax>557.4332488</ymax></bndbox></object><object><name>other_vehicle</name><pose>Unspecified</pose><truncated>0</truncated><difficult>0</difficult><bndbox><xmin>0</xmin><ymin>519.7341372</ymin><xmax>109.1212373</xmax><ymax>605.6141903</ymax></bndbox></object><object><name>car</name><pose>Unspecified</pose><truncated>0</truncated><difficult>0</difficult><bndbox><xmin>850.1705466</xmin><ymin>448.3724268</ymin><xmax>1224.0</xmax><ymax>1024.0</ymax></bndbox></object><object><name>car</name><pose>Unspecified</pose><truncated>0</truncated><difficult>0</difficult><bndbox><xmin>195.2415688</xmin><ymin>528.5474341</ymin><xmax>368.9078937</xmax><ymax>625.5187191</ymax></bndbox></object><object><name>car</name><pose>Unspecified</pose><truncated>0</truncated><difficult>0</difficult><bndbox><xmin>500.654817</xmin><ymin>541.8276757</ymin><xmax>539.5349958</xmax><ymax>568.3942611</ymax></bndbox></object><object><name>car</name><pose>Unspecified</pose><truncated>0</truncated><difficult>0</difficult><bndbox><xmin>722.1532293</xmin><ymin>541.9515443</ymin><xmax>837.5462774</xmax><ymax>622.3940012</ymax></bndbox></object><object><name>car</name><pose>Unspecified</pose><truncated>0</truncated><difficult>0</difficult><bndbox><xmin>681.8263066</xmin><ymin>534.3419461</ymin><xmax>732.5575738</xmax><ymax>577.1003586</ymax></bndbox></object><object><name>car</name><pose>Unspecified</pose><truncated>0</truncated><difficult>0</difficult><bndbox><xmin>704.3138101</xmin><ymin>538.0623344</ymin><xmax>781.4659037</xmax><ymax>598.6787233</ymax></bndbox></object><object><name>car</name><pose>Unspecified</pose><truncated>0</truncated><difficult>0</difficult><bndbox><xmin>543.724009</xmin><ymin>539.5945738</ymin><xmax>589.155716</xmax><ymax>570.9143761</ymax></bndbox></object><object><name>car</name><pose>Unspecified</pose><truncated>0</truncated><difficult>0</difficult><bndbox><xmin>671.2920292</xmin><ymin>532.3742137</ymin><xmax>716.8236481</xmax><ymax>569.586754</ymax></bndbox></object><object><name>car</name><pose>Unspecified</pose><truncated>0</truncated><difficult>0</difficult><bndbox><xmin>773.0539188</xmin><ymin>545.4332661</ymin><xmax>1031.012017</xmax><ymax>689.1350745</ymax></bndbox></object><object><name>car</name><pose>Unspecified</pose><truncated>0</truncated><difficult>0</difficult><bndbox><xmin>692.8999939</xmin><ymin>540.6045481</ymin><xmax>755.8651371</xmax><ymax>584.1919314</ymax></bndbox></object><object><name>car</name><pose>Unspecified</pose><truncated>0</truncated><difficult>0</difficult><bndbox><xmin>402.4645073</xmin><ymin>534.4827612</ymin><xmax>482.0678861</xmax><ymax>585.3655239</ymax></bndbox></object><object><name>car</name><pose>Unspecified</pose><truncated>0</truncated><difficult>0</difficult><bndbox><xmin>574.3617889</xmin><ymin>531.4422465</ymin><xmax>606.6781273</xmax><ymax>560.8870156</ymax></bndbox></object></annotation>