<annotation><folder>test_xmls</folder><filename>host-a004_cam0_1233014343851064006.jpeg</filename><path>./imageshost-a004_cam0_1233014343851064006.jpeg</path><source><database>Unknown</database></source><size><width>1224</width><height>1024</height><depth>3</depth></size><segmented>0</segmented><object><name>car</name><pose>Unspecified</pose><truncated>0</truncated><difficult>0</difficult><bndbox><xmin>0</xmin><ymin>530.3050648</ymin><xmax>353.2379397</xmax><ymax>828.2045439</ymax></bndbox></object><object><name>car</name><pose>Unspecified</pose><truncated>0</truncated><difficult>0</difficult><bndbox><xmin>421.2662723</xmin><ymin>540.8589185</ymin><xmax>489.0198749</xmax><ymax>582.8537216</ymax></bndbox></object><object><name>car</name><pose>Unspecified</pose><truncated>0</truncated><difficult>0</difficult><bndbox><xmin>584.1725511</xmin><ymin>534.3049742</ymin><xmax>608.9201265</xmax><ymax>556.5293339</ymax></bndbox></object><object><name>car</name><pose>Unspecified</pose><truncated>0</truncated><difficult>0</difficult><bndbox><xmin>634.9053644</xmin><ymin>536.2346491</ymin><xmax>664.2110545</xmax><ymax>561.0942513</ymax></bndbox></object></annotation>