<annotation><folder>test_xmls</folder><filename>host-a004_cam0_1232817665651064006.jpeg</filename><path>./imageshost-a004_cam0_1232817665651064006.jpeg</path><source><database>Unknown</database></source><size><width>1224</width><height>1024</height><depth>3</depth></size><segmented>0</segmented><object><name>car</name><pose>Unspecified</pose><truncated>0</truncated><difficult>0</difficult><bndbox><xmin>545.185305</xmin><ymin>538.8055256</ymin><xmax>591.1493718</xmax><ymax>571.9296954</ymax></bndbox></object><object><name>car</name><pose>Unspecified</pose><truncated>0</truncated><difficult>0</difficult><bndbox><xmin>0</xmin><ymin>548.3906459</ymin><xmax>106.7493683</xmax><ymax>593.2186507</ymax></bndbox></object><object><name>car</name><pose>Unspecified</pose><truncated>0</truncated><difficult>0</difficult><bndbox><xmin>272.1371237</xmin><ymin>548.0803089</ymin><xmax>326.2524315</xmax><ymax>567.1235668</ymax></bndbox></object><object><name>other_vehicle</name><pose>Unspecified</pose><truncated>0</truncated><difficult>0</difficult><bndbox><xmin>708.6775087</xmin><ymin>480.1663841</ymin><xmax>855.9875943</xmax><ymax>604.8704447</ymax></bndbox></object><object><name>car</name><pose>Unspecified</pose><truncated>0</truncated><difficult>0</difficult><bndbox><xmin>440.73659</xmin><ymin>539.7035148</ymin><xmax>548.103695</xmax><ymax>612.9696102</ymax></bndbox></object><object><name>car</name><pose>Unspecified</pose><truncated>0</truncated><difficult>0</difficult><bndbox><xmin>750.168779</xmin><ymin>545.5827008</ymin><xmax>908.5729873</xmax><ymax>639.3551705</ymax></bndbox></object><object><name>car</name><pose>Unspecified</pose><truncated>0</truncated><difficult>0</difficult><bndbox><xmin>161.2835387</xmin><ymin>545.9335424</ymin><xmax>360.8767867</xmax><ymax>635.4477949</ymax></bndbox></object><object><name>car</name><pose>Unspecified</pose><truncated>0</truncated><difficult>0</difficult><bndbox><xmin>392.3844147</xmin><ymin>534.98209</ymin><xmax>435.1512424</xmax><ymax>560.7544101</ymax></bndbox></object><object><name>car</name><pose>Unspecified</pose><truncated>0</truncated><difficult>0</difficult><bndbox><xmin>437.9846929</xmin><ymin>533.2377543</ymin><xmax>503.2421136</xmax><ymax>575.9520778</ymax></bndbox></object><object><name>car</name><pose>Unspecified</pose><truncated>0</truncated><difficult>0</difficult><bndbox><xmin>835.5481106</xmin><ymin>548.7292527</ymin><xmax>1224.0</xmax><ymax>761.7905466</ymax></bndbox></object><object><name>car</name><pose>Unspecified</pose><truncated>0</truncated><difficult>0</difficult><bndbox><xmin>667.8883476</xmin><ymin>528.658419</ymin><xmax>708.26035</xmax><ymax>563.1354822</ymax></bndbox></object><object><name>car</name><pose>Unspecified</pose><truncated>0</truncated><difficult>0</difficult><bndbox><xmin>575.2457016</xmin><ymin>540.1102875</ymin><xmax>601.1928251</xmax><ymax>559.9721941</ymax></bndbox></object><object><name>bus</name><pose>Unspecified</pose><truncated>0</truncated><difficult>0</difficult><bndbox><xmin>674.3476265</xmin><ymin>484.939687</ymin><xmax>758.057792</xmax><ymax>579.060425</ymax></bndbox></object><object><name>car</name><pose>Unspecified</pose><truncated>0</truncated><difficult>0</difficult><bndbox><xmin>1105.701228</xmin><ymin>562.8435831</ymin><xmax>1224.0</xmax><ymax>1024.0</ymax></bndbox></object><object><name>car</name><pose>Unspecified</pose><truncated>0</truncated><difficult>0</difficult><bndbox><xmin>405.6482281</xmin><ymin>539.6300482</ymin><xmax>459.4344726</xmax><ymax>569.2933486</ymax></bndbox></object><object><name>car</name><pose>Unspecified</pose><truncated>0</truncated><difficult>0</difficult><bndbox><xmin>349.8644791</xmin><ymin>536.212235</ymin><xmax>397.0432182</xmax><ymax>561.1772646</ymax></bndbox></object><object><name>bicycle</name><pose>Unspecified</pose><truncated>0</truncated><difficult>0</difficult><bndbox><xmin>321.5277505</xmin><ymin>541.6820725</ymin><xmax>345.201483</xmax><ymax>564.7618385</ymax></bndbox></object></annotation>