<annotation><folder>test_xmls</folder><filename>host-a004_cam0_1233014362651064006.jpeg</filename><path>./imageshost-a004_cam0_1233014362651064006.jpeg</path><source><database>Unknown</database></source><size><width>1224</width><height>1024</height><depth>3</depth></size><segmented>0</segmented><object><name>pedestrian</name><pose>Unspecified</pose><truncated>0</truncated><difficult>0</difficult><bndbox><xmin>787.3675856</xmin><ymin>531.9337135</ymin><xmax>819.5611563</xmax><ymax>579.4582483</ymax></bndbox></object><object><name>car</name><pose>Unspecified</pose><truncated>0</truncated><difficult>0</difficult><bndbox><xmin>822.5861077</xmin><ymin>487.4532134</ymin><xmax>1224.0</xmax><ymax>792.7695206</ymax></bndbox></object><object><name>car</name><pose>Unspecified</pose><truncated>0</truncated><difficult>0</difficult><bndbox><xmin>669.4045978</xmin><ymin>535.1795533</ymin><xmax>697.6219648</xmax><ymax>555.2275139</ymax></bndbox></object><object><name>other_vehicle</name><pose>Unspecified</pose><truncated>0</truncated><difficult>0</difficult><bndbox><xmin>323.8665675</xmin><ymin>533.4639444</ymin><xmax>383.4060202</xmax><ymax>570.4227656</ymax></bndbox></object><object><name>car</name><pose>Unspecified</pose><truncated>0</truncated><difficult>0</difficult><bndbox><xmin>396.8062891</xmin><ymin>536.8863599</ymin><xmax>479.5156846</xmax><ymax>587.77501</ymax></bndbox></object><object><name>other_vehicle</name><pose>Unspecified</pose><truncated>0</truncated><difficult>0</difficult><bndbox><xmin>181.1374016</xmin><ymin>525.836256</ymin><xmax>294.0577187</xmax><ymax>586.6220643</ymax></bndbox></object><object><name>car</name><pose>Unspecified</pose><truncated>0</truncated><difficult>0</difficult><bndbox><xmin>576.8080191</xmin><ymin>536.298143</ymin><xmax>602.5785216</xmax><ymax>558.5669728</ymax></bndbox></object><object><name>car</name><pose>Unspecified</pose><truncated>0</truncated><difficult>0</difficult><bndbox><xmin>226.3271764</xmin><ymin>547.1947905</ymin><xmax>311.2247215</xmax><ymax>587.8327669</ymax></bndbox></object><object><name>car</name><pose>Unspecified</pose><truncated>0</truncated><difficult>0</difficult><bndbox><xmin>599.4376467</xmin><ymin>534.9992339</ymin><xmax>618.3010545</xmax><ymax>552.1766185</ymax></bndbox></object><object><name>car</name><pose>Unspecified</pose><truncated>0</truncated><difficult>0</difficult><bndbox><xmin>625.1198375</xmin><ymin>535.4253651</ymin><xmax>656.4930737</xmax><ymax>561.925922</ymax></bndbox></object><object><name>car</name><pose>Unspecified</pose><truncated>0</truncated><difficult>0</difficult><bndbox><xmin>492.9759162</xmin><ymin>534.1363797</ymin><xmax>572.7241133</xmax><ymax>594.7028564</ymax></bndbox></object><object><name>car</name><pose>Unspecified</pose><truncated>0</truncated><difficult>0</difficult><bndbox><xmin>676.1478526</xmin><ymin>535.7791659</ymin><xmax>713.4550041</xmax><ymax>561.1218372</ymax></bndbox></object></annotation>