<annotation><folder>test_xmls</folder><filename>host-a004_cam0_1232905208551064006.jpeg</filename><path>./imageshost-a004_cam0_1232905208551064006.jpeg</path><source><database>Unknown</database></source><size><width>1224</width><height>1024</height><depth>3</depth></size><segmented>0</segmented><object><name>car</name><pose>Unspecified</pose><truncated>0</truncated><difficult>0</difficult><bndbox><xmin>236.5929289</xmin><ymin>543.7705078</ymin><xmax>334.3057133</xmax><ymax>583.679282</ymax></bndbox></object><object><name>car</name><pose>Unspecified</pose><truncated>0</truncated><difficult>0</difficult><bndbox><xmin>19.11577514</xmin><ymin>541.941795</ymin><xmax>137.9927625</xmax><ymax>599.4151268</ymax></bndbox></object><object><name>car</name><pose>Unspecified</pose><truncated>0</truncated><difficult>0</difficult><bndbox><xmin>326.4357237</xmin><ymin>540.9821311</ymin><xmax>379.357101</xmax><ymax>569.9820532</ymax></bndbox></object><object><name>car</name><pose>Unspecified</pose><truncated>0</truncated><difficult>0</difficult><bndbox><xmin>628.1542989</xmin><ymin>541.8877576</ymin><xmax>673.4411479</xmax><ymax>577.2084485</ymax></bndbox></object><object><name>car</name><pose>Unspecified</pose><truncated>0</truncated><difficult>0</difficult><bndbox><xmin>578.6378873</xmin><ymin>536.3720474</ymin><xmax>605.5195699</xmax><ymax>558.7178032</ymax></bndbox></object><object><name>car</name><pose>Unspecified</pose><truncated>0</truncated><difficult>0</difficult><bndbox><xmin>430.5310646</xmin><ymin>539.945804</ymin><xmax>465.9747707</xmax><ymax>561.5257077</ymax></bndbox></object><object><name>car</name><pose>Unspecified</pose><truncated>0</truncated><difficult>0</difficult><bndbox><xmin>620.9016451</xmin><ymin>534.4779732</ymin><xmax>649.6724639</xmax><ymax>560.4017957</ymax></bndbox></object><object><name>car</name><pose>Unspecified</pose><truncated>0</truncated><difficult>0</difficult><bndbox><xmin>0</xmin><ymin>550.9931774</ymin><xmax>42.54199479</xmax><ymax>616.7044459</ymax></bndbox></object><object><name>bus</name><pose>Unspecified</pose><truncated>0</truncated><difficult>0</difficult><bndbox><xmin>110.1379223</xmin><ymin>523.7060087</ymin><xmax>262.2032882</xmax><ymax>589.7421282</ymax></bndbox></object><object><name>car</name><pose>Unspecified</pose><truncated>0</truncated><difficult>0</difficult><bndbox><xmin>165.7673572</xmin><ymin>547.3923253</ymin><xmax>258.0192131</xmax><ymax>585.7603043</ymax></bndbox></object><object><name>car</name><pose>Unspecified</pose><truncated>0</truncated><difficult>0</difficult><bndbox><xmin>110.9600228</xmin><ymin>543.6322053</ymin><xmax>210.9460785</xmax><ymax>597.3062066</ymax></bndbox></object><object><name>car</name><pose>Unspecified</pose><truncated>0</truncated><difficult>0</difficult><bndbox><xmin>556.4928966</xmin><ymin>537.2623035</ymin><xmax>598.7422731</xmax><ymax>570.2445563</ymax></bndbox></object><object><name>truck</name><pose>Unspecified</pose><truncated>0</truncated><difficult>0</difficult><bndbox><xmin>909.9020265</xmin><ymin>479.4427101</ymin><xmax>1188.479542</xmax><ymax>587.794115</ymax></bndbox></object><object><name>car</name><pose>Unspecified</pose><truncated>0</truncated><difficult>0</difficult><bndbox><xmin>511.1859838</xmin><ymin>541.2581418</ymin><xmax>551.7344452</xmax><ymax>565.324747</ymax></bndbox></object><object><name>car</name><pose>Unspecified</pose><truncated>0</truncated><difficult>0</difficult><bndbox><xmin>284.6291248</xmin><ymin>540.0483299</ymin><xmax>338.6076678</xmax><ymax>572.4757849</ymax></bndbox></object><object><name>car</name><pose>Unspecified</pose><truncated>0</truncated><difficult>0</difficult><bndbox><xmin>346.6723293</xmin><ymin>542.1352493</ymin><xmax>399.1420434</xmax><ymax>573.0991611</ymax></bndbox></object><object><name>other_vehicle</name><pose>Unspecified</pose><truncated>0</truncated><difficult>0</difficult><bndbox><xmin>230.0161881</xmin><ymin>525.4548249</ymin><xmax>311.6646568</xmax><ymax>580.7230778</ymax></bndbox></object><object><name>car</name><pose>Unspecified</pose><truncated>0</truncated><difficult>0</difficult><bndbox><xmin>379.1472582</xmin><ymin>542.3700842</ymin><xmax>438.7353237</xmax><ymax>573.5333575</ymax></bndbox></object><object><name>car</name><pose>Unspecified</pose><truncated>0</truncated><difficult>0</difficult><bndbox><xmin>18.00828724</xmin><ymin>543.213696</ymin><xmax>160.7554244</xmax><ymax>600.5429495</ymax></bndbox></object><object><name>pedestrian</name><pose>Unspecified</pose><truncated>0</truncated><difficult>0</difficult><bndbox><xmin>724.4647734</xmin><ymin>535.9867153</ymin><xmax>737.7748921</xmax><ymax>561.5056567</ymax></bndbox></object></annotation>