<annotation><folder>test_xmls</folder><filename>host-a004_cam0_1232833310451064006.jpeg</filename><path>./imageshost-a004_cam0_1232833310451064006.jpeg</path><source><database>Unknown</database></source><size><width>1224</width><height>1024</height><depth>3</depth></size><segmented>0</segmented><object><name>car</name><pose>Unspecified</pose><truncated>0</truncated><difficult>0</difficult><bndbox><xmin>265.3233022</xmin><ymin>540.3480623</ymin><xmax>368.2440199</xmax><ymax>586.2237148</ymax></bndbox></object><object><name>car</name><pose>Unspecified</pose><truncated>0</truncated><difficult>0</difficult><bndbox><xmin>289.639509</xmin><ymin>543.3404163</ymin><xmax>592.1055274</xmax><ymax>648.3078936</ymax></bndbox></object><object><name>car</name><pose>Unspecified</pose><truncated>0</truncated><difficult>0</difficult><bndbox><xmin>748.6762702</xmin><ymin>532.2265896</ymin><xmax>810.3896326</xmax><ymax>586.0560737</ymax></bndbox></object><object><name>car</name><pose>Unspecified</pose><truncated>0</truncated><difficult>0</difficult><bndbox><xmin>742.9152135</xmin><ymin>537.7515938</ymin><xmax>790.5042297</xmax><ymax>574.2523171</ymax></bndbox></object><object><name>car</name><pose>Unspecified</pose><truncated>0</truncated><difficult>0</difficult><bndbox><xmin>172.0787302</xmin><ymin>535.5597634</ymin><xmax>295.7801219</xmax><ymax>589.4971848</ymax></bndbox></object><object><name>car</name><pose>Unspecified</pose><truncated>0</truncated><difficult>0</difficult><bndbox><xmin>741.4170634</xmin><ymin>528.3261584</ymin><xmax>770.0947139</xmax><ymax>555.0966226</ymax></bndbox></object><object><name>car</name><pose>Unspecified</pose><truncated>0</truncated><difficult>0</difficult><bndbox><xmin>464.7427393</xmin><ymin>538.5405056</ymin><xmax>504.0344257</xmax><ymax>560.8890772</ymax></bndbox></object><object><name>car</name><pose>Unspecified</pose><truncated>0</truncated><difficult>0</difficult><bndbox><xmin>539.2951038</xmin><ymin>537.1425574</ymin><xmax>568.3215688</xmax><ymax>556.3605141</ymax></bndbox></object><object><name>car</name><pose>Unspecified</pose><truncated>0</truncated><difficult>0</difficult><bndbox><xmin>0</xmin><ymin>549.5223229</ymin><xmax>9.693114425</xmax><ymax>626.976469</ymax></bndbox></object><object><name>car</name><pose>Unspecified</pose><truncated>0</truncated><difficult>0</difficult><bndbox><xmin>482.5369532</xmin><ymin>541.1511153</ymin><xmax>521.4989739</xmax><ymax>562.8543324</ymax></bndbox></object><object><name>car</name><pose>Unspecified</pose><truncated>0</truncated><difficult>0</difficult><bndbox><xmin>435.9802708</xmin><ymin>541.7921374</ymin><xmax>476.0565572</xmax><ymax>563.6876716</ymax></bndbox></object><object><name>car</name><pose>Unspecified</pose><truncated>0</truncated><difficult>0</difficult><bndbox><xmin>0</xmin><ymin>533.4450619</ymin><xmax>48.95716105</xmax><ymax>557.369874</ymax></bndbox></object><object><name>pedestrian</name><pose>Unspecified</pose><truncated>0</truncated><difficult>0</difficult><bndbox><xmin>865.796224</xmin><ymin>531.3648641</ymin><xmax>897.3546237</xmax><ymax>598.6258775</ymax></bndbox></object><object><name>car</name><pose>Unspecified</pose><truncated>0</truncated><difficult>0</difficult><bndbox><xmin>404.3332278</xmin><ymin>542.3150692</ymin><xmax>459.2990637</xmax><ymax>570.8394678</ymax></bndbox></object><object><name>car</name><pose>Unspecified</pose><truncated>0</truncated><difficult>0</difficult><bndbox><xmin>75.07083356</xmin><ymin>526.599014</ymin><xmax>227.3452821</xmax><ymax>595.3456691</ymax></bndbox></object><object><name>car</name><pose>Unspecified</pose><truncated>0</truncated><difficult>0</difficult><bndbox><xmin>376.4758963</xmin><ymin>541.8666514</ymin><xmax>431.2055587</xmax><ymax>570.7518537</ymax></bndbox></object><object><name>car</name><pose>Unspecified</pose><truncated>0</truncated><difficult>0</difficult><bndbox><xmin>0</xmin><ymin>550.7004918</ymin><xmax>91.94597379</xmax><ymax>630.9075068</ymax></bndbox></object></annotation>