<annotation><folder>test_xmls</folder><filename>host-a004_cam0_1235947095351064006.jpeg</filename><path>./imageshost-a004_cam0_1235947095351064006.jpeg</path><source><database>Unknown</database></source><size><width>1224</width><height>1024</height><depth>3</depth></size><segmented>0</segmented><object><name>car</name><pose>Unspecified</pose><truncated>0</truncated><difficult>0</difficult><bndbox><xmin>317.8786279</xmin><ymin>536.5544076</ymin><xmax>357.8550419</xmax><ymax>557.5335425</ymax></bndbox></object><object><name>car</name><pose>Unspecified</pose><truncated>0</truncated><difficult>0</difficult><bndbox><xmin>611.0250114</xmin><ymin>539.3109856</ymin><xmax>643.7725791</xmax><ymax>570.9534258</ymax></bndbox></object><object><name>car</name><pose>Unspecified</pose><truncated>0</truncated><difficult>0</difficult><bndbox><xmin>561.0328009</xmin><ymin>534.6075574</ymin><xmax>589.5258846</xmax><ymax>560.1356156</ymax></bndbox></object><object><name>car</name><pose>Unspecified</pose><truncated>0</truncated><difficult>0</difficult><bndbox><xmin>315.6609719</xmin><ymin>535.8445715</ymin><xmax>499.5965086</xmax><ymax>663.8844703</ymax></bndbox></object><object><name>car</name><pose>Unspecified</pose><truncated>0</truncated><difficult>0</difficult><bndbox><xmin>792.1092807</xmin><ymin>209.195922</ymin><xmax>1224.0</xmax><ymax>930.3386113</ymax></bndbox></object><object><name>car</name><pose>Unspecified</pose><truncated>0</truncated><difficult>0</difficult><bndbox><xmin>454.0921537</xmin><ymin>537.2848246</ymin><xmax>513.3010724</xmax><ymax>574.3493955</ymax></bndbox></object><object><name>car</name><pose>Unspecified</pose><truncated>0</truncated><difficult>0</difficult><bndbox><xmin>343.1026879</xmin><ymin>532.0322156</ymin><xmax>380.9858205</xmax><ymax>555.1870862</ymax></bndbox></object><object><name>car</name><pose>Unspecified</pose><truncated>0</truncated><difficult>0</difficult><bndbox><xmin>248.2451004</xmin><ymin>535.9509163</ymin><xmax>307.4378774</xmax><ymax>562.5489769</ymax></bndbox></object><object><name>car</name><pose>Unspecified</pose><truncated>0</truncated><difficult>0</difficult><bndbox><xmin>501.99734</xmin><ymin>532.8407497</ymin><xmax>539.1877312</xmax><ymax>562.4425188</ymax></bndbox></object><object><name>car</name><pose>Unspecified</pose><truncated>0</truncated><difficult>0</difficult><bndbox><xmin>589.3918288</xmin><ymin>536.4748766</ymin><xmax>607.1626996</xmax><ymax>550.9246401</ymax></bndbox></object><object><name>car</name><pose>Unspecified</pose><truncated>0</truncated><difficult>0</difficult><bndbox><xmin>193.5685519</xmin><ymin>533.7960933</ymin><xmax>260.7621378</xmax><ymax>566.392644</ymax></bndbox></object><object><name>car</name><pose>Unspecified</pose><truncated>0</truncated><difficult>0</difficult><bndbox><xmin>542.1521842</xmin><ymin>530.772324</ymin><xmax>565.7654622</xmax><ymax>550.7744739</ymax></bndbox></object><object><name>car</name><pose>Unspecified</pose><truncated>0</truncated><difficult>0</difficult><bndbox><xmin>657.3561593</xmin><ymin>536.3978526</ymin><xmax>681.9804841</xmax><ymax>556.9272118</ymax></bndbox></object><object><name>car</name><pose>Unspecified</pose><truncated>0</truncated><difficult>0</difficult><bndbox><xmin>756.2882977</xmin><ymin>544.8999432</ymin><xmax>953.3323079</xmax><ymax>658.004421</ymax></bndbox></object><object><name>car</name><pose>Unspecified</pose><truncated>0</truncated><difficult>0</difficult><bndbox><xmin>418.0614505</xmin><ymin>528.8462301</ymin><xmax>461.2369877</xmax><ymax>562.3778392</ymax></bndbox></object><object><name>car</name><pose>Unspecified</pose><truncated>0</truncated><difficult>0</difficult><bndbox><xmin>720.8190102</xmin><ymin>531.0154238</ymin><xmax>827.2882242</xmax><ymax>566.0504814</ymax></bndbox></object></annotation>