<annotation><folder>test_xmls</folder><filename>host-a004_cam0_1233685239151064006.jpeg</filename><path>./imageshost-a004_cam0_1233685239151064006.jpeg</path><source><database>Unknown</database></source><size><width>1224</width><height>1024</height><depth>3</depth></size><segmented>0</segmented><object><name>car</name><pose>Unspecified</pose><truncated>0</truncated><difficult>0</difficult><bndbox><xmin>932.832857</xmin><ymin>531.1818234</ymin><xmax>1224.0</xmax><ymax>1024.0</ymax></bndbox></object><object><name>car</name><pose>Unspecified</pose><truncated>0</truncated><difficult>0</difficult><bndbox><xmin>702.0047826</xmin><ymin>533.6214615</ymin><xmax>772.1357958</xmax><ymax>587.4204998</ymax></bndbox></object><object><name>car</name><pose>Unspecified</pose><truncated>0</truncated><difficult>0</difficult><bndbox><xmin>709.6371532</xmin><ymin>522.367082</ymin><xmax>815.0435713</xmax><ymax>602.6416668</ymax></bndbox></object><object><name>car</name><pose>Unspecified</pose><truncated>0</truncated><difficult>0</difficult><bndbox><xmin>283.7984785</xmin><ymin>545.6999503</ymin><xmax>334.6491805</xmax><ymax>570.9807729</ymax></bndbox></object><object><name>bus</name><pose>Unspecified</pose><truncated>0</truncated><difficult>0</difficult><bndbox><xmin>606.1618309</xmin><ymin>501.3635925</ymin><xmax>651.8418042</xmax><ymax>558.5355843</ymax></bndbox></object><object><name>car</name><pose>Unspecified</pose><truncated>0</truncated><difficult>0</difficult><bndbox><xmin>680.6971093</xmin><ymin>532.5976269</ymin><xmax>722.7166116</xmax><ymax>566.4915319</ymax></bndbox></object><object><name>car</name><pose>Unspecified</pose><truncated>0</truncated><difficult>0</difficult><bndbox><xmin>825.0414022</xmin><ymin>542.1801158</ymin><xmax>1123.77417</xmax><ymax>722.7178361</ymax></bndbox></object><object><name>other_vehicle</name><pose>Unspecified</pose><truncated>0</truncated><difficult>0</difficult><bndbox><xmin>213.6650932</xmin><ymin>527.5256457</ymin><xmax>311.3664794</xmax><ymax>575.5748833</ymax></bndbox></object><object><name>other_vehicle</name><pose>Unspecified</pose><truncated>0</truncated><difficult>0</difficult><bndbox><xmin>38.48574184</xmin><ymin>530.2623636</ymin><xmax>198.8077488</xmax><ymax>597.0437462</ymax></bndbox></object><object><name>car</name><pose>Unspecified</pose><truncated>0</truncated><difficult>0</difficult><bndbox><xmin>651.8236783</xmin><ymin>533.8233688</ymin><xmax>674.8232191</xmax><ymax>551.5230741</ymax></bndbox></object><object><name>car</name><pose>Unspecified</pose><truncated>0</truncated><difficult>0</difficult><bndbox><xmin>333.6892264</xmin><ymin>545.511081</ymin><xmax>371.0504392</xmax><ymax>565.1528584</ymax></bndbox></object><object><name>car</name><pose>Unspecified</pose><truncated>0</truncated><difficult>0</difficult><bndbox><xmin>667.36171</xmin><ymin>532.8763834</ymin><xmax>701.2596943</xmax><ymax>559.3360223</ymax></bndbox></object><object><name>car</name><pose>Unspecified</pose><truncated>0</truncated><difficult>0</difficult><bndbox><xmin>574.4752017</xmin><ymin>533.5710422</ymin><xmax>598.3666428</xmax><ymax>551.8259302</ymax></bndbox></object><object><name>car</name><pose>Unspecified</pose><truncated>0</truncated><difficult>0</difficult><bndbox><xmin>169.6182028</xmin><ymin>545.060733</ymin><xmax>249.5931872</xmax><ymax>584.6261743</ymax></bndbox></object><object><name>car</name><pose>Unspecified</pose><truncated>0</truncated><difficult>0</difficult><bndbox><xmin>349.9174598</xmin><ymin>539.0450923</ymin><xmax>385.1217383</xmax><ymax>563.0698067</ymax></bndbox></object><object><name>car</name><pose>Unspecified</pose><truncated>0</truncated><difficult>0</difficult><bndbox><xmin>746.7356404</xmin><ymin>535.4078248</ymin><xmax>892.3441848</xmax><ymax>633.6706274</ymax></bndbox></object><object><name>car</name><pose>Unspecified</pose><truncated>0</truncated><difficult>0</difficult><bndbox><xmin>0</xmin><ymin>566.1430963</ymin><xmax>83.83258302</xmax><ymax>606.6812164</ymax></bndbox></object><object><name>car</name><pose>Unspecified</pose><truncated>0</truncated><difficult>0</difficult><bndbox><xmin>690.4712095</xmin><ymin>534.104291</ymin><xmax>745.6578798</xmax><ymax>576.9567356</ymax></bndbox></object></annotation>