<annotation><folder>test_xmls</folder><filename>host-a004_cam0_1235947103151064006.jpeg</filename><path>./imageshost-a004_cam0_1235947103151064006.jpeg</path><source><database>Unknown</database></source><size><width>1224</width><height>1024</height><depth>3</depth></size><segmented>0</segmented><object><name>car</name><pose>Unspecified</pose><truncated>0</truncated><difficult>0</difficult><bndbox><xmin>0</xmin><ymin>533.0550132</ymin><xmax>37.35180694</xmax><ymax>603.8673323</ymax></bndbox></object><object><name>car</name><pose>Unspecified</pose><truncated>0</truncated><difficult>0</difficult><bndbox><xmin>72.02901442</xmin><ymin>539.9438732</ymin><xmax>159.5566869</xmax><ymax>567.0542339</ymax></bndbox></object><object><name>bicycle</name><pose>Unspecified</pose><truncated>0</truncated><difficult>0</difficult><bndbox><xmin>616.5403121</xmin><ymin>530.3045369</ymin><xmax>682.810442</xmax><ymax>586.3188846</ymax></bndbox></object><object><name>car</name><pose>Unspecified</pose><truncated>0</truncated><difficult>0</difficult><bndbox><xmin>930.9141789</xmin><ymin>525.7118477</ymin><xmax>1053.233674</xmax><ymax>584.054684</ymax></bndbox></object><object><name>car</name><pose>Unspecified</pose><truncated>0</truncated><difficult>0</difficult><bndbox><xmin>320.059014</xmin><ymin>531.8247868</ymin><xmax>436.540928</xmax><ymax>594.3009598</ymax></bndbox></object><object><name>car</name><pose>Unspecified</pose><truncated>0</truncated><difficult>0</difficult><bndbox><xmin>498.7283418</xmin><ymin>535.2249683</ymin><xmax>566.2007069</xmax><ymax>584.1963641</ymax></bndbox></object><object><name>car</name><pose>Unspecified</pose><truncated>0</truncated><difficult>0</difficult><bndbox><xmin>884.1520591</xmin><ymin>548.707088</ymin><xmax>1224.0</xmax><ymax>912.0523444</ymax></bndbox></object><object><name>car</name><pose>Unspecified</pose><truncated>0</truncated><difficult>0</difficult><bndbox><xmin>50.25910824</xmin><ymin>520.3972466</ymin><xmax>415.6365911</xmax><ymax>741.0431825</ymax></bndbox></object><object><name>car</name><pose>Unspecified</pose><truncated>0</truncated><difficult>0</difficult><bndbox><xmin>991.1199963</xmin><ymin>518.9216305</ymin><xmax>1115.540657</xmax><ymax>581.0318772</ymax></bndbox></object><object><name>car</name><pose>Unspecified</pose><truncated>0</truncated><difficult>0</difficult><bndbox><xmin>544.8422982</xmin><ymin>533.5253389</ymin><xmax>705.9555753</xmax><ymax>688.0645969</ymax></bndbox></object><object><name>car</name><pose>Unspecified</pose><truncated>0</truncated><difficult>0</difficult><bndbox><xmin>583.8831269</xmin><ymin>499.0770445</ymin><xmax>663.7807725</xmax><ymax>565.3544877</ymax></bndbox></object><object><name>car</name><pose>Unspecified</pose><truncated>0</truncated><difficult>0</difficult><bndbox><xmin>1176.447493</xmin><ymin>506.3258983</ymin><xmax>1224.0</xmax><ymax>574.1733939</ymax></bndbox></object><object><name>car</name><pose>Unspecified</pose><truncated>0</truncated><difficult>0</difficult><bndbox><xmin>33.24484293</xmin><ymin>539.9939828</ymin><xmax>111.5051979</xmax><ymax>566.8903032</ymax></bndbox></object><object><name>car</name><pose>Unspecified</pose><truncated>0</truncated><difficult>0</difficult><bndbox><xmin>1054.160277</xmin><ymin>506.2153984</ymin><xmax>1224.0</xmax><ymax>580.5486141</ymax></bndbox></object><object><name>car</name><pose>Unspecified</pose><truncated>0</truncated><difficult>0</difficult><bndbox><xmin>765.7469127</xmin><ymin>515.3402214</ymin><xmax>988.2305179</xmax><ymax>671.4668475</ymax></bndbox></object><object><name>car</name><pose>Unspecified</pose><truncated>0</truncated><difficult>0</difficult><bndbox><xmin>1203.037565</xmin><ymin>514.7925004</ymin><xmax>1224.0</xmax><ymax>573.3196131</ymax></bndbox></object><object><name>car</name><pose>Unspecified</pose><truncated>0</truncated><difficult>0</difficult><bndbox><xmin>549.9423867</xmin><ymin>531.9662391</ymin><xmax>586.8043588</xmax><ymax>565.4203186</ymax></bndbox></object><object><name>car</name><pose>Unspecified</pose><truncated>0</truncated><difficult>0</difficult><bndbox><xmin>516.4526874</xmin><ymin>525.3560414</ymin><xmax>569.295334</xmax><ymax>561.9336847</ymax></bndbox></object><object><name>car</name><pose>Unspecified</pose><truncated>0</truncated><difficult>0</difficult><bndbox><xmin>407.5904765</xmin><ymin>522.2760159</ymin><xmax>522.5881403</xmax><ymax>611.6569814</ymax></bndbox></object></annotation>