<annotation><folder>test_xmls</folder><filename>host-a004_cam0_1233620262551064006.jpeg</filename><path>./imageshost-a004_cam0_1233620262551064006.jpeg</path><source><database>Unknown</database></source><size><width>1224</width><height>1024</height><depth>3</depth></size><segmented>0</segmented><object><name>car</name><pose>Unspecified</pose><truncated>0</truncated><difficult>0</difficult><bndbox><xmin>925.5846672</xmin><ymin>531.971032</ymin><xmax>1146.231071</xmax><ymax>594.7634946</ymax></bndbox></object><object><name>car</name><pose>Unspecified</pose><truncated>0</truncated><difficult>0</difficult><bndbox><xmin>773.911243</xmin><ymin>507.7366184</ymin><xmax>1191.215962</xmax><ymax>674.4963095</ymax></bndbox></object><object><name>car</name><pose>Unspecified</pose><truncated>0</truncated><difficult>0</difficult><bndbox><xmin>425.7164695</xmin><ymin>537.4718739</ymin><xmax>465.5080202</xmax><ymax>565.1339605</ymax></bndbox></object><object><name>car</name><pose>Unspecified</pose><truncated>0</truncated><difficult>0</difficult><bndbox><xmin>465.6669141</xmin><ymin>536.797968</ymin><xmax>491.7527952</xmax><ymax>555.2295871</ymax></bndbox></object><object><name>car</name><pose>Unspecified</pose><truncated>0</truncated><difficult>0</difficult><bndbox><xmin>403.181843</xmin><ymin>544.6606077</ymin><xmax>442.2172107</xmax><ymax>565.562053</ymax></bndbox></object><object><name>car</name><pose>Unspecified</pose><truncated>0</truncated><difficult>0</difficult><bndbox><xmin>1027.106393</xmin><ymin>522.7667293</ymin><xmax>1224.0</xmax><ymax>601.5802718</ymax></bndbox></object><object><name>car</name><pose>Unspecified</pose><truncated>0</truncated><difficult>0</difficult><bndbox><xmin>0</xmin><ymin>558.7564898</ymin><xmax>56.80578217</xmax><ymax>609.323068</ymax></bndbox></object><object><name>car</name><pose>Unspecified</pose><truncated>0</truncated><difficult>0</difficult><bndbox><xmin>358.3526627</xmin><ymin>540.9038758</ymin><xmax>419.5829581</xmax><ymax>573.1511898</ymax></bndbox></object><object><name>car</name><pose>Unspecified</pose><truncated>0</truncated><difficult>0</difficult><bndbox><xmin>336.6233805</xmin><ymin>542.6149395</ymin><xmax>380.3258307</xmax><ymax>567.9310228</ymax></bndbox></object><object><name>car</name><pose>Unspecified</pose><truncated>0</truncated><difficult>0</difficult><bndbox><xmin>25.03686753</xmin><ymin>541.3623834</ymin><xmax>166.7176676</xmax><ymax>603.8269586</ymax></bndbox></object><object><name>car</name><pose>Unspecified</pose><truncated>0</truncated><difficult>0</difficult><bndbox><xmin>242.3773261</xmin><ymin>521.4303198</ymin><xmax>350.1700467</xmax><ymax>606.9452489</ymax></bndbox></object><object><name>car</name><pose>Unspecified</pose><truncated>0</truncated><difficult>0</difficult><bndbox><xmin>132.1743135</xmin><ymin>555.4443509</ymin><xmax>204.8107039</xmax><ymax>586.7406961</ymax></bndbox></object></annotation>