<annotation><folder>test_xmls</folder><filename>host-a004_cam0_1233961194051064006.jpeg</filename><path>./imageshost-a004_cam0_1233961194051064006.jpeg</path><source><database>Unknown</database></source><size><width>1224</width><height>1024</height><depth>3</depth></size><segmented>0</segmented><object><name>car</name><pose>Unspecified</pose><truncated>0</truncated><difficult>0</difficult><bndbox><xmin>914.3877013</xmin><ymin>534.290003</ymin><xmax>1224.0</xmax><ymax>1024.0</ymax></bndbox></object><object><name>car</name><pose>Unspecified</pose><truncated>0</truncated><difficult>0</difficult><bndbox><xmin>674.2812349</xmin><ymin>531.2947507</ymin><xmax>710.2826687</xmax><ymax>557.9751332</ymax></bndbox></object><object><name>car</name><pose>Unspecified</pose><truncated>0</truncated><difficult>0</difficult><bndbox><xmin>0</xmin><ymin>518.3381138</ymin><xmax>419.2878555</xmax><ymax>776.5843145</ymax></bndbox></object><object><name>car</name><pose>Unspecified</pose><truncated>0</truncated><difficult>0</difficult><bndbox><xmin>686.0019335</xmin><ymin>522.7156738</ymin><xmax>750.5512344</xmax><ymax>574.7853472</ymax></bndbox></object><object><name>other_vehicle</name><pose>Unspecified</pose><truncated>0</truncated><difficult>0</difficult><bndbox><xmin>691.5862054</xmin><ymin>445.0846166</ymin><xmax>861.831644</xmax><ymax>607.409501</ymax></bndbox></object><object><name>car</name><pose>Unspecified</pose><truncated>0</truncated><difficult>0</difficult><bndbox><xmin>679.8037178</xmin><ymin>530.398474</ymin><xmax>722.4507545</xmax><ymax>562.2397786</ymax></bndbox></object><object><name>car</name><pose>Unspecified</pose><truncated>0</truncated><difficult>0</difficult><bndbox><xmin>795.0957685</xmin><ymin>510.0845718</ymin><xmax>1128.808437</xmax><ymax>724.8442181</ymax></bndbox></object><object><name>car</name><pose>Unspecified</pose><truncated>0</truncated><difficult>0</difficult><bndbox><xmin>756.1129812</xmin><ymin>530.9008562</ymin><xmax>899.2165402</xmax><ymax>635.6091254</ymax></bndbox></object><object><name>car</name><pose>Unspecified</pose><truncated>0</truncated><difficult>0</difficult><bndbox><xmin>523.6257305</xmin><ymin>531.0099065</ymin><xmax>554.3091526</xmax><ymax>553.696798</ymax></bndbox></object><object><name>truck</name><pose>Unspecified</pose><truncated>0</truncated><difficult>0</difficult><bndbox><xmin>588.4684896</xmin><ymin>501.9092146</ymin><xmax>621.5812903</xmax><ymax>546.2499853</ymax></bndbox></object><object><name>car</name><pose>Unspecified</pose><truncated>0</truncated><difficult>0</difficult><bndbox><xmin>576.3876364</xmin><ymin>529.6656464</ymin><xmax>632.6857183</xmax><ymax>572.7073778</ymax></bndbox></object></annotation>