<annotation><folder>test_xmls</folder><filename>host-a004_cam0_1233011756451064006.jpeg</filename><path>./imageshost-a004_cam0_1233011756451064006.jpeg</path><source><database>Unknown</database></source><size><width>1224</width><height>1024</height><depth>3</depth></size><segmented>0</segmented><object><name>car</name><pose>Unspecified</pose><truncated>0</truncated><difficult>0</difficult><bndbox><xmin>859.2943094</xmin><ymin>536.6973893</ymin><xmax>908.0298751</xmax><ymax>570.3209863</ymax></bndbox></object><object><name>car</name><pose>Unspecified</pose><truncated>0</truncated><difficult>0</difficult><bndbox><xmin>556.5025766</xmin><ymin>535.7190243</ymin><xmax>598.9454782</xmax><ymax>572.5664753</ymax></bndbox></object><object><name>car</name><pose>Unspecified</pose><truncated>0</truncated><difficult>0</difficult><bndbox><xmin>598.8842938</xmin><ymin>540.4006063</ymin><xmax>620.7210948</xmax><ymax>557.4130663</ymax></bndbox></object><object><name>car</name><pose>Unspecified</pose><truncated>0</truncated><difficult>0</difficult><bndbox><xmin>75.97635935</xmin><ymin>546.4449217</ymin><xmax>213.7161942</xmax><ymax>604.04427</ymax></bndbox></object><object><name>car</name><pose>Unspecified</pose><truncated>0</truncated><difficult>0</difficult><bndbox><xmin>297.6002215</xmin><ymin>539.145896</ymin><xmax>380.4564864</xmax><ymax>582.3014815</ymax></bndbox></object><object><name>car</name><pose>Unspecified</pose><truncated>0</truncated><difficult>0</difficult><bndbox><xmin>67.61796008</xmin><ymin>537.7825461</ymin><xmax>462.4547782</xmax><ymax>774.6717396</ymax></bndbox></object><object><name>car</name><pose>Unspecified</pose><truncated>0</truncated><difficult>0</difficult><bndbox><xmin>844.0176385</xmin><ymin>528.9290848</ymin><xmax>889.2896118</xmax><ymax>567.4353796</ymax></bndbox></object></annotation>