<annotation><folder>test_xmls</folder><filename>host-a004_cam0_1233963861451064006.jpeg</filename><path>./imageshost-a004_cam0_1233963861451064006.jpeg</path><source><database>Unknown</database></source><size><width>1224</width><height>1024</height><depth>3</depth></size><segmented>0</segmented><object><name>car</name><pose>Unspecified</pose><truncated>0</truncated><difficult>0</difficult><bndbox><xmin>672.9413648</xmin><ymin>537.0899822</ymin><xmax>707.37402</xmax><ymax>565.2419674</ymax></bndbox></object><object><name>car</name><pose>Unspecified</pose><truncated>0</truncated><difficult>0</difficult><bndbox><xmin>428.0965188</xmin><ymin>519.7190989</ymin><xmax>541.9476654</xmax><ymax>609.853025</ymax></bndbox></object><object><name>pedestrian</name><pose>Unspecified</pose><truncated>0</truncated><difficult>0</difficult><bndbox><xmin>772.0619535</xmin><ymin>534.2578037</ymin><xmax>795.6196914</xmax><ymax>577.9267808</ymax></bndbox></object><object><name>car</name><pose>Unspecified</pose><truncated>0</truncated><difficult>0</difficult><bndbox><xmin>677.7965472</xmin><ymin>538.0284569</ymin><xmax>716.6865175</xmax><ymax>571.0873224</ymax></bndbox></object><object><name>bus</name><pose>Unspecified</pose><truncated>0</truncated><difficult>0</difficult><bndbox><xmin>183.9474941</xmin><ymin>507.3913503</ymin><xmax>344.4445931</xmax><ymax>579.7134708</ymax></bndbox></object><object><name>other_vehicle</name><pose>Unspecified</pose><truncated>0</truncated><difficult>0</difficult><bndbox><xmin>658.5903896</xmin><ymin>520.7076976</ymin><xmax>690.0569918</xmax><ymax>554.0654588</ymax></bndbox></object><object><name>car</name><pose>Unspecified</pose><truncated>0</truncated><difficult>0</difficult><bndbox><xmin>135.9983649</xmin><ymin>550.1882345</ymin><xmax>214.8684941</xmax><ymax>583.9509549</ymax></bndbox></object><object><name>car</name><pose>Unspecified</pose><truncated>0</truncated><difficult>0</difficult><bndbox><xmin>542.0007832</xmin><ymin>534.6466737</ymin><xmax>571.0499551</xmax><ymax>557.4975465</ymax></bndbox></object><object><name>pedestrian</name><pose>Unspecified</pose><truncated>0</truncated><difficult>0</difficult><bndbox><xmin>790.1077437</xmin><ymin>534.3774208</ymin><xmax>821.7336612</xmax><ymax>588.7989248</ymax></bndbox></object><object><name>car</name><pose>Unspecified</pose><truncated>0</truncated><difficult>0</difficult><bndbox><xmin>0</xmin><ymin>555.9021987</ymin><xmax>92.47556188</xmax><ymax>598.0231437</ymax></bndbox></object><object><name>car</name><pose>Unspecified</pose><truncated>0</truncated><difficult>0</difficult><bndbox><xmin>670.221785</xmin><ymin>537.8394307</ymin><xmax>698.018754</xmax><ymax>561.6891555</ymax></bndbox></object><object><name>car</name><pose>Unspecified</pose><truncated>0</truncated><difficult>0</difficult><bndbox><xmin>47.44960597</xmin><ymin>543.6456459</ymin><xmax>150.2637679</xmax><ymax>592.4345724</ymax></bndbox></object><object><name>car</name><pose>Unspecified</pose><truncated>0</truncated><difficult>0</difficult><bndbox><xmin>681.7508546</xmin><ymin>538.832106</ymin><xmax>730.6193763</xmax><ymax>577.3878346</ymax></bndbox></object></annotation>