<annotation><folder>test_xmls</folder><filename>host-a004_cam0_1233444833951064006.jpeg</filename><path>./imageshost-a004_cam0_1233444833951064006.jpeg</path><source><database>Unknown</database></source><size><width>1224</width><height>1024</height><depth>3</depth></size><segmented>0</segmented><object><name>car</name><pose>Unspecified</pose><truncated>0</truncated><difficult>0</difficult><bndbox><xmin>1.396835799</xmin><ymin>517.7767587</ymin><xmax>407.5957819</xmax><ymax>760.7194484</ymax></bndbox></object><object><name>car</name><pose>Unspecified</pose><truncated>0</truncated><difficult>0</difficult><bndbox><xmin>562.1480716</xmin><ymin>540.916603</ymin><xmax>593.4305826</xmax><ymax>563.095045</ymax></bndbox></object><object><name>car</name><pose>Unspecified</pose><truncated>0</truncated><difficult>0</difficult><bndbox><xmin>620.2062676</xmin><ymin>535.0773201</ymin><xmax>659.8780219</xmax><ymax>566.4115416</ymax></bndbox></object><object><name>car</name><pose>Unspecified</pose><truncated>0</truncated><difficult>0</difficult><bndbox><xmin>435.7225687</xmin><ymin>533.6806377</ymin><xmax>498.4827506</xmax><ymax>580.2088162</ymax></bndbox></object></annotation>