<annotation><folder>test_xmls</folder><filename>host-a004_cam0_1232815253251064006.jpeg</filename><path>./imageshost-a004_cam0_1232815253251064006.jpeg</path><source><database>Unknown</database></source><size><width>1224</width><height>1024</height><depth>3</depth></size><segmented>0</segmented><object><name>car</name><pose>Unspecified</pose><truncated>0</truncated><difficult>0</difficult><bndbox><xmin>676.9088347</xmin><ymin>538.1539798</ymin><xmax>704.0825977</xmax><ymax>565.7661605</ymax></bndbox></object><object><name>other_vehicle</name><pose>Unspecified</pose><truncated>0</truncated><difficult>0</difficult><bndbox><xmin>301.1499032</xmin><ymin>527.85567</ymin><xmax>366.3724221</xmax><ymax>573.9379257</ymax></bndbox></object><object><name>car</name><pose>Unspecified</pose><truncated>0</truncated><difficult>0</difficult><bndbox><xmin>744.9682532</xmin><ymin>546.5173756</ymin><xmax>883.4110743</xmax><ymax>633.3940963</ymax></bndbox></object><object><name>truck</name><pose>Unspecified</pose><truncated>0</truncated><difficult>0</difficult><bndbox><xmin>369.7377807</xmin><ymin>458.1050861</ymin><xmax>527.6594109</xmax><ymax>600.723367</ymax></bndbox></object><object><name>car</name><pose>Unspecified</pose><truncated>0</truncated><difficult>0</difficult><bndbox><xmin>0</xmin><ymin>545.3841939</ymin><xmax>110.0246113</xmax><ymax>599.8281839</ymax></bndbox></object><object><name>car</name><pose>Unspecified</pose><truncated>0</truncated><difficult>0</difficult><bndbox><xmin>551.0646177</xmin><ymin>540.6155107</ymin><xmax>573.2700208</xmax><ymax>557.249888</ymax></bndbox></object><object><name>car</name><pose>Unspecified</pose><truncated>0</truncated><difficult>0</difficult><bndbox><xmin>245.2047686</xmin><ymin>550.3248589</ymin><xmax>315.6176007</xmax><ymax>579.5496041</ymax></bndbox></object><object><name>car</name><pose>Unspecified</pose><truncated>0</truncated><difficult>0</difficult><bndbox><xmin>326.6088684</xmin><ymin>545.8047827</ymin><xmax>367.0243807</xmax><ymax>567.394749</ymax></bndbox></object><object><name>car</name><pose>Unspecified</pose><truncated>0</truncated><difficult>0</difficult><bndbox><xmin>110.8392859</xmin><ymin>546.5074761</ymin><xmax>310.0051702</xmax><ymax>649.9435229</ymax></bndbox></object><object><name>other_vehicle</name><pose>Unspecified</pose><truncated>0</truncated><difficult>0</difficult><bndbox><xmin>234.119874</xmin><ymin>518.6445247</ymin><xmax>332.8810093</xmax><ymax>574.3042635</ymax></bndbox></object><object><name>car</name><pose>Unspecified</pose><truncated>0</truncated><difficult>0</difficult><bndbox><xmin>658.1698607</xmin><ymin>537.1598599</ymin><xmax>675.5728407</xmax><ymax>554.8733683</ymax></bndbox></object><object><name>car</name><pose>Unspecified</pose><truncated>0</truncated><difficult>0</difficult><bndbox><xmin>808.451489</xmin><ymin>544.5901663</ymin><xmax>1084.782317</xmax><ymax>711.5627582</ymax></bndbox></object></annotation>