<annotation><folder>test_xmls</folder><filename>host-a004_cam0_1233685327951064006.jpeg</filename><path>./imageshost-a004_cam0_1233685327951064006.jpeg</path><source><database>Unknown</database></source><size><width>1224</width><height>1024</height><depth>3</depth></size><segmented>0</segmented><object><name>car</name><pose>Unspecified</pose><truncated>0</truncated><difficult>0</difficult><bndbox><xmin>533.2166186</xmin><ymin>537.8996032</ymin><xmax>563.9689947</xmax><ymax>561.4810059</ymax></bndbox></object><object><name>car</name><pose>Unspecified</pose><truncated>0</truncated><difficult>0</difficult><bndbox><xmin>336.1454465</xmin><ymin>505.1249949</ymin><xmax>467.7722053</xmax><ymax>603.8317274</ymax></bndbox></object><object><name>car</name><pose>Unspecified</pose><truncated>0</truncated><difficult>0</difficult><bndbox><xmin>458.4995957</xmin><ymin>535.2597369</ymin><xmax>496.879772</xmax><ymax>562.9009313</ymax></bndbox></object><object><name>bus</name><pose>Unspecified</pose><truncated>0</truncated><difficult>0</difficult><bndbox><xmin>677.817842</xmin><ymin>470.6631706</ymin><xmax>760.5739531</xmax><ymax>577.4075034</ymax></bndbox></object><object><name>car</name><pose>Unspecified</pose><truncated>0</truncated><difficult>0</difficult><bndbox><xmin>329.2761913</xmin><ymin>552.5675359</ymin><xmax>360.9104937</xmax><ymax>567.4824622</ymax></bndbox></object><object><name>car</name><pose>Unspecified</pose><truncated>0</truncated><difficult>0</difficult><bndbox><xmin>982.3761933</xmin><ymin>525.4244297</ymin><xmax>1224.0</xmax><ymax>708.1366503</ymax></bndbox></object><object><name>car</name><pose>Unspecified</pose><truncated>0</truncated><difficult>0</difficult><bndbox><xmin>508.2024257</xmin><ymin>538.3146575</ymin><xmax>532.2589969</xmax><ymax>558.7532161</ymax></bndbox></object><object><name>car</name><pose>Unspecified</pose><truncated>0</truncated><difficult>0</difficult><bndbox><xmin>250.2068623</xmin><ymin>538.5396493</ymin><xmax>350.63921</xmax><ymax>590.6024391</ymax></bndbox></object></annotation>