<annotation><folder>test_xmls</folder><filename>host-a004_cam0_1233955748851064006.jpeg</filename><path>./imageshost-a004_cam0_1233955748851064006.jpeg</path><source><database>Unknown</database></source><size><width>1224</width><height>1024</height><depth>3</depth></size><segmented>0</segmented><object><name>car</name><pose>Unspecified</pose><truncated>0</truncated><difficult>0</difficult><bndbox><xmin>452.1667288</xmin><ymin>543.3553218</ymin><xmax>511.7808668</xmax><ymax>579.9360781</ymax></bndbox></object><object><name>car</name><pose>Unspecified</pose><truncated>0</truncated><difficult>0</difficult><bndbox><xmin>116.7353912</xmin><ymin>555.531655</ymin><xmax>202.5614083</xmax><ymax>586.9523593</ymax></bndbox></object><object><name>car</name><pose>Unspecified</pose><truncated>0</truncated><difficult>0</difficult><bndbox><xmin>269.1938863</xmin><ymin>552.2957778</ymin><xmax>314.9425124</xmax><ymax>575.1765963</ymax></bndbox></object><object><name>other_vehicle</name><pose>Unspecified</pose><truncated>0</truncated><difficult>0</difficult><bndbox><xmin>670.0621233</xmin><ymin>498.6178983</ymin><xmax>737.0906025</xmax><ymax>577.8402853</ymax></bndbox></object><object><name>other_vehicle</name><pose>Unspecified</pose><truncated>0</truncated><difficult>0</difficult><bndbox><xmin>659.0569889</xmin><ymin>528.8004229</ymin><xmax>687.0479103</xmax><ymax>556.7170955</ymax></bndbox></object><object><name>car</name><pose>Unspecified</pose><truncated>0</truncated><difficult>0</difficult><bndbox><xmin>232.2211437</xmin><ymin>548.4072663</ymin><xmax>290.0516356</xmax><ymax>577.9725039</ymax></bndbox></object><object><name>other_vehicle</name><pose>Unspecified</pose><truncated>0</truncated><difficult>0</difficult><bndbox><xmin>681.7163445</xmin><ymin>486.4405359</ymin><xmax>798.544573</xmax><ymax>597.8287008</ymax></bndbox></object><object><name>car</name><pose>Unspecified</pose><truncated>0</truncated><difficult>0</difficult><bndbox><xmin>368.6007942</xmin><ymin>550.8249515</ymin><xmax>400.6269078</xmax><ymax>566.9361472</ymax></bndbox></object><object><name>car</name><pose>Unspecified</pose><truncated>0</truncated><difficult>0</difficult><bndbox><xmin>533.345529</xmin><ymin>541.9034694</ymin><xmax>563.4307396</xmax><ymax>561.5567654</ymax></bndbox></object><object><name>other_vehicle</name><pose>Unspecified</pose><truncated>0</truncated><difficult>0</difficult><bndbox><xmin>663.0419716</xmin><ymin>521.6581751</ymin><xmax>701.253797</xmax><ymax>561.7986091</ymax></bndbox></object><object><name>car</name><pose>Unspecified</pose><truncated>0</truncated><difficult>0</difficult><bndbox><xmin>328.9678662</xmin><ymin>552.253823</ymin><xmax>367.8381692</xmax><ymax>569.3738399</ymax></bndbox></object><object><name>car</name><pose>Unspecified</pose><truncated>0</truncated><difficult>0</difficult><bndbox><xmin>304.2029485</xmin><ymin>552.3971127</ymin><xmax>345.5130431</xmax><ymax>572.1872025</ymax></bndbox></object></annotation>