<annotation><folder>test_xmls</folder><filename>host-a004_cam0_1232905122751064006.jpeg</filename><path>./imageshost-a004_cam0_1232905122751064006.jpeg</path><source><database>Unknown</database></source><size><width>1224</width><height>1024</height><depth>3</depth></size><segmented>0</segmented><object><name>car</name><pose>Unspecified</pose><truncated>0</truncated><difficult>0</difficult><bndbox><xmin>630.1570596</xmin><ymin>533.7338979</ymin><xmax>654.9960826</xmax><ymax>557.896946</ymax></bndbox></object><object><name>car</name><pose>Unspecified</pose><truncated>0</truncated><difficult>0</difficult><bndbox><xmin>475.6538773</xmin><ymin>543.1433257</ymin><xmax>568.5574015</xmax><ymax>603.8243852</ymax></bndbox></object><object><name>car</name><pose>Unspecified</pose><truncated>0</truncated><difficult>0</difficult><bndbox><xmin>449.5285655</xmin><ymin>541.5738313</ymin><xmax>506.3215093</xmax><ymax>578.7175945</ymax></bndbox></object><object><name>car</name><pose>Unspecified</pose><truncated>0</truncated><difficult>0</difficult><bndbox><xmin>568.964406</xmin><ymin>535.2016743</ymin><xmax>606.2066398</xmax><ymax>566.8621354</ymax></bndbox></object></annotation>