<annotation><folder>test_xmls</folder><filename>host-a004_cam0_1233617943551064006.jpeg</filename><path>./imageshost-a004_cam0_1233617943551064006.jpeg</path><source><database>Unknown</database></source><size><width>1224</width><height>1024</height><depth>3</depth></size><segmented>0</segmented><object><name>car</name><pose>Unspecified</pose><truncated>0</truncated><difficult>0</difficult><bndbox><xmin>532.840416</xmin><ymin>536.5435879</ymin><xmax>582.5469085</xmax><ymax>578.8436622</ymax></bndbox></object><object><name>car</name><pose>Unspecified</pose><truncated>0</truncated><difficult>0</difficult><bndbox><xmin>454.0711491</xmin><ymin>537.5673488</ymin><xmax>509.0265508</xmax><ymax>577.9117594</ymax></bndbox></object><object><name>car</name><pose>Unspecified</pose><truncated>0</truncated><difficult>0</difficult><bndbox><xmin>579.1948904</xmin><ymin>540.0013713</ymin><xmax>608.8366916</xmax><ymax>565.2579175</ymax></bndbox></object></annotation>