<annotation><folder>test_xmls</folder><filename>host-a004_cam0_1232817647251064006.jpeg</filename><path>./imageshost-a004_cam0_1232817647251064006.jpeg</path><source><database>Unknown</database></source><size><width>1224</width><height>1024</height><depth>3</depth></size><segmented>0</segmented><object><name>car</name><pose>Unspecified</pose><truncated>0</truncated><difficult>0</difficult><bndbox><xmin>691.1093981</xmin><ymin>533.9617636</ymin><xmax>752.6697651</xmax><ymax>578.7273477</ymax></bndbox></object><object><name>other_vehicle</name><pose>Unspecified</pose><truncated>0</truncated><difficult>0</difficult><bndbox><xmin>671.9161415</xmin><ymin>497.1029188</ymin><xmax>736.8503269</xmax><ymax>571.7415563</ymax></bndbox></object><object><name>car</name><pose>Unspecified</pose><truncated>0</truncated><difficult>0</difficult><bndbox><xmin>82.11190888</xmin><ymin>541.8780117</ymin><xmax>212.2973016</xmax><ymax>595.2693674</ymax></bndbox></object><object><name>car</name><pose>Unspecified</pose><truncated>0</truncated><difficult>0</difficult><bndbox><xmin>566.5989849</xmin><ymin>531.486001</ymin><xmax>589.4103821</xmax><ymax>552.3267557</ymax></bndbox></object><object><name>car</name><pose>Unspecified</pose><truncated>0</truncated><difficult>0</difficult><bndbox><xmin>245.4140455</xmin><ymin>546.9633483</ymin><xmax>302.2099297</xmax><ymax>573.1311636</ymax></bndbox></object><object><name>other_vehicle</name><pose>Unspecified</pose><truncated>0</truncated><difficult>0</difficult><bndbox><xmin>659.3946424</xmin><ymin>527.2427268</ymin><xmax>688.2289944</xmax><ymax>554.1513167</ymax></bndbox></object><object><name>car</name><pose>Unspecified</pose><truncated>0</truncated><difficult>0</difficult><bndbox><xmin>712.0580799</xmin><ymin>536.9952197</ymin><xmax>779.3327874</xmax><ymax>589.1710481</ymax></bndbox></object><object><name>car</name><pose>Unspecified</pose><truncated>0</truncated><difficult>0</difficult><bndbox><xmin>429.6072544</xmin><ymin>537.4779369</ymin><xmax>461.5046932</xmax><ymax>556.3757046</ymax></bndbox></object><object><name>car</name><pose>Unspecified</pose><truncated>0</truncated><difficult>0</difficult><bndbox><xmin>197.4527227</xmin><ymin>547.1909592</ymin><xmax>260.5373382</xmax><ymax>576.0253004</ymax></bndbox></object><object><name>car</name><pose>Unspecified</pose><truncated>0</truncated><difficult>0</difficult><bndbox><xmin>577.026051</xmin><ymin>538.734813</ymin><xmax>608.4529394</xmax><ymax>560.8496319</ymax></bndbox></object><object><name>car</name><pose>Unspecified</pose><truncated>0</truncated><difficult>0</difficult><bndbox><xmin>375.2561111</xmin><ymin>542.9170901</ymin><xmax>402.0930019</xmax><ymax>559.422388</ymax></bndbox></object><object><name>car</name><pose>Unspecified</pose><truncated>0</truncated><difficult>0</difficult><bndbox><xmin>278.7956521</xmin><ymin>537.128174</ymin><xmax>413.0988829</xmax><ymax>614.6382577</ymax></bndbox></object></annotation>