<annotation><folder>test_xmls</folder><filename>host-a004_cam0_1233444830151064006.jpeg</filename><path>./imageshost-a004_cam0_1233444830151064006.jpeg</path><source><database>Unknown</database></source><size><width>1224</width><height>1024</height><depth>3</depth></size><segmented>0</segmented><object><name>car</name><pose>Unspecified</pose><truncated>0</truncated><difficult>0</difficult><bndbox><xmin>263.6238563</xmin><ymin>529.9445895</ymin><xmax>408.3574843</xmax><ymax>623.1705576</ymax></bndbox></object><object><name>car</name><pose>Unspecified</pose><truncated>0</truncated><difficult>0</difficult><bndbox><xmin>1085.303451</xmin><ymin>558.7075036</ymin><xmax>1224.0</xmax><ymax>764.3581983</ymax></bndbox></object><object><name>car</name><pose>Unspecified</pose><truncated>0</truncated><difficult>0</difficult><bndbox><xmin>631.7950165</xmin><ymin>537.4561583</ymin><xmax>678.6127276</xmax><ymax>573.2565071</ymax></bndbox></object><object><name>car</name><pose>Unspecified</pose><truncated>0</truncated><difficult>0</difficult><bndbox><xmin>158.2586273</xmin><ymin>553.3715443</ymin><xmax>250.5074627</xmax><ymax>593.2373956</ymax></bndbox></object><object><name>car</name><pose>Unspecified</pose><truncated>0</truncated><difficult>0</difficult><bndbox><xmin>199.6122488</xmin><ymin>550.7452462</ymin><xmax>297.5475376</xmax><ymax>596.211249</ymax></bndbox></object><object><name>car</name><pose>Unspecified</pose><truncated>0</truncated><difficult>0</difficult><bndbox><xmin>529.8898021</xmin><ymin>545.1336928</ymin><xmax>582.2880872</xmax><ymax>580.9945939</ymax></bndbox></object><object><name>car</name><pose>Unspecified</pose><truncated>0</truncated><difficult>0</difficult><bndbox><xmin>979.4640323</xmin><ymin>555.7297756</ymin><xmax>1219.251988</xmax><ymax>672.6963556</ymax></bndbox></object><object><name>car</name><pose>Unspecified</pose><truncated>0</truncated><difficult>0</difficult><bndbox><xmin>799.5962</xmin><ymin>550.1708979</ymin><xmax>849.1002052</xmax><ymax>581.3274608</ymax></bndbox></object></annotation>