<annotation><folder>test_xmls</folder><filename>host-a004_cam0_1233535963351064006.jpeg</filename><path>./imageshost-a004_cam0_1233535963351064006.jpeg</path><source><database>Unknown</database></source><size><width>1224</width><height>1024</height><depth>3</depth></size><segmented>0</segmented><object><name>car</name><pose>Unspecified</pose><truncated>0</truncated><difficult>0</difficult><bndbox><xmin>585.9577611</xmin><ymin>535.9574161</ymin><xmax>610.0775611</xmax><ymax>551.0837828</ymax></bndbox></object><object><name>car</name><pose>Unspecified</pose><truncated>0</truncated><difficult>0</difficult><bndbox><xmin>67.98953581</xmin><ymin>539.6762284</ymin><xmax>161.098343</xmax><ymax>573.0399487</ymax></bndbox></object><object><name>car</name><pose>Unspecified</pose><truncated>0</truncated><difficult>0</difficult><bndbox><xmin>744.1572814</xmin><ymin>529.5939175</ymin><xmax>820.0591713</xmax><ymax>555.3299096</ymax></bndbox></object><object><name>car</name><pose>Unspecified</pose><truncated>0</truncated><difficult>0</difficult><bndbox><xmin>1010.726947</xmin><ymin>515.1399586</ymin><xmax>1210.555973</xmax><ymax>601.314622</ymax></bndbox></object><object><name>car</name><pose>Unspecified</pose><truncated>0</truncated><difficult>0</difficult><bndbox><xmin>461.5736476</xmin><ymin>536.1790678</ymin><xmax>487.1306418</xmax><ymax>555.4429925</ymax></bndbox></object><object><name>car</name><pose>Unspecified</pose><truncated>0</truncated><difficult>0</difficult><bndbox><xmin>377.0920991</xmin><ymin>541.4955443</ymin><xmax>414.3799011</xmax><ymax>563.4210304</ymax></bndbox></object><object><name>car</name><pose>Unspecified</pose><truncated>0</truncated><difficult>0</difficult><bndbox><xmin>405.2803153</xmin><ymin>535.7888495</ymin><xmax>478.0324782</xmax><ymax>586.1572669</ymax></bndbox></object><object><name>car</name><pose>Unspecified</pose><truncated>0</truncated><difficult>0</difficult><bndbox><xmin>103.9337491</xmin><ymin>542.4019974</ymin><xmax>337.9703413</xmax><ymax>653.2521418</ymax></bndbox></object><object><name>truck</name><pose>Unspecified</pose><truncated>0</truncated><difficult>0</difficult><bndbox><xmin>665.4948838</xmin><ymin>502.2691216</ymin><xmax>731.9919695</xmax><ymax>570.3548945</ymax></bndbox></object><object><name>car</name><pose>Unspecified</pose><truncated>0</truncated><difficult>0</difficult><bndbox><xmin>500.66768</xmin><ymin>539.6573362</ymin><xmax>541.1123108</xmax><ymax>569.8656525</ymax></bndbox></object><object><name>car</name><pose>Unspecified</pose><truncated>0</truncated><difficult>0</difficult><bndbox><xmin>548.7153299</xmin><ymin>537.3768794</ymin><xmax>589.6793151</xmax><ymax>566.9071611</ymax></bndbox></object><object><name>car</name><pose>Unspecified</pose><truncated>0</truncated><difficult>0</difficult><bndbox><xmin>599.491153</xmin><ymin>534.2609405</ymin><xmax>627.9465401</xmax><ymax>555.3230939</ymax></bndbox></object><object><name>car</name><pose>Unspecified</pose><truncated>0</truncated><difficult>0</difficult><bndbox><xmin>0</xmin><ymin>550.3870455</ymin><xmax>37.72014365</xmax><ymax>598.3439433</ymax></bndbox></object><object><name>truck</name><pose>Unspecified</pose><truncated>0</truncated><difficult>0</difficult><bndbox><xmin>402.3840772</xmin><ymin>508.2921212</ymin><xmax>475.4220336</xmax><ymax>567.7117208</ymax></bndbox></object><object><name>car</name><pose>Unspecified</pose><truncated>0</truncated><difficult>0</difficult><bndbox><xmin>560.9380611</xmin><ymin>540.3424743</ymin><xmax>662.0851814</xmax><ymax>624.7608505</ymax></bndbox></object><object><name>car</name><pose>Unspecified</pose><truncated>0</truncated><difficult>0</difficult><bndbox><xmin>519.5965371</xmin><ymin>533.5344</ymin><xmax>545.2251679</xmax><ymax>556.7612655</ymax></bndbox></object><object><name>car</name><pose>Unspecified</pose><truncated>0</truncated><difficult>0</difficult><bndbox><xmin>620.8829632</xmin><ymin>533.0458624</ymin><xmax>653.6121412</xmax><ymax>566.9438163</ymax></bndbox></object><object><name>car</name><pose>Unspecified</pose><truncated>0</truncated><difficult>0</difficult><bndbox><xmin>1158.609056</xmin><ymin>502.5599656</ymin><xmax>1224.0</xmax><ymax>591.6374737</ymax></bndbox></object><object><name>car</name><pose>Unspecified</pose><truncated>0</truncated><difficult>0</difficult><bndbox><xmin>802.2348334</xmin><ymin>468.1310734</ymin><xmax>1224.0</xmax><ymax>807.6367002</ymax></bndbox></object><object><name>car</name><pose>Unspecified</pose><truncated>0</truncated><difficult>0</difficult><bndbox><xmin>638.9812121</xmin><ymin>539.8306265</ymin><xmax>720.2167526</xmax><ymax>585.5209631</ymax></bndbox></object><object><name>car</name><pose>Unspecified</pose><truncated>0</truncated><difficult>0</difficult><bndbox><xmin>702.4893809</xmin><ymin>541.2158633</ymin><xmax>784.6039422</xmax><ymax>599.2123624</ymax></bndbox></object><object><name>car</name><pose>Unspecified</pose><truncated>0</truncated><difficult>0</difficult><bndbox><xmin>1080.845794</xmin><ymin>521.3461968</ymin><xmax>1224.0</xmax><ymax>598.6498608</ymax></bndbox></object><object><name>car</name><pose>Unspecified</pose><truncated>0</truncated><difficult>0</difficult><bndbox><xmin>377.178</xmin><ymin>543.3254804</ymin><xmax>514.5856644</xmax><ymax>631.2161184</ymax></bndbox></object></annotation>