<annotation><folder>test_xmls</folder><filename>host-a004_cam0_1232842376051064006.jpeg</filename><path>./imageshost-a004_cam0_1232842376051064006.jpeg</path><source><database>Unknown</database></source><size><width>1224</width><height>1024</height><depth>3</depth></size><segmented>0</segmented><object><name>car</name><pose>Unspecified</pose><truncated>0</truncated><difficult>0</difficult><bndbox><xmin>557.2313035</xmin><ymin>536.5106428</ymin><xmax>595.9540671</xmax><ymax>568.9741546</ymax></bndbox></object><object><name>car</name><pose>Unspecified</pose><truncated>0</truncated><difficult>0</difficult><bndbox><xmin>336.1916708</xmin><ymin>527.7589424</ymin><xmax>390.6933213</xmax><ymax>567.1614345</ymax></bndbox></object><object><name>car</name><pose>Unspecified</pose><truncated>0</truncated><difficult>0</difficult><bndbox><xmin>1073.754063</xmin><ymin>544.7888246</ymin><xmax>1224.0</xmax><ymax>617.6363607</ymax></bndbox></object><object><name>car</name><pose>Unspecified</pose><truncated>0</truncated><difficult>0</difficult><bndbox><xmin>780.5615686</xmin><ymin>537.6691619</ymin><xmax>850.6648394</xmax><ymax>561.112034</ymax></bndbox></object><object><name>car</name><pose>Unspecified</pose><truncated>0</truncated><difficult>0</difficult><bndbox><xmin>404.918403</xmin><ymin>527.9172958</ymin><xmax>481.6266673</xmax><ymax>583.2681913</ymax></bndbox></object><object><name>car</name><pose>Unspecified</pose><truncated>0</truncated><difficult>0</difficult><bndbox><xmin>488.1217663</xmin><ymin>530.4727554</ymin><xmax>521.3206898</xmax><ymax>556.2113132</ymax></bndbox></object><object><name>car</name><pose>Unspecified</pose><truncated>0</truncated><difficult>0</difficult><bndbox><xmin>827.8893062</xmin><ymin>536.4141549</ymin><xmax>927.884584</xmax><ymax>570.4128352</ymax></bndbox></object><object><name>car</name><pose>Unspecified</pose><truncated>0</truncated><difficult>0</difficult><bndbox><xmin>592.1909852</xmin><ymin>536.4745153</ymin><xmax>612.9748143</xmax><ymax>554.6704725</ymax></bndbox></object><object><name>car</name><pose>Unspecified</pose><truncated>0</truncated><difficult>0</difficult><bndbox><xmin>525.842613</xmin><ymin>537.7404625</ymin><xmax>578.5485891</xmax><ymax>579.5262212</ymax></bndbox></object><object><name>car</name><pose>Unspecified</pose><truncated>0</truncated><difficult>0</difficult><bndbox><xmin>602.9746769</xmin><ymin>531.8803327</ymin><xmax>663.8649145</xmax><ymax>589.3653666</ymax></bndbox></object><object><name>car</name><pose>Unspecified</pose><truncated>0</truncated><difficult>0</difficult><bndbox><xmin>99.3604674</xmin><ymin>547.3165662</ymin><xmax>226.3669495</xmax><ymax>598.3308119</ymax></bndbox></object><object><name>car</name><pose>Unspecified</pose><truncated>0</truncated><difficult>0</difficult><bndbox><xmin>513.1638312</xmin><ymin>533.8307276</ymin><xmax>545.3077649</xmax><ymax>561.8647929</ymax></bndbox></object><object><name>car</name><pose>Unspecified</pose><truncated>0</truncated><difficult>0</difficult><bndbox><xmin>298.1432159</xmin><ymin>540.4447452</ymin><xmax>346.1140035</xmax><ymax>566.5270138</ymax></bndbox></object><object><name>car</name><pose>Unspecified</pose><truncated>0</truncated><difficult>0</difficult><bndbox><xmin>1207.588384</xmin><ymin>536.1513185</ymin><xmax>1224.0</xmax><ymax>584.8233347</ymax></bndbox></object><object><name>car</name><pose>Unspecified</pose><truncated>0</truncated><difficult>0</difficult><bndbox><xmin>203.0202403</xmin><ymin>538.6503082</ymin><xmax>282.4139733</xmax><ymax>577.8432662</ymax></bndbox></object><object><name>car</name><pose>Unspecified</pose><truncated>0</truncated><difficult>0</difficult><bndbox><xmin>351.0474929</xmin><ymin>540.0211726</ymin><xmax>413.1442869</xmax><ymax>574.0747805</ymax></bndbox></object><object><name>car</name><pose>Unspecified</pose><truncated>0</truncated><difficult>0</difficult><bndbox><xmin>351.4190456</xmin><ymin>540.2587894</ymin><xmax>403.2891493</xmax><ymax>572.5957668</ymax></bndbox></object><object><name>car</name><pose>Unspecified</pose><truncated>0</truncated><difficult>0</difficult><bndbox><xmin>265.5130719</xmin><ymin>545.181807</ymin><xmax>482.718021</xmax><ymax>682.9083074</ymax></bndbox></object><object><name>car</name><pose>Unspecified</pose><truncated>0</truncated><difficult>0</difficult><bndbox><xmin>19.21569466</xmin><ymin>546.6208992</ymin><xmax>148.2853917</xmax><ymax>601.6313809</ymax></bndbox></object></annotation>