<annotation><folder>test_xmls</folder><filename>host-a004_cam0_1233444822351064006.jpeg</filename><path>./imageshost-a004_cam0_1233444822351064006.jpeg</path><source><database>Unknown</database></source><size><width>1224</width><height>1024</height><depth>3</depth></size><segmented>0</segmented><object><name>car</name><pose>Unspecified</pose><truncated>0</truncated><difficult>0</difficult><bndbox><xmin>440.764432</xmin><ymin>534.7607388</ymin><xmax>507.5239762</xmax><ymax>580.8823587</ymax></bndbox></object><object><name>car</name><pose>Unspecified</pose><truncated>0</truncated><difficult>0</difficult><bndbox><xmin>654.2715131</xmin><ymin>536.2466318</ymin><xmax>703.2376457</xmax><ymax>565.5417946</ymax></bndbox></object><object><name>car</name><pose>Unspecified</pose><truncated>0</truncated><difficult>0</difficult><bndbox><xmin>0</xmin><ymin>540.3714501</ymin><xmax>415.2008016</xmax><ymax>759.6771393</ymax></bndbox></object><object><name>car</name><pose>Unspecified</pose><truncated>0</truncated><difficult>0</difficult><bndbox><xmin>0</xmin><ymin>556.2932103</ymin><xmax>30.54006767</xmax><ymax>591.2379552</ymax></bndbox></object><object><name>car</name><pose>Unspecified</pose><truncated>0</truncated><difficult>0</difficult><bndbox><xmin>376.0665015</xmin><ymin>540.6614241</ymin><xmax>424.5693008</xmax><ymax>569.2008144</ymax></bndbox></object><object><name>car</name><pose>Unspecified</pose><truncated>0</truncated><difficult>0</difficult><bndbox><xmin>116.2423653</xmin><ymin>545.2491039</ymin><xmax>219.5246154</xmax><ymax>591.1849014</ymax></bndbox></object><object><name>car</name><pose>Unspecified</pose><truncated>0</truncated><difficult>0</difficult><bndbox><xmin>232.0767823</xmin><ymin>543.6013077</ymin><xmax>318.7311896</xmax><ymax>583.0195316</ymax></bndbox></object><object><name>car</name><pose>Unspecified</pose><truncated>0</truncated><difficult>0</difficult><bndbox><xmin>814.3081452</xmin><ymin>526.7890365</ymin><xmax>1031.882228</xmax><ymax>673.0819961</ymax></bndbox></object><object><name>car</name><pose>Unspecified</pose><truncated>0</truncated><difficult>0</difficult><bndbox><xmin>774.6471813</xmin><ymin>532.4023903</ymin><xmax>894.6883985</xmax><ymax>620.6095679</ymax></bndbox></object><object><name>car</name><pose>Unspecified</pose><truncated>0</truncated><difficult>0</difficult><bndbox><xmin>289.7738413</xmin><ymin>542.5102585</ymin><xmax>353.4712589</xmax><ymax>573.9773309</ymax></bndbox></object><object><name>bicycle</name><pose>Unspecified</pose><truncated>0</truncated><difficult>0</difficult><bndbox><xmin>16.70976415</xmin><ymin>551.1617679</ymin><xmax>63.48273552</xmax><ymax>586.7355713</ymax></bndbox></object><object><name>car</name><pose>Unspecified</pose><truncated>0</truncated><difficult>0</difficult><bndbox><xmin>8.007684494</xmin><ymin>555.5126025</ymin><xmax>100.2127786</xmax><ymax>584.0632275</ymax></bndbox></object><object><name>car</name><pose>Unspecified</pose><truncated>0</truncated><difficult>0</difficult><bndbox><xmin>599.8576087</xmin><ymin>536.2577035</ymin><xmax>624.7997259</xmax><ymax>554.6835012</ymax></bndbox></object></annotation>