<annotation><folder>test_xmls</folder><filename>host-a004_cam0_1232838145251064006.jpeg</filename><path>./imageshost-a004_cam0_1232838145251064006.jpeg</path><source><database>Unknown</database></source><size><width>1224</width><height>1024</height><depth>3</depth></size><segmented>0</segmented><object><name>other_vehicle</name><pose>Unspecified</pose><truncated>0</truncated><difficult>0</difficult><bndbox><xmin>683.2090051</xmin><ymin>472.7392197</ymin><xmax>809.6791666</xmax><ymax>605.9651428</ymax></bndbox></object><object><name>car</name><pose>Unspecified</pose><truncated>0</truncated><difficult>0</difficult><bndbox><xmin>406.9665504</xmin><ymin>531.4267743</ymin><xmax>460.2250886</xmax><ymax>566.9872614</ymax></bndbox></object><object><name>car</name><pose>Unspecified</pose><truncated>0</truncated><difficult>0</difficult><bndbox><xmin>264.1746525</xmin><ymin>538.681219</ymin><xmax>363.6540552</xmax><ymax>592.4247573</ymax></bndbox></object><object><name>car</name><pose>Unspecified</pose><truncated>0</truncated><difficult>0</difficult><bndbox><xmin>26.66724233</xmin><ymin>532.2708082</ymin><xmax>292.0611098</xmax><ymax>664.2079957</ymax></bndbox></object><object><name>car</name><pose>Unspecified</pose><truncated>0</truncated><difficult>0</difficult><bndbox><xmin>332.0947372</xmin><ymin>538.9526555</ymin><xmax>400.7906464</xmax><ymax>581.2335786</ymax></bndbox></object><object><name>bus</name><pose>Unspecified</pose><truncated>0</truncated><difficult>0</difficult><bndbox><xmin>651.9133783</xmin><ymin>485.8604364</ymin><xmax>740.7972373</xmax><ymax>578.6124704</ymax></bndbox></object><object><name>car</name><pose>Unspecified</pose><truncated>0</truncated><difficult>0</difficult><bndbox><xmin>406.0411116</xmin><ymin>538.8716294</ymin><xmax>514.2473125</xmax><ymax>608.6023056</ymax></bndbox></object><object><name>car</name><pose>Unspecified</pose><truncated>0</truncated><difficult>0</difficult><bndbox><xmin>643.3973801</xmin><ymin>531.5742433</ymin><xmax>669.6042232</xmax><ymax>555.610519</ymax></bndbox></object><object><name>car</name><pose>Unspecified</pose><truncated>0</truncated><difficult>0</difficult><bndbox><xmin>717.3600698</xmin><ymin>544.2764377</ymin><xmax>850.3521051</xmax><ymax>640.0644158</ymax></bndbox></object><object><name>bus</name><pose>Unspecified</pose><truncated>0</truncated><difficult>0</difficult><bndbox><xmin>582.1321664</xmin><ymin>501.0326676</ymin><xmax>642.2149545</xmax><ymax>567.1261384</ymax></bndbox></object><object><name>car</name><pose>Unspecified</pose><truncated>0</truncated><difficult>0</difficult><bndbox><xmin>555.6772194</xmin><ymin>540.2526068</ymin><xmax>581.5363703</xmax><ymax>559.9376314</ymax></bndbox></object><object><name>car</name><pose>Unspecified</pose><truncated>0</truncated><difficult>0</difficult><bndbox><xmin>574.3442832</xmin><ymin>538.4659262</ymin><xmax>597.7207241</xmax><ymax>554.8842498</ymax></bndbox></object><object><name>car</name><pose>Unspecified</pose><truncated>0</truncated><difficult>0</difficult><bndbox><xmin>523.7577531</xmin><ymin>531.1539262</ymin><xmax>564.8167827</xmax><ymax>566.4869942</ymax></bndbox></object><object><name>car</name><pose>Unspecified</pose><truncated>0</truncated><difficult>0</difficult><bndbox><xmin>380.0964423</xmin><ymin>539.0028929</ymin><xmax>437.0821051</xmax><ymax>571.8525775</ymax></bndbox></object></annotation>