<annotation><folder>test_xmls</folder><filename>host-a004_cam0_1233602026851064006.jpeg</filename><path>./imageshost-a004_cam0_1233602026851064006.jpeg</path><source><database>Unknown</database></source><size><width>1224</width><height>1024</height><depth>3</depth></size><segmented>0</segmented><object><name>car</name><pose>Unspecified</pose><truncated>0</truncated><difficult>0</difficult><bndbox><xmin>61.12824553</xmin><ymin>545.0152922</ymin><xmax>429.1756937</xmax><ymax>757.1483279</ymax></bndbox></object></annotation>