<annotation><folder>test_xmls</folder><filename>host-a004_cam0_1234051605051064006.jpeg</filename><path>./imageshost-a004_cam0_1234051605051064006.jpeg</path><source><database>Unknown</database></source><size><width>1224</width><height>1024</height><depth>3</depth></size><segmented>0</segmented><object><name>car</name><pose>Unspecified</pose><truncated>0</truncated><difficult>0</difficult><bndbox><xmin>513.3122065</xmin><ymin>533.8555777</ymin><xmax>577.4637878</xmax><ymax>580.7120073</ymax></bndbox></object><object><name>car</name><pose>Unspecified</pose><truncated>0</truncated><difficult>0</difficult><bndbox><xmin>571.6666607</xmin><ymin>529.6989471</ymin><xmax>604.6448894</xmax><ymax>558.6781256</ymax></bndbox></object><object><name>car</name><pose>Unspecified</pose><truncated>0</truncated><difficult>0</difficult><bndbox><xmin>625.3792995</xmin><ymin>532.4843336</ymin><xmax>653.321399</xmax><ymax>556.5765879</ymax></bndbox></object><object><name>car</name><pose>Unspecified</pose><truncated>0</truncated><difficult>0</difficult><bndbox><xmin>0</xmin><ymin>523.2545696</ymin><xmax>59.20423828</xmax><ymax>837.4102771</ymax></bndbox></object></annotation>