<annotation><folder>test_xmls</folder><filename>host-a004_cam0_1233516167451064006.jpeg</filename><path>./imageshost-a004_cam0_1233516167451064006.jpeg</path><source><database>Unknown</database></source><size><width>1224</width><height>1024</height><depth>3</depth></size><segmented>0</segmented><object><name>car</name><pose>Unspecified</pose><truncated>0</truncated><difficult>0</difficult><bndbox><xmin>515.9624105</xmin><ymin>529.2369456</ymin><xmax>589.6897771</xmax><ymax>588.281007</ymax></bndbox></object><object><name>car</name><pose>Unspecified</pose><truncated>0</truncated><difficult>0</difficult><bndbox><xmin>674.5493239</xmin><ymin>531.7157715</ymin><xmax>719.6108971</xmax><ymax>565.4949412</ymax></bndbox></object><object><name>other_vehicle</name><pose>Unspecified</pose><truncated>0</truncated><difficult>0</difficult><bndbox><xmin>663.8809491</xmin><ymin>513.3739396</ymin><xmax>708.3199548</xmax><ymax>558.7190445</ymax></bndbox></object><object><name>car</name><pose>Unspecified</pose><truncated>0</truncated><difficult>0</difficult><bndbox><xmin>508.9999003</xmin><ymin>531.789287</ymin><xmax>547.4832115</xmax><ymax>561.4965034</ymax></bndbox></object><object><name>other_vehicle</name><pose>Unspecified</pose><truncated>0</truncated><difficult>0</difficult><bndbox><xmin>725.1557459</xmin><ymin>480.3387509</ymin><xmax>872.9374006</xmax><ymax>611.8126924</ymax></bndbox></object><object><name>car</name><pose>Unspecified</pose><truncated>0</truncated><difficult>0</difficult><bndbox><xmin>574.4169668</xmin><ymin>536.9794776</ymin><xmax>609.8751064</xmax><ymax>562.8417109</ymax></bndbox></object><object><name>car</name><pose>Unspecified</pose><truncated>0</truncated><difficult>0</difficult><bndbox><xmin>758.3767034</xmin><ymin>519.8171456</ymin><xmax>913.8460832</xmax><ymax>639.7801253</ymax></bndbox></object><object><name>car</name><pose>Unspecified</pose><truncated>0</truncated><difficult>0</difficult><bndbox><xmin>1018.674257</xmin><ymin>523.234029</ymin><xmax>1164.430588</xmax><ymax>565.5856318</ymax></bndbox></object><object><name>car</name><pose>Unspecified</pose><truncated>0</truncated><difficult>0</difficult><bndbox><xmin>850.4441726</xmin><ymin>522.5653696</ymin><xmax>947.5800346</xmax><ymax>554.8211212</ymax></bndbox></object><object><name>car</name><pose>Unspecified</pose><truncated>0</truncated><difficult>0</difficult><bndbox><xmin>906.7236405</xmin><ymin>520.3576736</ymin><xmax>1018.494129</xmax><ymax>557.2594396</ymax></bndbox></object><object><name>car</name><pose>Unspecified</pose><truncated>0</truncated><difficult>0</difficult><bndbox><xmin>693.0953403</xmin><ymin>532.1342357</ymin><xmax>759.2349732</xmax><ymax>581.6179848</ymax></bndbox></object><object><name>car</name><pose>Unspecified</pose><truncated>0</truncated><difficult>0</difficult><bndbox><xmin>449.1172067</xmin><ymin>529.2050993</ymin><xmax>513.9550403</xmax><ymax>577.094003</ymax></bndbox></object><object><name>car</name><pose>Unspecified</pose><truncated>0</truncated><difficult>0</difficult><bndbox><xmin>935.0833498</xmin><ymin>515.3566606</ymin><xmax>1064.023542</xmax><ymax>557.2795131</ymax></bndbox></object><object><name>car</name><pose>Unspecified</pose><truncated>0</truncated><difficult>0</difficult><bndbox><xmin>683.1017948</xmin><ymin>536.7897872</ymin><xmax>724.686262</xmax><ymax>571.833094</ymax></bndbox></object><object><name>other_vehicle</name><pose>Unspecified</pose><truncated>0</truncated><difficult>0</difficult><bndbox><xmin>657.5812878</xmin><ymin>517.4305666</ymin><xmax>691.2264337</xmax><ymax>554.3228405</ymax></bndbox></object><object><name>car</name><pose>Unspecified</pose><truncated>0</truncated><difficult>0</difficult><bndbox><xmin>870.2168431</xmin><ymin>521.9993655</ymin><xmax>976.3483463</xmax><ymax>556.092358</ymax></bndbox></object><object><name>car</name><pose>Unspecified</pose><truncated>0</truncated><difficult>0</difficult><bndbox><xmin>0</xmin><ymin>515.9402683</ymin><xmax>182.6389194</xmax><ymax>748.8607533</ymax></bndbox></object></annotation>