<annotation><folder>test_xmls</folder><filename>host-a004_cam0_1233444819951064006.jpeg</filename><path>./imageshost-a004_cam0_1233444819951064006.jpeg</path><source><database>Unknown</database></source><size><width>1224</width><height>1024</height><depth>3</depth></size><segmented>0</segmented><object><name>car</name><pose>Unspecified</pose><truncated>0</truncated><difficult>0</difficult><bndbox><xmin>357.314272</xmin><ymin>537.7134572</ymin><xmax>456.2493319</xmax><ymax>601.3411297</ymax></bndbox></object><object><name>bicycle</name><pose>Unspecified</pose><truncated>0</truncated><difficult>0</difficult><bndbox><xmin>254.6161555</xmin><ymin>549.3299835</ymin><xmax>282.6198371</xmax><ymax>570.7374731</ymax></bndbox></object><object><name>car</name><pose>Unspecified</pose><truncated>0</truncated><difficult>0</difficult><bndbox><xmin>706.4680215</xmin><ymin>547.845171</ymin><xmax>779.6909871</xmax><ymax>598.9278212</ymax></bndbox></object><object><name>car</name><pose>Unspecified</pose><truncated>0</truncated><difficult>0</difficult><bndbox><xmin>660.4370869</xmin><ymin>542.0385433</ymin><xmax>720.9571321</xmax><ymax>563.0698158</ymax></bndbox></object><object><name>car</name><pose>Unspecified</pose><truncated>0</truncated><difficult>0</difficult><bndbox><xmin>579.8488974</xmin><ymin>540.2492573</ymin><xmax>607.4079233</xmax><ymax>560.5464165</ymax></bndbox></object><object><name>car</name><pose>Unspecified</pose><truncated>0</truncated><difficult>0</difficult><bndbox><xmin>691.981578</xmin><ymin>540.8467757</ymin><xmax>734.2405317</xmax><ymax>578.1739529</ymax></bndbox></object><object><name>car</name><pose>Unspecified</pose><truncated>0</truncated><difficult>0</difficult><bndbox><xmin>852.4361022</xmin><ymin>553.6511798</ymin><xmax>1224.0</xmax><ymax>833.3198747</ymax></bndbox></object><object><name>car</name><pose>Unspecified</pose><truncated>0</truncated><difficult>0</difficult><bndbox><xmin>240.5711222</xmin><ymin>552.2562044</ymin><xmax>296.7927759</xmax><ymax>569.6492712</ymax></bndbox></object><object><name>car</name><pose>Unspecified</pose><truncated>0</truncated><difficult>0</difficult><bndbox><xmin>0</xmin><ymin>553.3669119</ymin><xmax>121.8160938</xmax><ymax>612.2202976</ymax></bndbox></object><object><name>car</name><pose>Unspecified</pose><truncated>0</truncated><difficult>0</difficult><bndbox><xmin>461.1648354</xmin><ymin>544.8380273</ymin><xmax>489.6879303</xmax><ymax>561.0565253</ymax></bndbox></object><object><name>car</name><pose>Unspecified</pose><truncated>0</truncated><difficult>0</difficult><bndbox><xmin>0</xmin><ymin>550.6077752</ymin><xmax>191.121565</xmax><ymax>1024.0</ymax></bndbox></object><object><name>car</name><pose>Unspecified</pose><truncated>0</truncated><difficult>0</difficult><bndbox><xmin>181.4105</xmin><ymin>554.5886901</ymin><xmax>234.9205843</xmax><ymax>571.8937791</ymax></bndbox></object></annotation>