<annotation><folder>test_xmls</folder><filename>host-a004_cam0_1233683002251064006.jpeg</filename><path>./imageshost-a004_cam0_1233683002251064006.jpeg</path><source><database>Unknown</database></source><size><width>1224</width><height>1024</height><depth>3</depth></size><segmented>0</segmented><object><name>car</name><pose>Unspecified</pose><truncated>0</truncated><difficult>0</difficult><bndbox><xmin>703.1938549</xmin><ymin>525.9983356</ymin><xmax>802.4890785</xmax><ymax>599.9072909</ymax></bndbox></object><object><name>car</name><pose>Unspecified</pose><truncated>0</truncated><difficult>0</difficult><bndbox><xmin>739.4890563</xmin><ymin>537.7209886</ymin><xmax>879.7644322</xmax><ymax>624.4670078</ymax></bndbox></object><object><name>other_vehicle</name><pose>Unspecified</pose><truncated>0</truncated><difficult>0</difficult><bndbox><xmin>22.27080603</xmin><ymin>512.9526347</ymin><xmax>189.1261361</xmax><ymax>588.8048951</ymax></bndbox></object><object><name>car</name><pose>Unspecified</pose><truncated>0</truncated><difficult>0</difficult><bndbox><xmin>680.059872</xmin><ymin>530.8603599</ymin><xmax>723.9401496</xmax><ymax>568.4691561</ymax></bndbox></object><object><name>car</name><pose>Unspecified</pose><truncated>0</truncated><difficult>0</difficult><bndbox><xmin>551.4780388</xmin><ymin>533.6228738</ymin><xmax>595.048711</xmax><ymax>568.0560091</ymax></bndbox></object><object><name>car</name><pose>Unspecified</pose><truncated>0</truncated><difficult>0</difficult><bndbox><xmin>259.4407872</xmin><ymin>539.3721797</ymin><xmax>317.7454377</xmax><ymax>571.7669744</ymax></bndbox></object><object><name>car</name><pose>Unspecified</pose><truncated>0</truncated><difficult>0</difficult><bndbox><xmin>360.4996191</xmin><ymin>544.2307935</ymin><xmax>391.1206605</xmax><ymax>560.3837827</ymax></bndbox></object><object><name>truck</name><pose>Unspecified</pose><truncated>0</truncated><difficult>0</difficult><bndbox><xmin>536.3484481</xmin><ymin>517.2065689</ymin><xmax>578.1022596</xmax><ymax>555.5942776</ymax></bndbox></object><object><name>car</name><pose>Unspecified</pose><truncated>0</truncated><difficult>0</difficult><bndbox><xmin>0</xmin><ymin>515.4038877</ymin><xmax>440.4444136</xmax><ymax>808.3444042</ymax></bndbox></object><object><name>other_vehicle</name><pose>Unspecified</pose><truncated>0</truncated><difficult>0</difficult><bndbox><xmin>0</xmin><ymin>510.5874379</ymin><xmax>5.423287106</xmax><ymax>611.2454922</ymax></bndbox></object><object><name>car</name><pose>Unspecified</pose><truncated>0</truncated><difficult>0</difficult><bndbox><xmin>380.5267602</xmin><ymin>540.9340066</ymin><xmax>417.7472774</xmax><ymax>562.3815944</ymax></bndbox></object></annotation>