<annotation><folder>test_xmls</folder><filename>host-a004_cam0_1233618028151064006.jpeg</filename><path>./imageshost-a004_cam0_1233618028151064006.jpeg</path><source><database>Unknown</database></source><size><width>1224</width><height>1024</height><depth>3</depth></size><segmented>0</segmented><object><name>car</name><pose>Unspecified</pose><truncated>0</truncated><difficult>0</difficult><bndbox><xmin>429.0117178</xmin><ymin>539.4810327</ymin><xmax>460.9836697</xmax><ymax>558.9116279</ymax></bndbox></object><object><name>car</name><pose>Unspecified</pose><truncated>0</truncated><difficult>0</difficult><bndbox><xmin>442.735929</xmin><ymin>546.708905</ymin><xmax>546.7431017</xmax><ymax>616.7693416</ymax></bndbox></object><object><name>car</name><pose>Unspecified</pose><truncated>0</truncated><difficult>0</difficult><bndbox><xmin>584.3749505</xmin><ymin>540.3802098</ymin><xmax>607.3333091</xmax><ymax>559.3430325</ymax></bndbox></object><object><name>car</name><pose>Unspecified</pose><truncated>0</truncated><difficult>0</difficult><bndbox><xmin>365.7920203</xmin><ymin>544.760457</ymin><xmax>414.3087136</xmax><ymax>569.1924137</ymax></bndbox></object><object><name>bus</name><pose>Unspecified</pose><truncated>0</truncated><difficult>0</difficult><bndbox><xmin>228.510723</xmin><ymin>517.8240458</ymin><xmax>379.305199</xmax><ymax>576.8835318</ymax></bndbox></object><object><name>car</name><pose>Unspecified</pose><truncated>0</truncated><difficult>0</difficult><bndbox><xmin>1011.007373</xmin><ymin>530.7267071</ymin><xmax>1139.903439</xmax><ymax>574.5537426</ymax></bndbox></object><object><name>car</name><pose>Unspecified</pose><truncated>0</truncated><difficult>0</difficult><bndbox><xmin>600.6908316</xmin><ymin>537.3437743</ymin><xmax>621.3662824</xmax><ymax>556.459809</ymax></bndbox></object><object><name>car</name><pose>Unspecified</pose><truncated>0</truncated><difficult>0</difficult><bndbox><xmin>1044.722774</xmin><ymin>536.6816568</ymin><xmax>1185.017682</xmax><ymax>574.7482241</ymax></bndbox></object><object><name>car</name><pose>Unspecified</pose><truncated>0</truncated><difficult>0</difficult><bndbox><xmin>187.6440732</xmin><ymin>542.6859336</ymin><xmax>331.0186906</xmax><ymax>602.2593666</ymax></bndbox></object><object><name>car</name><pose>Unspecified</pose><truncated>0</truncated><difficult>0</difficult><bndbox><xmin>613.7801206</xmin><ymin>541.5337859</ymin><xmax>642.3090725</xmax><ymax>565.5618805</ymax></bndbox></object><object><name>car</name><pose>Unspecified</pose><truncated>0</truncated><difficult>0</difficult><bndbox><xmin>493.9463359</xmin><ymin>542.3428881</ymin><xmax>535.7705474</xmax><ymax>568.7744619</ymax></bndbox></object><object><name>car</name><pose>Unspecified</pose><truncated>0</truncated><difficult>0</difficult><bndbox><xmin>0</xmin><ymin>550.5269293</ymin><xmax>142.0562606</xmax><ymax>617.9324551</ymax></bndbox></object><object><name>car</name><pose>Unspecified</pose><truncated>0</truncated><difficult>0</difficult><bndbox><xmin>1.796978814</xmin><ymin>544.3544658</ymin><xmax>229.3936081</xmax><ymax>633.1650332</ymax></bndbox></object><object><name>car</name><pose>Unspecified</pose><truncated>0</truncated><difficult>0</difficult><bndbox><xmin>883.7914798</xmin><ymin>537.0776849</ymin><xmax>1000.173481</xmax><ymax>572.8672752</ymax></bndbox></object><object><name>car</name><pose>Unspecified</pose><truncated>0</truncated><difficult>0</difficult><bndbox><xmin>766.2460223</xmin><ymin>536.7820235</ymin><xmax>867.5686824</xmax><ymax>570.9513696</ymax></bndbox></object><object><name>car</name><pose>Unspecified</pose><truncated>0</truncated><difficult>0</difficult><bndbox><xmin>554.6386804</xmin><ymin>534.3796247</ymin><xmax>594.3231325</xmax><ymax>570.0472126</ymax></bndbox></object><object><name>car</name><pose>Unspecified</pose><truncated>0</truncated><difficult>0</difficult><bndbox><xmin>1133.037405</xmin><ymin>532.2720617</ymin><xmax>1224.0</xmax><ymax>564.3789546</ymax></bndbox></object><object><name>car</name><pose>Unspecified</pose><truncated>0</truncated><difficult>0</difficult><bndbox><xmin>417.5348472</xmin><ymin>542.6675844</ymin><xmax>451.1985448</xmax><ymax>564.9326127</ymax></bndbox></object><object><name>car</name><pose>Unspecified</pose><truncated>0</truncated><difficult>0</difficult><bndbox><xmin>301.2938052</xmin><ymin>536.7626384</ymin><xmax>395.2864114</xmax><ymax>587.180654</ymax></bndbox></object><object><name>car</name><pose>Unspecified</pose><truncated>0</truncated><difficult>0</difficult><bndbox><xmin>839.1612161</xmin><ymin>539.3241424</ymin><xmax>944.9553434</xmax><ymax>571.4654799</ymax></bndbox></object><object><name>car</name><pose>Unspecified</pose><truncated>0</truncated><difficult>0</difficult><bndbox><xmin>0</xmin><ymin>555.6894782</ymin><xmax>93.93289614</xmax><ymax>587.4711144</ymax></bndbox></object><object><name>car</name><pose>Unspecified</pose><truncated>0</truncated><difficult>0</difficult><bndbox><xmin>886.3048693</xmin><ymin>527.9996929</ymin><xmax>1009.897434</xmax><ymax>573.3375432</ymax></bndbox></object><object><name>car</name><pose>Unspecified</pose><truncated>0</truncated><difficult>0</difficult><bndbox><xmin>630.5765282</xmin><ymin>527.468417</ymin><xmax>677.924653</xmax><ymax>579.0241547</ymax></bndbox></object><object><name>bicycle</name><pose>Unspecified</pose><truncated>0</truncated><difficult>0</difficult><bndbox><xmin>702.2799519</xmin><ymin>537.2813018</ymin><xmax>717.6528019</xmax><ymax>561.2786275</ymax></bndbox></object><object><name>car</name><pose>Unspecified</pose><truncated>0</truncated><difficult>0</difficult><bndbox><xmin>0</xmin><ymin>545.3289614</ymin><xmax>118.3830264</xmax><ymax>583.9448081</ymax></bndbox></object><object><name>car</name><pose>Unspecified</pose><truncated>0</truncated><difficult>0</difficult><bndbox><xmin>1207.450919</xmin><ymin>535.2901861</ymin><xmax>1224.0</xmax><ymax>563.8246526</ymax></bndbox></object></annotation>