<annotation><folder>test_xmls</folder><filename>host-a004_cam0_1232905140151064006.jpeg</filename><path>./imageshost-a004_cam0_1232905140151064006.jpeg</path><source><database>Unknown</database></source><size><width>1224</width><height>1024</height><depth>3</depth></size><segmented>0</segmented><object><name>bicycle</name><pose>Unspecified</pose><truncated>0</truncated><difficult>0</difficult><bndbox><xmin>736.8972289</xmin><ymin>535.3021628</ymin><xmax>794.6804249</xmax><ymax>576.0573731</ymax></bndbox></object><object><name>car</name><pose>Unspecified</pose><truncated>0</truncated><difficult>0</difficult><bndbox><xmin>316.1487213</xmin><ymin>548.409794</ymin><xmax>365.3984776</xmax><ymax>574.1595582</ymax></bndbox></object><object><name>car</name><pose>Unspecified</pose><truncated>0</truncated><difficult>0</difficult><bndbox><xmin>329.9712555</xmin><ymin>548.3159954</ymin><xmax>440.1629191</xmax><ymax>609.5816481</ymax></bndbox></object><object><name>car</name><pose>Unspecified</pose><truncated>0</truncated><difficult>0</difficult><bndbox><xmin>551.0714974</xmin><ymin>533.9292586</ymin><xmax>599.4892637</xmax><ymax>575.2278283</ymax></bndbox></object><object><name>car</name><pose>Unspecified</pose><truncated>0</truncated><difficult>0</difficult><bndbox><xmin>96.61817617</xmin><ymin>559.5869965</ymin><xmax>186.8773358</xmax><ymax>595.9814317</ymax></bndbox></object><object><name>car</name><pose>Unspecified</pose><truncated>0</truncated><difficult>0</difficult><bndbox><xmin>175.1018069</xmin><ymin>557.9320135</ymin><xmax>246.4268938</xmax><ymax>589.7432959</ymax></bndbox></object><object><name>car</name><pose>Unspecified</pose><truncated>0</truncated><difficult>0</difficult><bndbox><xmin>840.6946877</xmin><ymin>536.062336</ymin><xmax>951.3812086</xmax><ymax>573.2723029</ymax></bndbox></object><object><name>car</name><pose>Unspecified</pose><truncated>0</truncated><difficult>0</difficult><bndbox><xmin>634.4207358</xmin><ymin>537.6065962</ymin><xmax>654.0787027</xmax><ymax>555.4798171</ymax></bndbox></object><object><name>car</name><pose>Unspecified</pose><truncated>0</truncated><difficult>0</difficult><bndbox><xmin>582.4575781</xmin><ymin>539.9693096</ymin><xmax>609.4216837</xmax><ymax>559.7290644</ymax></bndbox></object><object><name>bus</name><pose>Unspecified</pose><truncated>0</truncated><difficult>0</difficult><bndbox><xmin>357.3124497</xmin><ymin>532.4066885</ymin><xmax>427.1554502</xmax><ymax>572.9933627</ymax></bndbox></object><object><name>car</name><pose>Unspecified</pose><truncated>0</truncated><difficult>0</difficult><bndbox><xmin>1161.046938</xmin><ymin>551.1559278</ymin><xmax>1224.0</xmax><ymax>675.395476</ymax></bndbox></object><object><name>car</name><pose>Unspecified</pose><truncated>0</truncated><difficult>0</difficult><bndbox><xmin>998.526155</xmin><ymin>533.0542248</ymin><xmax>1211.491915</xmax><ymax>628.4729322</ymax></bndbox></object><object><name>car</name><pose>Unspecified</pose><truncated>0</truncated><difficult>0</difficult><bndbox><xmin>222.2514786</xmin><ymin>556.3980388</ymin><xmax>280.0008912</xmax><ymax>583.8254435</ymax></bndbox></object><object><name>car</name><pose>Unspecified</pose><truncated>0</truncated><difficult>0</difficult><bndbox><xmin>966.9981045</xmin><ymin>535.4490908</ymin><xmax>1075.894521</xmax><ymax>571.5796838</ymax></bndbox></object><object><name>car</name><pose>Unspecified</pose><truncated>0</truncated><difficult>0</difficult><bndbox><xmin>491.9237603</xmin><ymin>543.5602498</ymin><xmax>534.6822165</xmax><ymax>571.889622</ymax></bndbox></object><object><name>car</name><pose>Unspecified</pose><truncated>0</truncated><difficult>0</difficult><bndbox><xmin>252.2903214</xmin><ymin>549.1188121</ymin><xmax>319.8595342</xmax><ymax>584.8392147</ymax></bndbox></object><object><name>car</name><pose>Unspecified</pose><truncated>0</truncated><difficult>0</difficult><bndbox><xmin>442.6619751</xmin><ymin>544.8145007</ymin><xmax>482.8685747</xmax><ymax>569.3840407</ymax></bndbox></object><object><name>car</name><pose>Unspecified</pose><truncated>0</truncated><difficult>0</difficult><bndbox><xmin>408.570606</xmin><ymin>539.0626981</ymin><xmax>460.7819732</xmax><ymax>574.1216905</ymax></bndbox></object></annotation>