<annotation><folder>test_xmls</folder><filename>host-a004_cam0_1233516159251064006.jpeg</filename><path>./imageshost-a004_cam0_1233516159251064006.jpeg</path><source><database>Unknown</database></source><size><width>1224</width><height>1024</height><depth>3</depth></size><segmented>0</segmented><object><name>car</name><pose>Unspecified</pose><truncated>0</truncated><difficult>0</difficult><bndbox><xmin>441.8315656</xmin><ymin>537.2542885</ymin><xmax>560.077319</xmax><ymax>613.0898112</ymax></bndbox></object><object><name>car</name><pose>Unspecified</pose><truncated>0</truncated><difficult>0</difficult><bndbox><xmin>693.8136223</xmin><ymin>538.2497089</ymin><xmax>755.3339604</xmax><ymax>581.9195714</ymax></bndbox></object><object><name>other_vehicle</name><pose>Unspecified</pose><truncated>0</truncated><difficult>0</difficult><bndbox><xmin>700.5368578</xmin><ymin>471.4243436</ymin><xmax>843.67491</xmax><ymax>604.8564234</ymax></bndbox></object><object><name>other_vehicle</name><pose>Unspecified</pose><truncated>0</truncated><difficult>0</difficult><bndbox><xmin>678.2368156</xmin><ymin>509.3166013</ymin><xmax>741.1202406</xmax><ymax>572.6243037</ymax></bndbox></object><object><name>other_vehicle</name><pose>Unspecified</pose><truncated>0</truncated><difficult>0</difficult><bndbox><xmin>669.9030087</xmin><ymin>510.2797809</ymin><xmax>717.4280587</xmax><ymax>560.2358503</ymax></bndbox></object><object><name>car</name><pose>Unspecified</pose><truncated>0</truncated><difficult>0</difficult><bndbox><xmin>758.2037441</xmin><ymin>544.1319487</ymin><xmax>928.8127504</xmax><ymax>644.236791</ymax></bndbox></object><object><name>other_vehicle</name><pose>Unspecified</pose><truncated>0</truncated><difficult>0</difficult><bndbox><xmin>816.3682787</xmin><ymin>80.68373152</ymin><xmax>1224.0</xmax><ymax>1024.0</ymax></bndbox></object><object><name>car</name><pose>Unspecified</pose><truncated>0</truncated><difficult>0</difficult><bndbox><xmin>418.9567447</xmin><ymin>527.4449902</ymin><xmax>493.02955</xmax><ymax>581.1672913</ymax></bndbox></object><object><name>car</name><pose>Unspecified</pose><truncated>0</truncated><difficult>0</difficult><bndbox><xmin>0</xmin><ymin>510.1488443</ymin><xmax>236.3403709</xmax><ymax>699.7740811</ymax></bndbox></object></annotation>