<annotation><folder>test_xmls</folder><filename>host-a004_cam0_1233947111951064006.jpeg</filename><path>./imageshost-a004_cam0_1233947111951064006.jpeg</path><source><database>Unknown</database></source><size><width>1224</width><height>1024</height><depth>3</depth></size><segmented>0</segmented><object><name>car</name><pose>Unspecified</pose><truncated>0</truncated><difficult>0</difficult><bndbox><xmin>379.5929251</xmin><ymin>543.9048899</ymin><xmax>406.4399956</xmax><ymax>559.1234454</ymax></bndbox></object><object><name>car</name><pose>Unspecified</pose><truncated>0</truncated><difficult>0</difficult><bndbox><xmin>505.8753098</xmin><ymin>537.7535353</ymin><xmax>544.2006029</xmax><ymax>567.6587613</ymax></bndbox></object><object><name>car</name><pose>Unspecified</pose><truncated>0</truncated><difficult>0</difficult><bndbox><xmin>699.4622107</xmin><ymin>539.3419118</ymin><xmax>769.9360697</xmax><ymax>586.6912897</ymax></bndbox></object><object><name>car</name><pose>Unspecified</pose><truncated>0</truncated><difficult>0</difficult><bndbox><xmin>573.1972215</xmin><ymin>536.7869457</ymin><xmax>608.5665304</xmax><ymax>564.6502551</ymax></bndbox></object><object><name>car</name><pose>Unspecified</pose><truncated>0</truncated><difficult>0</difficult><bndbox><xmin>675.3507852</xmin><ymin>531.918689</ymin><xmax>709.3987833</xmax><ymax>561.8945499</ymax></bndbox></object><object><name>car</name><pose>Unspecified</pose><truncated>0</truncated><difficult>0</difficult><bndbox><xmin>688.6031191</xmin><ymin>537.3740843</ymin><xmax>740.5403825</xmax><ymax>573.9907811</ymax></bndbox></object><object><name>car</name><pose>Unspecified</pose><truncated>0</truncated><difficult>0</difficult><bndbox><xmin>682.0956475</xmin><ymin>533.6675279</ymin><xmax>719.2419168</xmax><ymax>569.274247</ymax></bndbox></object><object><name>bus</name><pose>Unspecified</pose><truncated>0</truncated><difficult>0</difficult><bndbox><xmin>663.5801068</xmin><ymin>519.3301915</ymin><xmax>697.8476977</xmax><ymax>556.7730295</ymax></bndbox></object><object><name>bus</name><pose>Unspecified</pose><truncated>0</truncated><difficult>0</difficult><bndbox><xmin>713.8072423</xmin><ymin>421.2985853</ymin><xmax>999.3269831</xmax><ymax>653.0052259</ymax></bndbox></object><object><name>other_vehicle</name><pose>Unspecified</pose><truncated>0</truncated><difficult>0</difficult><bndbox><xmin>825.2650637</xmin><ymin>24.65141226</ymin><xmax>1224.0</xmax><ymax>1024.0</ymax></bndbox></object><object><name>car</name><pose>Unspecified</pose><truncated>0</truncated><difficult>0</difficult><bndbox><xmin>691.4741886</xmin><ymin>539.1773386</ymin><xmax>742.539797</xmax><ymax>580.1227856</ymax></bndbox></object></annotation>