<annotation><folder>test_xmls</folder><filename>host-a004_cam0_1233421987651064006.jpeg</filename><path>./imageshost-a004_cam0_1233421987651064006.jpeg</path><source><database>Unknown</database></source><size><width>1224</width><height>1024</height><depth>3</depth></size><segmented>0</segmented><object><name>car</name><pose>Unspecified</pose><truncated>0</truncated><difficult>0</difficult><bndbox><xmin>0</xmin><ymin>0</ymin><xmax>228.8911128</xmax><ymax>1024.0</ymax></bndbox></object><object><name>car</name><pose>Unspecified</pose><truncated>0</truncated><difficult>0</difficult><bndbox><xmin>353.42066</xmin><ymin>532.3384092</ymin><xmax>396.1054804</xmax><ymax>554.5402951</ymax></bndbox></object><object><name>car</name><pose>Unspecified</pose><truncated>0</truncated><difficult>0</difficult><bndbox><xmin>603.9294979</xmin><ymin>531.2737231</ymin><xmax>690.452504</xmax><ymax>603.7475873</ymax></bndbox></object><object><name>car</name><pose>Unspecified</pose><truncated>0</truncated><difficult>0</difficult><bndbox><xmin>0</xmin><ymin>475.9600185</ymin><xmax>198.5690948</xmax><ymax>658.5559397</ymax></bndbox></object><object><name>car</name><pose>Unspecified</pose><truncated>0</truncated><difficult>0</difficult><bndbox><xmin>542.6845271</xmin><ymin>533.1330223</ymin><xmax>594.529285</xmax><ymax>569.2589328</ymax></bndbox></object><object><name>car</name><pose>Unspecified</pose><truncated>0</truncated><difficult>0</difficult><bndbox><xmin>380.8346513</xmin><ymin>536.4185565</ymin><xmax>478.289659</xmax><ymax>589.5128688</ymax></bndbox></object><object><name>car</name><pose>Unspecified</pose><truncated>0</truncated><difficult>0</difficult><bndbox><xmin>550.4427526</xmin><ymin>535.0549732</ymin><xmax>746.2867357</xmax><ymax>703.364216</ymax></bndbox></object><object><name>car</name><pose>Unspecified</pose><truncated>0</truncated><difficult>0</difficult><bndbox><xmin>629.7389458</xmin><ymin>527.0986036</ymin><xmax>657.5719244</xmax><ymax>558.7747568</ymax></bndbox></object><object><name>car</name><pose>Unspecified</pose><truncated>0</truncated><difficult>0</difficult><bndbox><xmin>577.3361542</xmin><ymin>525.2183947</ymin><xmax>615.0909308</xmax><ymax>556.4403457</ymax></bndbox></object><object><name>car</name><pose>Unspecified</pose><truncated>0</truncated><difficult>0</difficult><bndbox><xmin>530.2754134</xmin><ymin>530.8416302</ymin><xmax>565.0822149</xmax><ymax>554.9877168</ymax></bndbox></object><object><name>car</name><pose>Unspecified</pose><truncated>0</truncated><difficult>0</difficult><bndbox><xmin>984.6465748</xmin><ymin>545.751592</ymin><xmax>1224.0</xmax><ymax>1024.0</ymax></bndbox></object><object><name>car</name><pose>Unspecified</pose><truncated>0</truncated><difficult>0</difficult><bndbox><xmin>436.223365</xmin><ymin>540.6742886</ymin><xmax>549.9280424</xmax><ymax>609.9614173</ymax></bndbox></object><object><name>car</name><pose>Unspecified</pose><truncated>0</truncated><difficult>0</difficult><bndbox><xmin>453.913766</xmin><ymin>532.7429758</ymin><xmax>486.9805416</xmax><ymax>550.2425381</ymax></bndbox></object><object><name>car</name><pose>Unspecified</pose><truncated>0</truncated><difficult>0</difficult><bndbox><xmin>236.5552249</xmin><ymin>527.79718</ymin><xmax>368.317935</xmax><ymax>596.5139396</ymax></bndbox></object><object><name>car</name><pose>Unspecified</pose><truncated>0</truncated><difficult>0</difficult><bndbox><xmin>171.1866131</xmin><ymin>545.8571395</ymin><xmax>471.1133571</xmax><ymax>701.6565682</ymax></bndbox></object><object><name>car</name><pose>Unspecified</pose><truncated>0</truncated><difficult>0</difficult><bndbox><xmin>750.8139744</xmin><ymin>501.8173021</ymin><xmax>926.5651851</xmax><ymax>633.8037176</ymax></bndbox></object><object><name>car</name><pose>Unspecified</pose><truncated>0</truncated><difficult>0</difficult><bndbox><xmin>608.170583</xmin><ymin>528.8604667</ymin><xmax>628.1684592</xmax><ymax>543.8457719</ymax></bndbox></object><object><name>car</name><pose>Unspecified</pose><truncated>0</truncated><difficult>0</difficult><bndbox><xmin>380.782347</xmin><ymin>529.4535469</ymin><xmax>425.8101206</xmax><ymax>554.5221593</ymax></bndbox></object></annotation>