<annotation><folder>test_xmls</folder><filename>host-a004_cam0_1235947082351064006.jpeg</filename><path>./imageshost-a004_cam0_1235947082351064006.jpeg</path><source><database>Unknown</database></source><size><width>1224</width><height>1024</height><depth>3</depth></size><segmented>0</segmented><object><name>car</name><pose>Unspecified</pose><truncated>0</truncated><difficult>0</difficult><bndbox><xmin>367.4241084</xmin><ymin>530.2028812</ymin><xmax>457.5879864</xmax><ymax>593.6149346</ymax></bndbox></object><object><name>car</name><pose>Unspecified</pose><truncated>0</truncated><difficult>0</difficult><bndbox><xmin>278.4760781</xmin><ymin>536.266927</ymin><xmax>322.9029871</xmax><ymax>557.7452151</ymax></bndbox></object><object><name>car</name><pose>Unspecified</pose><truncated>0</truncated><difficult>0</difficult><bndbox><xmin>0</xmin><ymin>542.0231168</ymin><xmax>90.06201072</xmax><ymax>582.9328752</ymax></bndbox></object><object><name>car</name><pose>Unspecified</pose><truncated>0</truncated><difficult>0</difficult><bndbox><xmin>549.3327939</xmin><ymin>531.1239576</ymin><xmax>583.064118</xmax><ymax>561.8683731</ymax></bndbox></object><object><name>car</name><pose>Unspecified</pose><truncated>0</truncated><difficult>0</difficult><bndbox><xmin>437.6502544</xmin><ymin>526.2976122</ymin><xmax>556.8210583</xmax><ymax>620.8877147</ymax></bndbox></object><object><name>car</name><pose>Unspecified</pose><truncated>0</truncated><difficult>0</difficult><bndbox><xmin>240.0523549</xmin><ymin>534.8450811</ymin><xmax>297.2599035</xmax><ymax>560.6558973</ymax></bndbox></object><object><name>car</name><pose>Unspecified</pose><truncated>0</truncated><difficult>0</difficult><bndbox><xmin>667.547121</xmin><ymin>535.4361035</ymin><xmax>714.4958961</xmax><ymax>572.7051413</ymax></bndbox></object><object><name>car</name><pose>Unspecified</pose><truncated>0</truncated><difficult>0</difficult><bndbox><xmin>175.5961135</xmin><ymin>537.4904203</ymin><xmax>245.427361</xmax><ymax>571.8703116</ymax></bndbox></object><object><name>car</name><pose>Unspecified</pose><truncated>0</truncated><difficult>0</difficult><bndbox><xmin>1008.83078</xmin><ymin>525.7833154</ymin><xmax>1158.630795</xmax><ymax>574.4148545</ymax></bndbox></object><object><name>car</name><pose>Unspecified</pose><truncated>0</truncated><difficult>0</difficult><bndbox><xmin>656.3210146</xmin><ymin>532.2909796</ymin><xmax>689.9772118</xmax><ymax>561.5971233</ymax></bndbox></object><object><name>car</name><pose>Unspecified</pose><truncated>0</truncated><difficult>0</difficult><bndbox><xmin>147.7403838</xmin><ymin>542.368303</ymin><xmax>214.9789362</xmax><ymax>569.1019948</ymax></bndbox></object><object><name>car</name><pose>Unspecified</pose><truncated>0</truncated><difficult>0</difficult><bndbox><xmin>611.6303117</xmin><ymin>536.6831863</ymin><xmax>628.0637181</xmax><ymax>550.670571</ymax></bndbox></object></annotation>