<annotation><folder>test_xmls</folder><filename>host-a004_cam0_1233685232551064006.jpeg</filename><path>./imageshost-a004_cam0_1233685232551064006.jpeg</path><source><database>Unknown</database></source><size><width>1224</width><height>1024</height><depth>3</depth></size><segmented>0</segmented><object><name>car</name><pose>Unspecified</pose><truncated>0</truncated><difficult>0</difficult><bndbox><xmin>595.9541117</xmin><ymin>539.9799547</ymin><xmax>623.6285754</xmax><ymax>562.0557357</ymax></bndbox></object><object><name>other_vehicle</name><pose>Unspecified</pose><truncated>0</truncated><difficult>0</difficult><bndbox><xmin>44.23166056</xmin><ymin>531.0302214</ymin><xmax>187.7117795</xmax><ymax>605.8161812</ymax></bndbox></object><object><name>other_vehicle</name><pose>Unspecified</pose><truncated>0</truncated><difficult>0</difficult><bndbox><xmin>299.4672296</xmin><ymin>535.7537658</ymin><xmax>367.8479316</xmax><ymax>578.9089637</ymax></bndbox></object><object><name>car</name><pose>Unspecified</pose><truncated>0</truncated><difficult>0</difficult><bndbox><xmin>250.0509901</xmin><ymin>557.1739828</ymin><xmax>300.0894713</xmax><ymax>585.5908359</ymax></bndbox></object><object><name>motorcycle</name><pose>Unspecified</pose><truncated>0</truncated><difficult>0</difficult><bndbox><xmin>189.2495071</xmin><ymin>565.1269705</ymin><xmax>215.1248297</xmax><ymax>592.1994052</ymax></bndbox></object><object><name>car</name><pose>Unspecified</pose><truncated>0</truncated><difficult>0</difficult><bndbox><xmin>363.780596</xmin><ymin>549.7153918</ymin><xmax>413.0670173</xmax><ymax>572.4530065</ymax></bndbox></object><object><name>bus</name><pose>Unspecified</pose><truncated>0</truncated><difficult>0</difficult><bndbox><xmin>613.5043489</xmin><ymin>496.2867135</ymin><xmax>676.9165061</xmax><ymax>575.570699</ymax></bndbox></object><object><name>car</name><pose>Unspecified</pose><truncated>0</truncated><difficult>0</difficult><bndbox><xmin>687.9569416</xmin><ymin>541.1742204</ymin><xmax>734.0410891</xmax><ymax>574.5110935</ymax></bndbox></object><object><name>car</name><pose>Unspecified</pose><truncated>0</truncated><difficult>0</difficult><bndbox><xmin>710.5107665</xmin><ymin>541.4218967</ymin><xmax>791.644767</xmax><ymax>596.1714357</ymax></bndbox></object><object><name>car</name><pose>Unspecified</pose><truncated>0</truncated><difficult>0</difficult><bndbox><xmin>697.2603043</xmin><ymin>541.8181227</ymin><xmax>757.0079643</xmax><ymax>582.1149305</ymax></bndbox></object><object><name>car</name><pose>Unspecified</pose><truncated>0</truncated><difficult>0</difficult><bndbox><xmin>208.392325</xmin><ymin>562.3047961</ymin><xmax>274.4598063</xmax><ymax>590.9390838</ymax></bndbox></object><object><name>other_vehicle</name><pose>Unspecified</pose><truncated>0</truncated><difficult>0</difficult><bndbox><xmin>0</xmin><ymin>517.9165576</ymin><xmax>66.83596813</xmax><ymax>637.7712895</ymax></bndbox></object><object><name>car</name><pose>Unspecified</pose><truncated>0</truncated><difficult>0</difficult><bndbox><xmin>725.9982467</xmin><ymin>541.6007527</ymin><xmax>829.0546152</xmax><ymax>611.3425021</ymax></bndbox></object><object><name>car</name><pose>Unspecified</pose><truncated>0</truncated><difficult>0</difficult><bndbox><xmin>283.3128442</xmin><ymin>557.4025268</ymin><xmax>335.6182839</xmax><ymax>583.1314079</ymax></bndbox></object><object><name>car</name><pose>Unspecified</pose><truncated>0</truncated><difficult>0</difficult><bndbox><xmin>674.8698133</xmin><ymin>537.9792861</ymin><xmax>695.1525983</xmax><ymax>554.8224926</ymax></bndbox></object><object><name>car</name><pose>Unspecified</pose><truncated>0</truncated><difficult>0</difficult><bndbox><xmin>513.4923268</xmin><ymin>543.5101541</ymin><xmax>583.2141445</xmax><ymax>592.8811691</ymax></bndbox></object></annotation>