<annotation><folder>test_xmls</folder><filename>host-a004_cam0_1233693276751064006.jpeg</filename><path>./imageshost-a004_cam0_1233693276751064006.jpeg</path><source><database>Unknown</database></source><size><width>1224</width><height>1024</height><depth>3</depth></size><segmented>0</segmented><object><name>car</name><pose>Unspecified</pose><truncated>0</truncated><difficult>0</difficult><bndbox><xmin>701.2972042</xmin><ymin>539.6300538</ymin><xmax>768.3490553</xmax><ymax>589.0796941</ymax></bndbox></object><object><name>car</name><pose>Unspecified</pose><truncated>0</truncated><difficult>0</difficult><bndbox><xmin>672.69397</xmin><ymin>534.1891883</ymin><xmax>709.2475357</xmax><ymax>567.3426646</ymax></bndbox></object><object><name>car</name><pose>Unspecified</pose><truncated>0</truncated><difficult>0</difficult><bndbox><xmin>312.8007719</xmin><ymin>541.3489143</ymin><xmax>428.6289172</xmax><ymax>608.3810197</ymax></bndbox></object><object><name>car</name><pose>Unspecified</pose><truncated>0</truncated><difficult>0</difficult><bndbox><xmin>571.1974952</xmin><ymin>528.9490392</ymin><xmax>607.0452031</xmax><ymax>563.5305268</ymax></bndbox></object><object><name>car</name><pose>Unspecified</pose><truncated>0</truncated><difficult>0</difficult><bndbox><xmin>597.5116955</xmin><ymin>538.6625064</ymin><xmax>666.6550977</xmax><ymax>600.5681113</ymax></bndbox></object><object><name>car</name><pose>Unspecified</pose><truncated>0</truncated><difficult>0</difficult><bndbox><xmin>712.3801395</xmin><ymin>540.4801797</ymin><xmax>805.6886095</xmax><ymax>605.3114728</ymax></bndbox></object><object><name>car</name><pose>Unspecified</pose><truncated>0</truncated><difficult>0</difficult><bndbox><xmin>677.0628766</xmin><ymin>539.9434734</ymin><xmax>719.2236135</xmax><ymax>571.7122506</ymax></bndbox></object><object><name>car</name><pose>Unspecified</pose><truncated>0</truncated><difficult>0</difficult><bndbox><xmin>500.1460147</xmin><ymin>539.9669146</ymin><xmax>536.6646585</xmax><ymax>566.5713073</ymax></bndbox></object><object><name>other_vehicle</name><pose>Unspecified</pose><truncated>0</truncated><difficult>0</difficult><bndbox><xmin>115.3729646</xmin><ymin>535.8997236</ymin><xmax>223.2876492</xmax><ymax>587.6672755</ymax></bndbox></object><object><name>car</name><pose>Unspecified</pose><truncated>0</truncated><difficult>0</difficult><bndbox><xmin>386.5652823</xmin><ymin>542.4155319</ymin><xmax>523.3733292</xmax><ymax>634.7880549</ymax></bndbox></object><object><name>car</name><pose>Unspecified</pose><truncated>0</truncated><difficult>0</difficult><bndbox><xmin>658.0849499</xmin><ymin>537.8100843</ymin><xmax>681.6603202</xmax><ymax>557.3849483</ymax></bndbox></object><object><name>other_vehicle</name><pose>Unspecified</pose><truncated>0</truncated><difficult>0</difficult><bndbox><xmin>0</xmin><ymin>516.8346628</ymin><xmax>11.76488515</xmax><ymax>627.392046</ymax></bndbox></object><object><name>other_vehicle</name><pose>Unspecified</pose><truncated>0</truncated><difficult>0</difficult><bndbox><xmin>333.5188062</xmin><ymin>530.5056087</ymin><xmax>389.3218985</xmax><ymax>566.5239105</ymax></bndbox></object><object><name>car</name><pose>Unspecified</pose><truncated>0</truncated><difficult>0</difficult><bndbox><xmin>621.3438327</xmin><ymin>536.6110604</ymin><xmax>638.952194</xmax><ymax>551.3370205</ymax></bndbox></object></annotation>