<annotation><folder>test_xmls</folder><filename>host-a004_cam0_1233602018651064006.jpeg</filename><path>./imageshost-a004_cam0_1233602018651064006.jpeg</path><source><database>Unknown</database></source><size><width>1224</width><height>1024</height><depth>3</depth></size><segmented>0</segmented><object><name>car</name><pose>Unspecified</pose><truncated>0</truncated><difficult>0</difficult><bndbox><xmin>675.2699112</xmin><ymin>535.7721372</ymin><xmax>714.1622482</xmax><ymax>564.9790222</ymax></bndbox></object><object><name>car</name><pose>Unspecified</pose><truncated>0</truncated><difficult>0</difficult><bndbox><xmin>689.5631662</xmin><ymin>526.0148913</ymin><xmax>754.5048975</xmax><ymax>581.4096374</ymax></bndbox></object><object><name>car</name><pose>Unspecified</pose><truncated>0</truncated><difficult>0</difficult><bndbox><xmin>551.1382496</xmin><ymin>537.7567187</ymin><xmax>592.040505</xmax><ymax>569.6542331</ymax></bndbox></object><object><name>car</name><pose>Unspecified</pose><truncated>0</truncated><difficult>0</difficult><bndbox><xmin>420.312402</xmin><ymin>527.2764888</ymin><xmax>542.5271846</xmax><ymax>613.4473608</ymax></bndbox></object><object><name>car</name><pose>Unspecified</pose><truncated>0</truncated><difficult>0</difficult><bndbox><xmin>682.6125749</xmin><ymin>535.7945455</ymin><xmax>721.3334082</xmax><ymax>568.5948092</ymax></bndbox></object><object><name>car</name><pose>Unspecified</pose><truncated>0</truncated><difficult>0</difficult><bndbox><xmin>704.0806631</xmin><ymin>538.2426408</ymin><xmax>788.2216797</xmax><ymax>592.2873046</ymax></bndbox></object><object><name>truck</name><pose>Unspecified</pose><truncated>0</truncated><difficult>0</difficult><bndbox><xmin>284.7217852</xmin><ymin>465.3798648</ymin><xmax>477.6541864</xmax><ymax>608.6367157</ymax></bndbox></object><object><name>car</name><pose>Unspecified</pose><truncated>0</truncated><difficult>0</difficult><bndbox><xmin>741.7961567</xmin><ymin>519.2867931</ymin><xmax>938.329927</xmax><ymax>653.5217349</ymax></bndbox></object><object><name>truck</name><pose>Unspecified</pose><truncated>0</truncated><difficult>0</difficult><bndbox><xmin>258.7195723</xmin><ymin>533.9271815</ymin><xmax>331.8412876</xmax><ymax>569.555881</ymax></bndbox></object><object><name>car</name><pose>Unspecified</pose><truncated>0</truncated><difficult>0</difficult><bndbox><xmin>722.7543776</xmin><ymin>513.3585081</ymin><xmax>832.4938337</xmax><ymax>614.3948585</ymax></bndbox></object><object><name>bus</name><pose>Unspecified</pose><truncated>0</truncated><difficult>0</difficult><bndbox><xmin>761.353762</xmin><ymin>0</ymin><xmax>1224.0</xmax><ymax>1024.0</ymax></bndbox></object><object><name>car</name><pose>Unspecified</pose><truncated>0</truncated><difficult>0</difficult><bndbox><xmin>518.7336576</xmin><ymin>534.8778201</ymin><xmax>574.1805641</xmax><ymax>579.2605906</ymax></bndbox></object></annotation>