<annotation><folder>test_xmls</folder><filename>host-a004_cam0_1234051604251064006.jpeg</filename><path>./imageshost-a004_cam0_1234051604251064006.jpeg</path><source><database>Unknown</database></source><size><width>1224</width><height>1024</height><depth>3</depth></size><segmented>0</segmented><object><name>car</name><pose>Unspecified</pose><truncated>0</truncated><difficult>0</difficult><bndbox><xmin>565.6523428</xmin><ymin>530.5594725</ymin><xmax>601.4896611</xmax><ymax>561.9655676</ymax></bndbox></object><object><name>car</name><pose>Unspecified</pose><truncated>0</truncated><difficult>0</difficult><bndbox><xmin>532.8831411</xmin><ymin>529.1718909</ymin><xmax>566.8712976</xmax><ymax>557.0905694</ymax></bndbox></object><object><name>car</name><pose>Unspecified</pose><truncated>0</truncated><difficult>0</difficult><bndbox><xmin>488.8630418</xmin><ymin>535.7385327</ymin><xmax>566.5503013</xmax><ymax>590.8579984</ymax></bndbox></object><object><name>car</name><pose>Unspecified</pose><truncated>0</truncated><difficult>0</difficult><bndbox><xmin>622.4517006</xmin><ymin>533.2281618</ymin><xmax>651.5173664</xmax><ymax>558.3538924</ymax></bndbox></object></annotation>