<annotation><folder>test_xmls</folder><filename>host-a004_cam0_1233516152651064006.jpeg</filename><path>./imageshost-a004_cam0_1233516152651064006.jpeg</path><source><database>Unknown</database></source><size><width>1224</width><height>1024</height><depth>3</depth></size><segmented>0</segmented><object><name>other_vehicle</name><pose>Unspecified</pose><truncated>0</truncated><difficult>0</difficult><bndbox><xmin>659.3632575</xmin><ymin>519.6247286</ymin><xmax>702.7196539</xmax><ymax>558.1436116</ymax></bndbox></object><object><name>car</name><pose>Unspecified</pose><truncated>0</truncated><difficult>0</difficult><bndbox><xmin>15.98338272</xmin><ymin>558.4992855</ymin><xmax>121.7824566</xmax><ymax>598.3428108</ymax></bndbox></object><object><name>car</name><pose>Unspecified</pose><truncated>0</truncated><difficult>0</difficult><bndbox><xmin>344.3583569</xmin><ymin>544.8630354</ymin><xmax>383.342464</xmax><ymax>566.2147632</ymax></bndbox></object><object><name>car</name><pose>Unspecified</pose><truncated>0</truncated><difficult>0</difficult><bndbox><xmin>627.4710244</xmin><ymin>538.4251593</ymin><xmax>651.2401957</xmax><ymax>559.2255654</ymax></bndbox></object><object><name>car</name><pose>Unspecified</pose><truncated>0</truncated><difficult>0</difficult><bndbox><xmin>691.6650652</xmin><ymin>532.8341923</ymin><xmax>766.5004565</xmax><ymax>585.9956583</ymax></bndbox></object><object><name>car</name><pose>Unspecified</pose><truncated>0</truncated><difficult>0</difficult><bndbox><xmin>672.6726273</xmin><ymin>526.3836245</ymin><xmax>718.7342371</xmax><ymax>568.82709</ymax></bndbox></object><object><name>car</name><pose>Unspecified</pose><truncated>0</truncated><difficult>0</difficult><bndbox><xmin>457.5712771</xmin><ymin>534.5639479</ymin><xmax>491.894924</xmax><ymax>558.5935221</ymax></bndbox></object><object><name>car</name><pose>Unspecified</pose><truncated>0</truncated><difficult>0</difficult><bndbox><xmin>679.4625967</xmin><ymin>541.1213372</ymin><xmax>727.0237216</xmax><ymax>572.4924843</ymax></bndbox></object><object><name>car</name><pose>Unspecified</pose><truncated>0</truncated><difficult>0</difficult><bndbox><xmin>41.51234241</xmin><ymin>551.9710757</ymin><xmax>189.6681965</xmax><ymax>607.8622326</ymax></bndbox></object><object><name>car</name><pose>Unspecified</pose><truncated>0</truncated><difficult>0</difficult><bndbox><xmin>0</xmin><ymin>535.9658808</ymin><xmax>34.86577399</xmax><ymax>644.6413888</ymax></bndbox></object><object><name>car</name><pose>Unspecified</pose><truncated>0</truncated><difficult>0</difficult><bndbox><xmin>130.27683</xmin><ymin>525.7922463</ymin><xmax>340.4869579</xmax><ymax>646.459851</ymax></bndbox></object><object><name>car</name><pose>Unspecified</pose><truncated>0</truncated><difficult>0</difficult><bndbox><xmin>703.7270603</xmin><ymin>535.8209077</ymin><xmax>776.9147022</xmax><ymax>597.3663475</ymax></bndbox></object><object><name>car</name><pose>Unspecified</pose><truncated>0</truncated><difficult>0</difficult><bndbox><xmin>290.4042043</xmin><ymin>546.5389654</ymin><xmax>352.2341942</xmax><ymax>574.0079368</ymax></bndbox></object><object><name>car</name><pose>Unspecified</pose><truncated>0</truncated><difficult>0</difficult><bndbox><xmin>684.3824955</xmin><ymin>533.7166531</ymin><xmax>747.6128249</xmax><ymax>578.4525265</ymax></bndbox></object><object><name>car</name><pose>Unspecified</pose><truncated>0</truncated><difficult>0</difficult><bndbox><xmin>416.2754313</xmin><ymin>538.0498962</ymin><xmax>455.6757315</xmax><ymax>563.7550711</ymax></bndbox></object><object><name>bicycle</name><pose>Unspecified</pose><truncated>0</truncated><difficult>0</difficult><bndbox><xmin>1066.092865</xmin><ymin>511.1601324</ymin><xmax>1128.148139</xmax><ymax>574.1252242</ymax></bndbox></object><object><name>car</name><pose>Unspecified</pose><truncated>0</truncated><difficult>0</difficult><bndbox><xmin>575.0982</xmin><ymin>538.1106454</ymin><xmax>606.39948</xmax><ymax>562.0109956</ymax></bndbox></object></annotation>