<annotation><folder>test_xmls</folder><filename>host-a004_cam0_1232817663051064006.jpeg</filename><path>./imageshost-a004_cam0_1232817663051064006.jpeg</path><source><database>Unknown</database></source><size><width>1224</width><height>1024</height><depth>3</depth></size><segmented>0</segmented><object><name>car</name><pose>Unspecified</pose><truncated>0</truncated><difficult>0</difficult><bndbox><xmin>568.6772382</xmin><ymin>536.2836761</ymin><xmax>599.1429881</xmax><ymax>559.6894948</ymax></bndbox></object><object><name>bus</name><pose>Unspecified</pose><truncated>0</truncated><difficult>0</difficult><bndbox><xmin>655.8073219</xmin><ymin>506.7912655</ymin><xmax>693.8589265</xmax><ymax>552.3101114</ymax></bndbox></object><object><name>car</name><pose>Unspecified</pose><truncated>0</truncated><difficult>0</difficult><bndbox><xmin>675.1908947</xmin><ymin>534.4465028</ymin><xmax>714.7651995</xmax><ymax>561.0515534</ymax></bndbox></object><object><name>other_vehicle</name><pose>Unspecified</pose><truncated>0</truncated><difficult>0</difficult><bndbox><xmin>687.8471332</xmin><ymin>468.0761009</ymin><xmax>830.5276179</xmax><ymax>601.9334154</ymax></bndbox></object><object><name>car</name><pose>Unspecified</pose><truncated>0</truncated><difficult>0</difficult><bndbox><xmin>188.4508274</xmin><ymin>536.8002456</ymin><xmax>466.9033003</xmax><ymax>701.1331973</ymax></bndbox></object><object><name>car</name><pose>Unspecified</pose><truncated>0</truncated><difficult>0</difficult><bndbox><xmin>430.6426283</xmin><ymin>537.1683992</ymin><xmax>481.2453272</xmax><ymax>569.2577138</ymax></bndbox></object><object><name>other_vehicle</name><pose>Unspecified</pose><truncated>0</truncated><difficult>0</difficult><bndbox><xmin>666.7824957</xmin><ymin>510.7661648</ymin><xmax>715.5661507</xmax><ymax>556.4177471</ymax></bndbox></object><object><name>car</name><pose>Unspecified</pose><truncated>0</truncated><difficult>0</difficult><bndbox><xmin>746.032523</xmin><ymin>542.9057285</ymin><xmax>900.8755974</xmax><ymax>643.4199301</ymax></bndbox></object><object><name>car</name><pose>Unspecified</pose><truncated>0</truncated><difficult>0</difficult><bndbox><xmin>368.773161</xmin><ymin>528.534092</ymin><xmax>472.0873807</xmax><ymax>591.1365987</ymax></bndbox></object><object><name>car</name><pose>Unspecified</pose><truncated>0</truncated><difficult>0</difficult><bndbox><xmin>805.3755095</xmin><ymin>547.229103</ymin><xmax>1103.014304</xmax><ymax>716.8864963</ymax></bndbox></object><object><name>car</name><pose>Unspecified</pose><truncated>0</truncated><difficult>0</difficult><bndbox><xmin>532.0939974</xmin><ymin>535.1994151</ymin><xmax>590.1170151</xmax><ymax>575.8055615</ymax></bndbox></object><object><name>car</name><pose>Unspecified</pose><truncated>0</truncated><difficult>0</difficult><bndbox><xmin>980.7036437</xmin><ymin>557.9762086</ymin><xmax>1224.0</xmax><ymax>1024.0</ymax></bndbox></object><object><name>car</name><pose>Unspecified</pose><truncated>0</truncated><difficult>0</difficult><bndbox><xmin>684.8026987</xmin><ymin>534.0049078</ymin><xmax>731.8380291</xmax><ymax>566.4491485</ymax></bndbox></object></annotation>