<annotation><folder>test_xmls</folder><filename>host-a004_cam0_1233683017651064006.jpeg</filename><path>./imageshost-a004_cam0_1233683017651064006.jpeg</path><source><database>Unknown</database></source><size><width>1224</width><height>1024</height><depth>3</depth></size><segmented>0</segmented><object><name>car</name><pose>Unspecified</pose><truncated>0</truncated><difficult>0</difficult><bndbox><xmin>565.7276929</xmin><ymin>538.2374252</ymin><xmax>607.2384727</xmax><ymax>572.315619</ymax></bndbox></object><object><name>car</name><pose>Unspecified</pose><truncated>0</truncated><difficult>0</difficult><bndbox><xmin>219.2387316</xmin><ymin>539.7706398</ymin><xmax>342.7347379</xmax><ymax>601.0529247</ymax></bndbox></object><object><name>car</name><pose>Unspecified</pose><truncated>0</truncated><difficult>0</difficult><bndbox><xmin>714.6226558</xmin><ymin>540.8570301</ymin><xmax>740.2026489</xmax><ymax>562.0715281</ymax></bndbox></object></annotation>