<annotation><folder>test_xmls</folder><filename>host-a004_cam0_1233014358451064006.jpeg</filename><path>./imageshost-a004_cam0_1233014358451064006.jpeg</path><source><database>Unknown</database></source><size><width>1224</width><height>1024</height><depth>3</depth></size><segmented>0</segmented><object><name>car</name><pose>Unspecified</pose><truncated>0</truncated><difficult>0</difficult><bndbox><xmin>564.4763208</xmin><ymin>536.7181412</ymin><xmax>605.8095237</xmax><ymax>570.4426179</ymax></bndbox></object><object><name>car</name><pose>Unspecified</pose><truncated>0</truncated><difficult>0</difficult><bndbox><xmin>592.7840301</xmin><ymin>535.761877</ymin><xmax>621.1415245</xmax><ymax>559.0919668</ymax></bndbox></object><object><name>car</name><pose>Unspecified</pose><truncated>0</truncated><difficult>0</difficult><bndbox><xmin>638.2323345</xmin><ymin>536.7346828</ymin><xmax>669.1418418</xmax><ymax>563.2017638</ymax></bndbox></object><object><name>car</name><pose>Unspecified</pose><truncated>0</truncated><difficult>0</difficult><bndbox><xmin>0</xmin><ymin>541.0745025</ymin><xmax>156.9059944</xmax><ymax>760.9454983</ymax></bndbox></object><object><name>car</name><pose>Unspecified</pose><truncated>0</truncated><difficult>0</difficult><bndbox><xmin>358.1425297</xmin><ymin>546.5948398</ymin><xmax>414.934229</xmax><ymax>580.8356822</ymax></bndbox></object><object><name>car</name><pose>Unspecified</pose><truncated>0</truncated><difficult>0</difficult><bndbox><xmin>414.8636915</xmin><ymin>545.9277539</ymin><xmax>455.7818344</xmax><ymax>571.5011018</ymax></bndbox></object><object><name>car</name><pose>Unspecified</pose><truncated>0</truncated><difficult>0</difficult><bndbox><xmin>68.66999852</xmin><ymin>542.2714129</ymin><xmax>220.815871</xmax><ymax>610.5687835</ymax></bndbox></object><object><name>car</name><pose>Unspecified</pose><truncated>0</truncated><difficult>0</difficult><bndbox><xmin>32.88867449</xmin><ymin>553.2054675</ymin><xmax>219.2626748</xmax><ymax>628.2839945</ymax></bndbox></object><object><name>car</name><pose>Unspecified</pose><truncated>0</truncated><difficult>0</difficult><bndbox><xmin>686.306944</xmin><ymin>532.1295667</ymin><xmax>717.4714558</xmax><ymax>560.0216441</ymax></bndbox></object><object><name>car</name><pose>Unspecified</pose><truncated>0</truncated><difficult>0</difficult><bndbox><xmin>14.37730459</xmin><ymin>562.9488309</ymin><xmax>123.8599842</xmax><ymax>606.1633653</ymax></bndbox></object><object><name>other_vehicle</name><pose>Unspecified</pose><truncated>0</truncated><difficult>0</difficult><bndbox><xmin>246.0988858</xmin><ymin>528.2725556</ymin><xmax>336.3006887</xmax><ymax>580.4846859</ymax></bndbox></object><object><name>car</name><pose>Unspecified</pose><truncated>0</truncated><difficult>0</difficult><bndbox><xmin>387.3096117</xmin><ymin>547.1595668</ymin><xmax>432.8246332</xmax><ymax>575.7676589</ymax></bndbox></object><object><name>car</name><pose>Unspecified</pose><truncated>0</truncated><difficult>0</difficult><bndbox><xmin>523.5922664</xmin><ymin>538.7556129</ymin><xmax>561.0063459</xmax><ymax>564.7375697</ymax></bndbox></object><object><name>car</name><pose>Unspecified</pose><truncated>0</truncated><difficult>0</difficult><bndbox><xmin>718.4814378</xmin><ymin>527.8620204</ymin><xmax>808.0597059</xmax><ymax>601.5617557</ymax></bndbox></object><object><name>other_vehicle</name><pose>Unspecified</pose><truncated>0</truncated><difficult>0</difficult><bndbox><xmin>0</xmin><ymin>521.5596813</ymin><xmax>4.879246583</xmax><ymax>633.5125</ymax></bndbox></object><object><name>car</name><pose>Unspecified</pose><truncated>0</truncated><difficult>0</difficult><bndbox><xmin>694.5064104</xmin><ymin>533.219617</ymin><xmax>727.032681</xmax><ymax>563.8427134</ymax></bndbox></object><object><name>car</name><pose>Unspecified</pose><truncated>0</truncated><difficult>0</difficult><bndbox><xmin>70.19199661</xmin><ymin>525.6251385</ymin><xmax>458.533473</xmax><ymax>765.9614519</ymax></bndbox></object></annotation>