<annotation><folder>test_xmls</folder><filename>host-a004_cam0_1233422000851064006.jpeg</filename><path>./imageshost-a004_cam0_1233422000851064006.jpeg</path><source><database>Unknown</database></source><size><width>1224</width><height>1024</height><depth>3</depth></size><segmented>0</segmented><object><name>car</name><pose>Unspecified</pose><truncated>0</truncated><difficult>0</difficult><bndbox><xmin>0</xmin><ymin>545.8570122</ymin><xmax>27.44090345</xmax><ymax>619.2965303</ymax></bndbox></object><object><name>car</name><pose>Unspecified</pose><truncated>0</truncated><difficult>0</difficult><bndbox><xmin>264.1256108</xmin><ymin>536.308568</ymin><xmax>333.0273157</xmax><ymax>577.6629769</ymax></bndbox></object><object><name>car</name><pose>Unspecified</pose><truncated>0</truncated><difficult>0</difficult><bndbox><xmin>572.5670772</xmin><ymin>546.5195886</ymin><xmax>599.5995497</xmax><ymax>566.3038169</ymax></bndbox></object><object><name>car</name><pose>Unspecified</pose><truncated>0</truncated><difficult>0</difficult><bndbox><xmin>309.6824665</xmin><ymin>547.304072</ymin><xmax>354.4422756</xmax><ymax>572.3118554</ymax></bndbox></object><object><name>car</name><pose>Unspecified</pose><truncated>0</truncated><difficult>0</difficult><bndbox><xmin>411.252623</xmin><ymin>525.408821</ymin><xmax>534.4302966</xmax><ymax>619.0266315</ymax></bndbox></object><object><name>car</name><pose>Unspecified</pose><truncated>0</truncated><difficult>0</difficult><bndbox><xmin>665.1344143</xmin><ymin>539.0630817</ymin><xmax>690.0610667</xmax><ymax>560.3173436</ymax></bndbox></object><object><name>car</name><pose>Unspecified</pose><truncated>0</truncated><difficult>0</difficult><bndbox><xmin>617.9417349</xmin><ymin>539.4840618</ymin><xmax>647.0937739</xmax><ymax>564.7614771</ymax></bndbox></object><object><name>car</name><pose>Unspecified</pose><truncated>0</truncated><difficult>0</difficult><bndbox><xmin>103.2373343</xmin><ymin>554.0435281</ymin><xmax>193.9310799</xmax><ymax>593.9591961</ymax></bndbox></object><object><name>car</name><pose>Unspecified</pose><truncated>0</truncated><difficult>0</difficult><bndbox><xmin>29.36008129</xmin><ymin>561.2971237</ymin><xmax>160.8125917</xmax><ymax>608.3263242</ymax></bndbox></object><object><name>car</name><pose>Unspecified</pose><truncated>0</truncated><difficult>0</difficult><bndbox><xmin>857.7143176</xmin><ymin>523.0659969</ymin><xmax>1011.884223</xmax><ymax>577.9454229</ymax></bndbox></object><object><name>car</name><pose>Unspecified</pose><truncated>0</truncated><difficult>0</difficult><bndbox><xmin>184.5142734</xmin><ymin>559.3504041</ymin><xmax>247.7512748</xmax><ymax>586.3785995</ymax></bndbox></object><object><name>car</name><pose>Unspecified</pose><truncated>0</truncated><difficult>0</difficult><bndbox><xmin>545.948411</xmin><ymin>543.0077146</ymin><xmax>585.8748321</xmax><ymax>570.0859166</ymax></bndbox></object><object><name>car</name><pose>Unspecified</pose><truncated>0</truncated><difficult>0</difficult><bndbox><xmin>0</xmin><ymin>550.2784644</ymin><xmax>123.0802215</xmax><ymax>605.1166388</ymax></bndbox></object><object><name>car</name><pose>Unspecified</pose><truncated>0</truncated><difficult>0</difficult><bndbox><xmin>230.5082051</xmin><ymin>557.0654985</ymin><xmax>287.4600838</xmax><ymax>580.7926214</ymax></bndbox></object><object><name>car</name><pose>Unspecified</pose><truncated>0</truncated><difficult>0</difficult><bndbox><xmin>504.8084</xmin><ymin>542.3534275</ymin><xmax>542.3795836</xmax><ymax>567.0173143</ymax></bndbox></object><object><name>car</name><pose>Unspecified</pose><truncated>0</truncated><difficult>0</difficult><bndbox><xmin>589.5533862</xmin><ymin>539.3056983</ymin><xmax>610.2853887</xmax><ymax>554.5195632</ymax></bndbox></object><object><name>car</name><pose>Unspecified</pose><truncated>0</truncated><difficult>0</difficult><bndbox><xmin>358.5169382</xmin><ymin>547.3117409</ymin><xmax>396.3401064</xmax><ymax>567.2486776</ymax></bndbox></object></annotation>