<annotation><folder>test_xmls</folder><filename>host-a004_cam0_1233685231551064006.jpeg</filename><path>./imageshost-a004_cam0_1233685231551064006.jpeg</path><source><database>Unknown</database></source><size><width>1224</width><height>1024</height><depth>3</depth></size><segmented>0</segmented><object><name>car</name><pose>Unspecified</pose><truncated>0</truncated><difficult>0</difficult><bndbox><xmin>596.7045619</xmin><ymin>540.3650732</ymin><xmax>627.8770737</xmax><ymax>564.5476237</ymax></bndbox></object><object><name>car</name><pose>Unspecified</pose><truncated>0</truncated><difficult>0</difficult><bndbox><xmin>698.1734601</xmin><ymin>541.0821271</ymin><xmax>741.454795</xmax><ymax>571.0934492</ymax></bndbox></object><object><name>other_vehicle</name><pose>Unspecified</pose><truncated>0</truncated><difficult>0</difficult><bndbox><xmin>195.5235924</xmin><ymin>530.3850675</ymin><xmax>293.9529124</xmax><ymax>587.6585664</ymax></bndbox></object><object><name>car</name><pose>Unspecified</pose><truncated>0</truncated><difficult>0</difficult><bndbox><xmin>712.2461412</xmin><ymin>540.4642749</ymin><xmax>774.1466407</xmax><ymax>585.0287763</ymax></bndbox></object><object><name>bus</name><pose>Unspecified</pose><truncated>0</truncated><difficult>0</difficult><bndbox><xmin>619.779898</xmin><ymin>492.181951</ymin><xmax>688.6436025</xmax><ymax>578.446855</ymax></bndbox></object><object><name>other_vehicle</name><pose>Unspecified</pose><truncated>0</truncated><difficult>0</difficult><bndbox><xmin>67.26104997</xmin><ymin>520.8523955</ymin><xmax>221.4338407</xmax><ymax>604.7832488</ymax></bndbox></object><object><name>car</name><pose>Unspecified</pose><truncated>0</truncated><difficult>0</difficult><bndbox><xmin>259.2990658</xmin><ymin>547.6070007</ymin><xmax>355.1522146</xmax><ymax>598.0351559</ymax></bndbox></object><object><name>car</name><pose>Unspecified</pose><truncated>0</truncated><difficult>0</difficult><bndbox><xmin>354.6257652</xmin><ymin>553.2432728</ymin><xmax>395.6172282</xmax><ymax>574.4700149</ymax></bndbox></object><object><name>other_vehicle</name><pose>Unspecified</pose><truncated>0</truncated><difficult>0</difficult><bndbox><xmin>364.7129736</xmin><ymin>534.8444836</ymin><xmax>419.6406698</xmax><ymax>571.4563294</ymax></bndbox></object><object><name>car</name><pose>Unspecified</pose><truncated>0</truncated><difficult>0</difficult><bndbox><xmin>488.020845</xmin><ymin>542.8333401</ymin><xmax>579.0370793</xmax><ymax>605.9789709</ymax></bndbox></object><object><name>car</name><pose>Unspecified</pose><truncated>0</truncated><difficult>0</difficult><bndbox><xmin>704.747563</xmin><ymin>540.5443259</ymin><xmax>758.4477945</xmax><ymax>578.3333686</ymax></bndbox></object><object><name>car</name><pose>Unspecified</pose><truncated>0</truncated><difficult>0</difficult><bndbox><xmin>330.6512229</xmin><ymin>552.6458501</ymin><xmax>369.389777</xmax><ymax>575.8785086</ymax></bndbox></object><object><name>truck</name><pose>Unspecified</pose><truncated>0</truncated><difficult>0</difficult><bndbox><xmin>0</xmin><ymin>462.4372985</ymin><xmax>104.5004922</xmax><ymax>662.5293365</ymax></bndbox></object></annotation>