<annotation><folder>test_xmls</folder><filename>host-a004_cam0_1233535965351064006.jpeg</filename><path>./imageshost-a004_cam0_1233535965351064006.jpeg</path><source><database>Unknown</database></source><size><width>1224</width><height>1024</height><depth>3</depth></size><segmented>0</segmented><object><name>car</name><pose>Unspecified</pose><truncated>0</truncated><difficult>0</difficult><bndbox><xmin>546.4015077</xmin><ymin>536.1898694</ymin><xmax>579.9565211</xmax><ymax>562.35629</ymax></bndbox></object><object><name>car</name><pose>Unspecified</pose><truncated>0</truncated><difficult>0</difficult><bndbox><xmin>794.6685519</xmin><ymin>525.7595415</ymin><xmax>956.7678702</xmax><ymax>585.177662</ymax></bndbox></object><object><name>car</name><pose>Unspecified</pose><truncated>0</truncated><difficult>0</difficult><bndbox><xmin>612.1973138</xmin><ymin>531.3234034</ymin><xmax>645.3122906</xmax><ymax>562.7639895</ymax></bndbox></object><object><name>car</name><pose>Unspecified</pose><truncated>0</truncated><difficult>0</difficult><bndbox><xmin>430.4861354</xmin><ymin>533.566534</ymin><xmax>494.7114841</xmax><ymax>578.1915357</ymax></bndbox></object><object><name>car</name><pose>Unspecified</pose><truncated>0</truncated><difficult>0</difficult><bndbox><xmin>1059.993289</xmin><ymin>464.9714819</ymin><xmax>1224.0</xmax><ymax>649.9591607</ymax></bndbox></object><object><name>car</name><pose>Unspecified</pose><truncated>0</truncated><difficult>0</difficult><bndbox><xmin>467.4520148</xmin><ymin>540.0135926</ymin><xmax>550.4371751</xmax><ymax>597.3295553</ymax></bndbox></object><object><name>car</name><pose>Unspecified</pose><truncated>0</truncated><difficult>0</difficult><bndbox><xmin>524.2994197</xmin><ymin>533.0756102</ymin><xmax>548.1749177</xmax><ymax>550.9294254</ymax></bndbox></object><object><name>car</name><pose>Unspecified</pose><truncated>0</truncated><difficult>0</difficult><bndbox><xmin>534.512253</xmin><ymin>529.2238982</ymin><xmax>563.4546668</xmax><ymax>554.085726</ymax></bndbox></object><object><name>car</name><pose>Unspecified</pose><truncated>0</truncated><difficult>0</difficult><bndbox><xmin>0</xmin><ymin>543.9759704</ymin><xmax>46.13915609</xmax><ymax>587.0162012</ymax></bndbox></object><object><name>car</name><pose>Unspecified</pose><truncated>0</truncated><difficult>0</difficult><bndbox><xmin>502.6654833</xmin><ymin>532.8069576</ymin><xmax>525.4215047</xmax><ymax>554.0970211</ymax></bndbox></object><object><name>truck</name><pose>Unspecified</pose><truncated>0</truncated><difficult>0</difficult><bndbox><xmin>321.0605103</xmin><ymin>499.6640073</ymin><xmax>429.4780474</xmax><ymax>579.7656318</ymax></bndbox></object><object><name>truck</name><pose>Unspecified</pose><truncated>0</truncated><difficult>0</difficult><bndbox><xmin>672.1863058</xmin><ymin>487.2188356</ymin><xmax>766.9376194</xmax><ymax>582.0176481</ymax></bndbox></object><object><name>car</name><pose>Unspecified</pose><truncated>0</truncated><difficult>0</difficult><bndbox><xmin>739.8188434</xmin><ymin>542.0156655</ymin><xmax>903.3131468</xmax><ymax>649.3973909</ymax></bndbox></object><object><name>car</name><pose>Unspecified</pose><truncated>0</truncated><difficult>0</difficult><bndbox><xmin>568.6736561</xmin><ymin>538.6459541</ymin><xmax>650.2728213</xmax><ymax>606.8146143</ymax></bndbox></object><object><name>car</name><pose>Unspecified</pose><truncated>0</truncated><difficult>0</difficult><bndbox><xmin>763.082813</xmin><ymin>525.5297638</ymin><xmax>853.4900535</xmax><ymax>556.7775429</ymax></bndbox></object><object><name>car</name><pose>Unspecified</pose><truncated>0</truncated><difficult>0</difficult><bndbox><xmin>0</xmin><ymin>551.2002151</ymin><xmax>10.55695304</xmax><ymax>635.8198791</ymax></bndbox></object><object><name>car</name><pose>Unspecified</pose><truncated>0</truncated><difficult>0</difficult><bndbox><xmin>1187.012661</xmin><ymin>507.9212435</ymin><xmax>1224.0</xmax><ymax>639.8946122</ymax></bndbox></object><object><name>car</name><pose>Unspecified</pose><truncated>0</truncated><difficult>0</difficult><bndbox><xmin>179.5345392</xmin><ymin>543.40002</ymin><xmax>367.2948824</xmax><ymax>637.2524569</ymax></bndbox></object><object><name>car</name><pose>Unspecified</pose><truncated>0</truncated><difficult>0</difficult><bndbox><xmin>570.4923124</xmin><ymin>534.4108434</ymin><xmax>597.6472597</xmax><ymax>553.3448274</ymax></bndbox></object></annotation>