<annotation><folder>test_xmls</folder><filename>host-a004_cam0_1233602022251064006.jpeg</filename><path>./imageshost-a004_cam0_1233602022251064006.jpeg</path><source><database>Unknown</database></source><size><width>1224</width><height>1024</height><depth>3</depth></size><segmented>0</segmented><object><name>car</name><pose>Unspecified</pose><truncated>0</truncated><difficult>0</difficult><bndbox><xmin>737.0632515</xmin><ymin>534.6516791</ymin><xmax>869.4374171</xmax><ymax>620.6416885</ymax></bndbox></object><object><name>car</name><pose>Unspecified</pose><truncated>0</truncated><difficult>0</difficult><bndbox><xmin>0</xmin><ymin>537.5809982</ymin><xmax>69.91543782</xmax><ymax>811.5317048</ymax></bndbox></object><object><name>car</name><pose>Unspecified</pose><truncated>0</truncated><difficult>0</difficult><bndbox><xmin>50.5150475</xmin><ymin>524.2182572</ymin><xmax>296.4894845</xmax><ymax>659.1326237</ymax></bndbox></object><object><name>car</name><pose>Unspecified</pose><truncated>0</truncated><difficult>0</difficult><bndbox><xmin>0</xmin><ymin>516.8689852</ymin><xmax>291.5432653</xmax><ymax>1024.0</ymax></bndbox></object><object><name>car</name><pose>Unspecified</pose><truncated>0</truncated><difficult>0</difficult><bndbox><xmin>356.9857847</xmin><ymin>537.3598178</ymin><xmax>516.798221</xmax><ymax>642.8839904</ymax></bndbox></object><object><name>car</name><pose>Unspecified</pose><truncated>0</truncated><difficult>0</difficult><bndbox><xmin>274.1021815</xmin><ymin>540.0302995</ymin><xmax>338.5979762</xmax><ymax>572.9965439</ymax></bndbox></object><object><name>car</name><pose>Unspecified</pose><truncated>0</truncated><difficult>0</difficult><bndbox><xmin>0</xmin><ymin>539.1054396</ymin><xmax>61.60757984</xmax><ymax>664.7212867</ymax></bndbox></object><object><name>truck</name><pose>Unspecified</pose><truncated>0</truncated><difficult>0</difficult><bndbox><xmin>29.81908478</xmin><ymin>528.3006674</ymin><xmax>179.6934556</xmax><ymax>585.6514578</ymax></bndbox></object><object><name>car</name><pose>Unspecified</pose><truncated>0</truncated><difficult>0</difficult><bndbox><xmin>778.3848437</xmin><ymin>534.9147422</ymin><xmax>971.4954223</xmax><ymax>661.8513004</ymax></bndbox></object><object><name>car</name><pose>Unspecified</pose><truncated>0</truncated><difficult>0</difficult><bndbox><xmin>218.9177478</xmin><ymin>540.7690058</ymin><xmax>300.4082778</xmax><ymax>579.30687</ymax></bndbox></object></annotation>