<annotation><folder>test_xmls</folder><filename>host-a004_cam0_1232815265651064006.jpeg</filename><path>./imageshost-a004_cam0_1232815265651064006.jpeg</path><source><database>Unknown</database></source><size><width>1224</width><height>1024</height><depth>3</depth></size><segmented>0</segmented><object><name>car</name><pose>Unspecified</pose><truncated>0</truncated><difficult>0</difficult><bndbox><xmin>321.1000634</xmin><ymin>544.2449566</ymin><xmax>388.2095204</xmax><ymax>575.5315522</ymax></bndbox></object><object><name>car</name><pose>Unspecified</pose><truncated>0</truncated><difficult>0</difficult><bndbox><xmin>48.96971988</xmin><ymin>556.8717705</ymin><xmax>424.3035488</xmax><ymax>766.7826259</ymax></bndbox></object><object><name>pedestrian</name><pose>Unspecified</pose><truncated>0</truncated><difficult>0</difficult><bndbox><xmin>1061.255765</xmin><ymin>525.4041021</ymin><xmax>1110.740002</xmax><ymax>628.2177822</ymax></bndbox></object><object><name>pedestrian</name><pose>Unspecified</pose><truncated>0</truncated><difficult>0</difficult><bndbox><xmin>817.0008862</xmin><ymin>543.922702</ymin><xmax>836.4405202</xmax><ymax>576.6272053</ymax></bndbox></object><object><name>car</name><pose>Unspecified</pose><truncated>0</truncated><difficult>0</difficult><bndbox><xmin>712.7151639</xmin><ymin>529.9404862</ymin><xmax>765.2236217</xmax><ymax>565.8346001</ymax></bndbox></object><object><name>bicycle</name><pose>Unspecified</pose><truncated>0</truncated><difficult>0</difficult><bndbox><xmin>1173.02684</xmin><ymin>539.4631396</ymin><xmax>1224.0</xmax><ymax>665.3697169</ymax></bndbox></object><object><name>car</name><pose>Unspecified</pose><truncated>0</truncated><difficult>0</difficult><bndbox><xmin>0</xmin><ymin>556.6720395</ymin><xmax>48.12557552</xmax><ymax>607.8350366</ymax></bndbox></object><object><name>pedestrian</name><pose>Unspecified</pose><truncated>0</truncated><difficult>0</difficult><bndbox><xmin>706.7075776</xmin><ymin>535.4896463</ymin><xmax>730.4571904</xmax><ymax>572.9754089</ymax></bndbox></object><object><name>truck</name><pose>Unspecified</pose><truncated>0</truncated><difficult>0</difficult><bndbox><xmin>409.6934282</xmin><ymin>468.1572582</ymin><xmax>541.7828413</xmax><ymax>585.3895577</ymax></bndbox></object></annotation>