<annotation><folder>test_xmls</folder><filename>host-a004_cam0_1235947088751064006.jpeg</filename><path>./imageshost-a004_cam0_1235947088751064006.jpeg</path><source><database>Unknown</database></source><size><width>1224</width><height>1024</height><depth>3</depth></size><segmented>0</segmented><object><name>car</name><pose>Unspecified</pose><truncated>0</truncated><difficult>0</difficult><bndbox><xmin>614.7524834</xmin><ymin>543.785406</ymin><xmax>649.5937592</xmax><ymax>575.8968583</ymax></bndbox></object><object><name>car</name><pose>Unspecified</pose><truncated>0</truncated><difficult>0</difficult><bndbox><xmin>698.5380297</xmin><ymin>536.4366931</ymin><xmax>763.1511937</xmax><ymax>559.423304</ymax></bndbox></object><object><name>car</name><pose>Unspecified</pose><truncated>0</truncated><difficult>0</difficult><bndbox><xmin>658.9425185</xmin><ymin>540.8327758</ymin><xmax>681.9999157</xmax><ymax>559.6279029</ymax></bndbox></object><object><name>car</name><pose>Unspecified</pose><truncated>0</truncated><difficult>0</difficult><bndbox><xmin>868.8940383</xmin><ymin>538.3317407</ymin><xmax>1089.218147</xmax><ymax>616.8557929</ymax></bndbox></object><object><name>car</name><pose>Unspecified</pose><truncated>0</truncated><difficult>0</difficult><bndbox><xmin>105.041604</xmin><ymin>540.7942291</ymin><xmax>192.2514769</xmax><ymax>574.9887417</ymax></bndbox></object><object><name>car</name><pose>Unspecified</pose><truncated>0</truncated><difficult>0</difficult><bndbox><xmin>326.654921</xmin><ymin>536.2308548</ymin><xmax>368.4406771</xmax><ymax>560.6085483</ymax></bndbox></object><object><name>car</name><pose>Unspecified</pose><truncated>0</truncated><difficult>0</difficult><bndbox><xmin>511.8140259</xmin><ymin>538.6477673</ymin><xmax>548.0644428</xmax><ymax>567.3702867</ymax></bndbox></object><object><name>car</name><pose>Unspecified</pose><truncated>0</truncated><difficult>0</difficult><bndbox><xmin>0</xmin><ymin>529.041488</ymin><xmax>247.2432173</xmax><ymax>1024.0</ymax></bndbox></object><object><name>car</name><pose>Unspecified</pose><truncated>0</truncated><difficult>0</difficult><bndbox><xmin>586.2918461</xmin><ymin>540.0624408</ymin><xmax>607.6910324</xmax><ymax>559.9671234</ymax></bndbox></object><object><name>car</name><pose>Unspecified</pose><truncated>0</truncated><difficult>0</difficult><bndbox><xmin>651.3558714</xmin><ymin>526.6040199</ymin><xmax>676.3573703</xmax><ymax>556.5216843</ymax></bndbox></object><object><name>car</name><pose>Unspecified</pose><truncated>0</truncated><difficult>0</difficult><bndbox><xmin>545.0105375</xmin><ymin>536.0207165</ymin><xmax>567.9394029</xmax><ymax>555.4897669</ymax></bndbox></object><object><name>car</name><pose>Unspecified</pose><truncated>0</truncated><difficult>0</difficult><bndbox><xmin>1154.277732</xmin><ymin>543.4741618</ymin><xmax>1224.0</xmax><ymax>606.6788658</ymax></bndbox></object><object><name>car</name><pose>Unspecified</pose><truncated>0</truncated><difficult>0</difficult><bndbox><xmin>442.4218349</xmin><ymin>543.2760497</ymin><xmax>509.0309229</xmax><ymax>584.3661653</ymax></bndbox></object><object><name>car</name><pose>Unspecified</pose><truncated>0</truncated><difficult>0</difficult><bndbox><xmin>311.6333977</xmin><ymin>537.1929087</ymin><xmax>359.9845519</xmax><ymax>562.8772449</ymax></bndbox></object></annotation>