<annotation><folder>test_xmls</folder><filename>host-a004_cam0_1233693202751064006.jpeg</filename><path>./imageshost-a004_cam0_1233693202751064006.jpeg</path><source><database>Unknown</database></source><size><width>1224</width><height>1024</height><depth>3</depth></size><segmented>0</segmented><object><name>car</name><pose>Unspecified</pose><truncated>0</truncated><difficult>0</difficult><bndbox><xmin>540.3046461</xmin><ymin>536.1721736</ymin><xmax>593.6221869</xmax><ymax>584.0235147</ymax></bndbox></object><object><name>car</name><pose>Unspecified</pose><truncated>0</truncated><difficult>0</difficult><bndbox><xmin>398.7052963</xmin><ymin>549.8073296</ymin><xmax>432.8508313</xmax><ymax>565.8593671</ymax></bndbox></object><object><name>car</name><pose>Unspecified</pose><truncated>0</truncated><difficult>0</difficult><bndbox><xmin>70.40077698</xmin><ymin>556.3093837</ymin><xmax>216.7879158</xmax><ymax>614.3532038</ymax></bndbox></object><object><name>car</name><pose>Unspecified</pose><truncated>0</truncated><difficult>0</difficult><bndbox><xmin>625.3452849</xmin><ymin>544.5358625</ymin><xmax>678.9081458</xmax><ymax>593.3589468</ymax></bndbox></object><object><name>car</name><pose>Unspecified</pose><truncated>0</truncated><difficult>0</difficult><bndbox><xmin>715.48431</xmin><ymin>541.4304431</ymin><xmax>738.8132787</xmax><ymax>560.9821116</ymax></bndbox></object><object><name>car</name><pose>Unspecified</pose><truncated>0</truncated><difficult>0</difficult><bndbox><xmin>385.2668276</xmin><ymin>545.9713503</ymin><xmax>531.076104</xmax><ymax>643.8645554</ymax></bndbox></object><object><name>car</name><pose>Unspecified</pose><truncated>0</truncated><difficult>0</difficult><bndbox><xmin>584.146394</xmin><ymin>536.8299686</ymin><xmax>613.8310874</xmax><ymax>562.5550996</ymax></bndbox></object></annotation>