<annotation><folder>test_xmls</folder><filename>host-a004_cam0_1232905131551064006.jpeg</filename><path>./imageshost-a004_cam0_1232905131551064006.jpeg</path><source><database>Unknown</database></source><size><width>1224</width><height>1024</height><depth>3</depth></size><segmented>0</segmented><object><name>car</name><pose>Unspecified</pose><truncated>0</truncated><difficult>0</difficult><bndbox><xmin>0</xmin><ymin>555.4232219</ymin><xmax>213.8193272</xmax><ymax>709.6019272</ymax></bndbox></object><object><name>car</name><pose>Unspecified</pose><truncated>0</truncated><difficult>0</difficult><bndbox><xmin>466.4115692</xmin><ymin>545.0696257</ymin><xmax>518.0815277</xmax><ymax>578.0181576</ymax></bndbox></object><object><name>car</name><pose>Unspecified</pose><truncated>0</truncated><difficult>0</difficult><bndbox><xmin>556.7720254</xmin><ymin>542.9039195</ymin><xmax>596.7274936</xmax><ymax>571.4443511</ymax></bndbox></object><object><name>car</name><pose>Unspecified</pose><truncated>0</truncated><difficult>0</difficult><bndbox><xmin>630.7494923</xmin><ymin>538.0980833</ymin><xmax>650.8456862</xmax><ymax>557.4450919</ymax></bndbox></object><object><name>car</name><pose>Unspecified</pose><truncated>0</truncated><difficult>0</difficult><bndbox><xmin>588.9633775</xmin><ymin>539.6303974</ymin><xmax>612.4614815</xmax><ymax>559.9362465</ymax></bndbox></object><object><name>car</name><pose>Unspecified</pose><truncated>0</truncated><difficult>0</difficult><bndbox><xmin>496.3762432</xmin><ymin>531.0566943</ymin><xmax>574.1266437</xmax><ymax>594.8050347</ymax></bndbox></object></annotation>