<annotation><folder>test_xmls</folder><filename>host-a004_cam0_1235944794551064006.jpeg</filename><path>./imageshost-a004_cam0_1235944794551064006.jpeg</path><source><database>Unknown</database></source><size><width>1224</width><height>1024</height><depth>3</depth></size><segmented>0</segmented><object><name>car</name><pose>Unspecified</pose><truncated>0</truncated><difficult>0</difficult><bndbox><xmin>624.9015425</xmin><ymin>541.1924127</ymin><xmax>655.0433864</xmax><ymax>566.4264509</ymax></bndbox></object></annotation>