<annotation><folder>test_xmls</folder><filename>host-a004_cam0_1233947117351064006.jpeg</filename><path>./imageshost-a004_cam0_1233947117351064006.jpeg</path><source><database>Unknown</database></source><size><width>1224</width><height>1024</height><depth>3</depth></size><segmented>0</segmented><object><name>car</name><pose>Unspecified</pose><truncated>0</truncated><difficult>0</difficult><bndbox><xmin>279.6387331</xmin><ymin>540.7630878</ymin><xmax>345.6075223</xmax><ymax>574.6835043</ymax></bndbox></object><object><name>bus</name><pose>Unspecified</pose><truncated>0</truncated><difficult>0</difficult><bndbox><xmin>770.8645436</xmin><ymin>154.192106</ymin><xmax>1224.0</xmax><ymax>976.4967622</ymax></bndbox></object><object><name>car</name><pose>Unspecified</pose><truncated>0</truncated><difficult>0</difficult><bndbox><xmin>21.78012349</xmin><ymin>554.7959582</ymin><xmax>113.4465164</xmax><ymax>587.0853712</ymax></bndbox></object><object><name>car</name><pose>Unspecified</pose><truncated>0</truncated><difficult>0</difficult><bndbox><xmin>191.0019671</xmin><ymin>551.4191907</ymin><xmax>389.2913594</xmax><ymax>651.5954953</ymax></bndbox></object><object><name>car</name><pose>Unspecified</pose><truncated>0</truncated><difficult>0</difficult><bndbox><xmin>213.2209275</xmin><ymin>555.5745988</ymin><xmax>267.3986165</xmax><ymax>582.529578</ymax></bndbox></object><object><name>other_vehicle</name><pose>Unspecified</pose><truncated>0</truncated><difficult>0</difficult><bndbox><xmin>717.2787722</xmin><ymin>464.0578117</ymin><xmax>892.5017021</xmax><ymax>630.9500699</ymax></bndbox></object><object><name>other_vehicle</name><pose>Unspecified</pose><truncated>0</truncated><difficult>0</difficult><bndbox><xmin>688.125206</xmin><ymin>490.0161173</ymin><xmax>816.4811582</xmax><ymax>605.6330227</ymax></bndbox></object><object><name>car</name><pose>Unspecified</pose><truncated>0</truncated><difficult>0</difficult><bndbox><xmin>0</xmin><ymin>563.5207291</ymin><xmax>7.239965767</xmax><ymax>612.8421682</ymax></bndbox></object><object><name>car</name><pose>Unspecified</pose><truncated>0</truncated><difficult>0</difficult><bndbox><xmin>672.5481733</xmin><ymin>524.1721877</ymin><xmax>713.1229233</xmax><ymax>570.1004648</ymax></bndbox></object><object><name>car</name><pose>Unspecified</pose><truncated>0</truncated><difficult>0</difficult><bndbox><xmin>527.8002366</xmin><ymin>541.6260851</ymin><xmax>557.6056605</xmax><ymax>565.3823513</ymax></bndbox></object><object><name>car</name><pose>Unspecified</pose><truncated>0</truncated><difficult>0</difficult><bndbox><xmin>678.4910331</xmin><ymin>539.0588287</ymin><xmax>719.2077926</xmax><ymax>573.1058726</ymax></bndbox></object><object><name>car</name><pose>Unspecified</pose><truncated>0</truncated><difficult>0</difficult><bndbox><xmin>578.7075987</xmin><ymin>541.5616458</ymin><xmax>607.866768</xmax><ymax>564.4716841</ymax></bndbox></object><object><name>car</name><pose>Unspecified</pose><truncated>0</truncated><difficult>0</difficult><bndbox><xmin>354.6070185</xmin><ymin>548.0901211</ymin><xmax>389.6430551</xmax><ymax>566.6811555</ymax></bndbox></object></annotation>