<annotation><folder>test_xmls</folder><filename>host-a004_cam0_1232923274251064006.jpeg</filename><path>./imageshost-a004_cam0_1232923274251064006.jpeg</path><source><database>Unknown</database></source><size><width>1224</width><height>1024</height><depth>3</depth></size><segmented>0</segmented><object><name>car</name><pose>Unspecified</pose><truncated>0</truncated><difficult>0</difficult><bndbox><xmin>388.7752635</xmin><ymin>536.9524719</ymin><xmax>427.1168109</xmax><ymax>559.7894375</ymax></bndbox></object><object><name>car</name><pose>Unspecified</pose><truncated>0</truncated><difficult>0</difficult><bndbox><xmin>315.310863</xmin><ymin>542.9870322</ymin><xmax>390.1517003</xmax><ymax>575.7992022</ymax></bndbox></object><object><name>car</name><pose>Unspecified</pose><truncated>0</truncated><difficult>0</difficult><bndbox><xmin>592.0046561</xmin><ymin>535.5158956</ymin><xmax>629.9466112</xmax><ymax>563.2542087</ymax></bndbox></object><object><name>bicycle</name><pose>Unspecified</pose><truncated>0</truncated><difficult>0</difficult><bndbox><xmin>760.1068606</xmin><ymin>532.6213245</ymin><xmax>782.0883829</xmax><ymax>547.7430366</ymax></bndbox></object><object><name>car</name><pose>Unspecified</pose><truncated>0</truncated><difficult>0</difficult><bndbox><xmin>219.261253</xmin><ymin>542.1614074</ymin><xmax>319.8318764</xmax><ymax>591.6786708</ymax></bndbox></object><object><name>car</name><pose>Unspecified</pose><truncated>0</truncated><difficult>0</difficult><bndbox><xmin>1155.198026</xmin><ymin>523.9693134</ymin><xmax>1224.0</xmax><ymax>558.7585126</ymax></bndbox></object><object><name>car</name><pose>Unspecified</pose><truncated>0</truncated><difficult>0</difficult><bndbox><xmin>295.8091694</xmin><ymin>531.4386833</ymin><xmax>371.2412063</xmax><ymax>568.3915274</ymax></bndbox></object><object><name>other_vehicle</name><pose>Unspecified</pose><truncated>0</truncated><difficult>0</difficult><bndbox><xmin>258.2876643</xmin><ymin>522.4920358</ymin><xmax>341.1390171</xmax><ymax>572.3479267</ymax></bndbox></object><object><name>car</name><pose>Unspecified</pose><truncated>0</truncated><difficult>0</difficult><bndbox><xmin>1127.247033</xmin><ymin>520.8654932</ymin><xmax>1224.0</xmax><ymax>555.7663978</ymax></bndbox></object><object><name>pedestrian</name><pose>Unspecified</pose><truncated>0</truncated><difficult>0</difficult><bndbox><xmin>978.6902106</xmin><ymin>495.1396822</ymin><xmax>1115.105815</xmax><ymax>721.4411517</ymax></bndbox></object><object><name>car</name><pose>Unspecified</pose><truncated>0</truncated><difficult>0</difficult><bndbox><xmin>676.4364198</xmin><ymin>533.6351822</ymin><xmax>696.3281314</xmax><ymax>552.7355414</ymax></bndbox></object><object><name>car</name><pose>Unspecified</pose><truncated>0</truncated><difficult>0</difficult><bndbox><xmin>149.5647893</xmin><ymin>546.3357316</ymin><xmax>262.3183895</xmax><ymax>589.654142</ymax></bndbox></object><object><name>car</name><pose>Unspecified</pose><truncated>0</truncated><difficult>0</difficult><bndbox><xmin>100.7924327</xmin><ymin>545.4188683</ymin><xmax>191.2851074</xmax><ymax>586.6726036</ymax></bndbox></object><object><name>car</name><pose>Unspecified</pose><truncated>0</truncated><difficult>0</difficult><bndbox><xmin>156.5253652</xmin><ymin>541.4063909</ymin><xmax>251.8992558</xmax><ymax>583.9025858</ymax></bndbox></object><object><name>car</name><pose>Unspecified</pose><truncated>0</truncated><difficult>0</difficult><bndbox><xmin>369.573381</xmin><ymin>542.7759338</ymin><xmax>419.0470004</xmax><ymax>567.4312093</ymax></bndbox></object><object><name>bicycle</name><pose>Unspecified</pose><truncated>0</truncated><difficult>0</difficult><bndbox><xmin>737.7162577</xmin><ymin>541.8534105</ymin><xmax>759.8718473</xmax><ymax>557.1829425</ymax></bndbox></object><object><name>car</name><pose>Unspecified</pose><truncated>0</truncated><difficult>0</difficult><bndbox><xmin>66.09998573</xmin><ymin>549.8079735</ymin><xmax>175.1373226</xmax><ymax>593.2636029</ymax></bndbox></object><object><name>bicycle</name><pose>Unspecified</pose><truncated>0</truncated><difficult>0</difficult><bndbox><xmin>736.2486973</xmin><ymin>541.8717969</ymin><xmax>758.2637485</xmax><ymax>557.1075121</ymax></bndbox></object></annotation>