<annotation><folder>test_xmls</folder><filename>host-a004_cam0_1235947085551064006.jpeg</filename><path>./imageshost-a004_cam0_1235947085551064006.jpeg</path><source><database>Unknown</database></source><size><width>1224</width><height>1024</height><depth>3</depth></size><segmented>0</segmented><object><name>car</name><pose>Unspecified</pose><truncated>0</truncated><difficult>0</difficult><bndbox><xmin>737.6230921</xmin><ymin>527.5282232</ymin><xmax>857.8668117</xmax><ymax>616.6745591</ymax></bndbox></object><object><name>car</name><pose>Unspecified</pose><truncated>0</truncated><difficult>0</difficult><bndbox><xmin>59.33972573</xmin><ymin>533.9028313</ymin><xmax>169.220582</xmax><ymax>573.0591337</ymax></bndbox></object><object><name>car</name><pose>Unspecified</pose><truncated>0</truncated><difficult>0</difficult><bndbox><xmin>221.7770255</xmin><ymin>534.6480963</ymin><xmax>281.0942803</xmax><ymax>560.3774766</ymax></bndbox></object><object><name>car</name><pose>Unspecified</pose><truncated>0</truncated><difficult>0</difficult><bndbox><xmin>581.8341783</xmin><ymin>530.0810895</ymin><xmax>608.1826826</xmax><ymax>554.3017354</ymax></bndbox></object><object><name>car</name><pose>Unspecified</pose><truncated>0</truncated><difficult>0</difficult><bndbox><xmin>259.0033711</xmin><ymin>529.0937479</ymin><xmax>339.9762402</xmax><ymax>569.4110327</ymax></bndbox></object><object><name>car</name><pose>Unspecified</pose><truncated>0</truncated><difficult>0</difficult><bndbox><xmin>0</xmin><ymin>530.6486532</ymin><xmax>32.84156369</xmax><ymax>577.0957742</ymax></bndbox></object><object><name>car</name><pose>Unspecified</pose><truncated>0</truncated><difficult>0</difficult><bndbox><xmin>534.6254016</xmin><ymin>529.6536136</ymin><xmax>562.778369</xmax><ymax>553.6923557</ymax></bndbox></object><object><name>car</name><pose>Unspecified</pose><truncated>0</truncated><difficult>0</difficult><bndbox><xmin>466.0167388</xmin><ymin>530.1216045</ymin><xmax>521.0741909</xmax><ymax>571.9243544</ymax></bndbox></object><object><name>car</name><pose>Unspecified</pose><truncated>0</truncated><difficult>0</difficult><bndbox><xmin>583.2883048</xmin><ymin>531.1316211</ymin><xmax>640.1414167</xmax><ymax>581.645304</ymax></bndbox></object><object><name>car</name><pose>Unspecified</pose><truncated>0</truncated><difficult>0</difficult><bndbox><xmin>895.80375</xmin><ymin>537.4562476</ymin><xmax>1224.0</xmax><ymax>958.7339702</ymax></bndbox></object><object><name>car</name><pose>Unspecified</pose><truncated>0</truncated><difficult>0</difficult><bndbox><xmin>383.0039715</xmin><ymin>532.8907186</ymin><xmax>416.3625867</xmax><ymax>549.7343191</ymax></bndbox></object><object><name>car</name><pose>Unspecified</pose><truncated>0</truncated><difficult>0</difficult><bndbox><xmin>714.8827763</xmin><ymin>534.5399222</ymin><xmax>800.1192434</xmax><ymax>591.7479806</ymax></bndbox></object><object><name>car</name><pose>Unspecified</pose><truncated>0</truncated><difficult>0</difficult><bndbox><xmin>0</xmin><ymin>532.8411378</ymin><xmax>74.36489886</xmax><ymax>564.0445507</ymax></bndbox></object><object><name>car</name><pose>Unspecified</pose><truncated>0</truncated><difficult>0</difficult><bndbox><xmin>798.5470272</xmin><ymin>541.1554842</ymin><xmax>1035.447383</xmax><ymax>679.9088044</ymax></bndbox></object><object><name>car</name><pose>Unspecified</pose><truncated>0</truncated><difficult>0</difficult><bndbox><xmin>213.3585131</xmin><ymin>534.1179765</ymin><xmax>406.1319982</xmax><ymax>629.9796414</ymax></bndbox></object></annotation>