<annotation><folder>test_xmls</folder><filename>host-a004_cam0_1233620262151064006.jpeg</filename><path>./imageshost-a004_cam0_1233620262151064006.jpeg</path><source><database>Unknown</database></source><size><width>1224</width><height>1024</height><depth>3</depth></size><segmented>0</segmented><object><name>car</name><pose>Unspecified</pose><truncated>0</truncated><difficult>0</difficult><bndbox><xmin>563.1357329</xmin><ymin>517.3303836</ymin><xmax>906.4978496</xmax><ymax>663.7911837</ymax></bndbox></object><object><name>car</name><pose>Unspecified</pose><truncated>0</truncated><difficult>0</difficult><bndbox><xmin>349.5219047</xmin><ymin>542.4959813</ymin><xmax>391.268439</xmax><ymax>566.6896728</ymax></bndbox></object><object><name>bicycle</name><pose>Unspecified</pose><truncated>0</truncated><difficult>0</difficult><bndbox><xmin>812.7527361</xmin><ymin>531.2955468</ymin><xmax>846.9274697</xmax><ymax>589.3801588</ymax></bndbox></object><object><name>car</name><pose>Unspecified</pose><truncated>0</truncated><difficult>0</difficult><bndbox><xmin>311.0170583</xmin><ymin>544.3715716</ymin><xmax>369.3378361</xmax><ymax>575.1014058</ymax></bndbox></object><object><name>car</name><pose>Unspecified</pose><truncated>0</truncated><difficult>0</difficult><bndbox><xmin>437.6193268</xmin><ymin>537.4247213</ymin><xmax>473.9276424</xmax><ymax>563.3935806</ymax></bndbox></object><object><name>car</name><pose>Unspecified</pose><truncated>0</truncated><difficult>0</difficult><bndbox><xmin>1026.941282</xmin><ymin>522.6387894</ymin><xmax>1224.0</xmax><ymax>601.4229931</ymax></bndbox></object><object><name>car</name><pose>Unspecified</pose><truncated>0</truncated><difficult>0</difficult><bndbox><xmin>95.51525655</xmin><ymin>546.112487</ymin><xmax>203.243198</xmax><ymax>594.1297895</ymax></bndbox></object><object><name>car</name><pose>Unspecified</pose><truncated>0</truncated><difficult>0</difficult><bndbox><xmin>105.7253428</xmin><ymin>541.4604907</ymin><xmax>220.4364968</xmax><ymax>595.5449727</ymax></bndbox></object><object><name>car</name><pose>Unspecified</pose><truncated>0</truncated><difficult>0</difficult><bndbox><xmin>925.4817668</xmin><ymin>531.8653884</ymin><xmax>1146.022202</xmax><ymax>594.6320422</ymax></bndbox></object><object><name>car</name><pose>Unspecified</pose><truncated>0</truncated><difficult>0</difficult><bndbox><xmin>378.9962469</xmin><ymin>540.3592217</ymin><xmax>434.2546246</xmax><ymax>570.144031</ymax></bndbox></object><object><name>car</name><pose>Unspecified</pose><truncated>0</truncated><difficult>0</difficult><bndbox><xmin>240.8341612</xmin><ymin>523.63679</ymin><xmax>319.8982397</xmax><ymax>599.6265478</ymax></bndbox></object><object><name>car</name><pose>Unspecified</pose><truncated>0</truncated><difficult>0</difficult><bndbox><xmin>193.0150709</xmin><ymin>553.7065728</ymin><xmax>252.674817</xmax><ymax>580.991581</ymax></bndbox></object><object><name>car</name><pose>Unspecified</pose><truncated>0</truncated><difficult>0</difficult><bndbox><xmin>0</xmin><ymin>556.9959302</ymin><xmax>102.4410447</xmax><ymax>602.5988256</ymax></bndbox></object></annotation>