<annotation><folder>test_xmls</folder><filename>host-a004_cam0_1233947118551064006.jpeg</filename><path>./imageshost-a004_cam0_1233947118551064006.jpeg</path><source><database>Unknown</database></source><size><width>1224</width><height>1024</height><depth>3</depth></size><segmented>0</segmented><object><name>other_vehicle</name><pose>Unspecified</pose><truncated>0</truncated><difficult>0</difficult><bndbox><xmin>737.5955225</xmin><ymin>396.1266267</ymin><xmax>1159.704543</xmax><ymax>731.2943556</ymax></bndbox></object><object><name>car</name><pose>Unspecified</pose><truncated>0</truncated><difficult>0</difficult><bndbox><xmin>0</xmin><ymin>534.1624655</ymin><xmax>72.14567733</xmax><ymax>606.2482528</ymax></bndbox></object><object><name>car</name><pose>Unspecified</pose><truncated>0</truncated><difficult>0</difficult><bndbox><xmin>697.4426779</xmin><ymin>535.8005754</ymin><xmax>761.811942</xmax><ymax>587.1583572</ymax></bndbox></object><object><name>car</name><pose>Unspecified</pose><truncated>0</truncated><difficult>0</difficult><bndbox><xmin>247.7080305</xmin><ymin>546.3655114</ymin><xmax>414.1356828</xmax><ymax>633.0477128</ymax></bndbox></object><object><name>car</name><pose>Unspecified</pose><truncated>0</truncated><difficult>0</difficult><bndbox><xmin>585.141829</xmin><ymin>537.8719251</ymin><xmax>612.7589727</xmax><ymax>559.7419344</ymax></bndbox></object><object><name>car</name><pose>Unspecified</pose><truncated>0</truncated><difficult>0</difficult><bndbox><xmin>686.0314365</xmin><ymin>514.73473</ymin><xmax>745.5868996</xmax><ymax>579.6057019</ymax></bndbox></object><object><name>car</name><pose>Unspecified</pose><truncated>0</truncated><difficult>0</difficult><bndbox><xmin>534.1240862</xmin><ymin>537.2217531</ymin><xmax>562.0171751</xmax><ymax>559.7308234</ymax></bndbox></object><object><name>car</name><pose>Unspecified</pose><truncated>0</truncated><difficult>0</difficult><bndbox><xmin>730.2807741</xmin><ymin>527.3973534</ymin><xmax>865.0138781</xmax><ymax>630.4047604</ymax></bndbox></object><object><name>car</name><pose>Unspecified</pose><truncated>0</truncated><difficult>0</difficult><bndbox><xmin>663.9422793</xmin><ymin>530.2639979</ymin><xmax>686.8685199</xmax><ymax>555.4548163</ymax></bndbox></object><object><name>other_vehicle</name><pose>Unspecified</pose><truncated>0</truncated><difficult>0</difficult><bndbox><xmin>879.1284617</xmin><ymin>0</ymin><xmax>1224.0</xmax><ymax>1024.0</ymax></bndbox></object><object><name>car</name><pose>Unspecified</pose><truncated>0</truncated><difficult>0</difficult><bndbox><xmin>717.714945</xmin><ymin>533.2779616</ymin><xmax>788.8082212</xmax><ymax>594.408916</ymax></bndbox></object><object><name>car</name><pose>Unspecified</pose><truncated>0</truncated><difficult>0</difficult><bndbox><xmin>43.50341742</xmin><ymin>554.0820739</ymin><xmax>132.0898947</xmax><ymax>591.8705552</ymax></bndbox></object><object><name>car</name><pose>Unspecified</pose><truncated>0</truncated><difficult>0</difficult><bndbox><xmin>675.7439194</xmin><ymin>530.952894</ymin><xmax>713.8968592</xmax><ymax>566.5704511</ymax></bndbox></object></annotation>