<annotation><folder>test_xmls</folder><filename>host-a004_cam0_1233685339551064006.jpeg</filename><path>./imageshost-a004_cam0_1233685339551064006.jpeg</path><source><database>Unknown</database></source><size><width>1224</width><height>1024</height><depth>3</depth></size><segmented>0</segmented><object><name>car</name><pose>Unspecified</pose><truncated>0</truncated><difficult>0</difficult><bndbox><xmin>0</xmin><ymin>563.8719053</ymin><xmax>106.3833906</xmax><ymax>625.8916555</ymax></bndbox></object><object><name>car</name><pose>Unspecified</pose><truncated>0</truncated><difficult>0</difficult><bndbox><xmin>0</xmin><ymin>553.6397915</ymin><xmax>2.372164287</xmax><ymax>609.7903255</ymax></bndbox></object></annotation>