<annotation><folder>test_xmls</folder><filename>host-a004_cam0_1232905134951064006.jpeg</filename><path>./imageshost-a004_cam0_1232905134951064006.jpeg</path><source><database>Unknown</database></source><size><width>1224</width><height>1024</height><depth>3</depth></size><segmented>0</segmented><object><name>car</name><pose>Unspecified</pose><truncated>0</truncated><difficult>0</difficult><bndbox><xmin>522.72262</xmin><ymin>529.7983894</ymin><xmax>585.3058086</xmax><ymax>582.1113554</ymax></bndbox></object><object><name>car</name><pose>Unspecified</pose><truncated>0</truncated><difficult>0</difficult><bndbox><xmin>565.3114676</xmin><ymin>540.6777911</ymin><xmax>599.2964652</xmax><ymax>565.1071474</ymax></bndbox></object><object><name>car</name><pose>Unspecified</pose><truncated>0</truncated><difficult>0</difficult><bndbox><xmin>596.579362</xmin><ymin>538.0335974</ymin><xmax>617.235679</xmax><ymax>556.0092679</ymax></bndbox></object><object><name>car</name><pose>Unspecified</pose><truncated>0</truncated><difficult>0</difficult><bndbox><xmin>629.9783908</xmin><ymin>537.3208223</ymin><xmax>649.0496025</xmax><ymax>555.868247</ymax></bndbox></object><object><name>car</name><pose>Unspecified</pose><truncated>0</truncated><difficult>0</difficult><bndbox><xmin>513.46314</xmin><ymin>541.9877287</ymin><xmax>547.8998921</xmax><ymax>565.17498</ymax></bndbox></object><object><name>car</name><pose>Unspecified</pose><truncated>0</truncated><difficult>0</difficult><bndbox><xmin>337.5186676</xmin><ymin>544.294672</ymin><xmax>437.2712854</xmax><ymax>598.8694803</ymax></bndbox></object></annotation>