<annotation><folder>test_xmls</folder><filename>host-a004_cam0_1233602032451064006.jpeg</filename><path>./imageshost-a004_cam0_1233602032451064006.jpeg</path><source><database>Unknown</database></source><size><width>1224</width><height>1024</height><depth>3</depth></size><segmented>0</segmented><object><name>car</name><pose>Unspecified</pose><truncated>0</truncated><difficult>0</difficult><bndbox><xmin>463.8746913</xmin><ymin>538.3473978</ymin><xmax>549.258535</xmax><ymax>598.6685619</ymax></bndbox></object><object><name>car</name><pose>Unspecified</pose><truncated>0</truncated><difficult>0</difficult><bndbox><xmin>0</xmin><ymin>498.7839041</ymin><xmax>192.3041266</xmax><ymax>1024.0</ymax></bndbox></object><object><name>car</name><pose>Unspecified</pose><truncated>0</truncated><difficult>0</difficult><bndbox><xmin>160.1476196</xmin><ymin>531.3376057</ymin><xmax>342.8128842</xmax><ymax>638.2429172</ymax></bndbox></object></annotation>