<annotation><folder>test_xmls</folder><filename>host-a004_cam0_1232987667551064006.jpeg</filename><path>./imageshost-a004_cam0_1232987667551064006.jpeg</path><source><database>Unknown</database></source><size><width>1224</width><height>1024</height><depth>3</depth></size><segmented>0</segmented><object><name>car</name><pose>Unspecified</pose><truncated>0</truncated><difficult>0</difficult><bndbox><xmin>623.9999888</xmin><ymin>539.8934613</ymin><xmax>653.4588089</xmax><ymax>566.3486573</ymax></bndbox></object><object><name>car</name><pose>Unspecified</pose><truncated>0</truncated><difficult>0</difficult><bndbox><xmin>1020.164345</xmin><ymin>559.7427162</ymin><xmax>1224.0</xmax><ymax>1024.0</ymax></bndbox></object><object><name>car</name><pose>Unspecified</pose><truncated>0</truncated><difficult>0</difficult><bndbox><xmin>677.7284802</xmin><ymin>541.4206941</ymin><xmax>717.1991411</xmax><ymax>574.9331751</ymax></bndbox></object><object><name>car</name><pose>Unspecified</pose><truncated>0</truncated><difficult>0</difficult><bndbox><xmin>567.9281957</xmin><ymin>538.1977451</ymin><xmax>602.1668748</xmax><ymax>568.0138239</ymax></bndbox></object><object><name>car</name><pose>Unspecified</pose><truncated>0</truncated><difficult>0</difficult><bndbox><xmin>504.9627171</xmin><ymin>538.0441675</ymin><xmax>542.7116189</xmax><ymax>567.6567076</ymax></bndbox></object><object><name>car</name><pose>Unspecified</pose><truncated>0</truncated><difficult>0</difficult><bndbox><xmin>811.9713996</xmin><ymin>550.5737717</ymin><xmax>1134.960301</xmax><ymax>750.9020615</ymax></bndbox></object><object><name>car</name><pose>Unspecified</pose><truncated>0</truncated><difficult>0</difficult><bndbox><xmin>668.9879802</xmin><ymin>541.6389964</ymin><xmax>694.1582535</xmax><ymax>563.7789534</ymax></bndbox></object><object><name>car</name><pose>Unspecified</pose><truncated>0</truncated><difficult>0</difficult><bndbox><xmin>467.3273689</xmin><ymin>545.0296014</ymin><xmax>520.3952484</xmax><ymax>580.303003</ymax></bndbox></object><object><name>car</name><pose>Unspecified</pose><truncated>0</truncated><difficult>0</difficult><bndbox><xmin>0</xmin><ymin>549.7533948</ymin><xmax>282.3301526</xmax><ymax>685.0128443</ymax></bndbox></object><object><name>car</name><pose>Unspecified</pose><truncated>0</truncated><difficult>0</difficult><bndbox><xmin>199.9535378</xmin><ymin>539.1898756</ymin><xmax>473.7627626</xmax><ymax>706.7340747</ymax></bndbox></object><object><name>car</name><pose>Unspecified</pose><truncated>0</truncated><difficult>0</difficult><bndbox><xmin>598.5887644</xmin><ymin>538.8830687</ymin><xmax>620.2054629</xmax><ymax>557.0602284</ymax></bndbox></object><object><name>other_vehicle</name><pose>Unspecified</pose><truncated>0</truncated><difficult>0</difficult><bndbox><xmin>0</xmin><ymin>533.8945092</ymin><xmax>49.26269507</xmax><ymax>618.5579614</ymax></bndbox></object></annotation>