<annotation><folder>test_xmls</folder><filename>host-a004_cam0_1233535968751064006.jpeg</filename><path>./imageshost-a004_cam0_1233535968751064006.jpeg</path><source><database>Unknown</database></source><size><width>1224</width><height>1024</height><depth>3</depth></size><segmented>0</segmented><object><name>car</name><pose>Unspecified</pose><truncated>0</truncated><difficult>0</difficult><bndbox><xmin>415.8438397</xmin><ymin>538.3510292</ymin><xmax>463.9582721</xmax><ymax>579.7112097</ymax></bndbox></object><object><name>car</name><pose>Unspecified</pose><truncated>0</truncated><difficult>0</difficult><bndbox><xmin>494.9672747</xmin><ymin>539.9468142</ymin><xmax>527.0862419</xmax><ymax>564.4311412</ymax></bndbox></object><object><name>car</name><pose>Unspecified</pose><truncated>0</truncated><difficult>0</difficult><bndbox><xmin>219.6828743</xmin><ymin>545.8583795</ymin><xmax>385.978837</xmax><ymax>630.9788677</ymax></bndbox></object><object><name>car</name><pose>Unspecified</pose><truncated>0</truncated><difficult>0</difficult><bndbox><xmin>490.2351287</xmin><ymin>543.3221379</ymin><xmax>537.8657597</xmax><ymax>583.4172032</ymax></bndbox></object><object><name>car</name><pose>Unspecified</pose><truncated>0</truncated><difficult>0</difficult><bndbox><xmin>732.3106758</xmin><ymin>538.750235</ymin><xmax>852.9861231</xmax><ymax>581.5753214</ymax></bndbox></object><object><name>car</name><pose>Unspecified</pose><truncated>0</truncated><difficult>0</difficult><bndbox><xmin>597.6566512</xmin><ymin>541.5117382</ymin><xmax>655.8041138</xmax><ymax>588.0896784</ymax></bndbox></object><object><name>car</name><pose>Unspecified</pose><truncated>0</truncated><difficult>0</difficult><bndbox><xmin>455.1587697</xmin><ymin>543.2356118</ymin><xmax>484.6544623</xmax><ymax>569.2487986</ymax></bndbox></object><object><name>truck</name><pose>Unspecified</pose><truncated>0</truncated><difficult>0</difficult><bndbox><xmin>0</xmin><ymin>372.0077743</ymin><xmax>47.45565152</xmax><ymax>781.4113011</ymax></bndbox></object><object><name>car</name><pose>Unspecified</pose><truncated>0</truncated><difficult>0</difficult><bndbox><xmin>65.1461723</xmin><ymin>549.3301858</ymin><xmax>194.2210245</xmax><ymax>599.9029146</ymax></bndbox></object><object><name>car</name><pose>Unspecified</pose><truncated>0</truncated><difficult>0</difficult><bndbox><xmin>544.1372852</xmin><ymin>534.3451788</ymin><xmax>590.6596627</xmax><ymax>568.0885528</ymax></bndbox></object><object><name>truck</name><pose>Unspecified</pose><truncated>0</truncated><difficult>0</difficult><bndbox><xmin>779.5143773</xmin><ymin>20.56119593</ymin><xmax>1224.0</xmax><ymax>1024.0</ymax></bndbox></object><object><name>car</name><pose>Unspecified</pose><truncated>0</truncated><difficult>0</difficult><bndbox><xmin>479.8101394</xmin><ymin>537.5865764</ymin><xmax>505.8644867</xmax><ymax>560.9436364</ymax></bndbox></object><object><name>car</name><pose>Unspecified</pose><truncated>0</truncated><difficult>0</difficult><bndbox><xmin>184.1336724</xmin><ymin>553.9856782</ymin><xmax>254.3872658</xmax><ymax>584.3922073</ymax></bndbox></object><object><name>car</name><pose>Unspecified</pose><truncated>0</truncated><difficult>0</difficult><bndbox><xmin>295.0175629</xmin><ymin>542.6150652</ymin><xmax>353.689984</xmax><ymax>582.9734247</ymax></bndbox></object></annotation>