<annotation><folder>test_xmls</folder><filename>host-a004_cam0_1233602032851064006.jpeg</filename><path>./imageshost-a004_cam0_1233602032851064006.jpeg</path><source><database>Unknown</database></source><size><width>1224</width><height>1024</height><depth>3</depth></size><segmented>0</segmented><object><name>car</name><pose>Unspecified</pose><truncated>0</truncated><difficult>0</difficult><bndbox><xmin>0</xmin><ymin>506.3834092</ymin><xmax>262.1936142</xmax><ymax>1024.0</ymax></bndbox></object><object><name>car</name><pose>Unspecified</pose><truncated>0</truncated><difficult>0</difficult><bndbox><xmin>206.5360229</xmin><ymin>532.0562368</ymin><xmax>366.9647976</xmax><ymax>629.5806283</ymax></bndbox></object><object><name>car</name><pose>Unspecified</pose><truncated>0</truncated><difficult>0</difficult><bndbox><xmin>479.0895173</xmin><ymin>538.0074086</ymin><xmax>557.8605229</xmax><ymax>593.9187664</ymax></bndbox></object></annotation>