<annotation><folder>test_xmls</folder><filename>host-a004_cam0_1233961200851064006.jpeg</filename><path>./imageshost-a004_cam0_1233961200851064006.jpeg</path><source><database>Unknown</database></source><size><width>1224</width><height>1024</height><depth>3</depth></size><segmented>0</segmented><object><name>other_vehicle</name><pose>Unspecified</pose><truncated>0</truncated><difficult>0</difficult><bndbox><xmin>673.2426735</xmin><ymin>485.3192975</ymin><xmax>749.2348633</xmax><ymax>575.356011</ymax></bndbox></object><object><name>car</name><pose>Unspecified</pose><truncated>0</truncated><difficult>0</difficult><bndbox><xmin>314.8868656</xmin><ymin>540.0293611</ymin><xmax>357.0241581</xmax><ymax>562.0510568</ymax></bndbox></object><object><name>car</name><pose>Unspecified</pose><truncated>0</truncated><difficult>0</difficult><bndbox><xmin>526.8294536</xmin><ymin>532.2047519</ymin><xmax>561.1692692</xmax><ymax>556.6827065</ymax></bndbox></object><object><name>other_vehicle</name><pose>Unspecified</pose><truncated>0</truncated><difficult>0</difficult><bndbox><xmin>686.8141639</xmin><ymin>465.7652683</ymin><xmax>822.2780453</xmax><ymax>600.6849374</ymax></bndbox></object><object><name>car</name><pose>Unspecified</pose><truncated>0</truncated><difficult>0</difficult><bndbox><xmin>205.7830513</xmin><ymin>539.7958231</ymin><xmax>271.341971</xmax><ymax>572.277688</ymax></bndbox></object><object><name>car</name><pose>Unspecified</pose><truncated>0</truncated><difficult>0</difficult><bndbox><xmin>538.5196974</xmin><ymin>530.5310027</ymin><xmax>578.9993957</xmax><ymax>562.7786335</ymax></bndbox></object><object><name>car</name><pose>Unspecified</pose><truncated>0</truncated><difficult>0</difficult><bndbox><xmin>282.986476</xmin><ymin>536.2628787</ymin><xmax>488.2200386</xmax><ymax>666.4233422</ymax></bndbox></object><object><name>other_vehicle</name><pose>Unspecified</pose><truncated>0</truncated><difficult>0</difficult><bndbox><xmin>659.6900898</xmin><ymin>520.0653484</ymin><xmax>683.4737717</xmax><ymax>548.348847</ymax></bndbox></object><object><name>car</name><pose>Unspecified</pose><truncated>0</truncated><difficult>0</difficult><bndbox><xmin>625.570857</xmin><ymin>530.8012084</ymin><xmax>649.1636913</xmax><ymax>550.907137</ymax></bndbox></object><object><name>other_vehicle</name><pose>Unspecified</pose><truncated>0</truncated><difficult>0</difficult><bndbox><xmin>664.0411114</xmin><ymin>508.2588728</ymin><xmax>704.411752</xmax><ymax>554.6310618</ymax></bndbox></object></annotation>