<annotation><folder>test_xmls</folder><filename>host-a004_cam0_1232987676751064006.jpeg</filename><path>./imageshost-a004_cam0_1232987676751064006.jpeg</path><source><database>Unknown</database></source><size><width>1224</width><height>1024</height><depth>3</depth></size><segmented>0</segmented><object><name>car</name><pose>Unspecified</pose><truncated>0</truncated><difficult>0</difficult><bndbox><xmin>416.448792</xmin><ymin>523.4442071</ymin><xmax>481.5373487</xmax><ymax>566.1423366</ymax></bndbox></object><object><name>car</name><pose>Unspecified</pose><truncated>0</truncated><difficult>0</difficult><bndbox><xmin>516.3213381</xmin><ymin>527.0519235</ymin><xmax>582.3195765</xmax><ymax>577.8742327</ymax></bndbox></object><object><name>car</name><pose>Unspecified</pose><truncated>0</truncated><difficult>0</difficult><bndbox><xmin>613.6781629</xmin><ymin>524.5298972</ymin><xmax>663.7165115</xmax><ymax>574.0406126</ymax></bndbox></object><object><name>car</name><pose>Unspecified</pose><truncated>0</truncated><difficult>0</difficult><bndbox><xmin>474.9069965</xmin><ymin>533.543572</ymin><xmax>510.5309758</xmax><ymax>555.2003322</ymax></bndbox></object><object><name>car</name><pose>Unspecified</pose><truncated>0</truncated><difficult>0</difficult><bndbox><xmin>281.2887342</xmin><ymin>525.8144232</ymin><xmax>379.1355783</xmax><ymax>583.5743601</ymax></bndbox></object><object><name>car</name><pose>Unspecified</pose><truncated>0</truncated><difficult>0</difficult><bndbox><xmin>484.9168632</xmin><ymin>533.006159</ymin><xmax>532.8429927</xmax><ymax>563.4195678</ymax></bndbox></object><object><name>car</name><pose>Unspecified</pose><truncated>0</truncated><difficult>0</difficult><bndbox><xmin>392.4987372</xmin><ymin>524.9700103</ymin><xmax>473.3755843</xmax><ymax>580.4837165</ymax></bndbox></object><object><name>car</name><pose>Unspecified</pose><truncated>0</truncated><difficult>0</difficult><bndbox><xmin>166.8424442</xmin><ymin>535.2013257</ymin><xmax>307.9814283</xmax><ymax>599.6384865</ymax></bndbox></object><object><name>car</name><pose>Unspecified</pose><truncated>0</truncated><difficult>0</difficult><bndbox><xmin>450.2834624</xmin><ymin>529.2455922</ymin><xmax>489.2896736</xmax><ymax>557.6817079</ymax></bndbox></object><object><name>car</name><pose>Unspecified</pose><truncated>0</truncated><difficult>0</difficult><bndbox><xmin>222.3388289</xmin><ymin>533.5230075</ymin><xmax>391.6844707</xmax><ymax>620.2866306</ymax></bndbox></object><object><name>car</name><pose>Unspecified</pose><truncated>0</truncated><difficult>0</difficult><bndbox><xmin>595.8943512</xmin><ymin>533.5223809</ymin><xmax>664.0566029</xmax><ymax>595.6222011</ymax></bndbox></object><object><name>car</name><pose>Unspecified</pose><truncated>0</truncated><difficult>0</difficult><bndbox><xmin>0</xmin><ymin>516.3608606</ymin><xmax>158.3264464</xmax><ymax>643.6910271</ymax></bndbox></object><object><name>car</name><pose>Unspecified</pose><truncated>0</truncated><difficult>0</difficult><bndbox><xmin>563.018224</xmin><ymin>529.0713656</ymin><xmax>597.2578084</xmax><ymax>558.7438228</ymax></bndbox></object><object><name>car</name><pose>Unspecified</pose><truncated>0</truncated><difficult>0</difficult><bndbox><xmin>0</xmin><ymin>542.9272109</ymin><xmax>17.0654067</xmax><ymax>610.2598535</ymax></bndbox></object><object><name>car</name><pose>Unspecified</pose><truncated>0</truncated><difficult>0</difficult><bndbox><xmin>303.9031395</xmin><ymin>527.550588</ymin><xmax>497.406178</xmax><ymax>652.214244</ymax></bndbox></object><object><name>car</name><pose>Unspecified</pose><truncated>0</truncated><difficult>0</difficult><bndbox><xmin>550.4998109</xmin><ymin>533.7214668</ymin><xmax>594.1588784</xmax><ymax>564.047939</ymax></bndbox></object><object><name>car</name><pose>Unspecified</pose><truncated>0</truncated><difficult>0</difficult><bndbox><xmin>353.1610298</xmin><ymin>525.1323097</ymin><xmax>427.8760661</xmax><ymax>573.4654802</ymax></bndbox></object><object><name>car</name><pose>Unspecified</pose><truncated>0</truncated><difficult>0</difficult><bndbox><xmin>688.7667896</xmin><ymin>524.9276129</ymin><xmax>759.2546947</xmax><ymax>585.7609552</ymax></bndbox></object></annotation>