<annotation><folder>test_xmls</folder><filename>host-a004_cam0_1233618009751064006.jpeg</filename><path>./imageshost-a004_cam0_1233618009751064006.jpeg</path><source><database>Unknown</database></source><size><width>1224</width><height>1024</height><depth>3</depth></size><segmented>0</segmented><object><name>car</name><pose>Unspecified</pose><truncated>0</truncated><difficult>0</difficult><bndbox><xmin>443.8757057</xmin><ymin>541.0662077</ymin><xmax>546.3784479</xmax><ymax>611.7578855</ymax></bndbox></object><object><name>car</name><pose>Unspecified</pose><truncated>0</truncated><difficult>0</difficult><bndbox><xmin>0</xmin><ymin>543.800812</ymin><xmax>138.5428362</xmax><ymax>667.6951092</ymax></bndbox></object><object><name>car</name><pose>Unspecified</pose><truncated>0</truncated><difficult>0</difficult><bndbox><xmin>787.1717497</xmin><ymin>543.3979066</ymin><xmax>1018.275501</xmax><ymax>680.3024656</ymax></bndbox></object><object><name>car</name><pose>Unspecified</pose><truncated>0</truncated><difficult>0</difficult><bndbox><xmin>134.3366414</xmin><ymin>543.124292</ymin><xmax>301.72763</xmax><ymax>616.9027565</ymax></bndbox></object><object><name>car</name><pose>Unspecified</pose><truncated>0</truncated><difficult>0</difficult><bndbox><xmin>265.8973542</xmin><ymin>542.6239305</ymin><xmax>377.0607974</xmax><ymax>596.1137632</ymax></bndbox></object><object><name>car</name><pose>Unspecified</pose><truncated>0</truncated><difficult>0</difficult><bndbox><xmin>69.62843145</xmin><ymin>542.9685416</ymin><xmax>176.8390575</xmax><ymax>595.2686758</ymax></bndbox></object><object><name>car</name><pose>Unspecified</pose><truncated>0</truncated><difficult>0</difficult><bndbox><xmin>299.1033528</xmin><ymin>528.3221564</ymin><xmax>435.2957823</xmax><ymax>618.6403823</ymax></bndbox></object><object><name>car</name><pose>Unspecified</pose><truncated>0</truncated><difficult>0</difficult><bndbox><xmin>714.9042511</xmin><ymin>537.479734</ymin><xmax>787.8592284</xmax><ymax>591.8277894</ymax></bndbox></object><object><name>car</name><pose>Unspecified</pose><truncated>0</truncated><difficult>0</difficult><bndbox><xmin>518.2425759</xmin><ymin>472.324985</ymin><xmax>751.0018881</xmax><ymax>725.8444477</ymax></bndbox></object><object><name>car</name><pose>Unspecified</pose><truncated>0</truncated><difficult>0</difficult><bndbox><xmin>856.1272941</xmin><ymin>517.388902</ymin><xmax>1224.0</xmax><ymax>829.3742589</ymax></bndbox></object><object><name>car</name><pose>Unspecified</pose><truncated>0</truncated><difficult>0</difficult><bndbox><xmin>0</xmin><ymin>521.934413</ymin><xmax>90.20739832</xmax><ymax>1024.0</ymax></bndbox></object><object><name>car</name><pose>Unspecified</pose><truncated>0</truncated><difficult>0</difficult><bndbox><xmin>432.0376497</xmin><ymin>538.944865</ymin><xmax>484.5724938</xmax><ymax>568.9391823</ymax></bndbox></object><object><name>car</name><pose>Unspecified</pose><truncated>0</truncated><difficult>0</difficult><bndbox><xmin>498.1645262</xmin><ymin>532.3171427</ymin><xmax>570.9864591</xmax><ymax>592.4310652</ymax></bndbox></object><object><name>car</name><pose>Unspecified</pose><truncated>0</truncated><difficult>0</difficult><bndbox><xmin>0</xmin><ymin>549.5104408</ymin><xmax>62.5242595</xmax><ymax>611.4214299</ymax></bndbox></object></annotation>