<annotation><folder>test_xmls</folder><filename>host-a004_cam0_1233963855051064006.jpeg</filename><path>./imageshost-a004_cam0_1233963855051064006.jpeg</path><source><database>Unknown</database></source><size><width>1224</width><height>1024</height><depth>3</depth></size><segmented>0</segmented><object><name>car</name><pose>Unspecified</pose><truncated>0</truncated><difficult>0</difficult><bndbox><xmin>768.2836879</xmin><ymin>529.5843901</ymin><xmax>835.1424633</xmax><ymax>552.9561511</ymax></bndbox></object><object><name>car</name><pose>Unspecified</pose><truncated>0</truncated><difficult>0</difficult><bndbox><xmin>490.9477181</xmin><ymin>534.4834076</ymin><xmax>518.8915905</xmax><ymax>553.7787328</ymax></bndbox></object><object><name>car</name><pose>Unspecified</pose><truncated>0</truncated><difficult>0</difficult><bndbox><xmin>16.36060399</xmin><ymin>545.4510025</ymin><xmax>184.2083254</xmax><ymax>606.8131758</ymax></bndbox></object><object><name>car</name><pose>Unspecified</pose><truncated>0</truncated><difficult>0</difficult><bndbox><xmin>117.7963644</xmin><ymin>486.1556442</ymin><xmax>479.7123337</xmax><ymax>736.390712</ymax></bndbox></object></annotation>