<annotation><folder>test_xmls</folder><filename>host-a004_cam0_1232905128751064006.jpeg</filename><path>./imageshost-a004_cam0_1232905128751064006.jpeg</path><source><database>Unknown</database></source><size><width>1224</width><height>1024</height><depth>3</depth></size><segmented>0</segmented><object><name>car</name><pose>Unspecified</pose><truncated>0</truncated><difficult>0</difficult><bndbox><xmin>547.0394994</xmin><ymin>538.2063349</ymin><xmax>595.4708029</xmax><ymax>571.3845641</ymax></bndbox></object><object><name>car</name><pose>Unspecified</pose><truncated>0</truncated><difficult>0</difficult><bndbox><xmin>387.1345839</xmin><ymin>541.5903871</ymin><xmax>474.0606625</xmax><ymax>592.8102578</ymax></bndbox></object><object><name>car</name><pose>Unspecified</pose><truncated>0</truncated><difficult>0</difficult><bndbox><xmin>789.1097618</xmin><ymin>537.5833702</ymin><xmax>843.967593</xmax><ymax>571.2026079</ymax></bndbox></object><object><name>car</name><pose>Unspecified</pose><truncated>0</truncated><difficult>0</difficult><bndbox><xmin>454.8978847</xmin><ymin>521.1016838</ymin><xmax>561.6496218</xmax><ymax>606.4970503</ymax></bndbox></object><object><name>car</name><pose>Unspecified</pose><truncated>0</truncated><difficult>0</difficult><bndbox><xmin>773.6409057</xmin><ymin>536.5770489</ymin><xmax>822.9642726</xmax><ymax>566.0681421</ymax></bndbox></object><object><name>car</name><pose>Unspecified</pose><truncated>0</truncated><difficult>0</difficult><bndbox><xmin>585.0722439</xmin><ymin>534.3967007</ymin><xmax>611.6501338</xmax><ymax>557.3387914</ymax></bndbox></object><object><name>car</name><pose>Unspecified</pose><truncated>0</truncated><difficult>0</difficult><bndbox><xmin>639.2263574</xmin><ymin>532.0730319</ymin><xmax>660.8084639</xmax><ymax>552.407134</ymax></bndbox></object></annotation>