<annotation><folder>test_xmls</folder><filename>host-a004_cam0_1233620264351064006.jpeg</filename><path>./imageshost-a004_cam0_1233620264351064006.jpeg</path><source><database>Unknown</database></source><size><width>1224</width><height>1024</height><depth>3</depth></size><segmented>0</segmented><object><name>car</name><pose>Unspecified</pose><truncated>0</truncated><difficult>0</difficult><bndbox><xmin>257.2786704</xmin><ymin>543.7410768</ymin><xmax>334.6320166</xmax><ymax>593.2869242</ymax></bndbox></object><object><name>car</name><pose>Unspecified</pose><truncated>0</truncated><difficult>0</difficult><bndbox><xmin>420.6961095</xmin><ymin>537.4846334</ymin><xmax>456.1972145</xmax><ymax>560.6981874</ymax></bndbox></object><object><name>car</name><pose>Unspecified</pose><truncated>0</truncated><difficult>0</difficult><bndbox><xmin>53.90102849</xmin><ymin>546.5193033</ymin><xmax>191.3073298</xmax><ymax>602.6692601</ymax></bndbox></object><object><name>car</name><pose>Unspecified</pose><truncated>0</truncated><difficult>0</difficult><bndbox><xmin>309.202213</xmin><ymin>545.4089019</ymin><xmax>370.6152284</xmax><ymax>574.6715587</ymax></bndbox></object><object><name>car</name><pose>Unspecified</pose><truncated>0</truncated><difficult>0</difficult><bndbox><xmin>523.7212214</xmin><ymin>499.1356431</ymin><xmax>888.5852563</xmax><ymax>651.0263902</ymax></bndbox></object><object><name>bicycle</name><pose>Unspecified</pose><truncated>0</truncated><difficult>0</difficult><bndbox><xmin>812.4157137</xmin><ymin>531.2279356</ymin><xmax>846.5647356</xmax><ymax>589.3084893</ymax></bndbox></object><object><name>car</name><pose>Unspecified</pose><truncated>0</truncated><difficult>0</difficult><bndbox><xmin>925.0999739</xmin><ymin>531.7950521</ymin><xmax>1145.591299</xmax><ymax>594.5555174</ymax></bndbox></object><object><name>car</name><pose>Unspecified</pose><truncated>0</truncated><difficult>0</difficult><bndbox><xmin>202.1805677</xmin><ymin>548.7509357</ymin><xmax>267.4139558</xmax><ymax>579.3328072</ymax></bndbox></object><object><name>car</name><pose>Unspecified</pose><truncated>0</truncated><difficult>0</difficult><bndbox><xmin>1026.493482</xmin><ymin>522.5471782</ymin><xmax>1224.0</xmax><ymax>601.332273</ymax></bndbox></object><object><name>car</name><pose>Unspecified</pose><truncated>0</truncated><difficult>0</difficult><bndbox><xmin>114.7475327</xmin><ymin>547.6230979</ymin><xmax>211.7206129</xmax><ymax>589.9282397</ymax></bndbox></object><object><name>car</name><pose>Unspecified</pose><truncated>0</truncated><difficult>0</difficult><bndbox><xmin>0</xmin><ymin>559.1770506</ymin><xmax>34.79622369</xmax><ymax>605.3657747</ymax></bndbox></object><object><name>car</name><pose>Unspecified</pose><truncated>0</truncated><difficult>0</difficult><bndbox><xmin>343.7739564</xmin><ymin>537.4901346</ymin><xmax>407.6027879</xmax><ymax>576.2517568</ymax></bndbox></object></annotation>