<annotation><folder>test_xmls</folder><filename>host-a004_cam0_1234051613051064006.jpeg</filename><path>./imageshost-a004_cam0_1234051613051064006.jpeg</path><source><database>Unknown</database></source><size><width>1224</width><height>1024</height><depth>3</depth></size><segmented>0</segmented><object><name>car</name><pose>Unspecified</pose><truncated>0</truncated><difficult>0</difficult><bndbox><xmin>640.1654749</xmin><ymin>535.4012071</ymin><xmax>658.717806</xmax><ymax>549.743644</ymax></bndbox></object><object><name>car</name><pose>Unspecified</pose><truncated>0</truncated><difficult>0</difficult><bndbox><xmin>447.6981135</xmin><ymin>536.3586001</ymin><xmax>481.4755145</xmax><ymax>556.9819654</ymax></bndbox></object><object><name>car</name><pose>Unspecified</pose><truncated>0</truncated><difficult>0</difficult><bndbox><xmin>420.7025071</xmin><ymin>537.8222483</ymin><xmax>459.8057854</xmax><ymax>559.6185309</ymax></bndbox></object><object><name>car</name><pose>Unspecified</pose><truncated>0</truncated><difficult>0</difficult><bndbox><xmin>468.9079636</xmin><ymin>534.0989173</ymin><xmax>495.3698734</xmax><ymax>553.9203726</ymax></bndbox></object><object><name>car</name><pose>Unspecified</pose><truncated>0</truncated><difficult>0</difficult><bndbox><xmin>288.1744236</xmin><ymin>541.2724918</ymin><xmax>341.7643167</xmax><ymax>567.3130762</ymax></bndbox></object><object><name>car</name><pose>Unspecified</pose><truncated>0</truncated><difficult>0</difficult><bndbox><xmin>792.5701546</xmin><ymin>533.7851967</ymin><xmax>899.5971938</xmax><ymax>569.0213799</ymax></bndbox></object><object><name>car</name><pose>Unspecified</pose><truncated>0</truncated><difficult>0</difficult><bndbox><xmin>921.8631107</xmin><ymin>532.2923781</ymin><xmax>1069.090475</xmax><ymax>573.8499788</ymax></bndbox></object><object><name>car</name><pose>Unspecified</pose><truncated>0</truncated><difficult>0</difficult><bndbox><xmin>397.6636495</xmin><ymin>536.5773275</ymin><xmax>440.3052666</xmax><ymax>562.7778338</ymax></bndbox></object><object><name>car</name><pose>Unspecified</pose><truncated>0</truncated><difficult>0</difficult><bndbox><xmin>499.5752063</xmin><ymin>533.3279335</ymin><xmax>535.6018672</xmax><ymax>558.8546046</ymax></bndbox></object><object><name>car</name><pose>Unspecified</pose><truncated>0</truncated><difficult>0</difficult><bndbox><xmin>565.5994311</xmin><ymin>534.1908273</ymin><xmax>590.3234119</xmax><ymax>553.9214204</ymax></bndbox></object><object><name>bicycle</name><pose>Unspecified</pose><truncated>0</truncated><difficult>0</difficult><bndbox><xmin>865.5663</xmin><ymin>520.8508274</ymin><xmax>920.8626571</xmax><ymax>569.045396</ymax></bndbox></object><object><name>car</name><pose>Unspecified</pose><truncated>0</truncated><difficult>0</difficult><bndbox><xmin>609.2034874</xmin><ymin>533.7188802</ymin><xmax>631.2849143</xmax><ymax>552.9598885</ymax></bndbox></object></annotation>