<annotation><folder>test_xmls</folder><filename>host-a004_cam0_1233961183851064006.jpeg</filename><path>./imageshost-a004_cam0_1233961183851064006.jpeg</path><source><database>Unknown</database></source><size><width>1224</width><height>1024</height><depth>3</depth></size><segmented>0</segmented><object><name>pedestrian</name><pose>Unspecified</pose><truncated>0</truncated><difficult>0</difficult><bndbox><xmin>945.7425172</xmin><ymin>526.2188462</ymin><xmax>1003.719382</xmax><ymax>652.8536548</ymax></bndbox></object><object><name>other_vehicle</name><pose>Unspecified</pose><truncated>0</truncated><difficult>0</difficult><bndbox><xmin>669.1887054</xmin><ymin>507.8886318</ymin><xmax>719.6808649</xmax><ymax>565.5222249</ymax></bndbox></object><object><name>car</name><pose>Unspecified</pose><truncated>0</truncated><difficult>0</difficult><bndbox><xmin>687.34837</xmin><ymin>537.8809431</ymin><xmax>733.8395796</xmax><ymax>577.2348594</ymax></bndbox></object><object><name>car</name><pose>Unspecified</pose><truncated>0</truncated><difficult>0</difficult><bndbox><xmin>0</xmin><ymin>535.3982007</ymin><xmax>116.3418077</xmax><ymax>816.9051876</ymax></bndbox></object><object><name>other_vehicle</name><pose>Unspecified</pose><truncated>0</truncated><difficult>0</difficult><bndbox><xmin>868.8666242</xmin><ymin>0</ymin><xmax>1224.0</xmax><ymax>1024.0</ymax></bndbox></object><object><name>truck</name><pose>Unspecified</pose><truncated>0</truncated><difficult>0</difficult><bndbox><xmin>470.5518467</xmin><ymin>446.8525821</ymin><xmax>594.1432309</xmax><ymax>599.7249025</ymax></bndbox></object><object><name>car</name><pose>Unspecified</pose><truncated>0</truncated><difficult>0</difficult><bndbox><xmin>679.2481222</xmin><ymin>534.0093726</ymin><xmax>723.6106534</xmax><ymax>572.5635455</ymax></bndbox></object><object><name>other_vehicle</name><pose>Unspecified</pose><truncated>0</truncated><difficult>0</difficult><bndbox><xmin>711.1962597</xmin><ymin>461.4035121</ymin><xmax>874.0242722</xmax><ymax>617.3490407</ymax></bndbox></object><object><name>car</name><pose>Unspecified</pose><truncated>0</truncated><difficult>0</difficult><bndbox><xmin>695.046688</xmin><ymin>538.0953485</ymin><xmax>748.6211141</xmax><ymax>581.6784595</ymax></bndbox></object><object><name>car</name><pose>Unspecified</pose><truncated>0</truncated><difficult>0</difficult><bndbox><xmin>792.1552768</xmin><ymin>546.6660078</ymin><xmax>1027.787785</xmax><ymax>694.4949981</ymax></bndbox></object><object><name>other_vehicle</name><pose>Unspecified</pose><truncated>0</truncated><difficult>0</difficult><bndbox><xmin>657.8500594</xmin><ymin>524.0893756</ymin><xmax>686.322486</xmax><ymax>553.763466</ymax></bndbox></object></annotation>