<annotation><folder>test_xmls</folder><filename>host-a004_cam0_1233693215551064006.jpeg</filename><path>./imageshost-a004_cam0_1233693215551064006.jpeg</path><source><database>Unknown</database></source><size><width>1224</width><height>1024</height><depth>3</depth></size><segmented>0</segmented><object><name>car</name><pose>Unspecified</pose><truncated>0</truncated><difficult>0</difficult><bndbox><xmin>586.6600045</xmin><ymin>538.7548924</ymin><xmax>609.8666109</xmax><ymax>561.5293683</ymax></bndbox></object><object><name>car</name><pose>Unspecified</pose><truncated>0</truncated><difficult>0</difficult><bndbox><xmin>551.8765609</xmin><ymin>545.3780528</ymin><xmax>595.8964615</xmax><ymax>576.8118987</ymax></bndbox></object><object><name>car</name><pose>Unspecified</pose><truncated>0</truncated><difficult>0</difficult><bndbox><xmin>917.687061</xmin><ymin>558.1062834</ymin><xmax>1025.652357</xmax><ymax>616.7464537</ymax></bndbox></object><object><name>car</name><pose>Unspecified</pose><truncated>0</truncated><difficult>0</difficult><bndbox><xmin>455.7890054</xmin><ymin>536.7834401</ymin><xmax>559.0967586</xmax><ymax>611.4211673</ymax></bndbox></object><object><name>car</name><pose>Unspecified</pose><truncated>0</truncated><difficult>0</difficult><bndbox><xmin>0</xmin><ymin>542.4099359</ymin><xmax>30.06797587</xmax><ymax>627.7274065</ymax></bndbox></object><object><name>car</name><pose>Unspecified</pose><truncated>0</truncated><difficult>0</difficult><bndbox><xmin>629.0342875</xmin><ymin>544.1658132</ymin><xmax>663.4851402</xmax><ymax>575.4599494</ymax></bndbox></object><object><name>car</name><pose>Unspecified</pose><truncated>0</truncated><difficult>0</difficult><bndbox><xmin>539.3637493</xmin><ymin>543.7729223</ymin><xmax>567.2615487</xmax><ymax>566.1610456</ymax></bndbox></object></annotation>