<annotation><folder>test_xmls</folder><filename>host-a004_cam0_1233014352851064006.jpeg</filename><path>./imageshost-a004_cam0_1233014352851064006.jpeg</path><source><database>Unknown</database></source><size><width>1224</width><height>1024</height><depth>3</depth></size><segmented>0</segmented><object><name>car</name><pose>Unspecified</pose><truncated>0</truncated><difficult>0</difficult><bndbox><xmin>302.6627856</xmin><ymin>545.3077345</ymin><xmax>350.2796608</xmax><ymax>572.7705656</ymax></bndbox></object><object><name>car</name><pose>Unspecified</pose><truncated>0</truncated><difficult>0</difficult><bndbox><xmin>1052.095132</xmin><ymin>536.7229218</ymin><xmax>1224.0</xmax><ymax>649.7396442</ymax></bndbox></object><object><name>car</name><pose>Unspecified</pose><truncated>0</truncated><difficult>0</difficult><bndbox><xmin>236.0597009</xmin><ymin>551.8025216</ymin><xmax>312.2258827</xmax><ymax>585.6800424</ymax></bndbox></object><object><name>car</name><pose>Unspecified</pose><truncated>0</truncated><difficult>0</difficult><bndbox><xmin>407.8765581</xmin><ymin>540.387259</ymin><xmax>529.702987</xmax><ymax>628.2565256</ymax></bndbox></object><object><name>car</name><pose>Unspecified</pose><truncated>0</truncated><difficult>0</difficult><bndbox><xmin>41.51943231</xmin><ymin>558.185326</ymin><xmax>144.8696001</xmax><ymax>598.2306708</ymax></bndbox></object><object><name>car</name><pose>Unspecified</pose><truncated>0</truncated><difficult>0</difficult><bndbox><xmin>392.9104037</xmin><ymin>541.4165738</ymin><xmax>471.7489156</xmax><ymax>588.3206358</ymax></bndbox></object><object><name>car</name><pose>Unspecified</pose><truncated>0</truncated><difficult>0</difficult><bndbox><xmin>330.2778336</xmin><ymin>543.6692632</ymin><xmax>369.7659786</xmax><ymax>569.9897572</ymax></bndbox></object><object><name>other_vehicle</name><pose>Unspecified</pose><truncated>0</truncated><difficult>0</difficult><bndbox><xmin>390.6638294</xmin><ymin>524.1960722</ymin><xmax>455.0768455</xmax><ymax>571.1364413</ymax></bndbox></object><object><name>car</name><pose>Unspecified</pose><truncated>0</truncated><difficult>0</difficult><bndbox><xmin>189.6805535</xmin><ymin>555.0754747</ymin><xmax>245.9823401</xmax><ymax>584.3986248</ymax></bndbox></object><object><name>car</name><pose>Unspecified</pose><truncated>0</truncated><difficult>0</difficult><bndbox><xmin>530.7843904</xmin><ymin>535.0382419</ymin><xmax>580.8891456</xmax><ymax>575.9029861</ymax></bndbox></object><object><name>car</name><pose>Unspecified</pose><truncated>0</truncated><difficult>0</difficult><bndbox><xmin>993.0773372</xmin><ymin>534.6021818</ymin><xmax>1112.551893</xmax><ymax>571.2892673</ymax></bndbox></object><object><name>car</name><pose>Unspecified</pose><truncated>0</truncated><difficult>0</difficult><bndbox><xmin>136.8651515</xmin><ymin>558.0694433</ymin><xmax>207.2995856</xmax><ymax>590.2342343</ymax></bndbox></object><object><name>car</name><pose>Unspecified</pose><truncated>0</truncated><difficult>0</difficult><bndbox><xmin>371.5441005</xmin><ymin>546.7538981</ymin><xmax>408.4868952</xmax><ymax>566.7146933</ymax></bndbox></object><object><name>car</name><pose>Unspecified</pose><truncated>0</truncated><difficult>0</difficult><bndbox><xmin>847.1200969</xmin><ymin>536.166871</ymin><xmax>961.8280436</xmax><ymax>576.0217516</ymax></bndbox></object><object><name>car</name><pose>Unspecified</pose><truncated>0</truncated><difficult>0</difficult><bndbox><xmin>630.8186207</xmin><ymin>536.108347</ymin><xmax>659.6995823</xmax><ymax>560.9043239</ymax></bndbox></object><object><name>bus</name><pose>Unspecified</pose><truncated>0</truncated><difficult>0</difficult><bndbox><xmin>351.7658538</xmin><ymin>528.0572251</ymin><xmax>412.6311782</xmax><ymax>567.5389381</ymax></bndbox></object></annotation>