<annotation><folder>test_xmls</folder><filename>host-a004_cam0_1232905139351064006.jpeg</filename><path>./imageshost-a004_cam0_1232905139351064006.jpeg</path><source><database>Unknown</database></source><size><width>1224</width><height>1024</height><depth>3</depth></size><segmented>0</segmented><object><name>car</name><pose>Unspecified</pose><truncated>0</truncated><difficult>0</difficult><bndbox><xmin>946.9399985</xmin><ymin>540.2112271</ymin><xmax>1086.877061</xmax><ymax>603.9309133</ymax></bndbox></object><object><name>car</name><pose>Unspecified</pose><truncated>0</truncated><difficult>0</difficult><bndbox><xmin>473.1595753</xmin><ymin>540.6986615</ymin><xmax>520.3390826</xmax><ymax>571.2719909</ymax></bndbox></object><object><name>bicycle</name><pose>Unspecified</pose><truncated>0</truncated><difficult>0</difficult><bndbox><xmin>711.4204868</xmin><ymin>532.3749741</ymin><xmax>757.4635647</xmax><ymax>564.9489783</ymax></bndbox></object><object><name>car</name><pose>Unspecified</pose><truncated>0</truncated><difficult>0</difficult><bndbox><xmin>632.6391085</xmin><ymin>534.3686426</ymin><xmax>652.2956365</xmax><ymax>552.4216425</ymax></bndbox></object><object><name>car</name><pose>Unspecified</pose><truncated>0</truncated><difficult>0</difficult><bndbox><xmin>540.040013</xmin><ymin>530.1175883</ymin><xmax>591.511122</xmax><ymax>573.7080304</ymax></bndbox></object><object><name>car</name><pose>Unspecified</pose><truncated>0</truncated><difficult>0</difficult><bndbox><xmin>442.4147014</xmin><ymin>536.8857999</ymin><xmax>483.6599104</xmax><ymax>566.0650164</ymax></bndbox></object><object><name>car</name><pose>Unspecified</pose><truncated>0</truncated><difficult>0</difficult><bndbox><xmin>1024.009597</xmin><ymin>536.2739818</ymin><xmax>1224.0</xmax><ymax>627.3561172</ymax></bndbox></object><object><name>car</name><pose>Unspecified</pose><truncated>0</truncated><difficult>0</difficult><bndbox><xmin>228.7612355</xmin><ymin>550.7088067</ymin><xmax>299.3958115</xmax><ymax>586.7010378</ymax></bndbox></object><object><name>car</name><pose>Unspecified</pose><truncated>0</truncated><difficult>0</difficult><bndbox><xmin>577.0817027</xmin><ymin>537.5014784</ymin><xmax>605.2170686</xmax><ymax>558.160551</ymax></bndbox></object><object><name>car</name><pose>Unspecified</pose><truncated>0</truncated><difficult>0</difficult><bndbox><xmin>379.9508262</xmin><ymin>544.535861</ymin><xmax>417.193512</xmax><ymax>567.8932838</ymax></bndbox></object><object><name>car</name><pose>Unspecified</pose><truncated>0</truncated><difficult>0</difficult><bndbox><xmin>877.1893955</xmin><ymin>529.3829743</ymin><xmax>989.8777406</xmax><ymax>589.2123866</ymax></bndbox></object><object><name>car</name><pose>Unspecified</pose><truncated>0</truncated><difficult>0</difficult><bndbox><xmin>794.6511524</xmin><ymin>532.4090834</ymin><xmax>881.8900529</xmax><ymax>562.2298252</ymax></bndbox></object><object><name>car</name><pose>Unspecified</pose><truncated>0</truncated><difficult>0</difficult><bndbox><xmin>162.7128435</xmin><ymin>556.0687018</ymin><xmax>266.3998875</xmax><ymax>605.7278053</ymax></bndbox></object><object><name>car</name><pose>Unspecified</pose><truncated>0</truncated><difficult>0</difficult><bndbox><xmin>1098.750141</xmin><ymin>519.9570035</ymin><xmax>1204.027996</xmax><ymax>557.3004829</ymax></bndbox></object><object><name>car</name><pose>Unspecified</pose><truncated>0</truncated><difficult>0</difficult><bndbox><xmin>258.4833206</xmin><ymin>546.8722518</ymin><xmax>399.110631</xmax><ymax>620.897781</ymax></bndbox></object></annotation>