<annotation><folder>test_xmls</folder><filename>host-a004_cam0_1232842171051064006.jpeg</filename><path>./imageshost-a004_cam0_1232842171051064006.jpeg</path><source><database>Unknown</database></source><size><width>1224</width><height>1024</height><depth>3</depth></size><segmented>0</segmented><object><name>car</name><pose>Unspecified</pose><truncated>0</truncated><difficult>0</difficult><bndbox><xmin>302.6248676</xmin><ymin>553.1138107</ymin><xmax>439.2125968</xmax><ymax>624.5501141</ymax></bndbox></object><object><name>car</name><pose>Unspecified</pose><truncated>0</truncated><difficult>0</difficult><bndbox><xmin>513.9499638</xmin><ymin>552.384827</ymin><xmax>550.5596647</xmax><ymax>572.0417973</ymax></bndbox></object><object><name>car</name><pose>Unspecified</pose><truncated>0</truncated><difficult>0</difficult><bndbox><xmin>0</xmin><ymin>559.8110758</ymin><xmax>406.9541837</xmax><ymax>776.5610329</ymax></bndbox></object><object><name>car</name><pose>Unspecified</pose><truncated>0</truncated><difficult>0</difficult><bndbox><xmin>418.2313846</xmin><ymin>550.4469614</ymin><xmax>474.2202624</xmax><ymax>580.4221135</ymax></bndbox></object><object><name>car</name><pose>Unspecified</pose><truncated>0</truncated><difficult>0</difficult><bndbox><xmin>189.0319204</xmin><ymin>560.4761484</ymin><xmax>288.8934594</xmax><ymax>604.1053014</ymax></bndbox></object><object><name>car</name><pose>Unspecified</pose><truncated>0</truncated><difficult>0</difficult><bndbox><xmin>81.82999422</xmin><ymin>561.544394</ymin><xmax>156.4359383</xmax><ymax>593.4867445</ymax></bndbox></object><object><name>car</name><pose>Unspecified</pose><truncated>0</truncated><difficult>0</difficult><bndbox><xmin>608.4260586</xmin><ymin>549.1743002</ymin><xmax>695.7686414</xmax><ymax>630.3242067</ymax></bndbox></object><object><name>motorcycle</name><pose>Unspecified</pose><truncated>0</truncated><difficult>0</difficult><bndbox><xmin>504.7821831</xmin><ymin>549.0861984</ymin><xmax>522.5667797</xmax><ymax>570.4876294</ymax></bndbox></object><object><name>car</name><pose>Unspecified</pose><truncated>0</truncated><difficult>0</difficult><bndbox><xmin>481.018564</xmin><ymin>553.8575636</ymin><xmax>518.1887397</xmax><ymax>574.8855619</ymax></bndbox></object><object><name>car</name><pose>Unspecified</pose><truncated>0</truncated><difficult>0</difficult><bndbox><xmin>295.432322</xmin><ymin>557.9101512</ymin><xmax>341.4344663</xmax><ymax>580.3841933</ymax></bndbox></object><object><name>car</name><pose>Unspecified</pose><truncated>0</truncated><difficult>0</difficult><bndbox><xmin>551.1380301</xmin><ymin>551.2802998</ymin><xmax>580.1620064</xmax><ymax>569.6937309</ymax></bndbox></object><object><name>car</name><pose>Unspecified</pose><truncated>0</truncated><difficult>0</difficult><bndbox><xmin>188.2251108</xmin><ymin>556.5946223</ymin><xmax>263.3336248</xmax><ymax>592.6034875</ymax></bndbox></object><object><name>car</name><pose>Unspecified</pose><truncated>0</truncated><difficult>0</difficult><bndbox><xmin>37.27321133</xmin><ymin>564.0624797</ymin><xmax>108.3010926</xmax><ymax>591.9330542</ymax></bndbox></object><object><name>car</name><pose>Unspecified</pose><truncated>0</truncated><difficult>0</difficult><bndbox><xmin>744.9929667</xmin><ymin>546.5801393</ymin><xmax>774.0173809</xmax><ymax>571.3155033</ymax></bndbox></object><object><name>car</name><pose>Unspecified</pose><truncated>0</truncated><difficult>0</difficult><bndbox><xmin>119.0713956</xmin><ymin>566.9962486</ymin><xmax>185.2183766</xmax><ymax>592.6443808</ymax></bndbox></object></annotation>