<annotation><folder>test_xmls</folder><filename>host-a004_cam0_1233616008751064006.jpeg</filename><path>./imageshost-a004_cam0_1233616008751064006.jpeg</path><source><database>Unknown</database></source><size><width>1224</width><height>1024</height><depth>3</depth></size><segmented>0</segmented><object><name>car</name><pose>Unspecified</pose><truncated>0</truncated><difficult>0</difficult><bndbox><xmin>273.6562176</xmin><ymin>535.6684024</ymin><xmax>324.8681311</xmax><ymax>560.3083277</ymax></bndbox></object><object><name>truck</name><pose>Unspecified</pose><truncated>0</truncated><difficult>0</difficult><bndbox><xmin>366.2810922</xmin><ymin>491.620837</ymin><xmax>498.730635</xmax><ymax>589.4802871</ymax></bndbox></object><object><name>car</name><pose>Unspecified</pose><truncated>0</truncated><difficult>0</difficult><bndbox><xmin>476.2290398</xmin><ymin>531.5086362</ymin><xmax>505.9902751</xmax><ymax>553.105051</ymax></bndbox></object><object><name>car</name><pose>Unspecified</pose><truncated>0</truncated><difficult>0</difficult><bndbox><xmin>554.0204073</xmin><ymin>537.5467863</ymin><xmax>598.0838936</xmax><ymax>574.0168675</ymax></bndbox></object><object><name>car</name><pose>Unspecified</pose><truncated>0</truncated><difficult>0</difficult><bndbox><xmin>0</xmin><ymin>535.9525683</ymin><xmax>81.74989488</xmax><ymax>583.8639605</ymax></bndbox></object><object><name>car</name><pose>Unspecified</pose><truncated>0</truncated><difficult>0</difficult><bndbox><xmin>617.3998454</xmin><ymin>538.3226347</ymin><xmax>663.9531674</xmax><ymax>579.6445463</ymax></bndbox></object><object><name>car</name><pose>Unspecified</pose><truncated>0</truncated><difficult>0</difficult><bndbox><xmin>533.0437787</xmin><ymin>532.6841352</ymin><xmax>563.4768146</xmax><ymax>561.9046376</ymax></bndbox></object><object><name>car</name><pose>Unspecified</pose><truncated>0</truncated><difficult>0</difficult><bndbox><xmin>323.6139028</xmin><ymin>539.6232184</ymin><xmax>359.1128584</xmax><ymax>556.9565194</ymax></bndbox></object><object><name>pedestrian</name><pose>Unspecified</pose><truncated>0</truncated><difficult>0</difficult><bndbox><xmin>1138.306926</xmin><ymin>518.1671447</ymin><xmax>1189.271741</xmax><ymax>600.0085701</ymax></bndbox></object><object><name>car</name><pose>Unspecified</pose><truncated>0</truncated><difficult>0</difficult><bndbox><xmin>661.1835768</xmin><ymin>539.1613946</ymin><xmax>688.9198867</xmax><ymax>561.7529101</ymax></bndbox></object><object><name>car</name><pose>Unspecified</pose><truncated>0</truncated><difficult>0</difficult><bndbox><xmin>597.5492993</xmin><ymin>540.0159192</ymin><xmax>613.73605</xmax><ymax>555.2228947</ymax></bndbox></object></annotation>