<annotation><folder>test_xmls</folder><filename>host-a004_cam0_1235947083551064006.jpeg</filename><path>./imageshost-a004_cam0_1235947083551064006.jpeg</path><source><database>Unknown</database></source><size><width>1224</width><height>1024</height><depth>3</depth></size><segmented>0</segmented><object><name>car</name><pose>Unspecified</pose><truncated>0</truncated><difficult>0</difficult><bndbox><xmin>627.6869949</xmin><ymin>536.3822086</ymin><xmax>644.4120017</xmax><ymax>550.4956447</ymax></bndbox></object><object><name>car</name><pose>Unspecified</pose><truncated>0</truncated><difficult>0</difficult><bndbox><xmin>320.6516997</xmin><ymin>531.9156289</ymin><xmax>385.568173</xmax><ymax>570.1765997</ymax></bndbox></object><object><name>car</name><pose>Unspecified</pose><truncated>0</truncated><difficult>0</difficult><bndbox><xmin>403.5130924</xmin><ymin>532.5974662</ymin><xmax>484.110877</xmax><ymax>589.3140641</ymax></bndbox></object><object><name>car</name><pose>Unspecified</pose><truncated>0</truncated><difficult>0</difficult><bndbox><xmin>683.6518974</xmin><ymin>530.8284777</ymin><xmax>732.4787296</xmax><ymax>571.8389815</ymax></bndbox></object><object><name>car</name><pose>Unspecified</pose><truncated>0</truncated><difficult>0</difficult><bndbox><xmin>126.0885204</xmin><ymin>538.1546181</ymin><xmax>214.0115508</xmax><ymax>573.1746048</ymax></bndbox></object><object><name>car</name><pose>Unspecified</pose><truncated>0</truncated><difficult>0</difficult><bndbox><xmin>0</xmin><ymin>543.4791195</ymin><xmax>67.02025393</xmax><ymax>1024.0</ymax></bndbox></object><object><name>car</name><pose>Unspecified</pose><truncated>0</truncated><difficult>0</difficult><bndbox><xmin>567.1055825</xmin><ymin>531.7122168</ymin><xmax>598.9363811</xmax><ymax>560.6256279</ymax></bndbox></object><object><name>car</name><pose>Unspecified</pose><truncated>0</truncated><difficult>0</difficult><bndbox><xmin>705.6887309</xmin><ymin>534.4735736</ymin><xmax>787.0221512</xmax><ymax>595.1800218</ymax></bndbox></object><object><name>car</name><pose>Unspecified</pose><truncated>0</truncated><difficult>0</difficult><bndbox><xmin>0</xmin><ymin>549.5457666</ymin><xmax>64.90979188</xmax><ymax>589.5965455</ymax></bndbox></object><object><name>car</name><pose>Unspecified</pose><truncated>0</truncated><difficult>0</difficult><bndbox><xmin>192.6660943</xmin><ymin>539.7280556</ymin><xmax>257.1693772</xmax><ymax>567.9246182</ymax></bndbox></object><object><name>car</name><pose>Unspecified</pose><truncated>0</truncated><difficult>0</difficult><bndbox><xmin>698.0640173</xmin><ymin>536.714598</ymin><xmax>760.5434522</xmax><ymax>580.9778053</ymax></bndbox></object><object><name>car</name><pose>Unspecified</pose><truncated>0</truncated><difficult>0</difficult><bndbox><xmin>469.6300929</xmin><ymin>536.2908576</ymin><xmax>496.4402646</xmax><ymax>554.3779457</ymax></bndbox></object><object><name>car</name><pose>Unspecified</pose><truncated>0</truncated><difficult>0</difficult><bndbox><xmin>392.6128603</xmin><ymin>537.6534689</ymin><xmax>424.4724195</xmax><ymax>554.4506959</ymax></bndbox></object><object><name>car</name><pose>Unspecified</pose><truncated>0</truncated><difficult>0</difficult><bndbox><xmin>506.3793848</xmin><ymin>528.736618</ymin><xmax>598.994518</xmax><ymax>606.4433586</ymax></bndbox></object></annotation>