<annotation><folder>test_xmls</folder><filename>host-a004_cam0_1233963866451064006.jpeg</filename><path>./imageshost-a004_cam0_1233963866451064006.jpeg</path><source><database>Unknown</database></source><size><width>1224</width><height>1024</height><depth>3</depth></size><segmented>0</segmented><object><name>car</name><pose>Unspecified</pose><truncated>0</truncated><difficult>0</difficult><bndbox><xmin>953.8505484</xmin><ymin>557.848208</ymin><xmax>1224.0</xmax><ymax>1024.0</ymax></bndbox></object><object><name>car</name><pose>Unspecified</pose><truncated>0</truncated><difficult>0</difficult><bndbox><xmin>500.9551383</xmin><ymin>521.3675809</ymin><xmax>580.5012996</xmax><ymax>586.7629591</ymax></bndbox></object><object><name>car</name><pose>Unspecified</pose><truncated>0</truncated><difficult>0</difficult><bndbox><xmin>670.1865578</xmin><ymin>537.463982</ymin><xmax>691.2923301</xmax><ymax>556.4075757</ymax></bndbox></object><object><name>other_vehicle</name><pose>Unspecified</pose><truncated>0</truncated><difficult>0</difficult><bndbox><xmin>740.2483461</xmin><ymin>436.3368989</ymin><xmax>1016.610143</xmax><ymax>670.678379</ymax></bndbox></object><object><name>car</name><pose>Unspecified</pose><truncated>0</truncated><difficult>0</difficult><bndbox><xmin>294.9260859</xmin><ymin>539.7663776</ymin><xmax>414.2582664</xmax><ymax>611.8631075</ymax></bndbox></object><object><name>other_vehicle</name><pose>Unspecified</pose><truncated>0</truncated><difficult>0</difficult><bndbox><xmin>694.1349934</xmin><ymin>472.9770348</ymin><xmax>846.0588852</xmax><ymax>608.4865358</ymax></bndbox></object><object><name>other_vehicle</name><pose>Unspecified</pose><truncated>0</truncated><difficult>0</difficult><bndbox><xmin>663.0600705</xmin><ymin>521.2014108</ymin><xmax>689.1510293</xmax><ymax>551.4345525</ymax></bndbox></object></annotation>