<annotation><folder>test_xmls</folder><filename>host-a004_cam0_1233014347051064006.jpeg</filename><path>./imageshost-a004_cam0_1233014347051064006.jpeg</path><source><database>Unknown</database></source><size><width>1224</width><height>1024</height><depth>3</depth></size><segmented>0</segmented><object><name>car</name><pose>Unspecified</pose><truncated>0</truncated><difficult>0</difficult><bndbox><xmin>599.581619</xmin><ymin>534.4102847</ymin><xmax>617.8215926</xmax><ymax>551.1041204</ymax></bndbox></object><object><name>car</name><pose>Unspecified</pose><truncated>0</truncated><difficult>0</difficult><bndbox><xmin>0</xmin><ymin>546.9990485</ymin><xmax>168.9899042</xmax><ymax>716.000338</ymax></bndbox></object><object><name>car</name><pose>Unspecified</pose><truncated>0</truncated><difficult>0</difficult><bndbox><xmin>488.0916608</xmin><ymin>537.3368595</ymin><xmax>529.5332748</xmax><ymax>564.9187682</ymax></bndbox></object><object><name>car</name><pose>Unspecified</pose><truncated>0</truncated><difficult>0</difficult><bndbox><xmin>628.6095084</xmin><ymin>536.4085048</ymin><xmax>656.7765693</xmax><ymax>560.4783154</ymax></bndbox></object><object><name>car</name><pose>Unspecified</pose><truncated>0</truncated><difficult>0</difficult><bndbox><xmin>346.6878004</xmin><ymin>529.4717362</ymin><xmax>497.2357806</xmax><ymax>632.876897</ymax></bndbox></object></annotation>