<annotation><folder>test_xmls</folder><filename>host-a004_cam0_1232923291151064006.jpeg</filename><path>./imageshost-a004_cam0_1232923291151064006.jpeg</path><source><database>Unknown</database></source><size><width>1224</width><height>1024</height><depth>3</depth></size><segmented>0</segmented><object><name>car</name><pose>Unspecified</pose><truncated>0</truncated><difficult>0</difficult><bndbox><xmin>1010.724837</xmin><ymin>558.5883574</ymin><xmax>1224.0</xmax><ymax>1024.0</ymax></bndbox></object><object><name>car</name><pose>Unspecified</pose><truncated>0</truncated><difficult>0</difficult><bndbox><xmin>85.44355783</xmin><ymin>552.4592671</ymin><xmax>177.2420183</xmax><ymax>590.5442285</ymax></bndbox></object><object><name>other_vehicle</name><pose>Unspecified</pose><truncated>0</truncated><difficult>0</difficult><bndbox><xmin>261.306827</xmin><ymin>529.5158099</ymin><xmax>335.740516</xmax><ymax>574.0585213</ymax></bndbox></object><object><name>car</name><pose>Unspecified</pose><truncated>0</truncated><difficult>0</difficult><bndbox><xmin>678.3504134</xmin><ymin>537.4429325</ymin><xmax>725.2281313</xmax><ymax>576.0093688</ymax></bndbox></object><object><name>car</name><pose>Unspecified</pose><truncated>0</truncated><difficult>0</difficult><bndbox><xmin>659.3424567</xmin><ymin>541.1520625</ymin><xmax>681.3727619</xmax><ymax>557.9431696</ymax></bndbox></object><object><name>car</name><pose>Unspecified</pose><truncated>0</truncated><difficult>0</difficult><bndbox><xmin>670.9140451</xmin><ymin>543.5930688</ymin><xmax>708.2485081</xmax><ymax>567.9790367</ymax></bndbox></object><object><name>car</name><pose>Unspecified</pose><truncated>0</truncated><difficult>0</difficult><bndbox><xmin>0</xmin><ymin>557.6893929</ymin><xmax>103.2227754</xmax><ymax>598.8017632</ymax></bndbox></object><object><name>other_vehicle</name><pose>Unspecified</pose><truncated>0</truncated><difficult>0</difficult><bndbox><xmin>173.9060262</xmin><ymin>519.6583717</ymin><xmax>296.4595699</xmax><ymax>582.4492618</ymax></bndbox></object><object><name>car</name><pose>Unspecified</pose><truncated>0</truncated><difficult>0</difficult><bndbox><xmin>582.7721325</xmin><ymin>537.3583642</ymin><xmax>607.9424997</xmax><ymax>555.265953</ymax></bndbox></object><object><name>car</name><pose>Unspecified</pose><truncated>0</truncated><difficult>0</difficult><bndbox><xmin>649.6102182</xmin><ymin>539.7681438</ymin><xmax>668.2198412</xmax><ymax>556.0681725</ymax></bndbox></object><object><name>car</name><pose>Unspecified</pose><truncated>0</truncated><difficult>0</difficult><bndbox><xmin>691.7152098</xmin><ymin>541.6754539</ymin><xmax>749.4616643</xmax><ymax>583.7013702</ymax></bndbox></object></annotation>