<annotation><folder>test_xmls</folder><filename>host-a004_cam0_1232842367251064006.jpeg</filename><path>./imageshost-a004_cam0_1232842367251064006.jpeg</path><source><database>Unknown</database></source><size><width>1224</width><height>1024</height><depth>3</depth></size><segmented>0</segmented><object><name>car</name><pose>Unspecified</pose><truncated>0</truncated><difficult>0</difficult><bndbox><xmin>475.8754799</xmin><ymin>546.3577612</ymin><xmax>558.559745</xmax><ymax>606.8908725</ymax></bndbox></object><object><name>car</name><pose>Unspecified</pose><truncated>0</truncated><difficult>0</difficult><bndbox><xmin>376.76369</xmin><ymin>531.087408</ymin><xmax>450.8912821</xmax><ymax>580.3986232</ymax></bndbox></object><object><name>car</name><pose>Unspecified</pose><truncated>0</truncated><difficult>0</difficult><bndbox><xmin>1004.651731</xmin><ymin>541.1892704</ymin><xmax>1090.212306</xmax><ymax>568.8625807</ymax></bndbox></object><object><name>car</name><pose>Unspecified</pose><truncated>0</truncated><difficult>0</difficult><bndbox><xmin>574.5533926</xmin><ymin>537.0993425</ymin><xmax>680.3802865</xmax><ymax>637.0056313</ymax></bndbox></object><object><name>car</name><pose>Unspecified</pose><truncated>0</truncated><difficult>0</difficult><bndbox><xmin>302.3333827</xmin><ymin>555.1246225</ymin><xmax>331.0724208</xmax><ymax>577.8444683</ymax></bndbox></object><object><name>car</name><pose>Unspecified</pose><truncated>0</truncated><difficult>0</difficult><bndbox><xmin>35.71049898</xmin><ymin>533.7534319</ymin><xmax>283.8005857</xmax><ymax>668.9493522</ymax></bndbox></object><object><name>car</name><pose>Unspecified</pose><truncated>0</truncated><difficult>0</difficult><bndbox><xmin>0</xmin><ymin>560.5295078</ymin><xmax>48.40266913</xmax><ymax>628.6883039</ymax></bndbox></object><object><name>car</name><pose>Unspecified</pose><truncated>0</truncated><difficult>0</difficult><bndbox><xmin>1204.748782</xmin><ymin>545.6172001</ymin><xmax>1224.0</xmax><ymax>573.7484587</ymax></bndbox></object><object><name>car</name><pose>Unspecified</pose><truncated>0</truncated><difficult>0</difficult><bndbox><xmin>521.8519474</xmin><ymin>539.2686302</ymin><xmax>557.0529078</xmax><ymax>567.4305343</ymax></bndbox></object><object><name>car</name><pose>Unspecified</pose><truncated>0</truncated><difficult>0</difficult><bndbox><xmin>458.4909402</xmin><ymin>538.4456456</ymin><xmax>502.5259847</xmax><ymax>567.9433361</ymax></bndbox></object><object><name>bus</name><pose>Unspecified</pose><truncated>0</truncated><difficult>0</difficult><bndbox><xmin>792.9337447</xmin><ymin>523.3108966</ymin><xmax>944.6726723</xmax><ymax>564.3244654</ymax></bndbox></object><object><name>car</name><pose>Unspecified</pose><truncated>0</truncated><difficult>0</difficult><bndbox><xmin>488.7793128</xmin><ymin>539.2091145</ymin><xmax>521.1403557</xmax><ymax>563.4732918</ymax></bndbox></object><object><name>car</name><pose>Unspecified</pose><truncated>0</truncated><difficult>0</difficult><bndbox><xmin>533.9733567</xmin><ymin>544.4556921</ymin><xmax>585.4488833</xmax><ymax>586.1768381</ymax></bndbox></object><object><name>truck</name><pose>Unspecified</pose><truncated>0</truncated><difficult>0</difficult><bndbox><xmin>0</xmin><ymin>531.3063609</ymin><xmax>63.52483399</xmax><ymax>620.6799314</ymax></bndbox></object><object><name>car</name><pose>Unspecified</pose><truncated>0</truncated><difficult>0</difficult><bndbox><xmin>733.8628774</xmin><ymin>546.3463446</ymin><xmax>778.3542897</xmax><ymax>562.4884569</ymax></bndbox></object><object><name>car</name><pose>Unspecified</pose><truncated>0</truncated><difficult>0</difficult><bndbox><xmin>0</xmin><ymin>552.8213945</ymin><xmax>393.3074399</xmax><ymax>811.3144628</ymax></bndbox></object><object><name>car</name><pose>Unspecified</pose><truncated>0</truncated><difficult>0</difficult><bndbox><xmin>1083.381246</xmin><ymin>542.113839</ymin><xmax>1149.018404</xmax><ymax>564.297518</ymax></bndbox></object></annotation>