<annotation><folder>test_xmls</folder><filename>host-a004_cam0_1232838154451064006.jpeg</filename><path>./imageshost-a004_cam0_1232838154451064006.jpeg</path><source><database>Unknown</database></source><size><width>1224</width><height>1024</height><depth>3</depth></size><segmented>0</segmented><object><name>car</name><pose>Unspecified</pose><truncated>0</truncated><difficult>0</difficult><bndbox><xmin>528.3426163</xmin><ymin>535.5487218</ymin><xmax>561.5990444</xmax><ymax>561.6049572</ymax></bndbox></object><object><name>car</name><pose>Unspecified</pose><truncated>0</truncated><difficult>0</difficult><bndbox><xmin>313.086344</xmin><ymin>539.4142327</ymin><xmax>439.2888031</xmax><ymax>613.3637531</ymax></bndbox></object><object><name>car</name><pose>Unspecified</pose><truncated>0</truncated><difficult>0</difficult><bndbox><xmin>593.8471679</xmin><ymin>532.289417</ymin><xmax>619.7240725</xmax><ymax>555.6517928</ymax></bndbox></object><object><name>bus</name><pose>Unspecified</pose><truncated>0</truncated><difficult>0</difficult><bndbox><xmin>625.2428589</xmin><ymin>505.3854648</ymin><xmax>683.0238533</xmax><ymax>568.863729</ymax></bndbox></object><object><name>car</name><pose>Unspecified</pose><truncated>0</truncated><difficult>0</difficult><bndbox><xmin>563.3280432</xmin><ymin>536.9898102</ymin><xmax>600.825914</xmax><ymax>564.8592805</ymax></bndbox></object></annotation>