<annotation><folder>test_xmls</folder><filename>host-a004_cam0_1233617952351064006.jpeg</filename><path>./imageshost-a004_cam0_1233617952351064006.jpeg</path><source><database>Unknown</database></source><size><width>1224</width><height>1024</height><depth>3</depth></size><segmented>0</segmented><object><name>car</name><pose>Unspecified</pose><truncated>0</truncated><difficult>0</difficult><bndbox><xmin>0</xmin><ymin>539.5304609</ymin><xmax>195.5961212</xmax><ymax>629.4616029</ymax></bndbox></object><object><name>car</name><pose>Unspecified</pose><truncated>0</truncated><difficult>0</difficult><bndbox><xmin>0</xmin><ymin>539.4889367</ymin><xmax>315.608707</xmax><ymax>709.2868336</ymax></bndbox></object><object><name>car</name><pose>Unspecified</pose><truncated>0</truncated><difficult>0</difficult><bndbox><xmin>418.0263053</xmin><ymin>545.4593069</ymin><xmax>458.4135443</xmax><ymax>569.8593678</ymax></bndbox></object><object><name>car</name><pose>Unspecified</pose><truncated>0</truncated><difficult>0</difficult><bndbox><xmin>456.9823761</xmin><ymin>546.8317912</ymin><xmax>480.8700627</xmax><ymax>564.119809</ymax></bndbox></object><object><name>car</name><pose>Unspecified</pose><truncated>0</truncated><difficult>0</difficult><bndbox><xmin>649.7470246</xmin><ymin>538.3973934</ymin><xmax>667.4283732</xmax><ymax>553.4329987</ymax></bndbox></object><object><name>other_vehicle</name><pose>Unspecified</pose><truncated>0</truncated><difficult>0</difficult><bndbox><xmin>233.4286709</xmin><ymin>530.4556589</ymin><xmax>319.1631439</xmax><ymax>582.9918893</ymax></bndbox></object><object><name>car</name><pose>Unspecified</pose><truncated>0</truncated><difficult>0</difficult><bndbox><xmin>529.688061</xmin><ymin>537.2967411</ymin><xmax>556.8477505</xmax><ymax>559.6880364</ymax></bndbox></object><object><name>car</name><pose>Unspecified</pose><truncated>0</truncated><difficult>0</difficult><bndbox><xmin>352.6636284</xmin><ymin>538.9409089</ymin><xmax>450.4687041</xmax><ymax>598.260572</ymax></bndbox></object><object><name>car</name><pose>Unspecified</pose><truncated>0</truncated><difficult>0</difficult><bndbox><xmin>0</xmin><ymin>563.2226796</ymin><xmax>37.11701947</xmax><ymax>616.2560807</ymax></bndbox></object><object><name>car</name><pose>Unspecified</pose><truncated>0</truncated><difficult>0</difficult><bndbox><xmin>170.6889553</xmin><ymin>549.358732</ymin><xmax>293.9417791</xmax><ymax>603.3831433</ymax></bndbox></object><object><name>car</name><pose>Unspecified</pose><truncated>0</truncated><difficult>0</difficult><bndbox><xmin>265.5217186</xmin><ymin>538.1664813</ymin><xmax>366.9287264</xmax><ymax>589.7772171</ymax></bndbox></object><object><name>car</name><pose>Unspecified</pose><truncated>0</truncated><difficult>0</difficult><bndbox><xmin>620.712946</xmin><ymin>535.7930515</ymin><xmax>642.1984213</xmax><ymax>554.7153716</ymax></bndbox></object><object><name>car</name><pose>Unspecified</pose><truncated>0</truncated><difficult>0</difficult><bndbox><xmin>0</xmin><ymin>569.2228566</ymin><xmax>94.9877707</xmax><ymax>626.8383775</ymax></bndbox></object><object><name>car</name><pose>Unspecified</pose><truncated>0</truncated><difficult>0</difficult><bndbox><xmin>560.6129272</xmin><ymin>534.871581</ymin><xmax>590.3923718</xmax><ymax>562.4016624</ymax></bndbox></object><object><name>bus</name><pose>Unspecified</pose><truncated>0</truncated><difficult>0</difficult><bndbox><xmin>5.073978132</xmin><ymin>518.5059975</ymin><xmax>186.8608074</xmax><ymax>604.7228279</ymax></bndbox></object></annotation>