<annotation><folder>test_xmls</folder><filename>host-a004_cam0_1233955753051064006.jpeg</filename><path>./imageshost-a004_cam0_1233955753051064006.jpeg</path><source><database>Unknown</database></source><size><width>1224</width><height>1024</height><depth>3</depth></size><segmented>0</segmented><object><name>other_vehicle</name><pose>Unspecified</pose><truncated>0</truncated><difficult>0</difficult><bndbox><xmin>647.5983434</xmin><ymin>508.2778994</ymin><xmax>688.7782565</xmax><ymax>544.5574109</ymax></bndbox></object><object><name>car</name><pose>Unspecified</pose><truncated>0</truncated><difficult>0</difficult><bndbox><xmin>554.462481</xmin><ymin>525.1469771</ymin><xmax>578.208487</xmax><ymax>541.0842152</ymax></bndbox></object><object><name>car</name><pose>Unspecified</pose><truncated>0</truncated><difficult>0</difficult><bndbox><xmin>502.8024049</xmin><ymin>526.7966833</ymin><xmax>540.9392796</xmax><ymax>552.5267635</ymax></bndbox></object><object><name>car</name><pose>Unspecified</pose><truncated>0</truncated><difficult>0</difficult><bndbox><xmin>675.1640987</xmin><ymin>520.9275797</ymin><xmax>734.4077664</xmax><ymax>564.2334109</ymax></bndbox></object><object><name>car</name><pose>Unspecified</pose><truncated>0</truncated><difficult>0</difficult><bndbox><xmin>661.2597929</xmin><ymin>515.0250186</ymin><xmax>704.981487</xmax><ymax>553.866123</ymax></bndbox></object><object><name>other_vehicle</name><pose>Unspecified</pose><truncated>0</truncated><difficult>0</difficult><bndbox><xmin>681.0185843</xmin><ymin>494.0615817</ymin><xmax>762.4165815</xmax><ymax>573.5052582</ymax></bndbox></object><object><name>car</name><pose>Unspecified</pose><truncated>0</truncated><difficult>0</difficult><bndbox><xmin>844.535146</xmin><ymin>542.0436096</ymin><xmax>1224.0</xmax><ymax>907.1813179</ymax></bndbox></object><object><name>car</name><pose>Unspecified</pose><truncated>0</truncated><difficult>0</difficult><bndbox><xmin>298.2780789</xmin><ymin>532.398492</ymin><xmax>421.9392787</xmax><ymax>598.1060103</ymax></bndbox></object><object><name>other_vehicle</name><pose>Unspecified</pose><truncated>0</truncated><difficult>0</difficult><bndbox><xmin>715.3368177</xmin><ymin>421.2981836</ymin><xmax>996.9723896</xmax><ymax>666.1064924</ymax></bndbox></object><object><name>car</name><pose>Unspecified</pose><truncated>0</truncated><difficult>0</difficult><bndbox><xmin>697.20343</xmin><ymin>524.6181845</ymin><xmax>786.9657497</xmax><ymax>592.0651971</ymax></bndbox></object><object><name>car</name><pose>Unspecified</pose><truncated>0</truncated><difficult>0</difficult><bndbox><xmin>0</xmin><ymin>0</ymin><xmax>180.0536605</xmax><ymax>1024.0</ymax></bndbox></object><object><name>car</name><pose>Unspecified</pose><truncated>0</truncated><difficult>0</difficult><bndbox><xmin>665.6000195</xmin><ymin>516.0303534</ymin><xmax>715.9581586</xmax><ymax>557.6276071</ymax></bndbox></object></annotation>