<annotation><folder>test_xmls</folder><filename>host-a004_cam0_1233516158651064006.jpeg</filename><path>./imageshost-a004_cam0_1233516158651064006.jpeg</path><source><database>Unknown</database></source><size><width>1224</width><height>1024</height><depth>3</depth></size><segmented>0</segmented><object><name>car</name><pose>Unspecified</pose><truncated>0</truncated><difficult>0</difficult><bndbox><xmin>716.6786301</xmin><ymin>544.5251093</ymin><xmax>816.9379724</xmax><ymax>607.6421633</ymax></bndbox></object><object><name>other_vehicle</name><pose>Unspecified</pose><truncated>0</truncated><difficult>0</difficult><bndbox><xmin>662.8175247</xmin><ymin>515.7477272</ymin><xmax>704.0072239</xmax><ymax>559.6105667</ymax></bndbox></object><object><name>other_vehicle</name><pose>Unspecified</pose><truncated>0</truncated><difficult>0</difficult><bndbox><xmin>668.4209595</xmin><ymin>516.2143268</ymin><xmax>719.7937871</xmax><ymax>568.9338514</ymax></bndbox></object><object><name>car</name><pose>Unspecified</pose><truncated>0</truncated><difficult>0</difficult><bndbox><xmin>0</xmin><ymin>507.8377232</ymin><xmax>167.2959944</xmax><ymax>742.6030639</ymax></bndbox></object><object><name>car</name><pose>Unspecified</pose><truncated>0</truncated><difficult>0</difficult><bndbox><xmin>399.7887189</xmin><ymin>529.4551775</ymin><xmax>480.1342361</xmax><ymax>585.9624274</ymax></bndbox></object><object><name>car</name><pose>Unspecified</pose><truncated>0</truncated><difficult>0</difficult><bndbox><xmin>45.264872</xmin><ymin>547.8641604</ymin><xmax>146.3368499</xmax><ymax>586.0469863</ymax></bndbox></object><object><name>car</name><pose>Unspecified</pose><truncated>0</truncated><difficult>0</difficult><bndbox><xmin>406.8581705</xmin><ymin>541.3025886</ymin><xmax>543.2032984</xmax><ymax>626.6600729</ymax></bndbox></object><object><name>other_vehicle</name><pose>Unspecified</pose><truncated>0</truncated><difficult>0</difficult><bndbox><xmin>737.178319</xmin><ymin>411.3238659</ymin><xmax>1030.989575</xmax><ymax>683.2232337</ymax></bndbox></object><object><name>car</name><pose>Unspecified</pose><truncated>0</truncated><difficult>0</difficult><bndbox><xmin>657.2555398</xmin><ymin>531.7482589</ymin><xmax>687.8072744</xmax><ymax>556.6991401</ymax></bndbox></object><object><name>car</name><pose>Unspecified</pose><truncated>0</truncated><difficult>0</difficult><bndbox><xmin>125.1298821</xmin><ymin>547.5771826</ymin><xmax>209.004911</xmax><ymax>579.5793012</ymax></bndbox></object><object><name>other_vehicle</name><pose>Unspecified</pose><truncated>0</truncated><difficult>0</difficult><bndbox><xmin>682.7604375</xmin><ymin>492.0964697</ymin><xmax>781.5214888</xmax><ymax>588.4147565</ymax></bndbox></object><object><name>car</name><pose>Unspecified</pose><truncated>0</truncated><difficult>0</difficult><bndbox><xmin>828.2891177</xmin><ymin>551.1608812</ymin><xmax>1224.0</xmax><ymax>831.9085143</ymax></bndbox></object></annotation>