<annotation><folder>test_xmls</folder><filename>host-a004_cam0_1233616008151064006.jpeg</filename><path>./imageshost-a004_cam0_1233616008151064006.jpeg</path><source><database>Unknown</database></source><size><width>1224</width><height>1024</height><depth>3</depth></size><segmented>0</segmented><object><name>car</name><pose>Unspecified</pose><truncated>0</truncated><difficult>0</difficult><bndbox><xmin>553.2829871</xmin><ymin>536.9205949</ymin><xmax>597.5324997</xmax><ymax>573.5652749</ymax></bndbox></object><object><name>car</name><pose>Unspecified</pose><truncated>0</truncated><difficult>0</difficult><bndbox><xmin>581.4516478</xmin><ymin>539.6866915</ymin><xmax>607.2880456</xmax><ymax>560.747292</ymax></bndbox></object><object><name>truck</name><pose>Unspecified</pose><truncated>0</truncated><difficult>0</difficult><bndbox><xmin>366.4274574</xmin><ymin>490.9301325</ymin><xmax>499.463983</xmax><ymax>587.82611</ymax></bndbox></object><object><name>car</name><pose>Unspecified</pose><truncated>0</truncated><difficult>0</difficult><bndbox><xmin>305.5141022</xmin><ymin>536.8003668</ymin><xmax>350.3101633</xmax><ymax>559.3868283</ymax></bndbox></object><object><name>car</name><pose>Unspecified</pose><truncated>0</truncated><difficult>0</difficult><bndbox><xmin>32.1284302</xmin><ymin>543.6326217</ymin><xmax>132.2196848</xmax><ymax>579.9307119</ymax></bndbox></object><object><name>car</name><pose>Unspecified</pose><truncated>0</truncated><difficult>0</difficult><bndbox><xmin>658.276998</xmin><ymin>537.1616315</ymin><xmax>683.3746572</xmax><ymax>557.6745969</ymax></bndbox></object><object><name>pedestrian</name><pose>Unspecified</pose><truncated>0</truncated><difficult>0</difficult><bndbox><xmin>1006.789697</xmin><ymin>518.3405445</ymin><xmax>1041.817267</xmax><ymax>578.332635</ymax></bndbox></object><object><name>car</name><pose>Unspecified</pose><truncated>0</truncated><difficult>0</difficult><bndbox><xmin>533.4942671</xmin><ymin>531.9550307</ymin><xmax>564.1779667</xmax><ymax>561.0751537</ymax></bndbox></object><object><name>car</name><pose>Unspecified</pose><truncated>0</truncated><difficult>0</difficult><bndbox><xmin>618.0237754</xmin><ymin>537.1939176</ymin><xmax>664.6503098</xmax><ymax>578.5642901</ymax></bndbox></object></annotation>