<annotation><folder>test_xmls</folder><filename>host-a004_cam0_1233955751851064006.jpeg</filename><path>./imageshost-a004_cam0_1233955751851064006.jpeg</path><source><database>Unknown</database></source><size><width>1224</width><height>1024</height><depth>3</depth></size><segmented>0</segmented><object><name>car</name><pose>Unspecified</pose><truncated>0</truncated><difficult>0</difficult><bndbox><xmin>549.8058851</xmin><ymin>534.6406879</ymin><xmax>575.7471808</xmax><ymax>551.308132</ymax></bndbox></object><object><name>car</name><pose>Unspecified</pose><truncated>0</truncated><difficult>0</difficult><bndbox><xmin>0</xmin><ymin>551.1892763</ymin><xmax>95.65077142</xmax><ymax>587.3611247</ymax></bndbox></object><object><name>car</name><pose>Unspecified</pose><truncated>0</truncated><difficult>0</difficult><bndbox><xmin>663.2777583</xmin><ymin>528.2127914</ymin><xmax>699.4515223</xmax><ymax>558.5166915</ymax></bndbox></object><object><name>other_vehicle</name><pose>Unspecified</pose><truncated>0</truncated><difficult>0</difficult><bndbox><xmin>650.6378046</xmin><ymin>521.3215862</ymin><xmax>684.2628993</xmax><ymax>550.9983584</ymax></bndbox></object><object><name>other_vehicle</name><pose>Unspecified</pose><truncated>0</truncated><difficult>0</difficult><bndbox><xmin>685.5582155</xmin><ymin>491.1149071</ymin><xmax>790.0286194</xmax><ymax>591.7884116</ymax></bndbox></object><object><name>car</name><pose>Unspecified</pose><truncated>0</truncated><difficult>0</difficult><bndbox><xmin>718.2721073</xmin><ymin>540.0260782</ymin><xmax>826.1181029</xmax><ymax>614.7404075</ymax></bndbox></object><object><name>car</name><pose>Unspecified</pose><truncated>0</truncated><difficult>0</difficult><bndbox><xmin>759.0092636</xmin><ymin>543.8622391</ymin><xmax>952.8220453</xmax><ymax>669.0860101</ymax></bndbox></object><object><name>other_vehicle</name><pose>Unspecified</pose><truncated>0</truncated><difficult>0</difficult><bndbox><xmin>671.8276021</xmin><ymin>514.2209289</ymin><xmax>724.1147313</xmax><ymax>566.2706693</ymax></bndbox></object><object><name>car</name><pose>Unspecified</pose><truncated>0</truncated><difficult>0</difficult><bndbox><xmin>0</xmin><ymin>552.6140981</ymin><xmax>1.744129291</xmax><ymax>598.9790177</ymax></bndbox></object><object><name>car</name><pose>Unspecified</pose><truncated>0</truncated><difficult>0</difficult><bndbox><xmin>492.6807263</xmin><ymin>535.467222</ymin><xmax>536.2264512</xmax><ymax>563.5921539</ymax></bndbox></object><object><name>car</name><pose>Unspecified</pose><truncated>0</truncated><difficult>0</difficult><bndbox><xmin>180.7323346</xmin><ymin>540.4012416</ymin><xmax>368.2104214</xmax><ymax>629.6895479</ymax></bndbox></object><object><name>car</name><pose>Unspecified</pose><truncated>0</truncated><difficult>0</difficult><bndbox><xmin>680.1530604</xmin><ymin>534.2439021</ymin><xmax>730.6999067</xmax><ymax>574.0367305</ymax></bndbox></object></annotation>