<annotation><folder>test_xmls</folder><filename>host-a004_cam0_1233963861251064006.jpeg</filename><path>./imageshost-a004_cam0_1233963861251064006.jpeg</path><source><database>Unknown</database></source><size><width>1224</width><height>1024</height><depth>3</depth></size><segmented>0</segmented><object><name>car</name><pose>Unspecified</pose><truncated>0</truncated><difficult>0</difficult><bndbox><xmin>169.8807797</xmin><ymin>548.772624</ymin><xmax>242.0325033</xmax><ymax>580.5067802</ymax></bndbox></object><object><name>car</name><pose>Unspecified</pose><truncated>0</truncated><difficult>0</difficult><bndbox><xmin>126.0863183</xmin><ymin>541.838473</ymin><xmax>209.9916389</xmax><ymax>584.4283999</ymax></bndbox></object><object><name>car</name><pose>Unspecified</pose><truncated>0</truncated><difficult>0</difficult><bndbox><xmin>676.8802503</xmin><ymin>536.5775484</ymin><xmax>709.4777032</xmax><ymax>563.3045904</ymax></bndbox></object><object><name>car</name><pose>Unspecified</pose><truncated>0</truncated><difficult>0</difficult><bndbox><xmin>432.1886507</xmin><ymin>518.702748</ymin><xmax>547.6678431</xmax><ymax>610.2370752</ymax></bndbox></object><object><name>pedestrian</name><pose>Unspecified</pose><truncated>0</truncated><difficult>0</difficult><bndbox><xmin>780.0331773</xmin><ymin>534.6133579</ymin><xmax>808.3330941</xmax><ymax>583.7645533</ymax></bndbox></object><object><name>other_vehicle</name><pose>Unspecified</pose><truncated>0</truncated><difficult>0</difficult><bndbox><xmin>659.7096418</xmin><ymin>520.4809966</ymin><xmax>689.2564881</xmax><ymax>550.8704859</ymax></bndbox></object><object><name>car</name><pose>Unspecified</pose><truncated>0</truncated><difficult>0</difficult><bndbox><xmin>36.92426355</xmin><ymin>553.8302636</ymin><xmax>133.6879493</xmax><ymax>592.7141969</ymax></bndbox></object><object><name>pedestrian</name><pose>Unspecified</pose><truncated>0</truncated><difficult>0</difficult><bndbox><xmin>767.887104</xmin><ymin>533.8972507</ymin><xmax>789.5026496</xmax><ymax>574.2881043</ymax></bndbox></object><object><name>bus</name><pose>Unspecified</pose><truncated>0</truncated><difficult>0</difficult><bndbox><xmin>235.3651654</xmin><ymin>509.399111</ymin><xmax>373.5606681</xmax><ymax>574.4761703</ymax></bndbox></object><object><name>car</name><pose>Unspecified</pose><truncated>0</truncated><difficult>0</difficult><bndbox><xmin>684.7983601</xmin><ymin>538.184798</ymin><xmax>730.2323641</xmax><ymax>574.1868987</ymax></bndbox></object><object><name>other_vehicle</name><pose>Unspecified</pose><truncated>0</truncated><difficult>0</difficult><bndbox><xmin>663.3917962</xmin><ymin>520.7685883</ymin><xmax>693.8241101</xmax><ymax>553.0205048</ymax></bndbox></object><object><name>car</name><pose>Unspecified</pose><truncated>0</truncated><difficult>0</difficult><bndbox><xmin>681.3044341</xmin><ymin>537.4512101</ymin><xmax>717.8252942</xmax><ymax>568.6082002</ymax></bndbox></object><object><name>car</name><pose>Unspecified</pose><truncated>0</truncated><difficult>0</difficult><bndbox><xmin>544.061477</xmin><ymin>534.1346625</ymin><xmax>573.799171</xmax><ymax>557.3978311</ymax></bndbox></object></annotation>