<annotation><folder>test_xmls</folder><filename>host-a004_cam0_1233961186051064006.jpeg</filename><path>./imageshost-a004_cam0_1233961186051064006.jpeg</path><source><database>Unknown</database></source><size><width>1224</width><height>1024</height><depth>3</depth></size><segmented>0</segmented><object><name>truck</name><pose>Unspecified</pose><truncated>0</truncated><difficult>0</difficult><bndbox><xmin>518.3448139</xmin><ymin>474.2762438</ymin><xmax>602.5942556</xmax><ymax>580.0993905</ymax></bndbox></object><object><name>car</name><pose>Unspecified</pose><truncated>0</truncated><difficult>0</difficult><bndbox><xmin>748.4466508</xmin><ymin>533.4077751</ymin><xmax>906.3297705</xmax><ymax>652.241731</ymax></bndbox></object><object><name>car</name><pose>Unspecified</pose><truncated>0</truncated><difficult>0</difficult><bndbox><xmin>9.862124654</xmin><ymin>541.3553109</ymin><xmax>295.2706776</xmax><ymax>675.2041389</ymax></bndbox></object><object><name>car</name><pose>Unspecified</pose><truncated>0</truncated><difficult>0</difficult><bndbox><xmin>690.4246083</xmin><ymin>535.7256511</ymin><xmax>744.5340291</xmax><ymax>581.507427</ymax></bndbox></object><object><name>car</name><pose>Unspecified</pose><truncated>0</truncated><difficult>0</difficult><bndbox><xmin>674.3295956</xmin><ymin>537.0801187</ymin><xmax>708.4940746</xmax><ymax>567.0106661</ymax></bndbox></object><object><name>car</name><pose>Unspecified</pose><truncated>0</truncated><difficult>0</difficult><bndbox><xmin>807.6055031</xmin><ymin>546.0675165</ymin><xmax>1071.169291</xmax><ymax>724.5161542</ymax></bndbox></object><object><name>car</name><pose>Unspecified</pose><truncated>0</truncated><difficult>0</difficult><bndbox><xmin>909.1204501</xmin><ymin>550.6311615</ymin><xmax>1224.0</xmax><ymax>967.0231292</ymax></bndbox></object><object><name>other_vehicle</name><pose>Unspecified</pose><truncated>0</truncated><difficult>0</difficult><bndbox><xmin>670.4375687</xmin><ymin>520.6496616</ymin><xmax>713.6892839</xmax><ymax>564.6548475</ymax></bndbox></object><object><name>other_vehicle</name><pose>Unspecified</pose><truncated>0</truncated><difficult>0</difficult><bndbox><xmin>699.3051945</xmin><ymin>479.1334406</ymin><xmax>815.8247505</xmax><ymax>601.5096504</ymax></bndbox></object><object><name>car</name><pose>Unspecified</pose><truncated>0</truncated><difficult>0</difficult><bndbox><xmin>722.3588324</xmin><ymin>547.919466</ymin><xmax>824.9560638</xmax><ymax>618.1050963</ymax></bndbox></object><object><name>other_vehicle</name><pose>Unspecified</pose><truncated>0</truncated><difficult>0</difficult><bndbox><xmin>658.8614236</xmin><ymin>523.3647164</ymin><xmax>685.8455962</xmax><ymax>555.7190339</ymax></bndbox></object></annotation>