<annotation><folder>test_xmls</folder><filename>host-a004_cam0_1233620265151064006.jpeg</filename><path>./imageshost-a004_cam0_1233620265151064006.jpeg</path><source><database>Unknown</database></source><size><width>1224</width><height>1024</height><depth>3</depth></size><segmented>0</segmented><object><name>car</name><pose>Unspecified</pose><truncated>0</truncated><difficult>0</difficult><bndbox><xmin>348.8963642</xmin><ymin>544.1581853</ymin><xmax>382.8562854</xmax><ymax>562.9092289</ymax></bndbox></object><object><name>car</name><pose>Unspecified</pose><truncated>0</truncated><difficult>0</difficult><bndbox><xmin>924.9993405</xmin><ymin>532.1142314</ymin><xmax>1145.591934</xmax><ymax>594.9299326</ymax></bndbox></object><object><name>car</name><pose>Unspecified</pose><truncated>0</truncated><difficult>0</difficult><bndbox><xmin>136.90956</xmin><ymin>550.5606407</ymin><xmax>218.2442544</xmax><ymax>586.2043022</ymax></bndbox></object><object><name>car</name><pose>Unspecified</pose><truncated>0</truncated><difficult>0</difficult><bndbox><xmin>393.3843664</xmin><ymin>538.0323485</ymin><xmax>434.4765099</xmax><ymax>564.4129893</ymax></bndbox></object><object><name>car</name><pose>Unspecified</pose><truncated>0</truncated><difficult>0</difficult><bndbox><xmin>241.6975388</xmin><ymin>546.1097858</ymin><xmax>320.3032686</xmax><ymax>581.5561226</ymax></bndbox></object><object><name>car</name><pose>Unspecified</pose><truncated>0</truncated><difficult>0</difficult><bndbox><xmin>226.3813115</xmin><ymin>543.3035104</ymin><xmax>296.2403358</xmax><ymax>578.9378644</ymax></bndbox></object><object><name>car</name><pose>Unspecified</pose><truncated>0</truncated><difficult>0</difficult><bndbox><xmin>4.630097358</xmin><ymin>550.6199281</ymin><xmax>137.5778402</xmax><ymax>602.7294743</ymax></bndbox></object><object><name>bicycle</name><pose>Unspecified</pose><truncated>0</truncated><difficult>0</difficult><bndbox><xmin>812.2827355</xmin><ymin>531.5010941</ymin><xmax>846.4369613</xmax><ymax>589.6261419</ymax></bndbox></object><object><name>car</name><pose>Unspecified</pose><truncated>0</truncated><difficult>0</difficult><bndbox><xmin>261.0611748</xmin><ymin>544.5369732</ymin><xmax>366.9672224</xmax><ymax>606.1949544</ymax></bndbox></object><object><name>car</name><pose>Unspecified</pose><truncated>0</truncated><difficult>0</difficult><bndbox><xmin>0</xmin><ymin>550.269983</ymin><xmax>21.1346489</xmax><ymax>634.9143593</ymax></bndbox></object><object><name>car</name><pose>Unspecified</pose><truncated>0</truncated><difficult>0</difficult><bndbox><xmin>296.1503149</xmin><ymin>538.1342635</ymin><xmax>368.9283648</xmax><ymax>584.8399339</ymax></bndbox></object><object><name>car</name><pose>Unspecified</pose><truncated>0</truncated><difficult>0</difficult><bndbox><xmin>969.3515659</xmin><ymin>475.6299502</ymin><xmax>1224.0</xmax><ymax>671.4526828</ymax></bndbox></object></annotation>