<annotation><folder>test_xmls</folder><filename>host-a004_cam0_1233421993451064006.jpeg</filename><path>./imageshost-a004_cam0_1233421993451064006.jpeg</path><source><database>Unknown</database></source><size><width>1224</width><height>1024</height><depth>3</depth></size><segmented>0</segmented><object><name>car</name><pose>Unspecified</pose><truncated>0</truncated><difficult>0</difficult><bndbox><xmin>384.9598201</xmin><ymin>539.9037843</ymin><xmax>521.5298206</xmax><ymax>620.4472907</ymax></bndbox></object><object><name>car</name><pose>Unspecified</pose><truncated>0</truncated><difficult>0</difficult><bndbox><xmin>357.0996482</xmin><ymin>534.2073272</ymin><xmax>409.7079047</xmax><ymax>559.2806454</ymax></bndbox></object><object><name>car</name><pose>Unspecified</pose><truncated>0</truncated><difficult>0</difficult><bndbox><xmin>598.2406238</xmin><ymin>529.9930092</ymin><xmax>650.5424932</xmax><ymax>575.2309433</ymax></bndbox></object><object><name>car</name><pose>Unspecified</pose><truncated>0</truncated><difficult>0</difficult><bndbox><xmin>816.5635853</xmin><ymin>516.8469565</ymin><xmax>882.064211</xmax><ymax>550.4521987</ymax></bndbox></object><object><name>car</name><pose>Unspecified</pose><truncated>0</truncated><difficult>0</difficult><bndbox><xmin>388.8053412</xmin><ymin>529.8503493</ymin><xmax>436.439313</xmax><ymax>556.2812878</ymax></bndbox></object><object><name>car</name><pose>Unspecified</pose><truncated>0</truncated><difficult>0</difficult><bndbox><xmin>297.9016938</xmin><ymin>537.3687751</ymin><xmax>362.8115816</xmax><ymax>567.9329395</ymax></bndbox></object><object><name>car</name><pose>Unspecified</pose><truncated>0</truncated><difficult>0</difficult><bndbox><xmin>11.82980304</xmin><ymin>512.3563304</ymin><xmax>177.7631168</xmax><ymax>605.8194245</ymax></bndbox></object><object><name>car</name><pose>Unspecified</pose><truncated>0</truncated><difficult>0</difficult><bndbox><xmin>481.6490089</xmin><ymin>527.8129547</ymin><xmax>526.3454775</xmax><ymax>560.5468865</ymax></bndbox></object><object><name>pedestrian</name><pose>Unspecified</pose><truncated>0</truncated><difficult>0</difficult><bndbox><xmin>926.2163568</xmin><ymin>521.8771895</ymin><xmax>980.6281245</xmax><ymax>589.6506562</ymax></bndbox></object><object><name>car</name><pose>Unspecified</pose><truncated>0</truncated><difficult>0</difficult><bndbox><xmin>516.6524275</xmin><ymin>534.3279422</ymin><xmax>568.8980462</xmax><ymax>570.2799676</ymax></bndbox></object><object><name>car</name><pose>Unspecified</pose><truncated>0</truncated><difficult>0</difficult><bndbox><xmin>229.1358032</xmin><ymin>531.1055697</ymin><xmax>310.1642464</xmax><ymax>569.2111003</ymax></bndbox></object><object><name>other_vehicle</name><pose>Unspecified</pose><truncated>0</truncated><difficult>0</difficult><bndbox><xmin>290.5051495</xmin><ymin>517.6056557</ymin><xmax>359.2224726</xmax><ymax>558.0516185</ymax></bndbox></object><object><name>car</name><pose>Unspecified</pose><truncated>0</truncated><difficult>0</difficult><bndbox><xmin>0</xmin><ymin>376.9649531</ymin><xmax>288.6334211</xmax><ymax>1024.0</ymax></bndbox></object><object><name>car</name><pose>Unspecified</pose><truncated>0</truncated><difficult>0</difficult><bndbox><xmin>583.0289891</xmin><ymin>528.3962092</ymin><xmax>605.7989626</xmax><ymax>545.6382163</ymax></bndbox></object><object><name>car</name><pose>Unspecified</pose><truncated>0</truncated><difficult>0</difficult><bndbox><xmin>83.79109471</xmin><ymin>537.0824203</ymin><xmax>328.8997644</xmax><ymax>645.4846156</ymax></bndbox></object></annotation>