<annotation><folder>test_xmls</folder><filename>host-a004_cam0_1233618018351064006.jpeg</filename><path>./imageshost-a004_cam0_1233618018351064006.jpeg</path><source><database>Unknown</database></source><size><width>1224</width><height>1024</height><depth>3</depth></size><segmented>0</segmented><object><name>car</name><pose>Unspecified</pose><truncated>0</truncated><difficult>0</difficult><bndbox><xmin>693.9601897</xmin><ymin>553.0210134</ymin><xmax>766.7574739</xmax><ymax>606.0555271</ymax></bndbox></object><object><name>car</name><pose>Unspecified</pose><truncated>0</truncated><difficult>0</difficult><bndbox><xmin>560.2375881</xmin><ymin>549.3089954</ymin><xmax>588.5540556</xmax><ymax>571.6436435</ymax></bndbox></object><object><name>car</name><pose>Unspecified</pose><truncated>0</truncated><difficult>0</difficult><bndbox><xmin>368.9139232</xmin><ymin>551.6146072</ymin><xmax>434.3318257</xmax><ymax>586.6619766</ymax></bndbox></object><object><name>car</name><pose>Unspecified</pose><truncated>0</truncated><difficult>0</difficult><bndbox><xmin>702.366326</xmin><ymin>549.7509516</ymin><xmax>796.9355484</xmax><ymax>618.7478435</ymax></bndbox></object><object><name>car</name><pose>Unspecified</pose><truncated>0</truncated><difficult>0</difficult><bndbox><xmin>838.8511817</xmin><ymin>560.2756932</ymin><xmax>1224.0</xmax><ymax>865.0130574</ymax></bndbox></object><object><name>car</name><pose>Unspecified</pose><truncated>0</truncated><difficult>0</difficult><bndbox><xmin>114.7263466</xmin><ymin>567.1859669</ymin><xmax>189.3780762</xmax><ymax>600.3092356</ymax></bndbox></object><object><name>car</name><pose>Unspecified</pose><truncated>0</truncated><difficult>0</difficult><bndbox><xmin>425.5552125</xmin><ymin>550.4957447</ymin><xmax>474.5352641</xmax><ymax>577.9218355</ymax></bndbox></object><object><name>car</name><pose>Unspecified</pose><truncated>0</truncated><difficult>0</difficult><bndbox><xmin>502.972827</xmin><ymin>541.580138</ymin><xmax>566.4612292</xmax><ymax>595.17589</ymax></bndbox></object><object><name>car</name><pose>Unspecified</pose><truncated>0</truncated><difficult>0</difficult><bndbox><xmin>675.5593338</xmin><ymin>552.0378621</ymin><xmax>734.8989316</xmax><ymax>593.8598342</ymax></bndbox></object><object><name>car</name><pose>Unspecified</pose><truncated>0</truncated><difficult>0</difficult><bndbox><xmin>482.3116588</xmin><ymin>549.2098979</ymin><xmax>513.8854898</xmax><ymax>569.1862794</ymax></bndbox></object><object><name>car</name><pose>Unspecified</pose><truncated>0</truncated><difficult>0</difficult><bndbox><xmin>648.6826825</xmin><ymin>549.7166754</ymin><xmax>675.0743239</xmax><ymax>565.0897617</ymax></bndbox></object><object><name>car</name><pose>Unspecified</pose><truncated>0</truncated><difficult>0</difficult><bndbox><xmin>587.4929068</xmin><ymin>533.2331892</ymin><xmax>650.5868308</xmax><ymax>602.059308</ymax></bndbox></object><object><name>car</name><pose>Unspecified</pose><truncated>0</truncated><difficult>0</difficult><bndbox><xmin>457.647339</xmin><ymin>550.0340839</ymin><xmax>495.7433104</xmax><ymax>573.297073</ymax></bndbox></object><object><name>car</name><pose>Unspecified</pose><truncated>0</truncated><difficult>0</difficult><bndbox><xmin>253.9217567</xmin><ymin>550.3364216</ymin><xmax>357.1411569</xmax><ymax>604.6923457</ymax></bndbox></object><object><name>car</name><pose>Unspecified</pose><truncated>0</truncated><difficult>0</difficult><bndbox><xmin>319.8326671</xmin><ymin>553.934649</ymin><xmax>481.8903382</xmax><ymax>647.7531964</ymax></bndbox></object><object><name>car</name><pose>Unspecified</pose><truncated>0</truncated><difficult>0</difficult><bndbox><xmin>0</xmin><ymin>532.5349384</ymin><xmax>121.4945162</xmax><ymax>675.401568</ymax></bndbox></object></annotation>