<annotation><folder>test_xmls</folder><filename>host-a004_cam0_1233014858451064006.jpeg</filename><path>./imageshost-a004_cam0_1233014858451064006.jpeg</path><source><database>Unknown</database></source><size><width>1224</width><height>1024</height><depth>3</depth></size><segmented>0</segmented><object><name>car</name><pose>Unspecified</pose><truncated>0</truncated><difficult>0</difficult><bndbox><xmin>482.8833075</xmin><ymin>526.7224786</ymin><xmax>531.6363723</xmax><ymax>570.7910624</ymax></bndbox></object><object><name>car</name><pose>Unspecified</pose><truncated>0</truncated><difficult>0</difficult><bndbox><xmin>321.5051564</xmin><ymin>529.7177908</ymin><xmax>392.4402326</xmax><ymax>579.8568404</ymax></bndbox></object><object><name>car</name><pose>Unspecified</pose><truncated>0</truncated><difficult>0</difficult><bndbox><xmin>458.9573185</xmin><ymin>534.4108453</ymin><xmax>486.0375697</xmax><ymax>554.2112915</ymax></bndbox></object><object><name>car</name><pose>Unspecified</pose><truncated>0</truncated><difficult>0</difficult><bndbox><xmin>499.2117704</xmin><ymin>530.0790156</ymin><xmax>533.4917569</xmax><ymax>552.6743406</ymax></bndbox></object><object><name>car</name><pose>Unspecified</pose><truncated>0</truncated><difficult>0</difficult><bndbox><xmin>411.0888081</xmin><ymin>532.9400243</ymin><xmax>451.2014393</xmax><ymax>570.46946</ymax></bndbox></object><object><name>car</name><pose>Unspecified</pose><truncated>0</truncated><difficult>0</difficult><bndbox><xmin>534.6730467</xmin><ymin>514.7288794</ymin><xmax>601.9279688</xmax><ymax>567.7842034</ymax></bndbox></object><object><name>car</name><pose>Unspecified</pose><truncated>0</truncated><difficult>0</difficult><bndbox><xmin>51.21973403</xmin><ymin>540.9079183</ymin><xmax>154.7426898</xmax><ymax>589.5303858</ymax></bndbox></object><object><name>bus</name><pose>Unspecified</pose><truncated>0</truncated><difficult>0</difficult><bndbox><xmin>88.11401066</xmin><ymin>529.3388905</ymin><xmax>191.7124948</xmax><ymax>568.3315299</ymax></bndbox></object><object><name>car</name><pose>Unspecified</pose><truncated>0</truncated><difficult>0</difficult><bndbox><xmin>235.4479363</xmin><ymin>533.5493123</ymin><xmax>411.7528674</xmax><ymax>652.1258959</ymax></bndbox></object><object><name>car</name><pose>Unspecified</pose><truncated>0</truncated><difficult>0</difficult><bndbox><xmin>204.3541303</xmin><ymin>539.6740691</ymin><xmax>244.9808582</xmax><ymax>563.1465754</ymax></bndbox></object><object><name>car</name><pose>Unspecified</pose><truncated>0</truncated><difficult>0</difficult><bndbox><xmin>168.7060867</xmin><ymin>542.0131523</ymin><xmax>211.5941143</xmax><ymax>564.903702</ymax></bndbox></object><object><name>car</name><pose>Unspecified</pose><truncated>0</truncated><difficult>0</difficult><bndbox><xmin>0</xmin><ymin>536.8396753</ymin><xmax>102.9790487</xmax><ymax>625.6647282</ymax></bndbox></object><object><name>car</name><pose>Unspecified</pose><truncated>0</truncated><difficult>0</difficult><bndbox><xmin>213.0495522</xmin><ymin>533.2975402</ymin><xmax>324.8218354</xmax><ymax>602.1935704</ymax></bndbox></object><object><name>car</name><pose>Unspecified</pose><truncated>0</truncated><difficult>0</difficult><bndbox><xmin>379.5173156</xmin><ymin>534.523274</ymin><xmax>409.9685584</xmax><ymax>557.1025769</ymax></bndbox></object><object><name>car</name><pose>Unspecified</pose><truncated>0</truncated><difficult>0</difficult><bndbox><xmin>465.9654868</xmin><ymin>533.3001671</ymin><xmax>502.1839284</xmax><ymax>559.8235162</ymax></bndbox></object></annotation>