<annotation><folder>test_xmls</folder><filename>host-a004_cam0_1232923266251064006.jpeg</filename><path>./imageshost-a004_cam0_1232923266251064006.jpeg</path><source><database>Unknown</database></source><size><width>1224</width><height>1024</height><depth>3</depth></size><segmented>0</segmented><object><name>car</name><pose>Unspecified</pose><truncated>0</truncated><difficult>0</difficult><bndbox><xmin>100.6035028</xmin><ymin>544.6595485</ymin><xmax>191.1982335</xmax><ymax>585.9778657</ymax></bndbox></object><object><name>car</name><pose>Unspecified</pose><truncated>0</truncated><difficult>0</difficult><bndbox><xmin>369.4618019</xmin><ymin>542.0481634</ymin><xmax>418.9816237</xmax><ymax>566.7585589</ymax></bndbox></object><object><name>car</name><pose>Unspecified</pose><truncated>0</truncated><difficult>0</difficult><bndbox><xmin>295.6717542</xmin><ymin>530.6980193</ymin><xmax>371.1778093</xmax><ymax>567.7184071</ymax></bndbox></object><object><name>bicycle</name><pose>Unspecified</pose><truncated>0</truncated><difficult>0</difficult><bndbox><xmin>737.6659231</xmin><ymin>541.2113399</ymin><xmax>759.8444913</xmax><ymax>556.5750373</ymax></bndbox></object><object><name>other_vehicle</name><pose>Unspecified</pose><truncated>0</truncated><difficult>0</difficult><bndbox><xmin>258.1270641</xmin><ymin>521.7350384</ymin><xmax>341.0782198</xmax><ymax>571.6618287</ymax></bndbox></object><object><name>car</name><pose>Unspecified</pose><truncated>0</truncated><difficult>0</difficult><bndbox><xmin>676.3493296</xmin><ymin>532.9671607</ymin><xmax>696.2724179</xmax><ymax>552.0976865</ymax></bndbox></object><object><name>car</name><pose>Unspecified</pose><truncated>0</truncated><difficult>0</difficult><bndbox><xmin>149.3952665</xmin><ymin>545.5885424</ymin><xmax>262.25563</xmax><ymax>589.0063406</ymax></bndbox></object><object><name>pedestrian</name><pose>Unspecified</pose><truncated>0</truncated><difficult>0</difficult><bndbox><xmin>995.64666</xmin><ymin>497.3516641</ymin><xmax>1101.406604</xmax><ymax>691.0974501</ymax></bndbox></object><object><name>car</name><pose>Unspecified</pose><truncated>0</truncated><difficult>0</difficult><bndbox><xmin>1155.210671</xmin><ymin>523.3908422</ymin><xmax>1224.0</xmax><ymax>558.3393339</ymax></bndbox></object><object><name>car</name><pose>Unspecified</pose><truncated>0</truncated><difficult>0</difficult><bndbox><xmin>315.1954359</xmin><ymin>542.2589588</ymin><xmax>390.1029313</xmax><ymax>575.1545278</ymax></bndbox></object><object><name>car</name><pose>Unspecified</pose><truncated>0</truncated><difficult>0</difficult><bndbox><xmin>627.1857854</xmin><ymin>534.3503628</ymin><xmax>660.2198108</xmax><ymax>559.9844628</ymax></bndbox></object><object><name>car</name><pose>Unspecified</pose><truncated>0</truncated><difficult>0</difficult><bndbox><xmin>156.3536493</xmin><ymin>540.6563189</ymin><xmax>251.8285825</xmax><ymax>583.2298074</ymax></bndbox></object><object><name>car</name><pose>Unspecified</pose><truncated>0</truncated><difficult>0</difficult><bndbox><xmin>65.89933309</xmin><ymin>549.0486798</ymin><xmax>175.0516508</xmax><ymax>592.5935117</ymax></bndbox></object><object><name>car</name><pose>Unspecified</pose><truncated>0</truncated><difficult>0</difficult><bndbox><xmin>1127.249663</xmin><ymin>520.2799013</ymin><xmax>1224.0</xmax><ymax>555.3309489</ymax></bndbox></object><object><name>car</name><pose>Unspecified</pose><truncated>0</truncated><difficult>0</difficult><bndbox><xmin>388.6547501</xmin><ymin>536.2202565</ymin><xmax>427.0378756</xmax><ymax>559.0961282</ymax></bndbox></object><object><name>car</name><pose>Unspecified</pose><truncated>0</truncated><difficult>0</difficult><bndbox><xmin>218.9237938</xmin><ymin>541.4425261</ymin><xmax>319.6667835</xmax><ymax>591.0684495</ymax></bndbox></object></annotation>