<annotation><folder>test_xmls</folder><filename>host-a004_cam0_1232833317251064006.jpeg</filename><path>./imageshost-a004_cam0_1232833317251064006.jpeg</path><source><database>Unknown</database></source><size><width>1224</width><height>1024</height><depth>3</depth></size><segmented>0</segmented><object><name>car</name><pose>Unspecified</pose><truncated>0</truncated><difficult>0</difficult><bndbox><xmin>435.2586332</xmin><ymin>551.4731937</ymin><xmax>478.4573317</xmax><ymax>571.386079</ymax></bndbox></object><object><name>car</name><pose>Unspecified</pose><truncated>0</truncated><difficult>0</difficult><bndbox><xmin>214.2417504</xmin><ymin>555.0585621</ymin><xmax>318.1813514</xmax><ymax>600.1502888</ymax></bndbox></object><object><name>car</name><pose>Unspecified</pose><truncated>0</truncated><difficult>0</difficult><bndbox><xmin>534.7227339</xmin><ymin>545.4901803</ymin><xmax>564.3546751</xmax><ymax>564.1715014</ymax></bndbox></object><object><name>car</name><pose>Unspecified</pose><truncated>0</truncated><difficult>0</difficult><bndbox><xmin>176.6796843</xmin><ymin>555.1540938</ymin><xmax>269.3806364</xmax><ymax>595.9027592</ymax></bndbox></object><object><name>car</name><pose>Unspecified</pose><truncated>0</truncated><difficult>0</difficult><bndbox><xmin>0</xmin><ymin>541.4961172</ymin><xmax>42.86473216</xmax><ymax>565.681406</ymax></bndbox></object><object><name>car</name><pose>Unspecified</pose><truncated>0</truncated><difficult>0</difficult><bndbox><xmin>343.2343808</xmin><ymin>553.823857</ymin><xmax>393.5056456</xmax><ymax>579.3517126</ymax></bndbox></object><object><name>pedestrian</name><pose>Unspecified</pose><truncated>0</truncated><difficult>0</difficult><bndbox><xmin>869.0406308</xmin><ymin>541.0529629</ymin><xmax>901.7927927</xmax><ymax>609.6070137</ymax></bndbox></object><object><name>car</name><pose>Unspecified</pose><truncated>0</truncated><difficult>0</difficult><bndbox><xmin>405.4047267</xmin><ymin>550.2890404</ymin><xmax>454.5775475</xmax><ymax>568.9188668</ymax></bndbox></object><object><name>car</name><pose>Unspecified</pose><truncated>0</truncated><difficult>0</difficult><bndbox><xmin>74.54065936</xmin><ymin>561.1797016</ymin><xmax>187.437188</xmax><ymax>603.0090481</ymax></bndbox></object><object><name>car</name><pose>Unspecified</pose><truncated>0</truncated><difficult>0</difficult><bndbox><xmin>274.1944553</xmin><ymin>548.8528544</ymin><xmax>349.6882969</xmax><ymax>587.3374784</ymax></bndbox></object><object><name>car</name><pose>Unspecified</pose><truncated>0</truncated><difficult>0</difficult><bndbox><xmin>109.2013181</xmin><ymin>551.6965539</ymin><xmax>187.0028818</xmax><ymax>588.4638287</ymax></bndbox></object><object><name>car</name><pose>Unspecified</pose><truncated>0</truncated><difficult>0</difficult><bndbox><xmin>512.1368284</xmin><ymin>548.0170349</ymin><xmax>540.620183</xmax><ymax>565.1373833</ymax></bndbox></object><object><name>car</name><pose>Unspecified</pose><truncated>0</truncated><difficult>0</difficult><bndbox><xmin>141.4740231</xmin><ymin>560.429225</ymin><xmax>219.316005</xmax><ymax>587.8994253</ymax></bndbox></object><object><name>car</name><pose>Unspecified</pose><truncated>0</truncated><difficult>0</difficult><bndbox><xmin>479.0311605</xmin><ymin>545.1667642</ymin><xmax>520.7196469</xmax><ymax>570.307385</ymax></bndbox></object><object><name>car</name><pose>Unspecified</pose><truncated>0</truncated><difficult>0</difficult><bndbox><xmin>0</xmin><ymin>560.7583817</ymin><xmax>146.0573752</xmax><ymax>629.35748</ymax></bndbox></object><object><name>car</name><pose>Unspecified</pose><truncated>0</truncated><difficult>0</difficult><bndbox><xmin>1208.081694</xmin><ymin>507.2245428</ymin><xmax>1224.0</xmax><ymax>610.4428865</ymax></bndbox></object><object><name>car</name><pose>Unspecified</pose><truncated>0</truncated><difficult>0</difficult><bndbox><xmin>748.6656461</xmin><ymin>538.5988102</ymin><xmax>811.6589087</xmax><ymax>593.2025018</ymax></bndbox></object><object><name>car</name><pose>Unspecified</pose><truncated>0</truncated><difficult>0</difficult><bndbox><xmin>742.3997186</xmin><ymin>544.4566228</ymin><xmax>790.754439</xmax><ymax>581.2601085</ymax></bndbox></object><object><name>car</name><pose>Unspecified</pose><truncated>0</truncated><difficult>0</difficult><bndbox><xmin>740.0104037</xmin><ymin>535.0934599</ymin><xmax>768.9431403</xmax><ymax>562.0186395</ymax></bndbox></object><object><name>car</name><pose>Unspecified</pose><truncated>0</truncated><difficult>0</difficult><bndbox><xmin>5.67216572</xmin><ymin>539.0731455</ymin><xmax>76.0151424</xmax><ymax>561.9672708</ymax></bndbox></object></annotation>