<annotation><folder>test_xmls</folder><filename>host-a004_cam0_1232842173451064006.jpeg</filename><path>./imageshost-a004_cam0_1232842173451064006.jpeg</path><source><database>Unknown</database></source><size><width>1224</width><height>1024</height><depth>3</depth></size><segmented>0</segmented><object><name>car</name><pose>Unspecified</pose><truncated>0</truncated><difficult>0</difficult><bndbox><xmin>182.0768144</xmin><ymin>547.2669836</ymin><xmax>245.4748524</xmax><ymax>574.2475106</ymax></bndbox></object><object><name>car</name><pose>Unspecified</pose><truncated>0</truncated><difficult>0</difficult><bndbox><xmin>0</xmin><ymin>543.0297901</ymin><xmax>116.1824333</xmax><ymax>590.0575709</ymax></bndbox></object><object><name>car</name><pose>Unspecified</pose><truncated>0</truncated><difficult>0</difficult><bndbox><xmin>685.2125588</xmin><ymin>548.64636</ymin><xmax>747.0933137</xmax><ymax>607.1282624</ymax></bndbox></object><object><name>car</name><pose>Unspecified</pose><truncated>0</truncated><difficult>0</difficult><bndbox><xmin>0</xmin><ymin>554.397265</ymin><xmax>3.530009146</xmax><ymax>587.8295982</ymax></bndbox></object><object><name>car</name><pose>Unspecified</pose><truncated>0</truncated><difficult>0</difficult><bndbox><xmin>306.194299</xmin><ymin>549.2039709</ymin><xmax>381.7800845</xmax><ymax>583.7138091</ymax></bndbox></object><object><name>car</name><pose>Unspecified</pose><truncated>0</truncated><difficult>0</difficult><bndbox><xmin>543.2397839</xmin><ymin>547.6750254</ymin><xmax>573.5348065</xmax><ymax>565.0017321</ymax></bndbox></object><object><name>car</name><pose>Unspecified</pose><truncated>0</truncated><difficult>0</difficult><bndbox><xmin>340.7233424</xmin><ymin>550.2773437</ymin><xmax>421.0910078</xmax><ymax>584.2642657</ymax></bndbox></object><object><name>car</name><pose>Unspecified</pose><truncated>0</truncated><difficult>0</difficult><bndbox><xmin>498.0775928</xmin><ymin>546.8083127</ymin><xmax>567.2918303</xmax><ymax>588.828729</ymax></bndbox></object><object><name>car</name><pose>Unspecified</pose><truncated>0</truncated><difficult>0</difficult><bndbox><xmin>191.4855161</xmin><ymin>554.8693607</ymin><xmax>527.9863149</xmax><ymax>758.0979935</ymax></bndbox></object><object><name>car</name><pose>Unspecified</pose><truncated>0</truncated><difficult>0</difficult><bndbox><xmin>753.0334416</xmin><ymin>544.3776371</ymin><xmax>777.4078165</xmax><ymax>565.3986159</ymax></bndbox></object><object><name>motorcycle</name><pose>Unspecified</pose><truncated>0</truncated><difficult>0</difficult><bndbox><xmin>193.946076</xmin><ymin>542.3416514</ymin><xmax>254.0228754</xmax><ymax>595.0157396</ymax></bndbox></object><object><name>car</name><pose>Unspecified</pose><truncated>0</truncated><difficult>0</difficult><bndbox><xmin>761.1911095</xmin><ymin>548.1766333</ymin><xmax>797.0150403</xmax><ymax>580.435437</ymax></bndbox></object><object><name>car</name><pose>Unspecified</pose><truncated>0</truncated><difficult>0</difficult><bndbox><xmin>7.629918651</xmin><ymin>540.0759907</ymin><xmax>181.9456379</xmax><ymax>608.2759353</ymax></bndbox></object><object><name>car</name><pose>Unspecified</pose><truncated>0</truncated><difficult>0</difficult><bndbox><xmin>436.2784951</xmin><ymin>546.8667579</ymin><xmax>487.3660124</xmax><ymax>575.4762894</ymax></bndbox></object></annotation>