<annotation><folder>test_xmls</folder><filename>host-a004_cam0_1232842373051064006.jpeg</filename><path>./imageshost-a004_cam0_1232842373051064006.jpeg</path><source><database>Unknown</database></source><size><width>1224</width><height>1024</height><depth>3</depth></size><segmented>0</segmented><object><name>car</name><pose>Unspecified</pose><truncated>0</truncated><difficult>0</difficult><bndbox><xmin>605.8485899</xmin><ymin>531.2493001</ymin><xmax>668.6018306</xmax><ymax>590.5109951</ymax></bndbox></object><object><name>car</name><pose>Unspecified</pose><truncated>0</truncated><difficult>0</difficult><bndbox><xmin>759.0243274</xmin><ymin>535.1934487</ymin><xmax>819.1361561</xmax><ymax>556.4963579</ymax></bndbox></object><object><name>car</name><pose>Unspecified</pose><truncated>0</truncated><difficult>0</difficult><bndbox><xmin>121.0974183</xmin><ymin>544.0293712</ymin><xmax>442.9415553</xmax><ymax>733.7729326</ymax></bndbox></object><object><name>car</name><pose>Unspecified</pose><truncated>0</truncated><difficult>0</difficult><bndbox><xmin>0</xmin><ymin>549.0961936</ymin><xmax>0.75290076</xmax><ymax>583.750035</ymax></bndbox></object><object><name>car</name><pose>Unspecified</pose><truncated>0</truncated><difficult>0</difficult><bndbox><xmin>312.8979422</xmin><ymin>525.5221575</ymin><xmax>409.8688203</xmax><ymax>583.7180653</ymax></bndbox></object><object><name>car</name><pose>Unspecified</pose><truncated>0</truncated><difficult>0</difficult><bndbox><xmin>0</xmin><ymin>547.9230712</ymin><xmax>59.44991609</xmax><ymax>587.221632</ymax></bndbox></object><object><name>car</name><pose>Unspecified</pose><truncated>0</truncated><difficult>0</difficult><bndbox><xmin>592.9072464</xmin><ymin>535.4159124</ymin><xmax>615.1037331</xmax><ymax>555.7559551</ymax></bndbox></object><object><name>car</name><pose>Unspecified</pose><truncated>0</truncated><difficult>0</difficult><bndbox><xmin>219.5484655</xmin><ymin>524.3145147</ymin><xmax>386.5722348</xmax><ymax>623.8543127</ymax></bndbox></object><object><name>car</name><pose>Unspecified</pose><truncated>0</truncated><difficult>0</difficult><bndbox><xmin>0</xmin><ymin>503.4848176</ymin><xmax>252.9127899</xmax><ymax>629.3220076</ymax></bndbox></object><object><name>car</name><pose>Unspecified</pose><truncated>0</truncated><difficult>0</difficult><bndbox><xmin>195.0269736</xmin><ymin>546.0195449</ymin><xmax>287.4336147</xmax><ymax>587.9266477</ymax></bndbox></object><object><name>car</name><pose>Unspecified</pose><truncated>0</truncated><difficult>0</difficult><bndbox><xmin>892.4010901</xmin><ymin>527.624204</ymin><xmax>1009.289163</xmax><ymax>569.896717</ymax></bndbox></object><object><name>bus</name><pose>Unspecified</pose><truncated>0</truncated><difficult>0</difficult><bndbox><xmin>204.0792337</xmin><ymin>504.4096682</ymin><xmax>349.2958733</xmax><ymax>584.9680115</ymax></bndbox></object><object><name>car</name><pose>Unspecified</pose><truncated>0</truncated><difficult>0</difficult><bndbox><xmin>513.8569067</xmin><ymin>537.4182759</ymin><xmax>574.2401379</xmax><ymax>584.8182062</ymax></bndbox></object><object><name>bus</name><pose>Unspecified</pose><truncated>0</truncated><difficult>0</difficult><bndbox><xmin>314.431126</xmin><ymin>522.1449567</ymin><xmax>390.3248287</xmax><ymax>564.1872058</ymax></bndbox></object><object><name>car</name><pose>Unspecified</pose><truncated>0</truncated><difficult>0</difficult><bndbox><xmin>456.5682943</xmin><ymin>531.9741517</ymin><xmax>508.7355427</xmax><ymax>573.9370477</ymax></bndbox></object><object><name>car</name><pose>Unspecified</pose><truncated>0</truncated><difficult>0</difficult><bndbox><xmin>467.6407809</xmin><ymin>538.4385562</ymin><xmax>499.2626961</xmax><ymax>558.8063439</ymax></bndbox></object><object><name>car</name><pose>Unspecified</pose><truncated>0</truncated><difficult>0</difficult><bndbox><xmin>1054.141641</xmin><ymin>525.4615664</ymin><xmax>1202.81792</xmax><ymax>571.9222239</ymax></bndbox></object><object><name>car</name><pose>Unspecified</pose><truncated>0</truncated><difficult>0</difficult><bndbox><xmin>550.2218959</xmin><ymin>534.7568336</ymin><xmax>593.0598996</xmax><ymax>570.3799522</ymax></bndbox></object><object><name>bus</name><pose>Unspecified</pose><truncated>0</truncated><difficult>0</difficult><bndbox><xmin>954.137865</xmin><ymin>487.762767</ymin><xmax>1224.0</xmax><ymax>573.1828354</ymax></bndbox></object><object><name>car</name><pose>Unspecified</pose><truncated>0</truncated><difficult>0</difficult><bndbox><xmin>391.3203763</xmin><ymin>543.2090852</ymin><xmax>433.6298927</xmax><ymax>565.4537338</ymax></bndbox></object></annotation>