<annotation><folder>test_xmls</folder><filename>host-a004_cam0_1233955742251064006.jpeg</filename><path>./imageshost-a004_cam0_1233955742251064006.jpeg</path><source><database>Unknown</database></source><size><width>1224</width><height>1024</height><depth>3</depth></size><segmented>0</segmented><object><name>car</name><pose>Unspecified</pose><truncated>0</truncated><difficult>0</difficult><bndbox><xmin>739.5526388</xmin><ymin>540.5264048</ymin><xmax>886.7796562</xmax><ymax>638.7043133</ymax></bndbox></object><object><name>car</name><pose>Unspecified</pose><truncated>0</truncated><difficult>0</difficult><bndbox><xmin>704.7377813</xmin><ymin>538.0019571</ymin><xmax>771.8461342</xmax><ymax>596.8327522</ymax></bndbox></object><object><name>car</name><pose>Unspecified</pose><truncated>0</truncated><difficult>0</difficult><bndbox><xmin>257.5394823</xmin><ymin>549.4751954</ymin><xmax>406.4508901</xmax><ymax>628.3921334</ymax></bndbox></object><object><name>car</name><pose>Unspecified</pose><truncated>0</truncated><difficult>0</difficult><bndbox><xmin>483.9075972</xmin><ymin>543.8517764</ymin><xmax>530.3671322</xmax><ymax>573.4392893</ymax></bndbox></object><object><name>other_vehicle</name><pose>Unspecified</pose><truncated>0</truncated><difficult>0</difficult><bndbox><xmin>879.2200743</xmin><ymin>0</ymin><xmax>1224.0</xmax><ymax>1024.0</ymax></bndbox></object><object><name>car</name><pose>Unspecified</pose><truncated>0</truncated><difficult>0</difficult><bndbox><xmin>556.2530064</xmin><ymin>539.1531176</ymin><xmax>582.2790622</xmax><ymax>559.6097093</ymax></bndbox></object><object><name>car</name><pose>Unspecified</pose><truncated>0</truncated><difficult>0</difficult><bndbox><xmin>0</xmin><ymin>558.3357381</ymin><xmax>105.4463218</xmax><ymax>601.7396414</ymax></bndbox></object><object><name>car</name><pose>Unspecified</pose><truncated>0</truncated><difficult>0</difficult><bndbox><xmin>713.1234885</xmin><ymin>535.9242551</ymin><xmax>822.9079466</xmax><ymax>616.9308072</ymax></bndbox></object><object><name>other_vehicle</name><pose>Unspecified</pose><truncated>0</truncated><difficult>0</difficult><bndbox><xmin>676.4982682</xmin><ymin>490.4719018</ymin><xmax>762.5779222</xmax><ymax>590.1617141</ymax></bndbox></object><object><name>car</name><pose>Unspecified</pose><truncated>0</truncated><difficult>0</difficult><bndbox><xmin>587.8857796</xmin><ymin>543.2818443</ymin><xmax>613.7257978</xmax><ymax>561.1627467</ymax></bndbox></object><object><name>car</name><pose>Unspecified</pose><truncated>0</truncated><difficult>0</difficult><bndbox><xmin>790.1775317</xmin><ymin>549.5488571</ymin><xmax>1043.408156</xmax><ymax>706.8692418</ymax></bndbox></object></annotation>