<annotation><folder>test_xmls</folder><filename>host-a004_cam0_1232838145851064006.jpeg</filename><path>./imageshost-a004_cam0_1232838145851064006.jpeg</path><source><database>Unknown</database></source><size><width>1224</width><height>1024</height><depth>3</depth></size><segmented>0</segmented><object><name>car</name><pose>Unspecified</pose><truncated>0</truncated><difficult>0</difficult><bndbox><xmin>428.7249353</xmin><ymin>532.5514385</ymin><xmax>474.2955359</xmax><ymax>561.702092</ymax></bndbox></object><object><name>car</name><pose>Unspecified</pose><truncated>0</truncated><difficult>0</difficult><bndbox><xmin>782.7614394</xmin><ymin>544.0559224</ymin><xmax>1069.742518</xmax><ymax>728.9291793</ymax></bndbox></object><object><name>car</name><pose>Unspecified</pose><truncated>0</truncated><difficult>0</difficult><bndbox><xmin>433.5609311</xmin><ymin>534.5561365</ymin><xmax>531.3924257</xmax><ymax>596.802581</ymax></bndbox></object><object><name>car</name><pose>Unspecified</pose><truncated>0</truncated><difficult>0</difficult><bndbox><xmin>380.2668115</xmin><ymin>527.5061682</ymin><xmax>445.8408538</xmax><ymax>569.1956447</ymax></bndbox></object><object><name>bus</name><pose>Unspecified</pose><truncated>0</truncated><difficult>0</difficult><bndbox><xmin>591.3225721</xmin><ymin>498.514706</ymin><xmax>651.0410215</xmax><ymax>564.2407173</ymax></bndbox></object><object><name>other_vehicle</name><pose>Unspecified</pose><truncated>0</truncated><difficult>0</difficult><bndbox><xmin>714.8879648</xmin><ymin>434.1432119</ymin><xmax>919.7280928</xmax><ymax>638.2144048</ymax></bndbox></object><object><name>car</name><pose>Unspecified</pose><truncated>0</truncated><difficult>0</difficult><bndbox><xmin>167.1570986</xmin><ymin>526.9345932</ymin><xmax>353.6704386</xmax><ymax>628.3069335</ymax></bndbox></object><object><name>car</name><pose>Unspecified</pose><truncated>0</truncated><difficult>0</difficult><bndbox><xmin>152.02817</xmin><ymin>533.6692908</ymin><xmax>301.1619766</xmax><ymax>605.3550105</ymax></bndbox></object><object><name>car</name><pose>Unspecified</pose><truncated>0</truncated><difficult>0</difficult><bndbox><xmin>78.48087313</xmin><ymin>560.333489</ymin><xmax>148.3980508</xmax><ymax>579.3530149</ymax></bndbox></object><object><name>car</name><pose>Unspecified</pose><truncated>0</truncated><difficult>0</difficult><bndbox><xmin>264.9184912</xmin><ymin>535.8465312</ymin><xmax>360.5864194</xmax><ymax>589.1782746</ymax></bndbox></object><object><name>bus</name><pose>Unspecified</pose><truncated>0</truncated><difficult>0</difficult><bndbox><xmin>668.7811524</xmin><ymin>468.7367667</ymin><xmax>784.5050547</xmax><ymax>587.1926689</ymax></bndbox></object><object><name>car</name><pose>Unspecified</pose><truncated>0</truncated><difficult>0</difficult><bndbox><xmin>584.8831333</xmin><ymin>536.3846464</ymin><xmax>607.532909</xmax><ymax>552.5219021</ymax></bndbox></object><object><name>car</name><pose>Unspecified</pose><truncated>0</truncated><difficult>0</difficult><bndbox><xmin>340.4456024</xmin><ymin>536.3375165</ymin><xmax>413.3927371</xmax><ymax>575.7676046</ymax></bndbox></object><object><name>car</name><pose>Unspecified</pose><truncated>0</truncated><difficult>0</difficult><bndbox><xmin>537.4555083</xmin><ymin>528.1353647</ymin><xmax>577.2358143</xmax><ymax>561.6762592</ymax></bndbox></object><object><name>car</name><pose>Unspecified</pose><truncated>0</truncated><difficult>0</difficult><bndbox><xmin>565.4916712</xmin><ymin>537.960909</ymin><xmax>591.5415614</xmax><ymax>557.1512781</ymax></bndbox></object></annotation>