<annotation><folder>test_xmls</folder><filename>host-a004_cam0_1233421984451064006.jpeg</filename><path>./imageshost-a004_cam0_1233421984451064006.jpeg</path><source><database>Unknown</database></source><size><width>1224</width><height>1024</height><depth>3</depth></size><segmented>0</segmented><object><name>car</name><pose>Unspecified</pose><truncated>0</truncated><difficult>0</difficult><bndbox><xmin>604.0431897</xmin><ymin>524.4247754</ymin><xmax>652.4911599</xmax><ymax>577.2694848</ymax></bndbox></object><object><name>car</name><pose>Unspecified</pose><truncated>0</truncated><difficult>0</difficult><bndbox><xmin>0</xmin><ymin>541.1367401</ymin><xmax>235.5194248</xmax><ymax>701.6486813</ymax></bndbox></object><object><name>car</name><pose>Unspecified</pose><truncated>0</truncated><difficult>0</difficult><bndbox><xmin>0</xmin><ymin>0</ymin><xmax>214.9177873</xmax><ymax>1024.0</ymax></bndbox></object><object><name>car</name><pose>Unspecified</pose><truncated>0</truncated><difficult>0</difficult><bndbox><xmin>42.20423105</xmin><ymin>545.9814966</ymin><xmax>441.0930746</xmax><ymax>742.9491454</ymax></bndbox></object><object><name>car</name><pose>Unspecified</pose><truncated>0</truncated><difficult>0</difficult><bndbox><xmin>411.5485211</xmin><ymin>531.4431924</ymin><xmax>490.4427285</xmax><ymax>580.2534094</ymax></bndbox></object><object><name>car</name><pose>Unspecified</pose><truncated>0</truncated><difficult>0</difficult><bndbox><xmin>526.3403046</xmin><ymin>532.6329753</ymin><xmax>763.2705996</xmax><ymax>735.9831244</ymax></bndbox></object><object><name>car</name><pose>Unspecified</pose><truncated>0</truncated><difficult>0</difficult><bndbox><xmin>375.326675</xmin><ymin>537.3953582</ymin><xmax>440.764567</xmax><ymax>573.5182895</ymax></bndbox></object><object><name>car</name><pose>Unspecified</pose><truncated>0</truncated><difficult>0</difficult><bndbox><xmin>0</xmin><ymin>522.8720725</ymin><xmax>224.4415445</xmax><ymax>636.8577279</ymax></bndbox></object><object><name>car</name><pose>Unspecified</pose><truncated>0</truncated><difficult>0</difficult><bndbox><xmin>580.5759471</xmin><ymin>528.0354014</ymin><xmax>702.2302593</xmax><ymax>629.845459</ymax></bndbox></object><object><name>car</name><pose>Unspecified</pose><truncated>0</truncated><difficult>0</difficult><bndbox><xmin>353.2264369</xmin><ymin>532.0019913</ymin><xmax>395.9215297</xmax><ymax>554.2047171</ymax></bndbox></object><object><name>car</name><pose>Unspecified</pose><truncated>0</truncated><difficult>0</difficult><bndbox><xmin>481.1836051</xmin><ymin>528.5281462</ymin><xmax>535.1225938</xmax><ymax>564.4903115</ymax></bndbox></object><object><name>car</name><pose>Unspecified</pose><truncated>0</truncated><difficult>0</difficult><bndbox><xmin>236.1355448</xmin><ymin>536.8105652</ymin><xmax>367.2176508</xmax><ymax>599.2823037</ymax></bndbox></object><object><name>car</name><pose>Unspecified</pose><truncated>0</truncated><difficult>0</difficult><bndbox><xmin>529.8517837</xmin><ymin>522.1475712</ymin><xmax>593.7583007</xmax><ymax>573.1719595</ymax></bndbox></object><object><name>car</name><pose>Unspecified</pose><truncated>0</truncated><difficult>0</difficult><bndbox><xmin>750.2105865</xmin><ymin>500.8103935</ymin><xmax>925.6928531</xmax><ymax>632.7786924</ymax></bndbox></object><object><name>car</name><pose>Unspecified</pose><truncated>0</truncated><difficult>0</difficult><bndbox><xmin>982.6953421</xmin><ymin>543.6634827</ymin><xmax>1224.0</xmax><ymax>1024.0</ymax></bndbox></object><object><name>car</name><pose>Unspecified</pose><truncated>0</truncated><difficult>0</difficult><bndbox><xmin>371.4297556</xmin><ymin>540.7296685</ymin><xmax>525.5380015</xmax><ymax>628.8068261</ymax></bndbox></object><object><name>car</name><pose>Unspecified</pose><truncated>0</truncated><difficult>0</difficult><bndbox><xmin>380.5811946</xmin><ymin>529.1117921</ymin><xmax>425.6217467</xmax><ymax>554.1811257</ymax></bndbox></object><object><name>car</name><pose>Unspecified</pose><truncated>0</truncated><difficult>0</difficult><bndbox><xmin>470.6526529</xmin><ymin>534.5924911</ymin><xmax>562.1074693</xmax><ymax>595.0154358</ymax></bndbox></object><object><name>car</name><pose>Unspecified</pose><truncated>0</truncated><difficult>0</difficult><bndbox><xmin>583.5830319</xmin><ymin>528.199165</ymin><xmax>613.5839344</xmax><ymax>549.1834333</ymax></bndbox></object></annotation>