<annotation><folder>test_xmls</folder><filename>host-a004_cam0_1232838143451064006.jpeg</filename><path>./imageshost-a004_cam0_1232838143451064006.jpeg</path><source><database>Unknown</database></source><size><width>1224</width><height>1024</height><depth>3</depth></size><segmented>0</segmented><object><name>car</name><pose>Unspecified</pose><truncated>0</truncated><difficult>0</difficult><bndbox><xmin>511.3932114</xmin><ymin>526.0514541</ymin><xmax>560.2885115</xmax><ymax>567.2298497</ymax></bndbox></object><object><name>car</name><pose>Unspecified</pose><truncated>0</truncated><difficult>0</difficult><bndbox><xmin>670.3771001</xmin><ymin>534.3860713</ymin><xmax>720.5022649</xmax><ymax>573.1217456</ymax></bndbox></object><object><name>car</name><pose>Unspecified</pose><truncated>0</truncated><difficult>0</difficult><bndbox><xmin>549.702444</xmin><ymin>535.8452621</ymin><xmax>578.3925121</xmax><ymax>556.9092608</ymax></bndbox></object><object><name>car</name><pose>Unspecified</pose><truncated>0</truncated><difficult>0</difficult><bndbox><xmin>472.0687315</xmin><ymin>527.8345985</ymin><xmax>505.0278813</xmax><ymax>552.360204</ymax></bndbox></object><object><name>car</name><pose>Unspecified</pose><truncated>0</truncated><difficult>0</difficult><bndbox><xmin>462.0208982</xmin><ymin>532.9794815</ymin><xmax>495.1382635</xmax><ymax>554.4422751</ymax></bndbox></object><object><name>other_vehicle</name><pose>Unspecified</pose><truncated>0</truncated><difficult>0</difficult><bndbox><xmin>657.7029226</xmin><ymin>499.3765027</ymin><xmax>716.9313465</xmax><ymax>564.967605</ymax></bndbox></object><object><name>car</name><pose>Unspecified</pose><truncated>0</truncated><difficult>0</difficult><bndbox><xmin>574.9155013</xmin><ymin>533.9182277</ymin><xmax>598.6476287</xmax><ymax>550.9481921</ymax></bndbox></object><object><name>bus</name><pose>Unspecified</pose><truncated>0</truncated><difficult>0</difficult><bndbox><xmin>583.9437596</xmin><ymin>495.768776</ymin><xmax>644.3115876</xmax><ymax>562.1710038</ymax></bndbox></object><object><name>other_vehicle</name><pose>Unspecified</pose><truncated>0</truncated><difficult>0</difficult><bndbox><xmin>701.6278812</xmin><ymin>390.8826713</ymin><xmax>1030.489594</xmax><ymax>690.3868229</ymax></bndbox></object><object><name>car</name><pose>Unspecified</pose><truncated>0</truncated><difficult>0</difficult><bndbox><xmin>322.5130287</xmin><ymin>533.11492</ymin><xmax>490.6356864</xmax><ymax>634.8008667</ymax></bndbox></object><object><name>car</name><pose>Unspecified</pose><truncated>0</truncated><difficult>0</difficult><bndbox><xmin>489.755818</xmin><ymin>530.7025123</ymin><xmax>515.0477245</xmax><ymax>549.2754881</ymax></bndbox></object><object><name>car</name><pose>Unspecified</pose><truncated>0</truncated><difficult>0</difficult><bndbox><xmin>421.4437846</xmin><ymin>534.4929659</ymin><xmax>482.0657805</xmax><ymax>571.6140582</ymax></bndbox></object><object><name>bus</name><pose>Unspecified</pose><truncated>0</truncated><difficult>0</difficult><bndbox><xmin>640.8704295</xmin><ymin>500.4443587</ymin><xmax>694.2629556</xmax><ymax>556.7708345</ymax></bndbox></object></annotation>