<annotation><folder>test_xmls</folder><filename>host-a004_cam0_1233444837151064006.jpeg</filename><path>./imageshost-a004_cam0_1233444837151064006.jpeg</path><source><database>Unknown</database></source><size><width>1224</width><height>1024</height><depth>3</depth></size><segmented>0</segmented><object><name>car</name><pose>Unspecified</pose><truncated>0</truncated><difficult>0</difficult><bndbox><xmin>439.8975787</xmin><ymin>528.7555813</ymin><xmax>551.0126835</xmax><ymax>613.9037635</ymax></bndbox></object><object><name>car</name><pose>Unspecified</pose><truncated>0</truncated><difficult>0</difficult><bndbox><xmin>587.0526529</xmin><ymin>538.6348324</ymin><xmax>610.6156909</xmax><ymax>555.687781</ymax></bndbox></object><object><name>car</name><pose>Unspecified</pose><truncated>0</truncated><difficult>0</difficult><bndbox><xmin>632.6779907</xmin><ymin>534.8849182</ymin><xmax>668.5315617</xmax><ymax>563.1824213</ymax></bndbox></object></annotation>