<annotation><folder>test_xmls</folder><filename>host-a004_cam0_1233014849251064006.jpeg</filename><path>./imageshost-a004_cam0_1233014849251064006.jpeg</path><source><database>Unknown</database></source><size><width>1224</width><height>1024</height><depth>3</depth></size><segmented>0</segmented><object><name>car</name><pose>Unspecified</pose><truncated>0</truncated><difficult>0</difficult><bndbox><xmin>793.3253319</xmin><ymin>529.9383315</ymin><xmax>871.3365099</xmax><ymax>568.5112824</ymax></bndbox></object><object><name>car</name><pose>Unspecified</pose><truncated>0</truncated><difficult>0</difficult><bndbox><xmin>29.08435673</xmin><ymin>541.450877</ymin><xmax>130.157078</xmax><ymax>580.3782967</ymax></bndbox></object><object><name>car</name><pose>Unspecified</pose><truncated>0</truncated><difficult>0</difficult><bndbox><xmin>510.8874504</xmin><ymin>530.9812592</ymin><xmax>547.815576</xmax><ymax>558.916879</ymax></bndbox></object><object><name>car</name><pose>Unspecified</pose><truncated>0</truncated><difficult>0</difficult><bndbox><xmin>930.8654269</xmin><ymin>530.5643307</ymin><xmax>1022.129528</xmax><ymax>571.1952486</ymax></bndbox></object><object><name>car</name><pose>Unspecified</pose><truncated>0</truncated><difficult>0</difficult><bndbox><xmin>970.7744147</xmin><ymin>509.7644894</ymin><xmax>1035.166597</xmax><ymax>528.9518298</ymax></bndbox></object><object><name>car</name><pose>Unspecified</pose><truncated>0</truncated><difficult>0</difficult><bndbox><xmin>875.1159146</xmin><ymin>530.4839228</ymin><xmax>933.3906953</xmax><ymax>555.3540073</ymax></bndbox></object><object><name>car</name><pose>Unspecified</pose><truncated>0</truncated><difficult>0</difficult><bndbox><xmin>156.8682204</xmin><ymin>533.9358894</ymin><xmax>348.8179172</xmax><ymax>639.5621058</ymax></bndbox></object><object><name>car</name><pose>Unspecified</pose><truncated>0</truncated><difficult>0</difficult><bndbox><xmin>739.4071161</xmin><ymin>524.6215747</ymin><xmax>786.4273865</xmax><ymax>558.5058812</ymax></bndbox></object><object><name>car</name><pose>Unspecified</pose><truncated>0</truncated><difficult>0</difficult><bndbox><xmin>1037.310996</xmin><ymin>530.123455</ymin><xmax>1154.998938</xmax><ymax>569.3589519</ymax></bndbox></object><object><name>car</name><pose>Unspecified</pose><truncated>0</truncated><difficult>0</difficult><bndbox><xmin>306.158993</xmin><ymin>537.6622145</ymin><xmax>340.9809551</xmax><ymax>558.1801187</ymax></bndbox></object><object><name>car</name><pose>Unspecified</pose><truncated>0</truncated><difficult>0</difficult><bndbox><xmin>411.3321829</xmin><ymin>534.1572982</ymin><xmax>449.3111053</xmax><ymax>554.049231</ymax></bndbox></object><object><name>car</name><pose>Unspecified</pose><truncated>0</truncated><difficult>0</difficult><bndbox><xmin>617.7895534</xmin><ymin>532.2676922</ymin><xmax>637.3856043</xmax><ymax>550.4881078</ymax></bndbox></object><object><name>car</name><pose>Unspecified</pose><truncated>0</truncated><difficult>0</difficult><bndbox><xmin>943.3206438</xmin><ymin>525.699936</ymin><xmax>1008.468563</xmax><ymax>551.8727609</ymax></bndbox></object><object><name>car</name><pose>Unspecified</pose><truncated>0</truncated><difficult>0</difficult><bndbox><xmin>524.0780523</xmin><ymin>536.7313423</ymin><xmax>567.660828</xmax><ymax>571.1058949</ymax></bndbox></object><object><name>car</name><pose>Unspecified</pose><truncated>0</truncated><difficult>0</difficult><bndbox><xmin>569.8481824</xmin><ymin>532.6809807</ymin><xmax>593.7984764</xmax><ymax>553.4039746</ymax></bndbox></object><object><name>car</name><pose>Unspecified</pose><truncated>0</truncated><difficult>0</difficult><bndbox><xmin>0</xmin><ymin>535.6238183</ymin><xmax>53.08031501</xmax><ymax>587.3676496</ymax></bndbox></object><object><name>car</name><pose>Unspecified</pose><truncated>0</truncated><difficult>0</difficult><bndbox><xmin>700.923976</xmin><ymin>530.801915</ymin><xmax>729.6411442</xmax><ymax>549.6114094</ymax></bndbox></object><object><name>car</name><pose>Unspecified</pose><truncated>0</truncated><difficult>0</difficult><bndbox><xmin>630.8492604</xmin><ymin>533.2862526</ymin><xmax>655.10678</xmax><ymax>551.3274407</ymax></bndbox></object><object><name>car</name><pose>Unspecified</pose><truncated>0</truncated><difficult>0</difficult><bndbox><xmin>732.0937872</xmin><ymin>532.6403632</ymin><xmax>773.0863761</xmax><ymax>555.3437934</ymax></bndbox></object><object><name>car</name><pose>Unspecified</pose><truncated>0</truncated><difficult>0</difficult><bndbox><xmin>1162.894204</xmin><ymin>525.0110153</ymin><xmax>1224.0</xmax><ymax>580.8701735</ymax></bndbox></object><object><name>car</name><pose>Unspecified</pose><truncated>0</truncated><difficult>0</difficult><bndbox><xmin>658.8965502</xmin><ymin>531.374679</ymin><xmax>698.6537187</xmax><ymax>564.459151</ymax></bndbox></object><object><name>car</name><pose>Unspecified</pose><truncated>0</truncated><difficult>0</difficult><bndbox><xmin>983.806574</xmin><ymin>528.616938</ymin><xmax>1070.586217</xmax><ymax>569.1316215</ymax></bndbox></object></annotation>