<annotation><folder>test_xmls</folder><filename>host-a004_cam0_1233444837751064006.jpeg</filename><path>./imageshost-a004_cam0_1233444837751064006.jpeg</path><source><database>Unknown</database></source><size><width>1224</width><height>1024</height><depth>3</depth></size><segmented>0</segmented><object><name>car</name><pose>Unspecified</pose><truncated>0</truncated><difficult>0</difficult><bndbox><xmin>633.806274</xmin><ymin>537.8415504</ymin><xmax>668.9658433</xmax><ymax>565.5813301</ymax></bndbox></object><object><name>car</name><pose>Unspecified</pose><truncated>0</truncated><difficult>0</difficult><bndbox><xmin>590.1034674</xmin><ymin>541.4570914</ymin><xmax>612.7599839</xmax><ymax>557.813453</ymax></bndbox></object><object><name>car</name><pose>Unspecified</pose><truncated>0</truncated><difficult>0</difficult><bndbox><xmin>465.7640893</xmin><ymin>533.1265215</ymin><xmax>562.7956781</xmax><ymax>609.2557047</ymax></bndbox></object></annotation>