<annotation><folder>test_xmls</folder><filename>host-a004_cam0_1232987655951064006.jpeg</filename><path>./imageshost-a004_cam0_1232987655951064006.jpeg</path><source><database>Unknown</database></source><size><width>1224</width><height>1024</height><depth>3</depth></size><segmented>0</segmented><object><name>car</name><pose>Unspecified</pose><truncated>0</truncated><difficult>0</difficult><bndbox><xmin>670.4843431</xmin><ymin>538.7408471</ymin><xmax>704.4736566</xmax><ymax>566.9505944</ymax></bndbox></object><object><name>car</name><pose>Unspecified</pose><truncated>0</truncated><difficult>0</difficult><bndbox><xmin>679.8437666</xmin><ymin>533.5382101</ymin><xmax>730.7440472</xmax><ymax>577.6543192</ymax></bndbox></object><object><name>car</name><pose>Unspecified</pose><truncated>0</truncated><difficult>0</difficult><bndbox><xmin>690.1532881</xmin><ymin>538.9030942</ymin><xmax>755.494877</xmax><ymax>586.5499305</ymax></bndbox></object><object><name>car</name><pose>Unspecified</pose><truncated>0</truncated><difficult>0</difficult><bndbox><xmin>707.8014113</xmin><ymin>526.8133281</ymin><xmax>792.1807201</xmax><ymax>602.5562407</ymax></bndbox></object><object><name>car</name><pose>Unspecified</pose><truncated>0</truncated><difficult>0</difficult><bndbox><xmin>663.7635347</xmin><ymin>538.3606647</ymin><xmax>696.3694746</xmax><ymax>564.2301285</ymax></bndbox></object><object><name>car</name><pose>Unspecified</pose><truncated>0</truncated><difficult>0</difficult><bndbox><xmin>501.3514061</xmin><ymin>539.7377658</ymin><xmax>538.8697527</xmax><ymax>565.8416259</ymax></bndbox></object><object><name>other_vehicle</name><pose>Unspecified</pose><truncated>0</truncated><difficult>0</difficult><bndbox><xmin>0</xmin><ymin>520.9376943</ymin><xmax>125.5364491</xmax><ymax>605.3337175</ymax></bndbox></object><object><name>car</name><pose>Unspecified</pose><truncated>0</truncated><difficult>0</difficult><bndbox><xmin>577.893285</xmin><ymin>535.4540559</ymin><xmax>605.1686767</xmax><ymax>557.8074474</ymax></bndbox></object><object><name>car</name><pose>Unspecified</pose><truncated>0</truncated><difficult>0</difficult><bndbox><xmin>981.0839599</xmin><ymin>532.2840534</ymin><xmax>1224.0</xmax><ymax>1024.0</ymax></bndbox></object><object><name>car</name><pose>Unspecified</pose><truncated>0</truncated><difficult>0</difficult><bndbox><xmin>267.1949995</xmin><ymin>542.4550718</ymin><xmax>406.5197884</xmax><ymax>617.4996991</ymax></bndbox></object><object><name>other_vehicle</name><pose>Unspecified</pose><truncated>0</truncated><difficult>0</difficult><bndbox><xmin>329.2426693</xmin><ymin>533.4319529</ymin><xmax>378.6810156</xmax><ymax>563.3905386</ymax></bndbox></object><object><name>car</name><pose>Unspecified</pose><truncated>0</truncated><difficult>0</difficult><bndbox><xmin>413.8960889</xmin><ymin>529.7823431</ymin><xmax>539.8228882</xmax><ymax>627.1744101</ymax></bndbox></object><object><name>car</name><pose>Unspecified</pose><truncated>0</truncated><difficult>0</difficult><bndbox><xmin>734.7587509</xmin><ymin>527.9695688</ymin><xmax>852.0886536</xmax><ymax>622.4511522</ymax></bndbox></object><object><name>car</name><pose>Unspecified</pose><truncated>0</truncated><difficult>0</difficult><bndbox><xmin>782.8014702</xmin><ymin>532.9664259</ymin><xmax>1014.037606</xmax><ymax>710.7267921</ymax></bndbox></object></annotation>