<annotation><folder>test_xmls</folder><filename>host-a004_cam0_1232905208951064006.jpeg</filename><path>./imageshost-a004_cam0_1232905208951064006.jpeg</path><source><database>Unknown</database></source><size><width>1224</width><height>1024</height><depth>3</depth></size><segmented>0</segmented><object><name>car</name><pose>Unspecified</pose><truncated>0</truncated><difficult>0</difficult><bndbox><xmin>413.0652213</xmin><ymin>537.7846332</ymin><xmax>452.8895027</xmax><ymax>561.2194917</ymax></bndbox></object><object><name>car</name><pose>Unspecified</pose><truncated>0</truncated><difficult>0</difficult><bndbox><xmin>581.7107694</xmin><ymin>534.4219137</ymin><xmax>607.666722</xmax><ymax>556.0970744</ymax></bndbox></object><object><name>pedestrian</name><pose>Unspecified</pose><truncated>0</truncated><difficult>0</difficult><bndbox><xmin>733.334076</xmin><ymin>533.2036431</ymin><xmax>747.8920866</xmax><ymax>561.2052995</ymax></bndbox></object><object><name>car</name><pose>Unspecified</pose><truncated>0</truncated><difficult>0</difficult><bndbox><xmin>259.108843</xmin><ymin>537.8078723</ymin><xmax>318.8013754</xmax><ymax>572.5699977</ymax></bndbox></object><object><name>car</name><pose>Unspecified</pose><truncated>0</truncated><difficult>0</difficult><bndbox><xmin>628.7376401</xmin><ymin>539.7524275</ymin><xmax>675.3184994</xmax><ymax>576.0493891</ymax></bndbox></object><object><name>car</name><pose>Unspecified</pose><truncated>0</truncated><difficult>0</difficult><bndbox><xmin>0</xmin><ymin>542.4071873</ymin><xmax>60.58916339</xmax><ymax>618.009026</ymax></bndbox></object><object><name>bus</name><pose>Unspecified</pose><truncated>0</truncated><difficult>0</difficult><bndbox><xmin>51.61931838</xmin><ymin>519.5104884</ymin><xmax>229.7840449</xmax><ymax>592.9052902</ymax></bndbox></object><object><name>car</name><pose>Unspecified</pose><truncated>0</truncated><difficult>0</difficult><bndbox><xmin>125.4975519</xmin><ymin>542.1782351</ymin><xmax>261.659933</xmax><ymax>593.1265141</ymax></bndbox></object><object><name>other_vehicle</name><pose>Unspecified</pose><truncated>0</truncated><difficult>0</difficult><bndbox><xmin>196.1323115</xmin><ymin>521.9326738</ymin><xmax>287.4999282</xmax><ymax>581.828274</ymax></bndbox></object><object><name>car</name><pose>Unspecified</pose><truncated>0</truncated><difficult>0</difficult><bndbox><xmin>621.4743072</xmin><ymin>532.3084345</ymin><xmax>650.746841</xmax><ymax>558.6798133</ymax></bndbox></object><object><name>car</name><pose>Unspecified</pose><truncated>0</truncated><difficult>0</difficult><bndbox><xmin>517.3801201</xmin><ymin>539.0207948</ymin><xmax>555.7045755</xmax><ymax>561.9015975</ymax></bndbox></object><object><name>car</name><pose>Unspecified</pose><truncated>0</truncated><difficult>0</difficult><bndbox><xmin>0</xmin><ymin>539.8184924</ymin><xmax>79.69728738</xmax><ymax>605.0482466</ymax></bndbox></object><object><name>car</name><pose>Unspecified</pose><truncated>0</truncated><difficult>0</difficult><bndbox><xmin>310.0522546</xmin><ymin>540.0900531</ymin><xmax>391.7736323</xmax><ymax>579.3857616</ymax></bndbox></object><object><name>car</name><pose>Unspecified</pose><truncated>0</truncated><difficult>0</difficult><bndbox><xmin>97.31635486</xmin><ymin>546.1112545</ymin><xmax>209.7427686</xmax><ymax>590.1531432</ymax></bndbox></object><object><name>car</name><pose>Unspecified</pose><truncated>0</truncated><difficult>0</difficult><bndbox><xmin>559.0887074</xmin><ymin>535.3303142</ymin><xmax>599.0033966</xmax><ymax>566.9320882</ymax></bndbox></object><object><name>car</name><pose>Unspecified</pose><truncated>0</truncated><difficult>0</difficult><bndbox><xmin>294.2350137</xmin><ymin>539.3547373</ymin><xmax>360.6082792</xmax><ymax>576.1517914</ymax></bndbox></object><object><name>truck</name><pose>Unspecified</pose><truncated>0</truncated><difficult>0</difficult><bndbox><xmin>964.2634822</xmin><ymin>464.4392374</ymin><xmax>1224.0</xmax><ymax>596.7999619</ymax></bndbox></object><object><name>car</name><pose>Unspecified</pose><truncated>0</truncated><difficult>0</difficult><bndbox><xmin>0</xmin><ymin>540.6524136</ymin><xmax>83.25438731</xmax><ymax>609.1056234</ymax></bndbox></object><object><name>car</name><pose>Unspecified</pose><truncated>0</truncated><difficult>0</difficult><bndbox><xmin>199.4877475</xmin><ymin>549.4398077</ymin><xmax>281.3509211</xmax><ymax>585.1281704</ymax></bndbox></object></annotation>