<annotation><folder>test_xmls</folder><filename>host-a004_cam0_1233080768951064006.jpeg</filename><path>./imageshost-a004_cam0_1233080768951064006.jpeg</path><source><database>Unknown</database></source><size><width>1224</width><height>1024</height><depth>3</depth></size><segmented>0</segmented><object><name>car</name><pose>Unspecified</pose><truncated>0</truncated><difficult>0</difficult><bndbox><xmin>835.3791894</xmin><ymin>548.3902214</ymin><xmax>1224.0</xmax><ymax>939.4241514</ymax></bndbox></object><object><name>car</name><pose>Unspecified</pose><truncated>0</truncated><difficult>0</difficult><bndbox><xmin>456.9409289</xmin><ymin>541.1995169</ymin><xmax>494.7383705</xmax><ymax>565.2793026</ymax></bndbox></object><object><name>car</name><pose>Unspecified</pose><truncated>0</truncated><difficult>0</difficult><bndbox><xmin>662.2273255</xmin><ymin>538.9462651</ymin><xmax>694.1939197</xmax><ymax>563.6699476</ymax></bndbox></object><object><name>truck</name><pose>Unspecified</pose><truncated>0</truncated><difficult>0</difficult><bndbox><xmin>617.8597172</xmin><ymin>520.9269509</ymin><xmax>648.5926141</xmax><ymax>558.3174021</ymax></bndbox></object><object><name>car</name><pose>Unspecified</pose><truncated>0</truncated><difficult>0</difficult><bndbox><xmin>483.835917</xmin><ymin>540.1517703</ymin><xmax>514.6350209</xmax><ymax>560.8302296</ymax></bndbox></object><object><name>car</name><pose>Unspecified</pose><truncated>0</truncated><difficult>0</difficult><bndbox><xmin>217.03737</xmin><ymin>552.4191277</ymin><xmax>273.2274518</xmax><ymax>578.2765548</ymax></bndbox></object><object><name>truck</name><pose>Unspecified</pose><truncated>0</truncated><difficult>0</difficult><bndbox><xmin>0</xmin><ymin>426.1060756</ymin><xmax>411.517617</xmax><ymax>665.5675751</ymax></bndbox></object><object><name>car</name><pose>Unspecified</pose><truncated>0</truncated><difficult>0</difficult><bndbox><xmin>565.2810593</xmin><ymin>538.3356326</ymin><xmax>600.9913547</xmax><ymax>565.4589749</ymax></bndbox></object><object><name>car</name><pose>Unspecified</pose><truncated>0</truncated><difficult>0</difficult><bndbox><xmin>716.9792588</xmin><ymin>541.0539545</ymin><xmax>824.1647004</xmax><ymax>615.8837113</ymax></bndbox></object><object><name>car</name><pose>Unspecified</pose><truncated>0</truncated><difficult>0</difficult><bndbox><xmin>140.6419855</xmin><ymin>542.5129913</ymin><xmax>231.0632015</xmax><ymax>585.9838725</ymax></bndbox></object><object><name>other_vehicle</name><pose>Unspecified</pose><truncated>0</truncated><difficult>0</difficult><bndbox><xmin>498.0662223</xmin><ymin>494.7253919</ymin><xmax>577.8127351</xmax><ymax>589.8282661</ymax></bndbox></object><object><name>emergency_vehicle</name><pose>Unspecified</pose><truncated>0</truncated><difficult>0</difficult><bndbox><xmin>584.5999531</xmin><ymin>522.2464863</ymin><xmax>615.9847364</xmax><ymax>557.17188</ymax></bndbox></object><object><name>car</name><pose>Unspecified</pose><truncated>0</truncated><difficult>0</difficult><bndbox><xmin>389.0564773</xmin><ymin>541.4074972</ymin><xmax>442.6058523</xmax><ymax>574.0604013</ymax></bndbox></object><object><name>car</name><pose>Unspecified</pose><truncated>0</truncated><difficult>0</difficult><bndbox><xmin>0</xmin><ymin>556.2930409</ymin><xmax>55.99803094</xmax><ymax>610.1605143</ymax></bndbox></object><object><name>car</name><pose>Unspecified</pose><truncated>0</truncated><difficult>0</difficult><bndbox><xmin>745.0861667</xmin><ymin>529.4734188</ymin><xmax>882.5452028</xmax><ymax>639.6545935</ymax></bndbox></object><object><name>car</name><pose>Unspecified</pose><truncated>0</truncated><difficult>0</difficult><bndbox><xmin>699.485105</xmin><ymin>530.8102993</ymin><xmax>775.6651133</xmax><ymax>595.0670273</ymax></bndbox></object><object><name>car</name><pose>Unspecified</pose><truncated>0</truncated><difficult>0</difficult><bndbox><xmin>14.16254565</xmin><ymin>561.1634552</ymin><xmax>116.1376227</xmax><ymax>598.5904539</ymax></bndbox></object><object><name>car</name><pose>Unspecified</pose><truncated>0</truncated><difficult>0</difficult><bndbox><xmin>433.2218112</xmin><ymin>541.5407948</ymin><xmax>478.8290906</xmax><ymax>568.9693227</ymax></bndbox></object><object><name>car</name><pose>Unspecified</pose><truncated>0</truncated><difficult>0</difficult><bndbox><xmin>577.1678595</xmin><ymin>534.6975892</ymin><xmax>606.5820803</xmax><ymax>560.2106976</ymax></bndbox></object></annotation>