<annotation><folder>test_xmls</folder><filename>host-a004_cam0_1233421990851064006.jpeg</filename><path>./imageshost-a004_cam0_1233421990851064006.jpeg</path><source><database>Unknown</database></source><size><width>1224</width><height>1024</height><depth>3</depth></size><segmented>0</segmented><object><name>car</name><pose>Unspecified</pose><truncated>0</truncated><difficult>0</difficult><bndbox><xmin>0</xmin><ymin>405.8565766</ymin><xmax>300.301259</xmax><ymax>1024.0</ymax></bndbox></object><object><name>other_vehicle</name><pose>Unspecified</pose><truncated>0</truncated><difficult>0</difficult><bndbox><xmin>347.7558211</xmin><ymin>534.0373023</ymin><xmax>398.8717818</xmax><ymax>566.7453833</ymax></bndbox></object><object><name>car</name><pose>Unspecified</pose><truncated>0</truncated><difficult>0</difficult><bndbox><xmin>565.865218</xmin><ymin>546.0684735</ymin><xmax>594.6661246</xmax><ymax>566.661148</ymax></bndbox></object><object><name>car</name><pose>Unspecified</pose><truncated>0</truncated><difficult>0</difficult><bndbox><xmin>549.9748559</xmin><ymin>545.2953133</ymin><xmax>570.5230288</xmax><ymax>560.6325854</ymax></bndbox></object><object><name>car</name><pose>Unspecified</pose><truncated>0</truncated><difficult>0</difficult><bndbox><xmin>490.8529486</xmin><ymin>554.148574</ymin><xmax>557.6573164</xmax><ymax>598.8224376</ymax></bndbox></object><object><name>car</name><pose>Unspecified</pose><truncated>0</truncated><difficult>0</difficult><bndbox><xmin>577.1649528</xmin><ymin>541.657244</ymin><xmax>601.8802493</xmax><ymax>562.4865175</ymax></bndbox></object><object><name>car</name><pose>Unspecified</pose><truncated>0</truncated><difficult>0</difficult><bndbox><xmin>585.263972</xmin><ymin>550.6733953</ymin><xmax>659.4424639</xmax><ymax>614.6595986</ymax></bndbox></object><object><name>car</name><pose>Unspecified</pose><truncated>0</truncated><difficult>0</difficult><bndbox><xmin>360.8837727</xmin><ymin>558.7825532</ymin><xmax>510.310203</xmax><ymax>644.9545954</ymax></bndbox></object><object><name>car</name><pose>Unspecified</pose><truncated>0</truncated><difficult>0</difficult><bndbox><xmin>233.6727693</xmin><ymin>523.1540272</ymin><xmax>374.0765095</xmax><ymax>607.6231436</ymax></bndbox></object><object><name>car</name><pose>Unspecified</pose><truncated>0</truncated><difficult>0</difficult><bndbox><xmin>380.1245827</xmin><ymin>545.1707873</ymin><xmax>464.9319036</xmax><ymax>599.7084134</ymax></bndbox></object><object><name>car</name><pose>Unspecified</pose><truncated>0</truncated><difficult>0</difficult><bndbox><xmin>324.7865746</xmin><ymin>547.6048741</ymin><xmax>388.318841</xmax><ymax>592.1068773</ymax></bndbox></object><object><name>car</name><pose>Unspecified</pose><truncated>0</truncated><difficult>0</difficult><bndbox><xmin>760.5090549</xmin><ymin>499.4446582</ymin><xmax>1061.11354</xmax><ymax>710.3978739</ymax></bndbox></object></annotation>