<annotation><folder>test_xmls</folder><filename>host-a004_cam0_1233955754851064006.jpeg</filename><path>./imageshost-a004_cam0_1233955754851064006.jpeg</path><source><database>Unknown</database></source><size><width>1224</width><height>1024</height><depth>3</depth></size><segmented>0</segmented><object><name>car</name><pose>Unspecified</pose><truncated>0</truncated><difficult>0</difficult><bndbox><xmin>847.3645129</xmin><ymin>535.8236899</ymin><xmax>1224.0</xmax><ymax>887.4521787</ymax></bndbox></object><object><name>car</name><pose>Unspecified</pose><truncated>0</truncated><difficult>0</difficult><bndbox><xmin>676.5131253</xmin><ymin>543.1662859</ymin><xmax>716.4016376</xmax><ymax>569.1926799</ymax></bndbox></object><object><name>car</name><pose>Unspecified</pose><truncated>0</truncated><difficult>0</difficult><bndbox><xmin>285.5606516</xmin><ymin>543.4255562</ymin><xmax>333.7345788</xmax><ymax>568.780885</ymax></bndbox></object><object><name>car</name><pose>Unspecified</pose><truncated>0</truncated><difficult>0</difficult><bndbox><xmin>578.3888828</xmin><ymin>537.9875052</ymin><xmax>598.1284268</xmax><ymax>551.9220045</ymax></bndbox></object><object><name>other_vehicle</name><pose>Unspecified</pose><truncated>0</truncated><difficult>0</difficult><bndbox><xmin>748.9215679</xmin><ymin>456.9627457</ymin><xmax>990.2946675</xmax><ymax>662.6294117</ymax></bndbox></object><object><name>car</name><pose>Unspecified</pose><truncated>0</truncated><difficult>0</difficult><bndbox><xmin>689.250438</xmin><ymin>522.4848462</ymin><xmax>760.4795006</xmax><ymax>583.749705</ymax></bndbox></object><object><name>car</name><pose>Unspecified</pose><truncated>0</truncated><difficult>0</difficult><bndbox><xmin>440.0527318</xmin><ymin>542.3418956</ymin><xmax>505.6075207</xmax><ymax>581.851188</ymax></bndbox></object><object><name>car</name><pose>Unspecified</pose><truncated>0</truncated><difficult>0</difficult><bndbox><xmin>242.7856479</xmin><ymin>545.580717</ymin><xmax>295.1054323</xmax><ymax>571.9506235</ymax></bndbox></object><object><name>car</name><pose>Unspecified</pose><truncated>0</truncated><difficult>0</difficult><bndbox><xmin>182.4022757</xmin><ymin>548.3400278</ymin><xmax>249.8324755</xmax><ymax>578.6846258</ymax></bndbox></object><object><name>car</name><pose>Unspecified</pose><truncated>0</truncated><difficult>0</difficult><bndbox><xmin>18.06183385</xmin><ymin>551.8289692</ymin><xmax>120.3129766</xmax><ymax>590.8686324</ymax></bndbox></object><object><name>car</name><pose>Unspecified</pose><truncated>0</truncated><difficult>0</difficult><bndbox><xmin>724.0145053</xmin><ymin>529.6425632</ymin><xmax>855.8832593</xmax><ymax>617.7690315</ymax></bndbox></object><object><name>car</name><pose>Unspecified</pose><truncated>0</truncated><difficult>0</difficult><bndbox><xmin>699.913923</xmin><ymin>522.3503085</ymin><xmax>793.5267969</xmax><ymax>595.293574</ymax></bndbox></object><object><name>car</name><pose>Unspecified</pose><truncated>0</truncated><difficult>0</difficult><bndbox><xmin>540.1675432</xmin><ymin>539.3396559</ymin><xmax>570.0470487</xmax><ymax>560.0105706</ymax></bndbox></object><object><name>car</name><pose>Unspecified</pose><truncated>0</truncated><difficult>0</difficult><bndbox><xmin>683.0973333</xmin><ymin>541.2260951</ymin><xmax>730.3540802</xmax><ymax>572.9038928</ymax></bndbox></object><object><name>car</name><pose>Unspecified</pose><truncated>0</truncated><difficult>0</difficult><bndbox><xmin>111.4146036</xmin><ymin>553.6720535</ymin><xmax>196.0209564</xmax><ymax>583.222213</ymax></bndbox></object><object><name>car</name><pose>Unspecified</pose><truncated>0</truncated><difficult>0</difficult><bndbox><xmin>237.1696415</xmin><ymin>515.5358336</ymin><xmax>493.1584383</xmax><ymax>681.182606</ymax></bndbox></object><object><name>other_vehicle</name><pose>Unspecified</pose><truncated>0</truncated><difficult>0</difficult><bndbox><xmin>664.2043641</xmin><ymin>516.042058</ymin><xmax>720.0749025</xmax><ymax>564.4240451</ymax></bndbox></object></annotation>