<annotation><folder>test_xmls</folder><filename>host-a004_cam0_1232817650051064006.jpeg</filename><path>./imageshost-a004_cam0_1232817650051064006.jpeg</path><source><database>Unknown</database></source><size><width>1224</width><height>1024</height><depth>3</depth></size><segmented>0</segmented><object><name>car</name><pose>Unspecified</pose><truncated>0</truncated><difficult>0</difficult><bndbox><xmin>0</xmin><ymin>552.8570496</ymin><xmax>298.7793759</xmax><ymax>1024.0</ymax></bndbox></object><object><name>car</name><pose>Unspecified</pose><truncated>0</truncated><difficult>0</difficult><bndbox><xmin>720.6964728</xmin><ymin>514.0855038</ymin><xmax>852.3820582</xmax><ymax>621.2992425</ymax></bndbox></object><object><name>car</name><pose>Unspecified</pose><truncated>0</truncated><difficult>0</difficult><bndbox><xmin>582.2700155</xmin><ymin>534.4638009</ymin><xmax>605.8602722</xmax><ymax>551.7668625</ymax></bndbox></object><object><name>other_vehicle</name><pose>Unspecified</pose><truncated>0</truncated><difficult>0</difficult><bndbox><xmin>659.256819</xmin><ymin>517.4103234</ymin><xmax>707.9400167</xmax><ymax>562.7897266</ymax></bndbox></object><object><name>car</name><pose>Unspecified</pose><truncated>0</truncated><difficult>0</difficult><bndbox><xmin>679.4941697</xmin><ymin>521.356895</ymin><xmax>733.8792677</xmax><ymax>574.2592401</ymax></bndbox></object><object><name>car</name><pose>Unspecified</pose><truncated>0</truncated><difficult>0</difficult><bndbox><xmin>0</xmin><ymin>550.638919</ymin><xmax>0.025082215</xmax><ymax>602.6649084</ymax></bndbox></object><object><name>car</name><pose>Unspecified</pose><truncated>0</truncated><difficult>0</difficult><bndbox><xmin>412.2678024</xmin><ymin>534.9567362</ymin><xmax>483.4326082</xmax><ymax>580.6388718</ymax></bndbox></object><object><name>other_vehicle</name><pose>Unspecified</pose><truncated>0</truncated><difficult>0</difficult><bndbox><xmin>721.0809256</xmin><ymin>240.9926289</ymin><xmax>1224.0</xmax><ymax>798.6664204</ymax></bndbox></object><object><name>car</name><pose>Unspecified</pose><truncated>0</truncated><difficult>0</difficult><bndbox><xmin>60.70790957</xmin><ymin>538.1524285</ymin><xmax>161.6258385</xmax><ymax>582.8057637</ymax></bndbox></object><object><name>car</name><pose>Unspecified</pose><truncated>0</truncated><difficult>0</difficult><bndbox><xmin>695.789426</xmin><ymin>532.8200855</ymin><xmax>776.775716</xmax><ymax>594.5514565</ymax></bndbox></object><object><name>car</name><pose>Unspecified</pose><truncated>0</truncated><difficult>0</difficult><bndbox><xmin>669.7528609</xmin><ymin>525.6202658</ymin><xmax>721.6177165</xmax><ymax>569.3541683</ymax></bndbox></object><object><name>pedestrian</name><pose>Unspecified</pose><truncated>0</truncated><difficult>0</difficult><bndbox><xmin>700.1891081</xmin><ymin>531.4490567</ymin><xmax>725.3621748</xmax><ymax>570.0978505</ymax></bndbox></object><object><name>car</name><pose>Unspecified</pose><truncated>0</truncated><difficult>0</difficult><bndbox><xmin>685.7328753</xmin><ymin>540.3423625</ymin><xmax>752.0726285</xmax><ymax>581.6345609</ymax></bndbox></object><object><name>car</name><pose>Unspecified</pose><truncated>0</truncated><difficult>0</difficult><bndbox><xmin>5.90610722</xmin><ymin>546.9665084</ymin><xmax>120.8667775</xmax><ymax>587.1337883</ymax></bndbox></object><object><name>car</name><pose>Unspecified</pose><truncated>0</truncated><difficult>0</difficult><bndbox><xmin>179.7947598</xmin><ymin>541.8922779</ymin><xmax>236.1996625</xmax><ymax>569.816084</ymax></bndbox></object><object><name>car</name><pose>Unspecified</pose><truncated>0</truncated><difficult>0</difficult><bndbox><xmin>0</xmin><ymin>548.7019224</ymin><xmax>78.59210647</xmax><ymax>590.2745174</ymax></bndbox></object><object><name>pedestrian</name><pose>Unspecified</pose><truncated>0</truncated><difficult>0</difficult><bndbox><xmin>665.4713964</xmin><ymin>527.7305266</ymin><xmax>684.5428359</xmax><ymax>570.6010333</ymax></bndbox></object></annotation>