<annotation><folder>test_xmls</folder><filename>host-a004_cam0_1233014346251064006.jpeg</filename><path>./imageshost-a004_cam0_1233014346251064006.jpeg</path><source><database>Unknown</database></source><size><width>1224</width><height>1024</height><depth>3</depth></size><segmented>0</segmented><object><name>car</name><pose>Unspecified</pose><truncated>0</truncated><difficult>0</difficult><bndbox><xmin>0</xmin><ymin>549.3429218</ymin><xmax>10.03323881</xmax><ymax>831.0378977</ymax></bndbox></object><object><name>car</name><pose>Unspecified</pose><truncated>0</truncated><difficult>0</difficult><bndbox><xmin>633.0688247</xmin><ymin>535.8624281</ymin><xmax>661.3735845</xmax><ymax>560.0458391</ymax></bndbox></object><object><name>car</name><pose>Unspecified</pose><truncated>0</truncated><difficult>0</difficult><bndbox><xmin>598.3834705</xmin><ymin>534.2157716</ymin><xmax>617.8712159</xmax><ymax>551.9726713</ymax></bndbox></object><object><name>car</name><pose>Unspecified</pose><truncated>0</truncated><difficult>0</difficult><bndbox><xmin>285.8555366</xmin><ymin>528.8314595</ymin><xmax>476.938011</xmax><ymax>654.4865896</ymax></bndbox></object><object><name>car</name><pose>Unspecified</pose><truncated>0</truncated><difficult>0</difficult><bndbox><xmin>476.3952765</xmin><ymin>536.9690214</ymin><xmax>522.4725353</xmax><ymax>567.059025</ymax></bndbox></object></annotation>