<annotation><folder>test_xmls</folder><filename>host-a004_cam0_1232815269251064006.jpeg</filename><path>./imageshost-a004_cam0_1232815269251064006.jpeg</path><source><database>Unknown</database></source><size><width>1224</width><height>1024</height><depth>3</depth></size><segmented>0</segmented><object><name>car</name><pose>Unspecified</pose><truncated>0</truncated><difficult>0</difficult><bndbox><xmin>853.7802427</xmin><ymin>525.2778405</ymin><xmax>981.3972155</xmax><ymax>612.0669</ymax></bndbox></object><object><name>car</name><pose>Unspecified</pose><truncated>0</truncated><difficult>0</difficult><bndbox><xmin>324.1310592</xmin><ymin>545.5181698</ymin><xmax>374.4571577</xmax><ymax>573.6011596</ymax></bndbox></object><object><name>car</name><pose>Unspecified</pose><truncated>0</truncated><difficult>0</difficult><bndbox><xmin>377.659781</xmin><ymin>542.807102</ymin><xmax>506.724505</xmax><ymax>624.1524512</ymax></bndbox></object><object><name>car</name><pose>Unspecified</pose><truncated>0</truncated><difficult>0</difficult><bndbox><xmin>824.471261</xmin><ymin>537.9317114</ymin><xmax>928.0785489</xmax><ymax>596.1674538</ymax></bndbox></object><object><name>truck</name><pose>Unspecified</pose><truncated>0</truncated><difficult>0</difficult><bndbox><xmin>430.6758545</xmin><ymin>477.8580371</ymin><xmax>542.9829816</xmax><ymax>581.4311675</ymax></bndbox></object><object><name>car</name><pose>Unspecified</pose><truncated>0</truncated><difficult>0</difficult><bndbox><xmin>731.1768638</xmin><ymin>538.7908897</ymin><xmax>756.71315</xmax><ymax>556.8789301</ymax></bndbox></object><object><name>car</name><pose>Unspecified</pose><truncated>0</truncated><difficult>0</difficult><bndbox><xmin>1021.045993</xmin><ymin>372.5836203</ymin><xmax>1224.0</xmax><ymax>1010.869883</ymax></bndbox></object><object><name>car</name><pose>Unspecified</pose><truncated>0</truncated><difficult>0</difficult><bndbox><xmin>762.0007686</xmin><ymin>539.3708678</ymin><xmax>792.3234081</xmax><ymax>562.3397892</ymax></bndbox></object></annotation>