<annotation><folder>test_xmls</folder><filename>host-a004_cam0_1233685228151064006.jpeg</filename><path>./imageshost-a004_cam0_1233685228151064006.jpeg</path><source><database>Unknown</database></source><size><width>1224</width><height>1024</height><depth>3</depth></size><segmented>0</segmented><object><name>car</name><pose>Unspecified</pose><truncated>0</truncated><difficult>0</difficult><bndbox><xmin>566.0697347</xmin><ymin>541.645967</ymin><xmax>594.611212</xmax><ymax>563.0480543</ymax></bndbox></object><object><name>car</name><pose>Unspecified</pose><truncated>0</truncated><difficult>0</difficult><bndbox><xmin>313.7336985</xmin><ymin>540.7232962</ymin><xmax>395.3918931</xmax><ymax>582.1138669</ymax></bndbox></object><object><name>car</name><pose>Unspecified</pose><truncated>0</truncated><difficult>0</difficult><bndbox><xmin>0</xmin><ymin>544.9017668</ymin><xmax>391.8523192</xmax><ymax>858.4708024</ymax></bndbox></object><object><name>bicycle</name><pose>Unspecified</pose><truncated>0</truncated><difficult>0</difficult><bndbox><xmin>864.3355396</xmin><ymin>520.9763297</ymin><xmax>991.141313</xmax><ymax>651.2042824</ymax></bndbox></object><object><name>bus</name><pose>Unspecified</pose><truncated>0</truncated><difficult>0</difficult><bndbox><xmin>163.9780853</xmin><ymin>522.7730479</ymin><xmax>279.4429725</xmax><ymax>590.8051337</ymax></bndbox></object><object><name>car</name><pose>Unspecified</pose><truncated>0</truncated><difficult>0</difficult><bndbox><xmin>0</xmin><ymin>549.9869986</ymin><xmax>37.5607059</xmax><ymax>644.525911</ymax></bndbox></object><object><name>car</name><pose>Unspecified</pose><truncated>0</truncated><difficult>0</difficult><bndbox><xmin>99.48747336</xmin><ymin>555.0968876</ymin><xmax>189.4784852</xmax><ymax>596.8691143</ymax></bndbox></object><object><name>car</name><pose>Unspecified</pose><truncated>0</truncated><difficult>0</difficult><bndbox><xmin>523.1975294</xmin><ymin>542.2387642</ymin><xmax>571.4983798</xmax><ymax>579.070377</ymax></bndbox></object><object><name>other_vehicle</name><pose>Unspecified</pose><truncated>0</truncated><difficult>0</difficult><bndbox><xmin>348.6362174</xmin><ymin>535.9941404</ymin><xmax>398.7031875</xmax><ymax>570.8536054</ymax></bndbox></object><object><name>car</name><pose>Unspecified</pose><truncated>0</truncated><difficult>0</difficult><bndbox><xmin>459.3028745</xmin><ymin>543.9482257</ymin><xmax>487.3314464</xmax><ymax>563.1950097</ymax></bndbox></object><object><name>car</name><pose>Unspecified</pose><truncated>0</truncated><difficult>0</difficult><bndbox><xmin>0</xmin><ymin>557.4354125</ymin><xmax>118.9398262</xmax><ymax>604.2588348</ymax></bndbox></object><object><name>car</name><pose>Unspecified</pose><truncated>0</truncated><difficult>0</difficult><bndbox><xmin>0</xmin><ymin>545.6172525</ymin><xmax>185.0544742</xmax><ymax>631.3866289</ymax></bndbox></object><object><name>bus</name><pose>Unspecified</pose><truncated>0</truncated><difficult>0</difficult><bndbox><xmin>583.1339831</xmin><ymin>475.0003348</ymin><xmax>676.6964804</xmax><ymax>592.0924326</ymax></bndbox></object><object><name>other_vehicle</name><pose>Unspecified</pose><truncated>0</truncated><difficult>0</difficult><bndbox><xmin>306.9009157</xmin><ymin>531.2254638</ymin><xmax>372.1808705</xmax><ymax>577.1037181</ymax></bndbox></object><object><name>car</name><pose>Unspecified</pose><truncated>0</truncated><difficult>0</difficult><bndbox><xmin>161.4202355</xmin><ymin>539.8022483</ymin><xmax>300.2433592</xmax><ymax>603.0329548</ymax></bndbox></object><object><name>car</name><pose>Unspecified</pose><truncated>0</truncated><difficult>0</difficult><bndbox><xmin>657.1358853</xmin><ymin>540.4347398</ymin><xmax>685.0374742</xmax><ymax>561.8801362</ymax></bndbox></object></annotation>