<annotation><folder>test_xmls</folder><filename>host-a004_cam0_1233421997851064006.jpeg</filename><path>./imageshost-a004_cam0_1233421997851064006.jpeg</path><source><database>Unknown</database></source><size><width>1224</width><height>1024</height><depth>3</depth></size><segmented>0</segmented><object><name>car</name><pose>Unspecified</pose><truncated>0</truncated><difficult>0</difficult><bndbox><xmin>576.1963822</xmin><ymin>551.5898</ymin><xmax>604.3888333</xmax><ymax>571.986234</ymax></bndbox></object><object><name>car</name><pose>Unspecified</pose><truncated>0</truncated><difficult>0</difficult><bndbox><xmin>236.0271343</xmin><ymin>540.4517882</ymin><xmax>301.5796694</xmax><ymax>581.1296029</ymax></bndbox></object><object><name>car</name><pose>Unspecified</pose><truncated>0</truncated><difficult>0</difficult><bndbox><xmin>195.3258723</xmin><ymin>546.5568211</ymin><xmax>306.4227042</xmax><ymax>595.6806005</ymax></bndbox></object><object><name>car</name><pose>Unspecified</pose><truncated>0</truncated><difficult>0</difficult><bndbox><xmin>622.7497008</xmin><ymin>546.0928291</ymin><xmax>652.7801954</xmax><ymax>572.0237387</ymax></bndbox></object><object><name>car</name><pose>Unspecified</pose><truncated>0</truncated><difficult>0</difficult><bndbox><xmin>65.32777743</xmin><ymin>555.3333905</ymin><xmax>215.6198498</xmax><ymax>608.811081</ymax></bndbox></object><object><name>car</name><pose>Unspecified</pose><truncated>0</truncated><difficult>0</difficult><bndbox><xmin>279.3414891</xmin><ymin>544.1316418</ymin><xmax>333.9275771</xmax><ymax>577.6311754</ymax></bndbox></object><object><name>car</name><pose>Unspecified</pose><truncated>0</truncated><difficult>0</difficult><bndbox><xmin>546.0406178</xmin><ymin>550.1195788</ymin><xmax>591.740858</xmax><ymax>580.9329461</ymax></bndbox></object><object><name>other_vehicle</name><pose>Unspecified</pose><truncated>0</truncated><difficult>0</difficult><bndbox><xmin>80.92495919</xmin><ymin>525.6469495</ymin><xmax>223.15972</xmax><ymax>592.6051185</ymax></bndbox></object><object><name>car</name><pose>Unspecified</pose><truncated>0</truncated><difficult>0</difficult><bndbox><xmin>369.1085771</xmin><ymin>526.3206817</ymin><xmax>532.3751446</xmax><ymax>648.5804797</ymax></bndbox></object><object><name>car</name><pose>Unspecified</pose><truncated>0</truncated><difficult>0</difficult><bndbox><xmin>0</xmin><ymin>558.179145</ymin><xmax>95.20878803</xmax><ymax>606.7948589</ymax></bndbox></object><object><name>car</name><pose>Unspecified</pose><truncated>0</truncated><difficult>0</difficult><bndbox><xmin>1033.472787</xmin><ymin>520.361536</ymin><xmax>1224.0</xmax><ymax>598.1865585</ymax></bndbox></object><object><name>car</name><pose>Unspecified</pose><truncated>0</truncated><difficult>0</difficult><bndbox><xmin>0</xmin><ymin>564.1080977</ymin><xmax>8.300328365</xmax><ymax>653.5641014</ymax></bndbox></object><object><name>car</name><pose>Unspecified</pose><truncated>0</truncated><difficult>0</difficult><bndbox><xmin>313.838727</xmin><ymin>547.6935761</ymin><xmax>360.7281656</xmax><ymax>575.0797642</ymax></bndbox></object></annotation>