<annotation><folder>test_xmls</folder><filename>host-a004_cam0_1233620281151064006.jpeg</filename><path>./imageshost-a004_cam0_1233620281151064006.jpeg</path><source><database>Unknown</database></source><size><width>1224</width><height>1024</height><depth>3</depth></size><segmented>0</segmented><object><name>car</name><pose>Unspecified</pose><truncated>0</truncated><difficult>0</difficult><bndbox><xmin>553.4296189</xmin><ymin>535.8581399</ymin><xmax>578.5041805</xmax><ymax>558.3241852</ymax></bndbox></object><object><name>car</name><pose>Unspecified</pose><truncated>0</truncated><difficult>0</difficult><bndbox><xmin>741.4537227</xmin><ymin>547.2711303</ymin><xmax>860.0925375</xmax><ymax>624.4721141</ymax></bndbox></object><object><name>car</name><pose>Unspecified</pose><truncated>0</truncated><difficult>0</difficult><bndbox><xmin>348.6957798</xmin><ymin>542.9848392</ymin><xmax>381.4754467</xmax><ymax>561.9005869</ymax></bndbox></object><object><name>other_vehicle</name><pose>Unspecified</pose><truncated>0</truncated><difficult>0</difficult><bndbox><xmin>694.4648801</xmin><ymin>478.9879889</ymin><xmax>841.4470008</xmax><ymax>604.9575315</ymax></bndbox></object><object><name>car</name><pose>Unspecified</pose><truncated>0</truncated><difficult>0</difficult><bndbox><xmin>769.1743136</xmin><ymin>503.4847296</ymin><xmax>995.6762539</xmax><ymax>667.2077156</ymax></bndbox></object><object><name>car</name><pose>Unspecified</pose><truncated>0</truncated><difficult>0</difficult><bndbox><xmin>690.8794988</xmin><ymin>540.5454919</ymin><xmax>752.9549734</xmax><ymax>582.1117087</ymax></bndbox></object><object><name>car</name><pose>Unspecified</pose><truncated>0</truncated><difficult>0</difficult><bndbox><xmin>0</xmin><ymin>514.7471898</ymin><xmax>245.2515825</xmax><ymax>698.9621555</ymax></bndbox></object><object><name>other_vehicle</name><pose>Unspecified</pose><truncated>0</truncated><difficult>0</difficult><bndbox><xmin>655.4743818</xmin><ymin>523.9512601</ymin><xmax>691.3999751</xmax><ymax>556.5250162</ymax></bndbox></object><object><name>other_vehicle</name><pose>Unspecified</pose><truncated>0</truncated><difficult>0</difficult><bndbox><xmin>682.5583571</xmin><ymin>506.5478258</ymin><xmax>748.5290303</xmax><ymax>576.849159</ymax></bndbox></object><object><name>car</name><pose>Unspecified</pose><truncated>0</truncated><difficult>0</difficult><bndbox><xmin>896.0193615</xmin><ymin>281.2948898</ymin><xmax>1224.0</xmax><ymax>1024.0</ymax></bndbox></object><object><name>car</name><pose>Unspecified</pose><truncated>0</truncated><difficult>0</difficult><bndbox><xmin>669.9902335</xmin><ymin>535.0790154</ymin><xmax>712.5585456</xmax><ymax>566.7456719</ymax></bndbox></object><object><name>car</name><pose>Unspecified</pose><truncated>0</truncated><difficult>0</difficult><bndbox><xmin>0</xmin><ymin>551.5718561</ymin><xmax>42.46596389</xmax><ymax>616.9294028</ymax></bndbox></object><object><name>car</name><pose>Unspecified</pose><truncated>0</truncated><difficult>0</difficult><bndbox><xmin>245.3715092</xmin><ymin>550.3728239</ymin><xmax>293.7233992</xmax><ymax>572.1750187</ymax></bndbox></object></annotation>