<annotation><folder>test_xmls</folder><filename>host-a004_cam0_1233963861651064006.jpeg</filename><path>./imageshost-a004_cam0_1233963861651064006.jpeg</path><source><database>Unknown</database></source><size><width>1224</width><height>1024</height><depth>3</depth></size><segmented>0</segmented><object><name>car</name><pose>Unspecified</pose><truncated>0</truncated><difficult>0</difficult><bndbox><xmin>282.4368857</xmin><ymin>547.3161455</ymin><xmax>342.0542075</xmax><ymax>564.9945196</ymax></bndbox></object><object><name>pedestrian</name><pose>Unspecified</pose><truncated>0</truncated><difficult>0</difficult><bndbox><xmin>804.838433</xmin><ymin>531.2043474</ymin><xmax>840.8973751</xmax><ymax>592.3398685</ymax></bndbox></object><object><name>car</name><pose>Unspecified</pose><truncated>0</truncated><difficult>0</difficult><bndbox><xmin>0</xmin><ymin>544.894232</ymin><xmax>75.11676187</xmax><ymax>602.2065934</ymax></bndbox></object><object><name>car</name><pose>Unspecified</pose><truncated>0</truncated><difficult>0</difficult><bndbox><xmin>98.77532953</xmin><ymin>550.7638874</ymin><xmax>185.7141589</xmax><ymax>586.9737394</ymax></bndbox></object><object><name>other_vehicle</name><pose>Unspecified</pose><truncated>0</truncated><difficult>0</difficult><bndbox><xmin>654.6899956</xmin><ymin>518.7882486</ymin><xmax>687.3647632</xmax><ymax>553.4280671</ymax></bndbox></object><object><name>other_vehicle</name><pose>Unspecified</pose><truncated>0</truncated><difficult>0</difficult><bndbox><xmin>650.6715541</xmin><ymin>518.6290738</ymin><xmax>682.1698885</xmax><ymax>551.0406482</ymax></bndbox></object><object><name>car</name><pose>Unspecified</pose><truncated>0</truncated><difficult>0</difficult><bndbox><xmin>667.0184236</xmin><ymin>536.4706975</ymin><xmax>696.3379153</xmax><ymax>561.5441612</ymax></bndbox></object><object><name>car</name><pose>Unspecified</pose><truncated>0</truncated><difficult>0</difficult><bndbox><xmin>423.7611248</xmin><ymin>518.2701333</ymin><xmax>536.7078836</xmax><ymax>607.5047136</ymax></bndbox></object><object><name>pedestrian</name><pose>Unspecified</pose><truncated>0</truncated><difficult>0</difficult><bndbox><xmin>778.9040968</xmin><ymin>532.0673311</ymin><xmax>804.9338339</xmax><ymax>579.722666</ymax></bndbox></object><object><name>car</name><pose>Unspecified</pose><truncated>0</truncated><difficult>0</difficult><bndbox><xmin>0</xmin><ymin>557.3998239</ymin><xmax>46.05548683</xmax><ymax>603.5522972</ymax></bndbox></object><object><name>car</name><pose>Unspecified</pose><truncated>0</truncated><difficult>0</difficult><bndbox><xmin>670.0086313</xmin><ymin>535.6314273</ymin><xmax>706.5922593</xmax><ymax>565.4185967</ymax></bndbox></object><object><name>car</name><pose>Unspecified</pose><truncated>0</truncated><difficult>0</difficult><bndbox><xmin>679.8438482</xmin><ymin>537.3386038</ymin><xmax>732.8650572</xmax><ymax>578.9061727</ymax></bndbox></object><object><name>car</name><pose>Unspecified</pose><truncated>0</truncated><difficult>0</difficult><bndbox><xmin>675.3527672</xmin><ymin>536.5561964</ymin><xmax>717.0605817</xmax><ymax>571.8237629</ymax></bndbox></object><object><name>car</name><pose>Unspecified</pose><truncated>0</truncated><difficult>0</difficult><bndbox><xmin>540.6012277</xmin><ymin>533.5580498</ymin><xmax>569.0713343</xmax><ymax>556.0658147</ymax></bndbox></object><object><name>bus</name><pose>Unspecified</pose><truncated>0</truncated><difficult>0</difficult><bndbox><xmin>121.0029511</xmin><ymin>503.5663993</ymin><xmax>311.4001205</xmax><ymax>585.2057145</ymax></bndbox></object><object><name>bicycle</name><pose>Unspecified</pose><truncated>0</truncated><difficult>0</difficult><bndbox><xmin>370.9788922</xmin><ymin>542.4824578</ymin><xmax>384.5934398</xmax><ymax>561.3177936</ymax></bndbox></object></annotation>