<annotation><folder>test_xmls</folder><filename>host-a004_cam0_1233014350651064006.jpeg</filename><path>./imageshost-a004_cam0_1233014350651064006.jpeg</path><source><database>Unknown</database></source><size><width>1224</width><height>1024</height><depth>3</depth></size><segmented>0</segmented><object><name>car</name><pose>Unspecified</pose><truncated>0</truncated><difficult>0</difficult><bndbox><xmin>408.4670088</xmin><ymin>538.742456</ymin><xmax>439.4580382</xmax><ymax>558.7223531</ymax></bndbox></object><object><name>car</name><pose>Unspecified</pose><truncated>0</truncated><difficult>0</difficult><bndbox><xmin>486.3377503</xmin><ymin>532.0631177</ymin><xmax>555.9219975</xmax><ymax>586.4486117</ymax></bndbox></object><object><name>car</name><pose>Unspecified</pose><truncated>0</truncated><difficult>0</difficult><bndbox><xmin>294.0019826</xmin><ymin>539.139195</ymin><xmax>414.3151965</xmax><ymax>603.3349395</ymax></bndbox></object><object><name>other_vehicle</name><pose>Unspecified</pose><truncated>0</truncated><difficult>0</difficult><bndbox><xmin>480.4424656</xmin><ymin>526.0632956</ymin><xmax>515.819245</xmax><ymax>555.2868599</ymax></bndbox></object><object><name>car</name><pose>Unspecified</pose><truncated>0</truncated><difficult>0</difficult><bndbox><xmin>633.9408929</xmin><ymin>534.8785085</ymin><xmax>662.71014</xmax><ymax>559.3642551</ymax></bndbox></object><object><name>car</name><pose>Unspecified</pose><truncated>0</truncated><difficult>0</difficult><bndbox><xmin>141.6945468</xmin><ymin>538.4693704</ymin><xmax>430.2625684</xmax><ymax>713.0142603</ymax></bndbox></object></annotation>