<annotation><folder>test_xmls</folder><filename>host-a004_cam0_1233422544051064006.jpeg</filename><path>./imageshost-a004_cam0_1233422544051064006.jpeg</path><source><database>Unknown</database></source><size><width>1224</width><height>1024</height><depth>3</depth></size><segmented>0</segmented><object><name>car</name><pose>Unspecified</pose><truncated>0</truncated><difficult>0</difficult><bndbox><xmin>0</xmin><ymin>543.6169671</ymin><xmax>58.02586184</xmax><ymax>684.0648146</ymax></bndbox></object><object><name>car</name><pose>Unspecified</pose><truncated>0</truncated><difficult>0</difficult><bndbox><xmin>124.687187</xmin><ymin>549.6118016</ymin><xmax>184.9764572</xmax><ymax>580.6337957</ymax></bndbox></object><object><name>car</name><pose>Unspecified</pose><truncated>0</truncated><difficult>0</difficult><bndbox><xmin>176.2476901</xmin><ymin>548.3311517</ymin><xmax>220.1348335</xmax><ymax>573.0133672</ymax></bndbox></object><object><name>car</name><pose>Unspecified</pose><truncated>0</truncated><difficult>0</difficult><bndbox><xmin>400.561966</xmin><ymin>543.649091</ymin><xmax>466.172234</xmax><ymax>586.3344744</ymax></bndbox></object><object><name>car</name><pose>Unspecified</pose><truncated>0</truncated><difficult>0</difficult><bndbox><xmin>851.9105672</xmin><ymin>522.5948476</ymin><xmax>1016.206646</xmax><ymax>577.3695992</ymax></bndbox></object><object><name>car</name><pose>Unspecified</pose><truncated>0</truncated><difficult>0</difficult><bndbox><xmin>660.0703542</xmin><ymin>530.7141691</ymin><xmax>698.7404957</xmax><ymax>554.9186889</ymax></bndbox></object><object><name>car</name><pose>Unspecified</pose><truncated>0</truncated><difficult>0</difficult><bndbox><xmin>491.8140954</xmin><ymin>534.5750739</ymin><xmax>568.9882708</xmax><ymax>599.1513778</ymax></bndbox></object><object><name>car</name><pose>Unspecified</pose><truncated>0</truncated><difficult>0</difficult><bndbox><xmin>548.5585562</xmin><ymin>534.4824961</ymin><xmax>578.8909051</xmax><ymax>556.377783</ymax></bndbox></object><object><name>car</name><pose>Unspecified</pose><truncated>0</truncated><difficult>0</difficult><bndbox><xmin>862.9211418</xmin><ymin>455.7183052</ymin><xmax>1224.0</xmax><ymax>1024.0</ymax></bndbox></object></annotation>