<annotation><folder>test_xmls</folder><filename>host-a004_cam0_1232905199751064006.jpeg</filename><path>./imageshost-a004_cam0_1232905199751064006.jpeg</path><source><database>Unknown</database></source><size><width>1224</width><height>1024</height><depth>3</depth></size><segmented>0</segmented><object><name>car</name><pose>Unspecified</pose><truncated>0</truncated><difficult>0</difficult><bndbox><xmin>539.286789</xmin><ymin>538.1769171</ymin><xmax>592.5262278</xmax><ymax>580.962426</ymax></bndbox></object><object><name>car</name><pose>Unspecified</pose><truncated>0</truncated><difficult>0</difficult><bndbox><xmin>445.380646</xmin><ymin>530.8752563</ymin><xmax>491.5447432</xmax><ymax>561.5912353</ymax></bndbox></object><object><name>car</name><pose>Unspecified</pose><truncated>0</truncated><difficult>0</difficult><bndbox><xmin>632.2206723</xmin><ymin>545.7877017</ymin><xmax>671.4796055</xmax><ymax>576.2356596</ymax></bndbox></object><object><name>car</name><pose>Unspecified</pose><truncated>0</truncated><difficult>0</difficult><bndbox><xmin>576.7839722</xmin><ymin>535.3423669</ymin><xmax>615.2572796</xmax><ymax>570.3531296</ymax></bndbox></object><object><name>car</name><pose>Unspecified</pose><truncated>0</truncated><difficult>0</difficult><bndbox><xmin>220.5976644</xmin><ymin>540.4102512</ymin><xmax>318.548267</xmax><ymax>581.3304295</ymax></bndbox></object><object><name>car</name><pose>Unspecified</pose><truncated>0</truncated><difficult>0</difficult><bndbox><xmin>400.022657</xmin><ymin>532.4646359</ymin><xmax>461.3855706</xmax><ymax>570.5098373</ymax></bndbox></object><object><name>pedestrian</name><pose>Unspecified</pose><truncated>0</truncated><difficult>0</difficult><bndbox><xmin>1102.138285</xmin><ymin>535.1003087</ymin><xmax>1181.471772</xmax><ymax>642.5763705</ymax></bndbox></object><object><name>car</name><pose>Unspecified</pose><truncated>0</truncated><difficult>0</difficult><bndbox><xmin>338.8074558</xmin><ymin>538.9569283</ymin><xmax>411.5322372</xmax><ymax>577.7652956</ymax></bndbox></object><object><name>car</name><pose>Unspecified</pose><truncated>0</truncated><difficult>0</difficult><bndbox><xmin>515.3666849</xmin><ymin>538.638464</ymin><xmax>543.0557399</xmax><ymax>554.1748369</ymax></bndbox></object><object><name>car</name><pose>Unspecified</pose><truncated>0</truncated><difficult>0</difficult><bndbox><xmin>127.9072242</xmin><ymin>527.2132245</ymin><xmax>285.7439589</xmax><ymax>601.6573694</ymax></bndbox></object><object><name>bicycle</name><pose>Unspecified</pose><truncated>0</truncated><difficult>0</difficult><bndbox><xmin>990.2750557</xmin><ymin>534.3821151</ymin><xmax>1102.838835</xmax><ymax>634.4765983</ymax></bndbox></object><object><name>bicycle</name><pose>Unspecified</pose><truncated>0</truncated><difficult>0</difficult><bndbox><xmin>888.7191501</xmin><ymin>550.1931482</ymin><xmax>972.2744192</xmax><ymax>628.392103</ymax></bndbox></object><object><name>bus</name><pose>Unspecified</pose><truncated>0</truncated><difficult>0</difficult><bndbox><xmin>0</xmin><ymin>472.401645</ymin><xmax>170.3287267</xmax><ymax>601.7106136</ymax></bndbox></object><object><name>car</name><pose>Unspecified</pose><truncated>0</truncated><difficult>0</difficult><bndbox><xmin>13.72405151</xmin><ymin>523.8735462</ymin><xmax>197.0976519</xmax><ymax>596.5236151</ymax></bndbox></object><object><name>pedestrian</name><pose>Unspecified</pose><truncated>0</truncated><difficult>0</difficult><bndbox><xmin>1010.041391</xmin><ymin>549.0343619</ymin><xmax>1072.840447</xmax><ymax>647.5651363</ymax></bndbox></object><object><name>car</name><pose>Unspecified</pose><truncated>0</truncated><difficult>0</difficult><bndbox><xmin>271.1150945</xmin><ymin>530.1103314</ymin><xmax>368.5288239</xmax><ymax>586.4132106</ymax></bndbox></object><object><name>car</name><pose>Unspecified</pose><truncated>0</truncated><difficult>0</difficult><bndbox><xmin>657.6679325</xmin><ymin>547.1403772</ymin><xmax>708.951047</xmax><ymax>588.4009896</ymax></bndbox></object><object><name>bus</name><pose>Unspecified</pose><truncated>0</truncated><difficult>0</difficult><bndbox><xmin>111.9951335</xmin><ymin>471.3016364</ymin><xmax>325.8252623</xmax><ymax>578.6969425</ymax></bndbox></object><object><name>car</name><pose>Unspecified</pose><truncated>0</truncated><difficult>0</difficult><bndbox><xmin>0</xmin><ymin>541.0207016</ymin><xmax>69.5722968</xmax><ymax>601.5311897</ymax></bndbox></object><object><name>car</name><pose>Unspecified</pose><truncated>0</truncated><difficult>0</difficult><bndbox><xmin>594.5122238</xmin><ymin>538.1342458</ymin><xmax>623.2053864</xmax><ymax>562.3273383</ymax></bndbox></object></annotation>